BoundedRecoveryDiag.acked_revival_rejected,BoundedRecoveryDiag.attempt_wraps,BoundedRecoveryDiag.duplicate_confirmations_suppressed,BoundedRecoveryDiag.duplicate_failure_nacks,BoundedRecoveryDiag.exact_trim_recoveries,BoundedRecoveryDiag.inflight_final,BoundedRecoveryDiag.recovery_inflight_final_bytes,BoundedRecoveryDiag.recovery_inflight_max_bytes,BoundedRecoveryDiag.sack_loss_recoveries,BoundedRecoveryDiag.stale_attempt_nacks,BoundedRecoveryDiag.unique_acks,MrcDiag.active_avg,MrcDiag.active_final,MrcDiag.active_max,MrcDiag.active_physical_avg,MrcDiag.active_physical_final,MrcDiag.active_physical_max,MrcDiag.backup_avg,MrcDiag.backup_max,MrcDiag.backup_remaining_final,MrcDiag.backup_replacement_diff_physical,MrcDiag.backup_replacement_events,MrcDiag.cooling_avg,MrcDiag.cooling_final,MrcDiag.cooling_max,MrcDiag.cooling_physical_avg,MrcDiag.cooling_physical_final,MrcDiag.cooling_physical_max,MrcDiag.cooling_skip_selection_avg,MrcDiag.cooling_skip_selection_events,MrcDiag.cooling_skip_selection_sum,MrcDiag.cwnd_scaled_duplicate_feedback_ignored,MrcDiag.cwnd_scaled_feedback_events,MrcDiag.cycle_cooling_events,MrcDiag.cycle_cooling_expiries,MrcDiag.duplicate_feedback_ignored,MrcDiag.ecn_cooldown_events,MrcDiag.ecn_cooling_events,MrcDiag.failed_avg,MrcDiag.failed_final,MrcDiag.failed_max,MrcDiag.failed_physical_avg,MrcDiag.failed_physical_final,MrcDiag.failed_physical_max,MrcDiag.failure_backup_promotions,MrcDiag.feedback_cumulative_mismatch_events,MrcDiag.feedback_exact_ev_events,MrcDiag.feedback_physical_fallback_events,MrcDiag.feedback_sequence_fallback_events,MrcDiag.forced_cooling_earliest_use,MrcDiag.forced_cooling_round_robin_use,MrcDiag.forced_cooling_use,MrcDiag.loss_fail_events,MrcDiag.nack_loss_fail_events,MrcDiag.nack_ooo_ignored_for_failure,MrcDiag.nack_ooo_ignored_for_state,MrcDiag.nack_unknown_ignored_for_failure,MrcDiag.probe_events,MrcDiag.probe_fail_events,MrcDiag.probe_success_events,MrcDiag.probing_final,MrcDiag.probing_physical_final,MrcDiag.retx_different_physical,MrcDiag.retx_different_physical_new_ev,MrcDiag.retx_fallback_events,MrcDiag.retx_original_physical,MrcDiag.retx_same_physical_new_ev,MrcDiag.retx_unknown_original,MrcDiag.rto_fail_events,MrcDiag.state_samples,MrcDiag.trim_cooling_events,MrcDiag.trim_events,MrcDiag.unused_final,MrcDiag.unused_physical_final,NetawareDiag.all_good_feedbacks,NetawareDiag.feedback_packets_sum,NetawareDiag.feedback_zero_bits,NetawareDiag.feedbacks,NetawareDiag.packet_feedbacks,NetawareDiag.sample_zero_bits,NetawareDiag.samples,NetawareDiag.time_feedbacks,PathSelectDiag.ev_hist_top,PathSelectDiag.first128,PathSelectDiag.physical_mod_hist,PathSelectDiag.selected_total,PathSelectDiag.topology_path_combo,PathSelectDiag.unique_evs,PathSelectDiag.unique_physical_mods,QueueCvDiag.spine_queue_avg,QueueCvDiag.spine_queue_count,QueueCvDiag.spine_queue_cv,QueueCvDiag.spine_queue_p95_fraction,QueueCvDiag.spine_queue_p99_fraction,QueueCvDiag.spine_queue_peak_bytes,QueueDiag.composite_drops,QueueDiag.composite_ecn_marks,QueueDiag.composite_trims,QueueDiag.lossless_ecn_marks,QueueDiag.lossless_overflows,QueueDiag.lossy_drops,QueueDiag.lossy_ecn_marks,RepsLikeDiag.buffer_occupancy_samples,RepsLikeDiag.cache_hit_ratio,RepsLikeDiag.cached_sends,RepsLikeDiag.clean_ack_cached,RepsLikeDiag.ecn_ack_discarded,RepsLikeDiag.random_sends,RoceDiag.acks,RoceDiag.duplicate_acks,RoceDiag.duplicate_inflate_suppressed,RoceDiag.ecn_echo_acks,RoceDiag.feedback_acks,RoceDiag.feedback_messages_total,RoceDiag.feedback_nacks,RoceDiag.feedback_zero_bits,RoceDiag.nacks,RoceDiag.nacks_loss,RoceDiag.nacks_ooo,RoceDiag.nacks_trim,RoceDiag.netaware_bitmap_fallbacks,RoceDiag.netaware_ev_skips,RoceDiag.rtos,RoceDiag.stor_selected_avoid,RoceDiag.stor_selected_bad,RoceDiag.stor_selected_degraded,RoceDiag.stor_selected_good,SglbRouteDiag.all_same_quality_calls,SglbRouteDiag.all_zero_quality_calls,SglbRouteDiag.avg_available_choices,SglbRouteDiag.avg_best_quality_choices,SglbRouteDiag.avg_candidate_choices,SglbRouteDiag.avg_distinct_qualities,SglbRouteDiag.avg_score_spread,SglbRouteDiag.observed_avoid,SglbRouteDiag.observed_bad,SglbRouteDiag.observed_degraded,SglbRouteDiag.observed_good,SglbRouteDiag.remote_snapshot_missing,SglbRouteDiag.remote_snapshot_used,SglbRouteDiag.route_calls,SglbRouteDiag.selected_avoid,SglbRouteDiag.selected_bad,SglbRouteDiag.selected_degraded,SglbRouteDiag.selected_good,SglbRouteDiag.selected_nonbest_quality,StorDiag.stor_avoid_entries,StorDiag.stor_avoid_exits,StorDiag.stor_clean_signals,StorDiag.stor_ecn_signals,StorDiag.stor_min_score,StorDiag.stor_trim_signals,StorProfileDiag.netaware_all_zero_profiles,StorProfileDiag.netaware_all_zero_selections,StorProfileDiag.netaware_level_changes,StorProfileDiag.netaware_level_transitions,StorProfileDiag.stor_all_zero_profiles,StorProfileDiag.stor_all_zero_selections,StorProfileDiag.stor_level_changes,StorProfileDiag.stor_level_transitions,all_flows_completed,command,completed,config_ok,ecmp_background_completed,ecmp_background_max_fct_us,ecmp_background_mean_fct_us,ecmp_background_p99_fct_us,expected_flows,lb,main_completed,main_max_fct_us,main_mean_fct_us,main_p99_fct_us,max_fct_us,mean_fct_us,mixed_labels_ok,p50_fct_us,p95_fct_us,p999_fct_us,p99_fct_us,primary_metric,primary_us,returncode,scenario,seed,traffic_sha256,unique_completed,variant,HybridNmrcDiag.all_cooling_fallbacks,HybridNmrcDiag.all_cooling_rr_episodes,HybridNmrcDiag.all_cooling_rr_resets,HybridNmrcDiag.all_cooling_rr_selections,HybridNmrcDiag.better_count_hist,HybridNmrcDiag.binary_no_safe,HybridNmrcDiag.binary_original_congested,HybridNmrcDiag.binary_original_safe,HybridNmrcDiag.binary_original_score_count,HybridNmrcDiag.binary_original_score_max,HybridNmrcDiag.binary_original_score_sum,HybridNmrcDiag.binary_paired_actions,HybridNmrcDiag.binary_route_missing,HybridNmrcDiag.binary_selected_score_count,HybridNmrcDiag.binary_selected_score_max,HybridNmrcDiag.binary_selected_score_sum,HybridNmrcDiag.cooldown_starts,HybridNmrcDiag.cooling_recoveries,HybridNmrcDiag.cooling_skips,HybridNmrcDiag.duplicate_notifications,HybridNmrcDiag.ecn_detour_ce,HybridNmrcDiag.ecn_nominal_ce,HybridNmrcDiag.fastcnp_after_done,HybridNmrcDiag.fastcnp_arrived,HybridNmrcDiag.fastcnp_arrived_bytes,HybridNmrcDiag.fastcnp_bytes,HybridNmrcDiag.fastcnp_cc_mutations,HybridNmrcDiag.fastcnp_generated,HybridNmrcDiag.fastcnp_latency_avg_us,HybridNmrcDiag.fastcnp_policy_ignored,HybridNmrcDiag.fastcnp_route_missing,HybridNmrcDiag.fastcnp_unknown_ev,HybridNmrcDiag.fastcnp_unknown_qp,HybridNmrcDiag.graded_cooldown_requested,HybridNmrcDiag.graded_cooldown_suppressed,HybridNmrcDiag.level_transitions,HybridNmrcDiag.observed_evs,HybridNmrcDiag.observed_first_hop_alias_ratio,HybridNmrcDiag.observed_first_hop_choices,HybridNmrcDiag.relative_checks,HybridNmrcDiag.relative_decision_ce_cleared,HybridNmrcDiag.relative_decision_ce_set,HybridNmrcDiag.relative_generated_key_count,HybridNmrcDiag.relative_generated_key_sum,HybridNmrcDiag.relative_generated_key_xor,HybridNmrcDiag.relative_no_delta_candidate,HybridNmrcDiag.relative_no_safe_candidate,HybridNmrcDiag.relative_original_below_absolute,HybridNmrcDiag.relative_original_score_count,HybridNmrcDiag.relative_original_score_max,HybridNmrcDiag.relative_original_score_sum,HybridNmrcDiag.relative_original_unavailable,HybridNmrcDiag.relative_original_unknown,HybridNmrcDiag.relative_paired_actions,HybridNmrcDiag.relative_reroute_key_count,HybridNmrcDiag.relative_reroute_key_sum,HybridNmrcDiag.relative_reroute_key_xor,HybridNmrcDiag.relative_reroutes,HybridNmrcDiag.relative_reverse_path_blocked,HybridNmrcDiag.relative_selected_gap_violations,HybridNmrcDiag.relative_selected_score_count,HybridNmrcDiag.relative_selected_score_max,HybridNmrcDiag.relative_selected_score_sum,HybridNmrcDiag.reroutes,HybridNmrcDiag.route_checks,HybridNmrcDiag.threshold_blocked,HybridNmrcDiag.trim_actual_cooldown_starts,HybridNmrcDiag.trim_actual_unresolved,HybridNmrcDiag.trim_detour,HybridNmrcDiag.trim_duplicate_stale_ignored,HybridNmrcDiag.trim_nominal_cooldown_starts,HybridNmrcDiag.trim_non_detour,HybridNmrcDiag.trim_policy_ignored,HybridNmrcDiag.two_stage_cooldown_requested,HybridNmrcDiag.two_stage_reroute_only
0,0,547791,0,0,0,0,4096,402,0,524288,0,0,0,0,0,0,0,0,0,0,0,0,0,0,0,0,0,0,0,0,0,0,0,0,0,0,0,0,0,0,0,0,0,0,0,0,0,0,0,0,0,0,0,0,0,0,0,0,0,0,0,0,0,0,0,0,0,0,0,0,0,0,0,0,0,0,0,0,0,0,0,5,6,0,524687,8,8,8,269.03,128,0.445131,0,0.03,29184,0,6871,0,0,0,0,0,0,0,0,0,0,0,524271,387,0,2642,7741,7741,0,0,402,0,402,0,0,0,0,0,0,0,524687,0,0,0,0,0,0,0,0,0,0,0,0,0,0,0,0,0,0,0,967,0,521643,2642,0,0,0,0,0,0,0,0,522,3654,1,/home/user/workspace/csg-htsim/.worktrees/four-scheme-parameter-coupling/sim/datacenter/htsim_roce -o /home/user/workspace/csg-htsim/.worktrees/four-scheme-parameter-coupling/experiments/n-mrc/output/four_scheme_parameter_matrix_20260726/raw/asymmetric_permutation_16mib/avail_ecn_only/seed_13/logout.dat -tm /home/user/workspace/csg-htsim/.worktrees/four-scheme-parameter-coupling/experiments/n-mrc/output/four_scheme_parameter_matrix_20260726/traffic/n128_asymmetric_permutation_16mib_seed13.cm -nodes 128 -conns 128 -tiers 2 -lb avail -linkspeed 400000 -queue_type composite_ecn_lb -host_queue_type prio -mtu 4096 -end 10000 -paths 8 -seed 13 -cc dcqcn_variant -roce_rx_mode sp -roce_sack_bitmap_bits 64 -roce_transport_semantics mrc_exact_bounded -roce_trim_recovery exact -hop_latency 0.5 -switch_latency 0.5 -queue_cv_sample_us 100 -slow_tor_uplinks 4 -slow_tor_uplink_divisor 2 -slow_tor_uplink_select random-sparse -avail_ecn_only,128,1,0,0.0,0.0,0.0,128,avail,128,442.058,371.58246093750006,441.44973,442.058,371.58246093750006,1,356.75800000000004,438.67375,441.98078399999997,441.44973,p99_fct_us,441.44973,0,asymmetric_permutation_16mib,13,1d32164f81bc51706685126f9d1cc694093e1e6c821cd1d47385414384b288d6,128,avail_ecn_only,,,,,,,,,,,,,,,,,,,,,,,,,,,,,,,,,,,,,,,,,,,,,,,,,,,,,,,,,,,,,,,,,,,,,,,,,,,
0,0,546399,0,2,0,0,4096,378,0,524288,0,0,0,0,0,0,0,0,0,0,0,0,0,0,0,0,0,0,0,0,0,0,0,0,0,0,0,0,0,0,0,0,0,0,0,0,0,0,0,0,0,0,0,0,0,0,0,0,0,0,0,0,0,0,0,0,0,0,0,0,0,0,0,0,0,0,0,0,0,0,0,4,7,0,524665,8,8,8,270.995,128,0.444884,0,0.03,29120,0,7166,2,0,0,0,0,0,0,0,0,0,0,524280,373,0,2675,7640,7640,0,0,380,0,378,2,0,0,0,0,0,0,524665,0,0,0,0,0,0,0,0,0,0,0,0,0,0,0,0,0,0,0,962,0,521610,2675,0,2,0,0,0,0,0,0,512,3584,1,/home/user/workspace/csg-htsim/.worktrees/four-scheme-parameter-coupling/sim/datacenter/htsim_roce -o /home/user/workspace/csg-htsim/.worktrees/four-scheme-parameter-coupling/experiments/n-mrc/output/four_scheme_parameter_matrix_20260726/raw/asymmetric_permutation_16mib/avail_ecn_only/seed_29/logout.dat -tm /home/user/workspace/csg-htsim/.worktrees/four-scheme-parameter-coupling/experiments/n-mrc/output/four_scheme_parameter_matrix_20260726/traffic/n128_asymmetric_permutation_16mib_seed29.cm -nodes 128 -conns 128 -tiers 2 -lb avail -linkspeed 400000 -queue_type composite_ecn_lb -host_queue_type prio -mtu 4096 -end 10000 -paths 8 -seed 29 -cc dcqcn_variant -roce_rx_mode sp -roce_sack_bitmap_bits 64 -roce_transport_semantics mrc_exact_bounded -roce_trim_recovery exact -hop_latency 0.5 -switch_latency 0.5 -queue_cv_sample_us 100 -slow_tor_uplinks 4 -slow_tor_uplink_divisor 2 -slow_tor_uplink_select random-sparse -avail_ecn_only,128,1,0,0.0,0.0,0.0,128,avail,128,454.779,372.9171875000001,451.97825,454.779,372.9171875000001,1,356.79650000000004,448.76045,454.451594,451.97825,p99_fct_us,451.97825,0,asymmetric_permutation_16mib,29,d045bcab79bb8c6b4a01ed294e66d4d10281e44d44aaeba1d186cea1e5caa21f,128,avail_ecn_only,,,,,,,,,,,,,,,,,,,,,,,,,,,,,,,,,,,,,,,,,,,,,,,,,,,,,,,,,,,,,,,,,,,,,,,,,,,
0,0,551833,0,1,0,0,4096,471,0,524288,0,0,0,0,0,0,0,0,0,0,0,0,0,0,0,0,0,0,0,0,0,0,0,0,0,0,0,0,0,0,0,0,0,0,0,0,0,0,0,0,0,0,0,0,0,0,0,0,0,0,0,0,0,0,0,0,0,0,0,0,0,0,0,0,0,0,0,0,0,0,0,6,7,0,524759,8,8,8,302.49,128,0.472346,0,0.03,41728,0,8143,1,0,0,0,0,0,0,0,0,0,0,524282,464,0,3107,7604,7604,0,0,472,0,471,1,0,0,0,0,0,0,524759,0,0,0,0,0,0,0,0,0,0,0,0,0,0,0,0,0,0,0,1084,0,521180,3107,0,1,0,0,0,0,0,0,560,3920,1,/home/user/workspace/csg-htsim/.worktrees/four-scheme-parameter-coupling/sim/datacenter/htsim_roce -o /home/user/workspace/csg-htsim/.worktrees/four-scheme-parameter-coupling/experiments/n-mrc/output/four_scheme_parameter_matrix_20260726/raw/asymmetric_permutation_16mib/avail_ecn_only/seed_47/logout.dat -tm /home/user/workspace/csg-htsim/.worktrees/four-scheme-parameter-coupling/experiments/n-mrc/output/four_scheme_parameter_matrix_20260726/traffic/n128_asymmetric_permutation_16mib_seed47.cm -nodes 128 -conns 128 -tiers 2 -lb avail -linkspeed 400000 -queue_type composite_ecn_lb -host_queue_type prio -mtu 4096 -end 10000 -paths 8 -seed 47 -cc dcqcn_variant -roce_rx_mode sp -roce_sack_bitmap_bits 64 -roce_transport_semantics mrc_exact_bounded -roce_trim_recovery exact -hop_latency 0.5 -switch_latency 0.5 -queue_cv_sample_us 100 -slow_tor_uplinks 4 -slow_tor_uplink_divisor 2 -slow_tor_uplink_select random-sparse -avail_ecn_only,128,1,0,0.0,0.0,0.0,128,avail,128,454.239,378.2398906250001,451.51498,454.239,378.2398906250001,1,357.375,445.99125000000004,454.02424299999996,451.51498,p99_fct_us,451.51498,0,asymmetric_permutation_16mib,47,8558dad7ebf29316f6b9bd0ca4559d451e7b7196ef51ac64bd013bc7fee7ce60,128,avail_ecn_only,,,,,,,,,,,,,,,,,,,,,,,,,,,,,,,,,,,,,,,,,,,,,,,,,,,,,,,,,,,,,,,,,,,,,,,,,,,
0,0,542784,0,1,0,0,4096,319,0,524288,0,0,0,0,0,0,0,0,0,0,0,0,0,0,0,0,0,0,0,0,0,0,0,0,0,0,0,0,0,0,0,0,0,0,0,0,0,0,0,0,0,0,0,0,0,0,0,0,0,0,0,0,0,0,0,0,0,0,0,0,0,0,0,0,0,0,0,0,0,0,0,6,6,0,524607,8,8,8,256.48,128,0.462706,0,0.02,29184,0,7427,1,0,0,0,0,0,0,0,0,0,0,524279,315,0,2834,7771,7771,0,0,320,0,319,1,0,0,0,0,0,0,524607,0,0,0,0,0,0,0,0,0,0,0,0,0,0,0,0,0,0,0,1148,328,521453,2834,0,1,0,0,0,0,0,0,574,4018,1,/home/user/workspace/csg-htsim/.worktrees/four-scheme-parameter-coupling/sim/datacenter/htsim_roce -o /home/user/workspace/csg-htsim/.worktrees/four-scheme-parameter-coupling/experiments/n-mrc/output/four_scheme_parameter_matrix_20260726/raw/asymmetric_permutation_16mib/avail_hybrid/seed_13/logout.dat -tm /home/user/workspace/csg-htsim/.worktrees/four-scheme-parameter-coupling/experiments/n-mrc/output/four_scheme_parameter_matrix_20260726/traffic/n128_asymmetric_permutation_16mib_seed13.cm -nodes 128 -conns 128 -tiers 2 -lb avail -linkspeed 400000 -queue_type composite_ecn_lb -host_queue_type prio -mtu 4096 -end 10000 -paths 8 -seed 13 -cc dcqcn_variant -roce_rx_mode sp -roce_sack_bitmap_bits 64 -roce_transport_semantics mrc_exact_bounded -roce_trim_recovery exact -hop_latency 0.5 -switch_latency 0.5 -queue_cv_sample_us 100 -slow_tor_uplinks 4 -slow_tor_uplink_divisor 2 -slow_tor_uplink_select random-sparse -stor_aging hybrid,128,1,0,0.0,0.0,0.0,128,avail,128,458.422,372.8949218750001,455.76816,458.422,372.8949218750001,1,356.77750000000003,445.15369999999996,458.11554900000004,455.76816,p99_fct_us,455.76816,0,asymmetric_permutation_16mib,13,1d32164f81bc51706685126f9d1cc694093e1e6c821cd1d47385414384b288d6,128,avail_hybrid,,,,,,,,,,,,,,,,,,,,,,,,,,,,,,,,,,,,,,,,,,,,,,,,,,,,,,,,,,,,,,,,,,,,,,,,,,,
0,0,542429,0,2,0,0,4096,311,0,524288,0,0,0,0,0,0,0,0,0,0,0,0,0,0,0,0,0,0,0,0,0,0,0,0,0,0,0,0,0,0,0,0,0,0,0,0,0,0,0,0,0,0,0,0,0,0,0,0,0,0,0,0,0,0,0,0,0,0,0,0,0,0,0,0,0,0,0,0,0,0,0,3,7,0,524599,8,8,8,266.04,128,0.505895,0,0.02,29184,0,7840,2,0,0,0,0,0,0,0,0,0,0,524280,306,0,2981,7684,7684,0,0,313,0,311,2,0,0,0,0,0,0,524599,0,0,0,0,0,0,0,0,0,0,0,0,0,0,0,0,0,0,0,1200,351,521305,2981,0,2,0,0,0,0,0,0,562,3934,1,/home/user/workspace/csg-htsim/.worktrees/four-scheme-parameter-coupling/sim/datacenter/htsim_roce -o /home/user/workspace/csg-htsim/.worktrees/four-scheme-parameter-coupling/experiments/n-mrc/output/four_scheme_parameter_matrix_20260726/raw/asymmetric_permutation_16mib/avail_hybrid/seed_29/logout.dat -tm /home/user/workspace/csg-htsim/.worktrees/four-scheme-parameter-coupling/experiments/n-mrc/output/four_scheme_parameter_matrix_20260726/traffic/n128_asymmetric_permutation_16mib_seed29.cm -nodes 128 -conns 128 -tiers 2 -lb avail -linkspeed 400000 -queue_type composite_ecn_lb -host_queue_type prio -mtu 4096 -end 10000 -paths 8 -seed 29 -cc dcqcn_variant -roce_rx_mode sp -roce_sack_bitmap_bits 64 -roce_transport_semantics mrc_exact_bounded -roce_trim_recovery exact -hop_latency 0.5 -switch_latency 0.5 -queue_cv_sample_us 100 -slow_tor_uplinks 4 -slow_tor_uplink_divisor 2 -slow_tor_uplink_select random-sparse -stor_aging hybrid,128,1,0,0.0,0.0,0.0,128,avail,128,462.169,375.1102265625001,461.33204,462.169,375.1102265625001,1,356.799,452.55264999999997,462.14664799999997,461.33204,p99_fct_us,461.33204,0,asymmetric_permutation_16mib,29,d045bcab79bb8c6b4a01ed294e66d4d10281e44d44aaeba1d186cea1e5caa21f,128,avail_hybrid,,,,,,,,,,,,,,,,,,,,,,,,,,,,,,,,,,,,,,,,,,,,,,,,,,,,,,,,,,,,,,,,,,,,,,,,,,,
0,0,547984,0,1,0,0,4096,409,0,524288,0,0,0,0,0,0,0,0,0,0,0,0,0,0,0,0,0,0,0,0,0,0,0,0,0,0,0,0,0,0,0,0,0,0,0,0,0,0,0,0,0,0,0,0,0,0,0,0,0,0,0,0,0,0,0,0,0,0,0,0,0,0,0,0,0,0,0,0,0,0,0,0,7,0,524692,8,8,8,307.177,128,0.486154,0,0.03,41664,0,8647,1,0,0,0,0,0,0,0,0,0,0,524274,398,0,3310,7631,7631,0,0,410,0,409,1,0,0,0,0,0,0,524692,0,0,0,0,0,0,0,0,0,0,0,0,0,0,0,0,0,0,0,1277,330,520972,3310,0,1,0,0,0,0,0,0,637,4459,1,/home/user/workspace/csg-htsim/.worktrees/four-scheme-parameter-coupling/sim/datacenter/htsim_roce -o /home/user/workspace/csg-htsim/.worktrees/four-scheme-parameter-coupling/experiments/n-mrc/output/four_scheme_parameter_matrix_20260726/raw/asymmetric_permutation_16mib/avail_hybrid/seed_47/logout.dat -tm /home/user/workspace/csg-htsim/.worktrees/four-scheme-parameter-coupling/experiments/n-mrc/output/four_scheme_parameter_matrix_20260726/traffic/n128_asymmetric_permutation_16mib_seed47.cm -nodes 128 -conns 128 -tiers 2 -lb avail -linkspeed 400000 -queue_type composite_ecn_lb -host_queue_type prio -mtu 4096 -end 10000 -paths 8 -seed 47 -cc dcqcn_variant -roce_rx_mode sp -roce_sack_bitmap_bits 64 -roce_transport_semantics mrc_exact_bounded -roce_trim_recovery exact -hop_latency 0.5 -switch_latency 0.5 -queue_cv_sample_us 100 -slow_tor_uplinks 4 -slow_tor_uplink_divisor 2 -slow_tor_uplink_select random-sparse -stor_aging hybrid,128,1,0,0.0,0.0,0.0,128,avail,128,460.368,379.5723671875,456.66213,460.368,379.5723671875,1,357.3225,452.86285000000004,459.978999,456.66213,p99_fct_us,456.66213,0,asymmetric_permutation_16mib,47,8558dad7ebf29316f6b9bd0ca4559d451e7b7196ef51ac64bd013bc7fee7ce60,128,avail_hybrid,,,,,,,,,,,,,,,,,,,,,,,,,,,,,,,,,,,,,,,,,,,,,,,,,,,,,,,,,,,,,,,,,,,,,,,,,,,
0,0,547791,0,0,0,0,4096,402,0,524288,0,0,0,0,0,0,0,0,0,0,0,0,0,0,0,0,0,0,0,0,0,0,0,0,0,0,0,0,0,0,0,0,0,0,0,0,0,0,0,0,0,0,0,0,0,0,0,0,0,0,0,0,0,0,0,0,0,0,0,0,0,0,0,0,0,0,0,0,0,0,0,5,6,0,524687,8,8,8,269.03,128,0.445131,0,0.03,29184,0,6871,0,0,0,0,0,0,0,0,0,0,0,524271,387,0,2642,7741,7741,0,0,402,0,402,0,0,0,0,0,0,0,524687,0,0,0,0,0,0,0,0,0,0,0,0,0,0,0,0,0,0,0,967,0,521643,2642,0,0,0,0,0,0,0,0,522,3654,1,/home/user/workspace/csg-htsim/.worktrees/four-scheme-parameter-coupling/sim/datacenter/htsim_roce -o /home/user/workspace/csg-htsim/.worktrees/four-scheme-parameter-coupling/experiments/n-mrc/output/four_scheme_parameter_matrix_20260726/raw/asymmetric_permutation_16mib/avail_packet/seed_13/logout.dat -tm /home/user/workspace/csg-htsim/.worktrees/four-scheme-parameter-coupling/experiments/n-mrc/output/four_scheme_parameter_matrix_20260726/traffic/n128_asymmetric_permutation_16mib_seed13.cm -nodes 128 -conns 128 -tiers 2 -lb avail -linkspeed 400000 -queue_type composite_ecn_lb -host_queue_type prio -mtu 4096 -end 10000 -paths 8 -seed 13 -cc dcqcn_variant -roce_rx_mode sp -roce_sack_bitmap_bits 64 -roce_transport_semantics mrc_exact_bounded -roce_trim_recovery exact -hop_latency 0.5 -switch_latency 0.5 -queue_cv_sample_us 100 -slow_tor_uplinks 4 -slow_tor_uplink_divisor 2 -slow_tor_uplink_select random-sparse,128,1,0,0.0,0.0,0.0,128,avail,128,442.058,371.58246093750006,441.44973,442.058,371.58246093750006,1,356.75800000000004,438.67375,441.98078399999997,441.44973,p99_fct_us,441.44973,0,asymmetric_permutation_16mib,13,1d32164f81bc51706685126f9d1cc694093e1e6c821cd1d47385414384b288d6,128,avail_packet,,,,,,,,,,,,,,,,,,,,,,,,,,,,,,,,,,,,,,,,,,,,,,,,,,,,,,,,,,,,,,,,,,,,,,,,,,,
0,0,546399,0,2,0,0,4096,378,0,524288,0,0,0,0,0,0,0,0,0,0,0,0,0,0,0,0,0,0,0,0,0,0,0,0,0,0,0,0,0,0,0,0,0,0,0,0,0,0,0,0,0,0,0,0,0,0,0,0,0,0,0,0,0,0,0,0,0,0,0,0,0,0,0,0,0,0,0,0,0,0,0,4,7,0,524665,8,8,8,270.995,128,0.444884,0,0.03,29120,0,7166,2,0,0,0,0,0,0,0,0,0,0,524280,373,0,2675,7640,7640,0,0,380,0,378,2,0,0,0,0,0,0,524665,0,0,0,0,0,0,0,0,0,0,0,0,0,0,0,0,0,0,0,962,0,521610,2675,0,2,0,0,0,0,0,0,512,3584,1,/home/user/workspace/csg-htsim/.worktrees/four-scheme-parameter-coupling/sim/datacenter/htsim_roce -o /home/user/workspace/csg-htsim/.worktrees/four-scheme-parameter-coupling/experiments/n-mrc/output/four_scheme_parameter_matrix_20260726/raw/asymmetric_permutation_16mib/avail_packet/seed_29/logout.dat -tm /home/user/workspace/csg-htsim/.worktrees/four-scheme-parameter-coupling/experiments/n-mrc/output/four_scheme_parameter_matrix_20260726/traffic/n128_asymmetric_permutation_16mib_seed29.cm -nodes 128 -conns 128 -tiers 2 -lb avail -linkspeed 400000 -queue_type composite_ecn_lb -host_queue_type prio -mtu 4096 -end 10000 -paths 8 -seed 29 -cc dcqcn_variant -roce_rx_mode sp -roce_sack_bitmap_bits 64 -roce_transport_semantics mrc_exact_bounded -roce_trim_recovery exact -hop_latency 0.5 -switch_latency 0.5 -queue_cv_sample_us 100 -slow_tor_uplinks 4 -slow_tor_uplink_divisor 2 -slow_tor_uplink_select random-sparse,128,1,0,0.0,0.0,0.0,128,avail,128,454.779,372.9171875000001,451.97825,454.779,372.9171875000001,1,356.79650000000004,448.76045,454.451594,451.97825,p99_fct_us,451.97825,0,asymmetric_permutation_16mib,29,d045bcab79bb8c6b4a01ed294e66d4d10281e44d44aaeba1d186cea1e5caa21f,128,avail_packet,,,,,,,,,,,,,,,,,,,,,,,,,,,,,,,,,,,,,,,,,,,,,,,,,,,,,,,,,,,,,,,,,,,,,,,,,,,
0,0,551833,0,1,0,0,4096,471,0,524288,0,0,0,0,0,0,0,0,0,0,0,0,0,0,0,0,0,0,0,0,0,0,0,0,0,0,0,0,0,0,0,0,0,0,0,0,0,0,0,0,0,0,0,0,0,0,0,0,0,0,0,0,0,0,0,0,0,0,0,0,0,0,0,0,0,0,0,0,0,0,0,6,7,0,524759,8,8,8,302.49,128,0.472346,0,0.03,41728,0,8143,1,0,0,0,0,0,0,0,0,0,0,524282,464,0,3107,7604,7604,0,0,472,0,471,1,0,0,0,0,0,0,524759,0,0,0,0,0,0,0,0,0,0,0,0,0,0,0,0,0,0,0,1084,0,521180,3107,0,1,0,0,0,0,0,0,560,3920,1,/home/user/workspace/csg-htsim/.worktrees/four-scheme-parameter-coupling/sim/datacenter/htsim_roce -o /home/user/workspace/csg-htsim/.worktrees/four-scheme-parameter-coupling/experiments/n-mrc/output/four_scheme_parameter_matrix_20260726/raw/asymmetric_permutation_16mib/avail_packet/seed_47/logout.dat -tm /home/user/workspace/csg-htsim/.worktrees/four-scheme-parameter-coupling/experiments/n-mrc/output/four_scheme_parameter_matrix_20260726/traffic/n128_asymmetric_permutation_16mib_seed47.cm -nodes 128 -conns 128 -tiers 2 -lb avail -linkspeed 400000 -queue_type composite_ecn_lb -host_queue_type prio -mtu 4096 -end 10000 -paths 8 -seed 47 -cc dcqcn_variant -roce_rx_mode sp -roce_sack_bitmap_bits 64 -roce_transport_semantics mrc_exact_bounded -roce_trim_recovery exact -hop_latency 0.5 -switch_latency 0.5 -queue_cv_sample_us 100 -slow_tor_uplinks 4 -slow_tor_uplink_divisor 2 -slow_tor_uplink_select random-sparse,128,1,0,0.0,0.0,0.0,128,avail,128,454.239,378.2398906250001,451.51498,454.239,378.2398906250001,1,357.375,445.99125000000004,454.02424299999996,451.51498,p99_fct_us,451.51498,0,asymmetric_permutation_16mib,47,8558dad7ebf29316f6b9bd0ca4559d451e7b7196ef51ac64bd013bc7fee7ce60,128,avail_packet,,,,,,,,,,,,,,,,,,,,,,,,,,,,,,,,,,,,,,,,,,,,,,,,,,,,,,,,,,,,,,,,,,,,,,,,,,,
0,0,547791,0,0,0,0,4096,402,0,524288,0,0,0,0,0,0,0,0,0,0,0,0,0,0,0,0,0,0,0,0,0,0,0,0,0,0,0,0,0,0,0,0,0,0,0,0,0,0,0,0,0,0,0,0,0,0,0,0,0,0,0,0,0,0,0,0,0,0,0,0,0,0,0,0,0,0,0,0,0,0,0,5,6,0,524687,8,8,8,269.03,128,0.445131,0,0.03,29184,0,6871,0,0,0,0,0,0,0,0,0,0,0,524271,387,0,2642,7741,7741,0,0,402,0,402,0,0,0,0,0,0,0,524687,0,0,0,0,0,0,0,0,0,0,0,0,0,0,0,0,0,0,0,967,0,521643,2642,0,0,0,0,0,0,0,0,522,3654,1,/home/user/workspace/csg-htsim/.worktrees/four-scheme-parameter-coupling/sim/datacenter/htsim_roce -o /home/user/workspace/csg-htsim/.worktrees/four-scheme-parameter-coupling/experiments/n-mrc/output/four_scheme_parameter_matrix_20260726/raw/asymmetric_permutation_16mib/avail_time/seed_13/logout.dat -tm /home/user/workspace/csg-htsim/.worktrees/four-scheme-parameter-coupling/experiments/n-mrc/output/four_scheme_parameter_matrix_20260726/traffic/n128_asymmetric_permutation_16mib_seed13.cm -nodes 128 -conns 128 -tiers 2 -lb avail -linkspeed 400000 -queue_type composite_ecn_lb -host_queue_type prio -mtu 4096 -end 10000 -paths 8 -seed 13 -cc dcqcn_variant -roce_rx_mode sp -roce_sack_bitmap_bits 64 -roce_transport_semantics mrc_exact_bounded -roce_trim_recovery exact -hop_latency 0.5 -switch_latency 0.5 -queue_cv_sample_us 100 -slow_tor_uplinks 4 -slow_tor_uplink_divisor 2 -slow_tor_uplink_select random-sparse -stor_aging time_ewma,128,1,0,0.0,0.0,0.0,128,avail,128,442.058,371.58246093750006,441.44973,442.058,371.58246093750006,1,356.75800000000004,438.67375,441.98078399999997,441.44973,p99_fct_us,441.44973,0,asymmetric_permutation_16mib,13,1d32164f81bc51706685126f9d1cc694093e1e6c821cd1d47385414384b288d6,128,avail_time,,,,,,,,,,,,,,,,,,,,,,,,,,,,,,,,,,,,,,,,,,,,,,,,,,,,,,,,,,,,,,,,,,,,,,,,,,,
0,0,546399,0,2,0,0,4096,378,0,524288,0,0,0,0,0,0,0,0,0,0,0,0,0,0,0,0,0,0,0,0,0,0,0,0,0,0,0,0,0,0,0,0,0,0,0,0,0,0,0,0,0,0,0,0,0,0,0,0,0,0,0,0,0,0,0,0,0,0,0,0,0,0,0,0,0,0,0,0,0,0,0,4,7,0,524665,8,8,8,270.995,128,0.444884,0,0.03,29120,0,7166,2,0,0,0,0,0,0,0,0,0,0,524280,373,0,2675,7640,7640,0,0,380,0,378,2,0,0,0,0,0,0,524665,0,0,0,0,0,0,0,0,0,0,0,0,0,0,0,0,0,0,0,962,0,521610,2675,0,2,0,0,0,0,0,0,512,3584,1,/home/user/workspace/csg-htsim/.worktrees/four-scheme-parameter-coupling/sim/datacenter/htsim_roce -o /home/user/workspace/csg-htsim/.worktrees/four-scheme-parameter-coupling/experiments/n-mrc/output/four_scheme_parameter_matrix_20260726/raw/asymmetric_permutation_16mib/avail_time/seed_29/logout.dat -tm /home/user/workspace/csg-htsim/.worktrees/four-scheme-parameter-coupling/experiments/n-mrc/output/four_scheme_parameter_matrix_20260726/traffic/n128_asymmetric_permutation_16mib_seed29.cm -nodes 128 -conns 128 -tiers 2 -lb avail -linkspeed 400000 -queue_type composite_ecn_lb -host_queue_type prio -mtu 4096 -end 10000 -paths 8 -seed 29 -cc dcqcn_variant -roce_rx_mode sp -roce_sack_bitmap_bits 64 -roce_transport_semantics mrc_exact_bounded -roce_trim_recovery exact -hop_latency 0.5 -switch_latency 0.5 -queue_cv_sample_us 100 -slow_tor_uplinks 4 -slow_tor_uplink_divisor 2 -slow_tor_uplink_select random-sparse -stor_aging time_ewma,128,1,0,0.0,0.0,0.0,128,avail,128,454.779,372.9171875000001,451.97825,454.779,372.9171875000001,1,356.79650000000004,448.76045,454.451594,451.97825,p99_fct_us,451.97825,0,asymmetric_permutation_16mib,29,d045bcab79bb8c6b4a01ed294e66d4d10281e44d44aaeba1d186cea1e5caa21f,128,avail_time,,,,,,,,,,,,,,,,,,,,,,,,,,,,,,,,,,,,,,,,,,,,,,,,,,,,,,,,,,,,,,,,,,,,,,,,,,,
0,0,551833,0,1,0,0,4096,471,0,524288,0,0,0,0,0,0,0,0,0,0,0,0,0,0,0,0,0,0,0,0,0,0,0,0,0,0,0,0,0,0,0,0,0,0,0,0,0,0,0,0,0,0,0,0,0,0,0,0,0,0,0,0,0,0,0,0,0,0,0,0,0,0,0,0,0,0,0,0,0,0,0,6,7,0,524759,8,8,8,302.49,128,0.472346,0,0.03,41728,0,8143,1,0,0,0,0,0,0,0,0,0,0,524282,464,0,3107,7604,7604,0,0,472,0,471,1,0,0,0,0,0,0,524759,0,0,0,0,0,0,0,0,0,0,0,0,0,0,0,0,0,0,0,1084,0,521180,3107,0,1,0,0,0,0,0,0,560,3920,1,/home/user/workspace/csg-htsim/.worktrees/four-scheme-parameter-coupling/sim/datacenter/htsim_roce -o /home/user/workspace/csg-htsim/.worktrees/four-scheme-parameter-coupling/experiments/n-mrc/output/four_scheme_parameter_matrix_20260726/raw/asymmetric_permutation_16mib/avail_time/seed_47/logout.dat -tm /home/user/workspace/csg-htsim/.worktrees/four-scheme-parameter-coupling/experiments/n-mrc/output/four_scheme_parameter_matrix_20260726/traffic/n128_asymmetric_permutation_16mib_seed47.cm -nodes 128 -conns 128 -tiers 2 -lb avail -linkspeed 400000 -queue_type composite_ecn_lb -host_queue_type prio -mtu 4096 -end 10000 -paths 8 -seed 47 -cc dcqcn_variant -roce_rx_mode sp -roce_sack_bitmap_bits 64 -roce_transport_semantics mrc_exact_bounded -roce_trim_recovery exact -hop_latency 0.5 -switch_latency 0.5 -queue_cv_sample_us 100 -slow_tor_uplinks 4 -slow_tor_uplink_divisor 2 -slow_tor_uplink_select random-sparse -stor_aging time_ewma,128,1,0,0.0,0.0,0.0,128,avail,128,454.239,378.2398906250001,451.51498,454.239,378.2398906250001,1,357.375,445.99125000000004,454.02424299999996,451.51498,p99_fct_us,451.51498,0,asymmetric_permutation_16mib,47,8558dad7ebf29316f6b9bd0ca4559d451e7b7196ef51ac64bd013bc7fee7ce60,128,avail_time,,,,,,,,,,,,,,,,,,,,,,,,,,,,,,,,,,,,,,,,,,,,,,,,,,,,,,,,,,,,,,,,,,,,,,,,,,,
0,0,541922,0,65,0,0,4096,247,0,524288,0,0,0,0,0,0,0,0,0,0,0,0,0,0,0,0,0,0,0,0,0,0,0,0,0,0,0,0,0,0,0,0,0,0,0,0,0,0,0,0,0,0,0,0,0,0,0,0,0,0,0,0,0,0,0,0,0,0,0,0,0,0,0,0,0,0,0,0,0,0,0,0,7,0,524597,8,8,8,291.571,128,0.593716,0,0.03,54080,0,10012,65,0,0,0,0,0,0,0,0,0,0,524281,242,0,4190,8194,8194,0,0,312,0,247,65,0,0,0,1123,9,576,522889,0,0,0,0,0,0,0,0,0,0,0,0,0,0,0,0,0,0,0,958,956,520095,4190,0,65,0,0,0,0,0,0,660,4620,1,/home/user/workspace/csg-htsim/.worktrees/four-scheme-parameter-coupling/sim/datacenter/htsim_roce -o /home/user/workspace/csg-htsim/.worktrees/four-scheme-parameter-coupling/experiments/n-mrc/output/four_scheme_parameter_matrix_20260726/raw/asymmetric_permutation_16mib/grade_conservative/seed_13/logout.dat -tm /home/user/workspace/csg-htsim/.worktrees/four-scheme-parameter-coupling/experiments/n-mrc/output/four_scheme_parameter_matrix_20260726/traffic/n128_asymmetric_permutation_16mib_seed13.cm -nodes 128 -conns 128 -tiers 2 -lb grade -linkspeed 400000 -queue_type composite_ecn_lb -host_queue_type prio -mtu 4096 -end 10000 -paths 8 -seed 13 -cc dcqcn_variant -roce_rx_mode sp -roce_sack_bitmap_bits 64 -roce_transport_semantics mrc_exact_bounded -roce_trim_recovery exact -hop_latency 0.5 -switch_latency 0.5 -queue_cv_sample_us 100 -slow_tor_uplinks 4 -slow_tor_uplink_divisor 2 -slow_tor_uplink_select random-sparse -stor_level_weights 4 2 1 0 -stor_level_thresholds 6 3 1,128,1,0,0.0,0.0,0.0,128,grade,128,544.402,394.1662656250001,543.3501200000001,544.402,394.1662656250001,1,358.231,537.12205,544.359074,543.3501200000001,p99_fct_us,543.3501200000001,0,asymmetric_permutation_16mib,13,1d32164f81bc51706685126f9d1cc694093e1e6c821cd1d47385414384b288d6,128,grade_conservative,,,,,,,,,,,,,,,,,,,,,,,,,,,,,,,,,,,,,,,,,,,,,,,,,,,,,,,,,,,,,,,,,,,,,,,,,,,
0,0,542737,0,101,0,0,4096,227,0,524288,0,0,0,0,0,0,0,0,0,0,0,0,0,0,0,0,0,0,0,0,0,0,0,0,0,0,0,0,0,0,0,0,0,0,0,0,0,0,0,0,0,0,0,0,0,0,0,0,0,0,0,0,0,0,0,0,0,0,0,0,0,0,0,0,0,0,0,0,0,0,0,2,2,0,524614,8,8,8,312.525,128,0.620799,0,0.03,41664,0,10032,101,0,0,0,0,0,0,0,0,0,0,524285,223,0,4172,8061,8061,0,0,328,0,227,101,0,0,0,1169,10,716,522719,0,0,0,0,0,0,0,0,0,0,0,0,0,0,0,0,0,0,0,1074,1073,520114,4172,0,101,0,0,0,0,0,0,757,5299,1,/home/user/workspace/csg-htsim/.worktrees/four-scheme-parameter-coupling/sim/datacenter/htsim_roce -o /home/user/workspace/csg-htsim/.worktrees/four-scheme-parameter-coupling/experiments/n-mrc/output/four_scheme_parameter_matrix_20260726/raw/asymmetric_permutation_16mib/grade_conservative/seed_29/logout.dat -tm /home/user/workspace/csg-htsim/.worktrees/four-scheme-parameter-coupling/experiments/n-mrc/output/four_scheme_parameter_matrix_20260726/traffic/n128_asymmetric_permutation_16mib_seed29.cm -nodes 128 -conns 128 -tiers 2 -lb grade -linkspeed 400000 -queue_type composite_ecn_lb -host_queue_type prio -mtu 4096 -end 10000 -paths 8 -seed 29 -cc dcqcn_variant -roce_rx_mode sp -roce_sack_bitmap_bits 64 -roce_transport_semantics mrc_exact_bounded -roce_trim_recovery exact -hop_latency 0.5 -switch_latency 0.5 -queue_cv_sample_us 100 -slow_tor_uplinks 4 -slow_tor_uplink_divisor 2 -slow_tor_uplink_select random-sparse -stor_level_weights 4 2 1 0 -stor_level_thresholds 6 3 1,128,1,0,0.0,0.0,0.0,128,grade,128,548.87,394.02728125,539.33127,548.87,394.02728125,1,358.4365,534.39795,547.696266,539.33127,p99_fct_us,539.33127,0,asymmetric_permutation_16mib,29,d045bcab79bb8c6b4a01ed294e66d4d10281e44d44aaeba1d186cea1e5caa21f,128,grade_conservative,,,,,,,,,,,,,,,,,,,,,,,,,,,,,,,,,,,,,,,,,,,,,,,,,,,,,,,,,,,,,,,,,,,,,,,,,,,
1,0,547024,0,133,0,0,4096,269,0,524288,0,0,0,0,0,0,0,0,0,0,0,0,0,0,0,0,0,0,0,0,0,0,0,0,0,0,0,0,0,0,0,0,0,0,0,0,0,0,0,0,0,0,0,0,0,0,0,0,0,0,0,0,0,0,0,0,0,0,0,0,0,0,0,0,0,0,0,0,0,0,0,0,5,0,524680,8,8,8,352.192,128,0.650536,0,0.03,54144,0,11124,134,0,0,0,0,0,0,0,0,0,0,524275,254,0,4642,8046,8046,0,0,403,0,269,134,0,0,0,1387,10,704,522579,0,0,0,0,0,0,0,0,0,0,0,0,0,0,0,0,0,0,0,1121,1121,519635,4642,0,134,0,0,0,0,0,0,802,5614,1,/home/user/workspace/csg-htsim/.worktrees/four-scheme-parameter-coupling/sim/datacenter/htsim_roce -o /home/user/workspace/csg-htsim/.worktrees/four-scheme-parameter-coupling/experiments/n-mrc/output/four_scheme_parameter_matrix_20260726/raw/asymmetric_permutation_16mib/grade_conservative/seed_47/logout.dat -tm /home/user/workspace/csg-htsim/.worktrees/four-scheme-parameter-coupling/experiments/n-mrc/output/four_scheme_parameter_matrix_20260726/traffic/n128_asymmetric_permutation_16mib_seed47.cm -nodes 128 -conns 128 -tiers 2 -lb grade -linkspeed 400000 -queue_type composite_ecn_lb -host_queue_type prio -mtu 4096 -end 10000 -paths 8 -seed 47 -cc dcqcn_variant -roce_rx_mode sp -roce_sack_bitmap_bits 64 -roce_transport_semantics mrc_exact_bounded -roce_trim_recovery exact -hop_latency 0.5 -switch_latency 0.5 -queue_cv_sample_us 100 -slow_tor_uplinks 4 -slow_tor_uplink_divisor 2 -slow_tor_uplink_select random-sparse -stor_level_weights 4 2 1 0 -stor_level_thresholds 6 3 1,128,1,0,0.0,0.0,0.0,128,grade,128,548.959,401.60565625,546.7446600000001,548.959,401.60565625,1,359.1725,537.6365999999999,548.88153,546.7446600000001,p99_fct_us,546.7446600000001,0,asymmetric_permutation_16mib,47,8558dad7ebf29316f6b9bd0ca4559d451e7b7196ef51ac64bd013bc7fee7ce60,128,grade_conservative,,,,,,,,,,,,,,,,,,,,,,,,,,,,,,,,,,,,,,,,,,,,,,,,,,,,,,,,,,,,,,,,,,,,,,,,,,,
0,0,549417,0,5,0,0,4096,432,0,524288,0,0,0,0,0,0,0,0,0,0,0,0,0,0,0,0,0,0,0,0,0,0,0,0,0,0,0,0,0,0,0,0,0,0,0,0,0,0,0,0,0,0,0,0,0,0,0,0,0,0,0,0,0,0,0,0,0,0,0,0,0,0,0,0,0,0,0,0,0,0,0,1,7,0,524724,8,8,8,350.742,128,0.550677,0,0.03,54144,0,7260,5,0,0,0,0,0,0,0,0,0,0,524280,423,0,2855,7851,7851,0,0,437,0,432,5,0,0,0,1265,439,1381,521639,0,0,0,0,0,0,0,0,0,0,0,0,0,0,0,0,0,0,0,255,255,521432,2855,0,5,0,0,0,0,0,0,783,5481,1,/home/user/workspace/csg-htsim/.worktrees/four-scheme-parameter-coupling/sim/datacenter/htsim_roce -o /home/user/workspace/csg-htsim/.worktrees/four-scheme-parameter-coupling/experiments/n-mrc/output/four_scheme_parameter_matrix_20260726/raw/asymmetric_permutation_16mib/grade_default/seed_13/logout.dat -tm /home/user/workspace/csg-htsim/.worktrees/four-scheme-parameter-coupling/experiments/n-mrc/output/four_scheme_parameter_matrix_20260726/traffic/n128_asymmetric_permutation_16mib_seed13.cm -nodes 128 -conns 128 -tiers 2 -lb grade -linkspeed 400000 -queue_type composite_ecn_lb -host_queue_type prio -mtu 4096 -end 10000 -paths 8 -seed 13 -cc dcqcn_variant -roce_rx_mode sp -roce_sack_bitmap_bits 64 -roce_transport_semantics mrc_exact_bounded -roce_trim_recovery exact -hop_latency 0.5 -switch_latency 0.5 -queue_cv_sample_us 100 -slow_tor_uplinks 4 -slow_tor_uplink_divisor 2 -slow_tor_uplink_select random-sparse -stor_level_weights 4 2 1 0,128,1,0,0.0,0.0,0.0,128,grade,128,464.412,376.75749999999994,461.48054,464.412,376.75749999999994,1,358.265,457.37345000000005,464.073926,461.48054,p99_fct_us,461.48054,0,asymmetric_permutation_16mib,13,1d32164f81bc51706685126f9d1cc694093e1e6c821cd1d47385414384b288d6,128,grade_default,,,,,,,,,,,,,,,,,,,,,,,,,,,,,,,,,,,,,,,,,,,,,,,,,,,,,,,,,,,,,,,,,,,,,,,,,,,
0,0,547758,0,5,0,0,4096,402,0,524288,0,0,0,0,0,0,0,0,0,0,0,0,0,0,0,0,0,0,0,0,0,0,0,0,0,0,0,0,0,0,0,0,0,0,0,0,0,0,0,0,0,0,0,0,0,0,0,0,0,0,0,0,0,0,0,0,0,0,0,0,0,0,0,0,0,0,0,0,0,0,0,2,2,0,524694,8,8,8,354.955,128,0.654638,0,0.03,54080,0,7314,5,0,0,0,0,0,0,0,0,0,0,524283,386,0,2797,7735,7735,0,0,407,0,402,5,0,0,0,1227,429,1558,521480,0,0,0,0,0,0,0,0,0,0,0,0,0,0,0,0,0,0,0,269,268,521490,2797,0,5,0,0,0,0,0,0,806,5642,1,/home/user/workspace/csg-htsim/.worktrees/four-scheme-parameter-coupling/sim/datacenter/htsim_roce -o /home/user/workspace/csg-htsim/.worktrees/four-scheme-parameter-coupling/experiments/n-mrc/output/four_scheme_parameter_matrix_20260726/raw/asymmetric_permutation_16mib/grade_default/seed_29/logout.dat -tm /home/user/workspace/csg-htsim/.worktrees/four-scheme-parameter-coupling/experiments/n-mrc/output/four_scheme_parameter_matrix_20260726/traffic/n128_asymmetric_permutation_16mib_seed29.cm -nodes 128 -conns 128 -tiers 2 -lb grade -linkspeed 400000 -queue_type composite_ecn_lb -host_queue_type prio -mtu 4096 -end 10000 -paths 8 -seed 29 -cc dcqcn_variant -roce_rx_mode sp -roce_sack_bitmap_bits 64 -roce_transport_semantics mrc_exact_bounded -roce_trim_recovery exact -hop_latency 0.5 -switch_latency 0.5 -queue_cv_sample_us 100 -slow_tor_uplinks 4 -slow_tor_uplink_divisor 2 -slow_tor_uplink_select random-sparse -stor_level_weights 4 2 1 0,128,1,0,0.0,0.0,0.0,128,grade,128,467.937,377.59834374999997,466.45489,467.937,377.59834374999997,1,358.5915,461.68949999999995,467.861689,466.45489,p99_fct_us,466.45489,0,asymmetric_permutation_16mib,29,d045bcab79bb8c6b4a01ed294e66d4d10281e44d44aaeba1d186cea1e5caa21f,128,grade_default,,,,,,,,,,,,,,,,,,,,,,,,,,,,,,,,,,,,,,,,,,,,,,,,,,,,,,,,,,,,,,,,,,,,,,,,,,,
0,0,552918,0,10,0,0,4096,487,0,524288,0,0,0,0,0,0,0,0,0,0,0,0,0,0,0,0,0,0,0,0,0,0,0,0,0,0,0,0,0,0,0,0,0,0,0,0,0,0,0,0,0,0,0,0,0,0,0,0,0,0,0,0,0,0,0,0,0,0,0,0,0,0,0,0,0,0,0,0,0,0,0,0,5,0,524780,8,8,8,401.667,128,0.540341,0,0.04,45824,0,8181,10,0,0,0,0,0,0,0,0,0,0,524277,470,0,3246,7713,7713,0,0,497,0,487,10,0,0,0,1432,448,1601,521299,0,0,0,0,0,0,0,0,0,0,0,0,0,0,0,0,0,0,0,256,254,521037,3246,0,10,0,0,0,0,0,0,854,5978,1,/home/user/workspace/csg-htsim/.worktrees/four-scheme-parameter-coupling/sim/datacenter/htsim_roce -o /home/user/workspace/csg-htsim/.worktrees/four-scheme-parameter-coupling/experiments/n-mrc/output/four_scheme_parameter_matrix_20260726/raw/asymmetric_permutation_16mib/grade_default/seed_47/logout.dat -tm /home/user/workspace/csg-htsim/.worktrees/four-scheme-parameter-coupling/experiments/n-mrc/output/four_scheme_parameter_matrix_20260726/traffic/n128_asymmetric_permutation_16mib_seed47.cm -nodes 128 -conns 128 -tiers 2 -lb grade -linkspeed 400000 -queue_type composite_ecn_lb -host_queue_type prio -mtu 4096 -end 10000 -paths 8 -seed 47 -cc dcqcn_variant -roce_rx_mode sp -roce_sack_bitmap_bits 64 -roce_transport_semantics mrc_exact_bounded -roce_trim_recovery exact -hop_latency 0.5 -switch_latency 0.5 -queue_cv_sample_us 100 -slow_tor_uplinks 4 -slow_tor_uplink_divisor 2 -slow_tor_uplink_select random-sparse -stor_level_weights 4 2 1 0,128,1,0,0.0,0.0,0.0,128,grade,128,475.537,384.4087343749999,474.40734999999995,475.537,384.4087343749999,1,359.524,466.7481,475.455085,474.40734999999995,p99_fct_us,474.40734999999995,0,asymmetric_permutation_16mib,47,8558dad7ebf29316f6b9bd0ca4559d451e7b7196ef51ac64bd013bc7fee7ce60,128,grade_default,,,,,,,,,,,,,,,,,,,,,,,,,,,,,,,,,,,,,,,,,,,,,,,,,,,,,,,,,,,,,,,,,,,,,,,,,,,
0,0,542849,0,43,0,0,4096,284,0,524288,0,0,0,0,0,0,0,0,0,0,0,0,0,0,0,0,0,0,0,0,0,0,0,0,0,0,0,0,0,0,0,0,0,0,0,0,0,0,0,0,0,0,0,0,0,0,0,0,0,0,0,0,0,0,0,0,0,0,0,0,0,0,0,0,0,0,0,0,0,0,0,0,7,0,524611,8,8,8,298.869,128,0.54782,0,0.03,50048,0,9421,43,0,0,0,0,0,0,0,0,0,0,524278,275,0,3904,8097,8097,0,0,327,0,284,43,0,0,0,1606,2134,2819,518052,0,0,0,0,0,0,0,0,0,0,0,0,0,0,0,0,0,0,0,345,344,520380,3904,0,43,0,0,0,0,0,0,1010,7070,1,/home/user/workspace/csg-htsim/.worktrees/four-scheme-parameter-coupling/sim/datacenter/htsim_roce -o /home/user/workspace/csg-htsim/.worktrees/four-scheme-parameter-coupling/experiments/n-mrc/output/four_scheme_parameter_matrix_20260726/raw/asymmetric_permutation_16mib/grade_equal/seed_13/logout.dat -tm /home/user/workspace/csg-htsim/.worktrees/four-scheme-parameter-coupling/experiments/n-mrc/output/four_scheme_parameter_matrix_20260726/traffic/n128_asymmetric_permutation_16mib_seed13.cm -nodes 128 -conns 128 -tiers 2 -lb grade -linkspeed 400000 -queue_type composite_ecn_lb -host_queue_type prio -mtu 4096 -end 10000 -paths 8 -seed 13 -cc dcqcn_variant -roce_rx_mode sp -roce_sack_bitmap_bits 64 -roce_transport_semantics mrc_exact_bounded -roce_trim_recovery exact -hop_latency 0.5 -switch_latency 0.5 -queue_cv_sample_us 100 -slow_tor_uplinks 4 -slow_tor_uplink_divisor 2 -slow_tor_uplink_select random-sparse -stor_level_weights 4 4 4 0,128,1,0,0.0,0.0,0.0,128,grade,128,516.725,388.9755859374999,514.02401,516.725,388.9755859374999,1,358.178,510.96095,516.383243,514.02401,p99_fct_us,514.02401,0,asymmetric_permutation_16mib,13,1d32164f81bc51706685126f9d1cc694093e1e6c821cd1d47385414384b288d6,128,grade_equal,,,,,,,,,,,,,,,,,,,,,,,,,,,,,,,,,,,,,,,,,,,,,,,,,,,,,,,,,,,,,,,,,,,,,,,,,,,
0,0,544415,0,70,0,0,4096,286,0,524288,0,0,0,0,0,0,0,0,0,0,0,0,0,0,0,0,0,0,0,0,0,0,0,0,0,0,0,0,0,0,0,0,0,0,0,0,0,0,0,0,0,0,0,0,0,0,0,0,0,0,0,0,0,0,0,0,0,0,0,0,0,0,0,0,0,0,0,0,0,0,0,3,2,0,524638,8,8,8,321.197,128,0.643458,0,0.03,49920,0,9327,70,0,0,0,0,0,0,0,0,0,0,524279,272,0,3817,7996,7996,0,0,356,0,286,70,0,0,0,1541,2185,2575,518337,0,0,0,0,0,0,0,0,0,0,0,0,0,0,0,0,0,0,0,329,329,520465,3817,0,70,0,0,0,0,0,0,1007,7049,1,/home/user/workspace/csg-htsim/.worktrees/four-scheme-parameter-coupling/sim/datacenter/htsim_roce -o /home/user/workspace/csg-htsim/.worktrees/four-scheme-parameter-coupling/experiments/n-mrc/output/four_scheme_parameter_matrix_20260726/raw/asymmetric_permutation_16mib/grade_equal/seed_29/logout.dat -tm /home/user/workspace/csg-htsim/.worktrees/four-scheme-parameter-coupling/experiments/n-mrc/output/four_scheme_parameter_matrix_20260726/traffic/n128_asymmetric_permutation_16mib_seed29.cm -nodes 128 -conns 128 -tiers 2 -lb grade -linkspeed 400000 -queue_type composite_ecn_lb -host_queue_type prio -mtu 4096 -end 10000 -paths 8 -seed 29 -cc dcqcn_variant -roce_rx_mode sp -roce_sack_bitmap_bits 64 -roce_transport_semantics mrc_exact_bounded -roce_trim_recovery exact -hop_latency 0.5 -switch_latency 0.5 -queue_cv_sample_us 100 -slow_tor_uplinks 4 -slow_tor_uplink_divisor 2 -slow_tor_uplink_select random-sparse -stor_level_weights 4 4 4 0,128,1,0,0.0,0.0,0.0,128,grade,128,544.406,390.52989843750015,535.96475,544.406,390.52989843750015,1,358.47900000000004,520.8568,543.442832,535.96475,p99_fct_us,535.96475,0,asymmetric_permutation_16mib,29,d045bcab79bb8c6b4a01ed294e66d4d10281e44d44aaeba1d186cea1e5caa21f,128,grade_equal,,,,,,,,,,,,,,,,,,,,,,,,,,,,,,,,,,,,,,,,,,,,,,,,,,,,,,,,,,,,,,,,,,,,,,,,,,,
0,0,547335,0,69,0,0,4096,337,0,524288,0,0,0,0,0,0,0,0,0,0,0,0,0,0,0,0,0,0,0,0,0,0,0,0,0,0,0,0,0,0,0,0,0,0,0,0,0,0,0,0,0,0,0,0,0,0,0,0,0,0,0,0,0,0,0,0,0,0,0,0,0,0,0,0,0,0,0,0,0,0,0,2,5,0,524688,8,8,8,370.707,128,0.612792,0,0.03,49984,0,10759,69,0,0,0,0,0,0,0,0,0,0,524279,328,0,4346,7993,7993,0,0,406,0,337,69,0,0,0,1756,2342,3117,517473,0,0,0,0,0,0,0,0,0,0,0,0,0,0,0,0,0,0,0,359,358,519936,4346,0,69,0,0,0,0,0,0,1101,7707,1,/home/user/workspace/csg-htsim/.worktrees/four-scheme-parameter-coupling/sim/datacenter/htsim_roce -o /home/user/workspace/csg-htsim/.worktrees/four-scheme-parameter-coupling/experiments/n-mrc/output/four_scheme_parameter_matrix_20260726/raw/asymmetric_permutation_16mib/grade_equal/seed_47/logout.dat -tm /home/user/workspace/csg-htsim/.worktrees/four-scheme-parameter-coupling/experiments/n-mrc/output/four_scheme_parameter_matrix_20260726/traffic/n128_asymmetric_permutation_16mib_seed47.cm -nodes 128 -conns 128 -tiers 2 -lb grade -linkspeed 400000 -queue_type composite_ecn_lb -host_queue_type prio -mtu 4096 -end 10000 -paths 8 -seed 47 -cc dcqcn_variant -roce_rx_mode sp -roce_sack_bitmap_bits 64 -roce_transport_semantics mrc_exact_bounded -roce_trim_recovery exact -hop_latency 0.5 -switch_latency 0.5 -queue_cv_sample_us 100 -slow_tor_uplinks 4 -slow_tor_uplink_divisor 2 -slow_tor_uplink_select random-sparse -stor_level_weights 4 4 4 0,128,1,0,0.0,0.0,0.0,128,grade,128,542.008,398.2503281249999,532.8474100000001,542.008,398.2503281249999,1,359.2635,526.01765,540.858904,532.8474100000001,p99_fct_us,532.8474100000001,0,asymmetric_permutation_16mib,47,8558dad7ebf29316f6b9bd0ca4559d451e7b7196ef51ac64bd013bc7fee7ce60,128,grade_equal,,,,,,,,,,,,,,,,,,,,,,,,,,,,,,,,,,,,,,,,,,,,,,,,,,,,,,,,,,,,,,,,,,,,,,,,,,,
0,0,545587,0,18,0,0,4096,354,0,524288,0,0,0,0,0,0,0,0,0,0,0,0,0,0,0,0,0,0,0,0,0,0,0,0,0,0,0,0,0,0,0,0,0,0,0,0,0,0,0,0,0,0,0,0,0,0,0,0,0,0,0,0,0,0,0,0,0,0,0,0,0,0,0,0,0,0,0,0,0,0,0,0,7,0,524658,8,8,8,321.237,128,0.581831,0,0.03,49920,0,8026,18,0,0,0,0,0,0,0,0,0,0,524281,347,0,3243,7955,7956,1,0,372,0,354,18,0,0,0,1370,922,2074,520292,0,0,0,0,0,0,0,0,0,0,0,0,0,0,0,0,0,0,0,278,278,521043,3243,0,18,0,0,0,0,0,0,889,6223,1,/home/user/workspace/csg-htsim/.worktrees/four-scheme-parameter-coupling/sim/datacenter/htsim_roce -o /home/user/workspace/csg-htsim/.worktrees/four-scheme-parameter-coupling/experiments/n-mrc/output/four_scheme_parameter_matrix_20260726/raw/asymmetric_permutation_16mib/grade_gentle/seed_13/logout.dat -tm /home/user/workspace/csg-htsim/.worktrees/four-scheme-parameter-coupling/experiments/n-mrc/output/four_scheme_parameter_matrix_20260726/traffic/n128_asymmetric_permutation_16mib_seed13.cm -nodes 128 -conns 128 -tiers 2 -lb grade -linkspeed 400000 -queue_type composite_ecn_lb -host_queue_type prio -mtu 4096 -end 10000 -paths 8 -seed 13 -cc dcqcn_variant -roce_rx_mode sp -roce_sack_bitmap_bits 64 -roce_transport_semantics mrc_exact_bounded -roce_trim_recovery exact -hop_latency 0.5 -switch_latency 0.5 -queue_cv_sample_us 100 -slow_tor_uplinks 4 -slow_tor_uplink_divisor 2 -slow_tor_uplink_select random-sparse -stor_level_weights 4 3 2 0,128,1,0,0.0,0.0,0.0,128,grade,128,485.394,381.96485156250003,483.74568000000005,485.394,381.96485156250003,1,358.2525,481.29425000000003,485.22636,483.74568000000005,p99_fct_us,483.74568000000005,0,asymmetric_permutation_16mib,13,1d32164f81bc51706685126f9d1cc694093e1e6c821cd1d47385414384b288d6,128,grade_gentle,,,,,,,,,,,,,,,,,,,,,,,,,,,,,,,,,,,,,,,,,,,,,,,,,,,,,,,,,,,,,,,,,,,,,,,,,,,
0,0,545495,0,28,0,0,4096,342,0,524288,0,0,0,0,0,0,0,0,0,0,0,0,0,0,0,0,0,0,0,0,0,0,0,0,0,0,0,0,0,0,0,0,0,0,0,0,0,0,0,0,0,0,0,0,0,0,0,0,0,0,0,0,0,0,0,0,0,0,0,0,0,0,0,0,0,0,0,0,0,0,0,2,2,0,524657,8,8,8,331.081,128,0.59773,0,0.03,45760,0,8346,28,0,0,0,0,0,0,0,0,0,0,524282,336,0,3321,7836,7836,0,0,370,0,342,28,0,0,0,1386,895,2136,520240,0,0,0,0,0,0,0,0,0,0,0,0,0,0,0,0,0,0,0,262,260,520966,3321,0,28,0,0,0,0,0,0,890,6230,1,/home/user/workspace/csg-htsim/.worktrees/four-scheme-parameter-coupling/sim/datacenter/htsim_roce -o /home/user/workspace/csg-htsim/.worktrees/four-scheme-parameter-coupling/experiments/n-mrc/output/four_scheme_parameter_matrix_20260726/raw/asymmetric_permutation_16mib/grade_gentle/seed_29/logout.dat -tm /home/user/workspace/csg-htsim/.worktrees/four-scheme-parameter-coupling/experiments/n-mrc/output/four_scheme_parameter_matrix_20260726/traffic/n128_asymmetric_permutation_16mib_seed29.cm -nodes 128 -conns 128 -tiers 2 -lb grade -linkspeed 400000 -queue_type composite_ecn_lb -host_queue_type prio -mtu 4096 -end 10000 -paths 8 -seed 29 -cc dcqcn_variant -roce_rx_mode sp -roce_sack_bitmap_bits 64 -roce_transport_semantics mrc_exact_bounded -roce_trim_recovery exact -hop_latency 0.5 -switch_latency 0.5 -queue_cv_sample_us 100 -slow_tor_uplinks 4 -slow_tor_uplink_divisor 2 -slow_tor_uplink_select random-sparse -stor_level_weights 4 3 2 0,128,1,0,0.0,0.0,0.0,128,grade,128,491.792,382.63950781249997,491.40135999999995,491.792,382.63950781249997,1,358.528,487.43875,491.77091799999994,491.40135999999995,p99_fct_us,491.40135999999995,0,asymmetric_permutation_16mib,29,d045bcab79bb8c6b4a01ed294e66d4d10281e44d44aaeba1d186cea1e5caa21f,128,grade_gentle,,,,,,,,,,,,,,,,,,,,,,,,,,,,,,,,,,,,,,,,,,,,,,,,,,,,,,,,,,,,,,,,,,,,,,,,,,,
0,0,550430,0,26,0,0,4096,429,0,524288,0,0,0,0,0,0,0,0,0,0,0,0,0,0,0,0,0,0,0,0,0,0,0,0,0,0,0,0,0,0,0,0,0,0,0,0,0,0,0,0,0,0,0,0,0,0,0,0,0,0,0,0,0,0,0,0,0,0,0,0,0,0,0,0,0,0,0,0,0,0,0,0,5,0,524742,8,8,8,385.51,128,0.550439,0,0.03,50048,0,9220,26,0,0,0,0,0,0,0,0,0,0,524285,417,0,3727,7804,7804,0,0,455,0,429,26,0,0,0,1551,1056,2209,519926,0,0,0,0,0,0,0,0,0,0,0,0,0,0,0,0,0,0,0,296,293,520560,3727,0,26,0,0,0,0,0,0,965,6755,1,/home/user/workspace/csg-htsim/.worktrees/four-scheme-parameter-coupling/sim/datacenter/htsim_roce -o /home/user/workspace/csg-htsim/.worktrees/four-scheme-parameter-coupling/experiments/n-mrc/output/four_scheme_parameter_matrix_20260726/raw/asymmetric_permutation_16mib/grade_gentle/seed_47/logout.dat -tm /home/user/workspace/csg-htsim/.worktrees/four-scheme-parameter-coupling/experiments/n-mrc/output/four_scheme_parameter_matrix_20260726/traffic/n128_asymmetric_permutation_16mib_seed47.cm -nodes 128 -conns 128 -tiers 2 -lb grade -linkspeed 400000 -queue_type composite_ecn_lb -host_queue_type prio -mtu 4096 -end 10000 -paths 8 -seed 47 -cc dcqcn_variant -roce_rx_mode sp -roce_sack_bitmap_bits 64 -roce_transport_semantics mrc_exact_bounded -roce_trim_recovery exact -hop_latency 0.5 -switch_latency 0.5 -queue_cv_sample_us 100 -slow_tor_uplinks 4 -slow_tor_uplink_divisor 2 -slow_tor_uplink_select random-sparse -stor_level_weights 4 3 2 0,128,1,0,0.0,0.0,0.0,128,grade,128,493.639,388.939,490.56002,493.639,388.939,1,359.40049999999997,486.32989999999995,493.27108100000004,490.56002,p99_fct_us,490.56002,0,asymmetric_permutation_16mib,47,8558dad7ebf29316f6b9bd0ca4559d451e7b7196ef51ac64bd013bc7fee7ce60,128,grade_gentle,,,,,,,,,,,,,,,,,,,,,,,,,,,,,,,,,,,,,,,,,,,,,,,,,,,,,,,,,,,,,,,,,,,,,,,,,,,
0,0,540745,0,66,0,0,4096,226,0,524288,0,0,0,0,0,0,0,0,0,0,0,0,0,0,0,0,0,0,0,0,0,0,0,0,0,0,0,0,0,0,0,0,0,0,0,0,0,0,0,0,0,0,0,0,0,0,0,0,0,0,0,0,0,0,0,0,0,0,0,0,0,0,0,0,0,0,0,0,0,0,0,1,7,0,524578,8,8,8,297.753,128,0.612081,0,0.03,49920,0,9561,66,0,0,0,0,0,0,0,0,0,0,524281,222,0,3947,8118,8118,0,0,292,0,226,66,0,0,0,1166,328,301,522783,0,0,0,0,0,0,0,0,0,0,0,0,0,0,0,0,0,0,0,916,916,520339,3947,0,66,0,0,0,0,0,0,746,5222,1,/home/user/workspace/csg-htsim/.worktrees/four-scheme-parameter-coupling/sim/datacenter/htsim_roce -o /home/user/workspace/csg-htsim/.worktrees/four-scheme-parameter-coupling/experiments/n-mrc/output/four_scheme_parameter_matrix_20260726/raw/asymmetric_permutation_16mib/grade_sensitive/seed_13/logout.dat -tm /home/user/workspace/csg-htsim/.worktrees/four-scheme-parameter-coupling/experiments/n-mrc/output/four_scheme_parameter_matrix_20260726/traffic/n128_asymmetric_permutation_16mib_seed13.cm -nodes 128 -conns 128 -tiers 2 -lb grade -linkspeed 400000 -queue_type composite_ecn_lb -host_queue_type prio -mtu 4096 -end 10000 -paths 8 -seed 13 -cc dcqcn_variant -roce_rx_mode sp -roce_sack_bitmap_bits 64 -roce_transport_semantics mrc_exact_bounded -roce_trim_recovery exact -hop_latency 0.5 -switch_latency 0.5 -queue_cv_sample_us 100 -slow_tor_uplinks 4 -slow_tor_uplink_divisor 2 -slow_tor_uplink_select random-sparse -stor_level_weights 4 2 1 0 -stor_level_thresholds 10 8 4,128,1,0,0.0,0.0,0.0,128,grade,128,530.04,389.94832031249996,526.1636900000001,530.04,389.94832031249996,1,358.2,514.7624999999999,529.8375619999999,526.1636900000001,p99_fct_us,526.1636900000001,0,asymmetric_permutation_16mib,13,1d32164f81bc51706685126f9d1cc694093e1e6c821cd1d47385414384b288d6,128,grade_sensitive,,,,,,,,,,,,,,,,,,,,,,,,,,,,,,,,,,,,,,,,,,,,,,,,,,,,,,,,,,,,,,,,,,,,,,,,,,,
0,0,544470,0,101,0,0,4096,258,0,524288,0,0,0,0,0,0,0,0,0,0,0,0,0,0,0,0,0,0,0,0,0,0,0,0,0,0,0,0,0,0,0,0,0,0,0,0,0,0,0,0,0,0,0,0,0,0,0,0,0,0,0,0,0,0,0,0,0,0,0,0,0,0,0,0,0,0,0,0,0,0,0,2,2,0,524644,8,8,8,310.753,128,0.634906,0,0.03,45760,0,9643,101,0,0,0,0,0,0,0,0,0,0,524280,252,0,3907,8031,8031,0,0,359,0,258,101,0,0,0,1090,283,358,522913,0,0,0,0,0,0,0,0,0,0,0,0,0,0,0,0,0,0,0,827,826,520378,3907,0,101,0,0,0,0,0,0,736,5152,1,/home/user/workspace/csg-htsim/.worktrees/four-scheme-parameter-coupling/sim/datacenter/htsim_roce -o /home/user/workspace/csg-htsim/.worktrees/four-scheme-parameter-coupling/experiments/n-mrc/output/four_scheme_parameter_matrix_20260726/raw/asymmetric_permutation_16mib/grade_sensitive/seed_29/logout.dat -tm /home/user/workspace/csg-htsim/.worktrees/four-scheme-parameter-coupling/experiments/n-mrc/output/four_scheme_parameter_matrix_20260726/traffic/n128_asymmetric_permutation_16mib_seed29.cm -nodes 128 -conns 128 -tiers 2 -lb grade -linkspeed 400000 -queue_type composite_ecn_lb -host_queue_type prio -mtu 4096 -end 10000 -paths 8 -seed 29 -cc dcqcn_variant -roce_rx_mode sp -roce_sack_bitmap_bits 64 -roce_transport_semantics mrc_exact_bounded -roce_trim_recovery exact -hop_latency 0.5 -switch_latency 0.5 -queue_cv_sample_us 100 -slow_tor_uplinks 4 -slow_tor_uplink_divisor 2 -slow_tor_uplink_select random-sparse -stor_level_weights 4 2 1 0 -stor_level_thresholds 10 8 4,128,1,0,0.0,0.0,0.0,128,grade,128,539.327,392.30586718749987,535.84071,539.327,392.30586718749987,1,358.4675,530.3011,539.001753,535.84071,p99_fct_us,535.84071,0,asymmetric_permutation_16mib,29,d045bcab79bb8c6b4a01ed294e66d4d10281e44d44aaeba1d186cea1e5caa21f,128,grade_sensitive,,,,,,,,,,,,,,,,,,,,,,,,,,,,,,,,,,,,,,,,,,,,,,,,,,,,,,,,,,,,,,,,,,,,,,,,,,,
1,0,548519,0,134,0,0,4096,294,0,524288,0,0,0,0,0,0,0,0,0,0,0,0,0,0,0,0,0,0,0,0,0,0,0,0,0,0,0,0,0,0,0,0,0,0,0,0,0,0,0,0,0,0,0,0,0,0,0,0,0,0,0,0,0,0,0,0,0,0,0,0,0,0,0,0,0,0,0,0,0,0,0,0,5,0,524707,8,8,8,357.237,128,0.557643,0,0.03,45824,0,10564,135,0,0,0,0,0,0,0,0,0,0,524274,279,0,4373,7999,7999,0,0,429,0,294,135,0,0,0,1308,369,297,522733,0,0,0,0,0,0,0,0,0,0,0,0,0,0,0,0,0,0,0,949,949,519905,4373,0,135,0,0,0,0,0,0,809,5663,1,/home/user/workspace/csg-htsim/.worktrees/four-scheme-parameter-coupling/sim/datacenter/htsim_roce -o /home/user/workspace/csg-htsim/.worktrees/four-scheme-parameter-coupling/experiments/n-mrc/output/four_scheme_parameter_matrix_20260726/raw/asymmetric_permutation_16mib/grade_sensitive/seed_47/logout.dat -tm /home/user/workspace/csg-htsim/.worktrees/four-scheme-parameter-coupling/experiments/n-mrc/output/four_scheme_parameter_matrix_20260726/traffic/n128_asymmetric_permutation_16mib_seed47.cm -nodes 128 -conns 128 -tiers 2 -lb grade -linkspeed 400000 -queue_type composite_ecn_lb -host_queue_type prio -mtu 4096 -end 10000 -paths 8 -seed 47 -cc dcqcn_variant -roce_rx_mode sp -roce_sack_bitmap_bits 64 -roce_transport_semantics mrc_exact_bounded -roce_trim_recovery exact -hop_latency 0.5 -switch_latency 0.5 -queue_cv_sample_us 100 -slow_tor_uplinks 4 -slow_tor_uplink_divisor 2 -slow_tor_uplink_select random-sparse -stor_level_weights 4 2 1 0 -stor_level_thresholds 10 8 4,128,1,0,0.0,0.0,0.0,128,grade,128,539.04,398.8008437499999,537.01144,539.04,398.8008437499999,1,359.1955,525.6191,538.807336,537.01144,p99_fct_us,537.01144,0,asymmetric_permutation_16mib,47,8558dad7ebf29316f6b9bd0ca4559d451e7b7196ef51ac64bd013bc7fee7ce60,128,grade_sensitive,,,,,,,,,,,,,,,,,,,,,,,,,,,,,,,,,,,,,,,,,,,,,,,,,,,,,,,,,,,,,,,,,,,,,,,,,,,
0,0,549365,0,1,0,0,4096,435,0,524288,0,0,0,0,0,0,0,0,0,0,0,0,0,0,0,0,0,0,0,0,0,0,0,0,0,0,0,0,0,0,0,0,0,0,0,0,0,0,0,0,0,0,0,0,0,0,0,0,0,0,0,0,0,0,0,0,0,0,0,0,0,0,0,0,0,0,0,0,0,0,0,1,7,0,524723,8,8,8,342.525,128,0.577846,0,0.03,54080,0,6953,1,0,0,0,0,0,0,0,0,0,0,524280,424,0,2785,7836,7836,0,0,436,0,435,1,0,0,0,1223,866,663,521971,0,0,0,0,0,0,0,0,0,0,0,0,0,0,0,0,0,0,0,271,270,521502,2785,0,1,0,0,0,0,0,0,799,5593,1,/home/user/workspace/csg-htsim/.worktrees/four-scheme-parameter-coupling/sim/datacenter/htsim_roce -o /home/user/workspace/csg-htsim/.worktrees/four-scheme-parameter-coupling/experiments/n-mrc/output/four_scheme_parameter_matrix_20260726/raw/asymmetric_permutation_16mib/grade_sharp/seed_13/logout.dat -tm /home/user/workspace/csg-htsim/.worktrees/four-scheme-parameter-coupling/experiments/n-mrc/output/four_scheme_parameter_matrix_20260726/traffic/n128_asymmetric_permutation_16mib_seed13.cm -nodes 128 -conns 128 -tiers 2 -lb grade -linkspeed 400000 -queue_type composite_ecn_lb -host_queue_type prio -mtu 4096 -end 10000 -paths 8 -seed 13 -cc dcqcn_variant -roce_rx_mode sp -roce_sack_bitmap_bits 64 -roce_transport_semantics mrc_exact_bounded -roce_trim_recovery exact -hop_latency 0.5 -switch_latency 0.5 -queue_cv_sample_us 100 -slow_tor_uplinks 4 -slow_tor_uplink_divisor 2 -slow_tor_uplink_select random-sparse -stor_level_weights 8 2 1 0,128,1,0,0.0,0.0,0.0,128,grade,128,464.045,376.0309921875,456.12201,464.045,376.0309921875,1,358.378,452.9907,463.04347800000005,456.12201,p99_fct_us,456.12201,0,asymmetric_permutation_16mib,13,1d32164f81bc51706685126f9d1cc694093e1e6c821cd1d47385414384b288d6,128,grade_sharp,,,,,,,,,,,,,,,,,,,,,,,,,,,,,,,,,,,,,,,,,,,,,,,,,,,,,,,,,,,,,,,,,,,,,,,,,,,
0,0,548535,0,3,0,0,4096,417,0,524288,0,0,0,0,0,0,0,0,0,0,0,0,0,0,0,0,0,0,0,0,0,0,0,0,0,0,0,0,0,0,0,0,0,0,0,0,0,0,0,0,0,0,0,0,0,0,0,0,0,0,0,0,0,0,0,0,0,0,0,0,0,0,0,0,0,0,0,0,0,0,0,2,2,0,524705,8,8,8,346.505,128,0.610705,0,0.03,45760,0,7245,3,0,0,0,0,0,0,0,0,0,0,524280,404,0,2767,7740,7740,0,0,420,0,417,3,0,0,0,1225,843,675,521962,0,0,0,0,0,0,0,0,0,0,0,0,0,0,0,0,0,0,0,251,250,521518,2767,0,3,0,0,0,0,0,0,813,5691,1,/home/user/workspace/csg-htsim/.worktrees/four-scheme-parameter-coupling/sim/datacenter/htsim_roce -o /home/user/workspace/csg-htsim/.worktrees/four-scheme-parameter-coupling/experiments/n-mrc/output/four_scheme_parameter_matrix_20260726/raw/asymmetric_permutation_16mib/grade_sharp/seed_29/logout.dat -tm /home/user/workspace/csg-htsim/.worktrees/four-scheme-parameter-coupling/experiments/n-mrc/output/four_scheme_parameter_matrix_20260726/traffic/n128_asymmetric_permutation_16mib_seed29.cm -nodes 128 -conns 128 -tiers 2 -lb grade -linkspeed 400000 -queue_type composite_ecn_lb -host_queue_type prio -mtu 4096 -end 10000 -paths 8 -seed 29 -cc dcqcn_variant -roce_rx_mode sp -roce_sack_bitmap_bits 64 -roce_transport_semantics mrc_exact_bounded -roce_trim_recovery exact -hop_latency 0.5 -switch_latency 0.5 -queue_cv_sample_us 100 -slow_tor_uplinks 4 -slow_tor_uplink_divisor 2 -slow_tor_uplink_select random-sparse -stor_level_weights 8 2 1 0,128,1,0,0.0,0.0,0.0,128,grade,128,471.639,377.9699843750002,465.85814000000005,471.639,377.9699843750002,1,358.514,461.43835,470.97402800000003,465.85814000000005,p99_fct_us,465.85814000000005,0,asymmetric_permutation_16mib,29,d045bcab79bb8c6b4a01ed294e66d4d10281e44d44aaeba1d186cea1e5caa21f,128,grade_sharp,,,,,,,,,,,,,,,,,,,,,,,,,,,,,,,,,,,,,,,,,,,,,,,,,,,,,,,,,,,,,,,,,,,,,,,,,,,
0,0,554131,0,3,0,0,4096,514,0,524288,0,0,0,0,0,0,0,0,0,0,0,0,0,0,0,0,0,0,0,0,0,0,0,0,0,0,0,0,0,0,0,0,0,0,0,0,0,0,0,0,0,0,0,0,0,0,0,0,0,0,0,0,0,0,0,0,0,0,0,0,0,0,0,0,0,0,0,0,0,0,0,0,5,0,524802,8,8,8,412.167,128,0.520073,0,0.04,49920,0,7832,3,0,0,0,0,0,0,0,0,0,0,524282,503,0,3110,7670,7670,0,0,517,0,514,3,0,0,0,1390,893,728,521791,0,0,0,0,0,0,0,0,0,0,0,0,0,0,0,0,0,0,0,259,259,521175,3110,0,3,0,0,0,0,0,0,858,6006,1,/home/user/workspace/csg-htsim/.worktrees/four-scheme-parameter-coupling/sim/datacenter/htsim_roce -o /home/user/workspace/csg-htsim/.worktrees/four-scheme-parameter-coupling/experiments/n-mrc/output/four_scheme_parameter_matrix_20260726/raw/asymmetric_permutation_16mib/grade_sharp/seed_47/logout.dat -tm /home/user/workspace/csg-htsim/.worktrees/four-scheme-parameter-coupling/experiments/n-mrc/output/four_scheme_parameter_matrix_20260726/traffic/n128_asymmetric_permutation_16mib_seed47.cm -nodes 128 -conns 128 -tiers 2 -lb grade -linkspeed 400000 -queue_type composite_ecn_lb -host_queue_type prio -mtu 4096 -end 10000 -paths 8 -seed 47 -cc dcqcn_variant -roce_rx_mode sp -roce_sack_bitmap_bits 64 -roce_transport_semantics mrc_exact_bounded -roce_trim_recovery exact -hop_latency 0.5 -switch_latency 0.5 -queue_cv_sample_us 100 -slow_tor_uplinks 4 -slow_tor_uplink_divisor 2 -slow_tor_uplink_select random-sparse -stor_level_weights 8 2 1 0,128,1,0,0.0,0.0,0.0,128,grade,128,466.589,381.92564062500014,462.83936000000006,466.589,381.92564062500014,1,359.584,456.6209,466.141325,462.83936000000006,p99_fct_us,462.83936000000006,0,asymmetric_permutation_16mib,47,8558dad7ebf29316f6b9bd0ca4559d451e7b7196ef51ac64bd013bc7fee7ce60,128,grade_sharp,,,,,,,,,,,,,,,,,,,,,,,,,,,,,,,,,,,,,,,,,,,,,,,,,,,,,,,,,,,,,,,,,,,,,,,,,,,
0,0,526906,0,0,0,0,4096,44,0,524288,0,0,0,0,0,0,0,0,0,0,0,0,0,0,0,0,0,0,0,0,0,0,0,0,0,0,0,0,0,0,0,0,0,0,0,0,0,0,0,0,0,0,0,0,0,0,0,0,0,0,0,0,0,0,0,0,0,0,0,0,0,0,0,6119,521285,362,7672,7672,24179,524287,0,0,6,0,524331,8,8,8,405.566,128,0.695763,0,0.04,108224,0,7179,0,0,0,0,0,0,0,0,0,0,0,524286,42,0,2972,7671,7671,0,362,44,0,44,0,0,0,0,0,675,5394,518262,0,0,0,0,0,0,0,0,0,0,0,0,0,0,0,0,0,0,0,0,0,0,0,255,0,0,0,1811,10237,0,0,0,0,1,/home/user/workspace/csg-htsim/.worktrees/four-scheme-parameter-coupling/sim/datacenter/htsim_roce -o /home/user/workspace/csg-htsim/.worktrees/four-scheme-parameter-coupling/experiments/n-mrc/output/four_scheme_parameter_matrix_20260726/raw/asymmetric_permutation_16mib/netaware_default_off/seed_13/logout.dat -tm /home/user/workspace/csg-htsim/.worktrees/four-scheme-parameter-coupling/experiments/n-mrc/output/four_scheme_parameter_matrix_20260726/traffic/n128_asymmetric_permutation_16mib_seed13.cm -nodes 128 -conns 128 -tiers 2 -lb netaware -linkspeed 400000 -queue_type composite_ecn_lb -host_queue_type prio -mtu 4096 -end 10000 -paths 8 -seed 13 -cc dcqcn_variant -roce_rx_mode sp -roce_sack_bitmap_bits 64 -roce_transport_semantics mrc_exact_bounded -roce_trim_recovery exact -hop_latency 0.5 -switch_latency 0.5 -queue_cv_sample_us 100 -slow_tor_uplinks 4 -slow_tor_uplink_divisor 2 -slow_tor_uplink_select random-sparse -netaware_level_weights 4 2 1 0 -netaware_weight_adaptation off,128,1,0,0.0,0.0,0.0,128,netaware,128,427.708,367.87127343749984,422.71989,427.708,367.87127343749984,1,358.71000000000004,416.07539999999995,427.22514600000005,422.71989,p99_fct_us,422.71989,0,asymmetric_permutation_16mib,13,1d32164f81bc51706685126f9d1cc694093e1e6c821cd1d47385414384b288d6,128,netaware_default_off,,,,,,,,,,,,,,,,,,,,,,,,,,,,,,,,,,,,,,,,,,,,,,,,,,,,,,,,,,,,,,,,,,,,,,,,,,,
0,0,527525,0,0,0,0,4096,54,0,524288,0,0,0,0,0,0,0,0,0,0,0,0,0,0,0,0,0,0,0,0,0,0,0,0,0,0,0,0,0,0,0,0,0,0,0,0,0,0,0,0,0,0,0,0,0,0,0,0,0,0,0,0,0,0,0,0,0,0,0,0,0,0,0,6171,521065,389,7568,7568,27485,524288,0,2,1,0,524342,8,8,8,393.763,128,0.647543,0,0.04,58240,0,6620,0,0,0,0,0,0,0,0,0,0,0,524283,51,0,2546,7567,7567,0,389,54,0,54,0,0,0,0,0,654,4340,519348,0,0,0,0,0,0,0,0,0,0,0,0,0,0,0,0,0,0,0,0,0,0,0,255,0,0,0,1632,9825,0,0,0,0,1,/home/user/workspace/csg-htsim/.worktrees/four-scheme-parameter-coupling/sim/datacenter/htsim_roce -o /home/user/workspace/csg-htsim/.worktrees/four-scheme-parameter-coupling/experiments/n-mrc/output/four_scheme_parameter_matrix_20260726/raw/asymmetric_permutation_16mib/netaware_default_off/seed_29/logout.dat -tm /home/user/workspace/csg-htsim/.worktrees/four-scheme-parameter-coupling/experiments/n-mrc/output/four_scheme_parameter_matrix_20260726/traffic/n128_asymmetric_permutation_16mib_seed29.cm -nodes 128 -conns 128 -tiers 2 -lb netaware -linkspeed 400000 -queue_type composite_ecn_lb -host_queue_type prio -mtu 4096 -end 10000 -paths 8 -seed 29 -cc dcqcn_variant -roce_rx_mode sp -roce_sack_bitmap_bits 64 -roce_transport_semantics mrc_exact_bounded -roce_trim_recovery exact -hop_latency 0.5 -switch_latency 0.5 -queue_cv_sample_us 100 -slow_tor_uplinks 4 -slow_tor_uplink_divisor 2 -slow_tor_uplink_select random-sparse -netaware_level_weights 4 2 1 0 -netaware_weight_adaptation off,128,1,0,0.0,0.0,0.0,128,netaware,128,426.247,369.3453359375001,422.61436000000003,426.247,369.3453359375001,1,358.5165,419.32745,425.81075500000003,422.61436000000003,p99_fct_us,422.61436000000003,0,asymmetric_permutation_16mib,29,d045bcab79bb8c6b4a01ed294e66d4d10281e44d44aaeba1d186cea1e5caa21f,128,netaware_default_off,,,,,,,,,,,,,,,,,,,,,,,,,,,,,,,,,,,,,,,,,,,,,,,,,,,,,,,,,,,,,,,,,,,,,,,,,,,
0,0,526519,0,0,0,0,4096,37,0,524288,0,0,0,0,0,0,0,0,0,0,0,0,0,0,0,0,0,0,0,0,0,0,0,0,0,0,0,0,0,0,0,0,0,0,0,0,0,0,0,0,0,0,0,0,0,0,0,0,0,0,0,0,0,0,0,0,0,0,0,0,0,0,0,5983,521235,455,7490,7490,29546,524286,0,0,4,0,524323,8,8,8,495.535,128,0.503768,0,0.05,62464,0,6995,0,0,0,0,0,0,0,0,0,0,0,524284,35,0,2755,7490,7490,0,455,37,0,37,0,0,0,0,0,801,4752,518770,0,0,0,0,0,0,0,0,0,0,0,0,0,0,0,0,0,0,0,0,0,0,0,255,0,0,0,1765,10255,0,0,0,0,1,/home/user/workspace/csg-htsim/.worktrees/four-scheme-parameter-coupling/sim/datacenter/htsim_roce -o /home/user/workspace/csg-htsim/.worktrees/four-scheme-parameter-coupling/experiments/n-mrc/output/four_scheme_parameter_matrix_20260726/raw/asymmetric_permutation_16mib/netaware_default_off/seed_47/logout.dat -tm /home/user/workspace/csg-htsim/.worktrees/four-scheme-parameter-coupling/experiments/n-mrc/output/four_scheme_parameter_matrix_20260726/traffic/n128_asymmetric_permutation_16mib_seed47.cm -nodes 128 -conns 128 -tiers 2 -lb netaware -linkspeed 400000 -queue_type composite_ecn_lb -host_queue_type prio -mtu 4096 -end 10000 -paths 8 -seed 47 -cc dcqcn_variant -roce_rx_mode sp -roce_sack_bitmap_bits 64 -roce_transport_semantics mrc_exact_bounded -roce_trim_recovery exact -hop_latency 0.5 -switch_latency 0.5 -queue_cv_sample_us 100 -slow_tor_uplinks 4 -slow_tor_uplink_divisor 2 -slow_tor_uplink_select random-sparse -netaware_level_weights 4 2 1 0 -netaware_weight_adaptation off,128,1,0,0.0,0.0,0.0,128,netaware,128,432.388,372.63017187499975,427.80728000000005,432.388,372.63017187499975,1,359.831,418.87335,432.09894799999995,427.80728000000005,p99_fct_us,427.80728000000005,0,asymmetric_permutation_16mib,47,8558dad7ebf29316f6b9bd0ca4559d451e7b7196ef51ac64bd013bc7fee7ce60,128,netaware_default_off,,,,,,,,,,,,,,,,,,,,,,,,,,,,,,,,,,,,,,,,,,,,,,,,,,,,,,,,,,,,,,,,,,,,,,,,,,,
0,0,534384,0,0,0,0,4096,170,0,524288,0,0,0,0,0,0,0,0,0,0,0,0,0,0,0,0,0,0,0,0,0,0,0,0,0,0,0,0,0,0,0,0,0,0,0,0,0,0,0,0,0,0,0,0,0,0,0,0,0,0,0,0,0,0,0,0,0,0,0,0,0,0,0,6088,521540,1217,8111,8111,62732,524288,0,1,6,0,524458,8,8,8,315.929,128,0.559226,0,0.03,45824,0,10818,0,0,0,0,0,0,0,0,0,0,0,524286,168,0,4548,8111,8111,0,1217,170,0,170,0,0,0,0,0,4117,5379,514962,0,0,0,0,0,0,0,0,0,0,0,0,0,0,0,0,0,0,0,0,0,0,0,255,0,0,0,1620,11340,0,0,0,0,1,/home/user/workspace/csg-htsim/.worktrees/four-scheme-parameter-coupling/sim/datacenter/htsim_roce -o /home/user/workspace/csg-htsim/.worktrees/four-scheme-parameter-coupling/experiments/n-mrc/output/four_scheme_parameter_matrix_20260726/raw/asymmetric_permutation_16mib/netaware_equal/seed_13/logout.dat -tm /home/user/workspace/csg-htsim/.worktrees/four-scheme-parameter-coupling/experiments/n-mrc/output/four_scheme_parameter_matrix_20260726/traffic/n128_asymmetric_permutation_16mib_seed13.cm -nodes 128 -conns 128 -tiers 2 -lb netaware -linkspeed 400000 -queue_type composite_ecn_lb -host_queue_type prio -mtu 4096 -end 10000 -paths 8 -seed 13 -cc dcqcn_variant -roce_rx_mode sp -roce_sack_bitmap_bits 64 -roce_transport_semantics mrc_exact_bounded -roce_trim_recovery exact -hop_latency 0.5 -switch_latency 0.5 -queue_cv_sample_us 100 -slow_tor_uplinks 4 -slow_tor_uplink_divisor 2 -slow_tor_uplink_select random-sparse -netaware_level_weights 4 4 4 0 -netaware_weight_adaptation off,128,1,0,0.0,0.0,0.0,128,netaware,128,519.355,389.63421874999995,518.29782,519.355,389.63421874999995,1,358.374,508.43769999999995,519.249336,518.29782,p99_fct_us,518.29782,0,asymmetric_permutation_16mib,13,1d32164f81bc51706685126f9d1cc694093e1e6c821cd1d47385414384b288d6,128,netaware_equal,,,,,,,,,,,,,,,,,,,,,,,,,,,,,,,,,,,,,,,,,,,,,,,,,,,,,,,,,,,,,,,,,,,,,,,,,,,
0,0,536949,0,0,0,0,4096,212,0,524288,0,0,0,0,0,0,0,0,0,0,0,0,0,0,0,0,0,0,0,0,0,0,0,0,0,0,0,0,0,0,0,0,0,0,0,0,0,0,0,0,0,0,0,0,0,0,0,0,0,0,0,0,0,0,0,0,0,0,0,0,0,0,0,6059,521227,1098,7961,7961,59241,524284,0,3,1,0,524496,8,8,8,333.672,128,0.572028,0,0.03,45824,0,10530,0,0,0,0,0,0,0,0,0,0,0,524282,208,0,4300,7961,7961,0,1098,212,0,212,0,0,0,0,0,3331,5362,515803,0,0,0,0,0,0,0,0,0,0,0,0,0,0,0,0,0,0,0,0,0,0,0,255,0,0,0,1500,10500,0,0,0,0,1,/home/user/workspace/csg-htsim/.worktrees/four-scheme-parameter-coupling/sim/datacenter/htsim_roce -o /home/user/workspace/csg-htsim/.worktrees/four-scheme-parameter-coupling/experiments/n-mrc/output/four_scheme_parameter_matrix_20260726/raw/asymmetric_permutation_16mib/netaware_equal/seed_29/logout.dat -tm /home/user/workspace/csg-htsim/.worktrees/four-scheme-parameter-coupling/experiments/n-mrc/output/four_scheme_parameter_matrix_20260726/traffic/n128_asymmetric_permutation_16mib_seed29.cm -nodes 128 -conns 128 -tiers 2 -lb netaware -linkspeed 400000 -queue_type composite_ecn_lb -host_queue_type prio -mtu 4096 -end 10000 -paths 8 -seed 29 -cc dcqcn_variant -roce_rx_mode sp -roce_sack_bitmap_bits 64 -roce_transport_semantics mrc_exact_bounded -roce_trim_recovery exact -hop_latency 0.5 -switch_latency 0.5 -queue_cv_sample_us 100 -slow_tor_uplinks 4 -slow_tor_uplink_divisor 2 -slow_tor_uplink_select random-sparse -netaware_level_weights 4 4 4 0 -netaware_weight_adaptation off,128,1,0,0.0,0.0,0.0,128,netaware,128,520.296,388.76115625,509.74737000000005,520.296,388.76115625,1,358.539,503.29904999999997,519.0341280000001,509.74737000000005,p99_fct_us,509.74737000000005,0,asymmetric_permutation_16mib,29,d045bcab79bb8c6b4a01ed294e66d4d10281e44d44aaeba1d186cea1e5caa21f,128,netaware_equal,,,,,,,,,,,,,,,,,,,,,,,,,,,,,,,,,,,,,,,,,,,,,,,,,,,,,,,,,,,,,,,,,,,,,,,,,,,
0,0,539804,0,0,0,0,4096,262,0,524288,0,0,0,0,0,0,0,0,0,0,0,0,0,0,0,0,0,0,0,0,0,0,0,0,0,0,0,0,0,0,0,0,0,0,0,0,0,0,0,0,0,0,0,0,0,0,0,0,0,0,0,0,0,0,0,0,0,0,0,0,0,0,0,5857,521190,1218,7885,7885,65277,524287,0,0,4,0,524549,8,8,8,396.46,128,0.555381,0,0.04,58304,0,11299,0,0,0,0,0,0,0,0,0,0,0,524285,260,0,4632,7885,7885,0,1218,262,0,262,0,0,0,0,0,3384,5435,515730,0,0,0,0,0,0,0,0,0,0,0,0,0,0,0,0,0,0,0,0,0,0,0,255,0,0,0,1805,12635,0,0,0,0,1,/home/user/workspace/csg-htsim/.worktrees/four-scheme-parameter-coupling/sim/datacenter/htsim_roce -o /home/user/workspace/csg-htsim/.worktrees/four-scheme-parameter-coupling/experiments/n-mrc/output/four_scheme_parameter_matrix_20260726/raw/asymmetric_permutation_16mib/netaware_equal/seed_47/logout.dat -tm /home/user/workspace/csg-htsim/.worktrees/four-scheme-parameter-coupling/experiments/n-mrc/output/four_scheme_parameter_matrix_20260726/traffic/n128_asymmetric_permutation_16mib_seed47.cm -nodes 128 -conns 128 -tiers 2 -lb netaware -linkspeed 400000 -queue_type composite_ecn_lb -host_queue_type prio -mtu 4096 -end 10000 -paths 8 -seed 47 -cc dcqcn_variant -roce_rx_mode sp -roce_sack_bitmap_bits 64 -roce_transport_semantics mrc_exact_bounded -roce_trim_recovery exact -hop_latency 0.5 -switch_latency 0.5 -queue_cv_sample_us 100 -slow_tor_uplinks 4 -slow_tor_uplink_divisor 2 -slow_tor_uplink_select random-sparse -netaware_level_weights 4 4 4 0 -netaware_weight_adaptation off,128,1,0,0.0,0.0,0.0,128,netaware,128,527.152,393.17136718750004,512.5714,527.152,393.17136718750004,1,359.5005,506.49879999999996,525.3201520000001,512.5714,p99_fct_us,512.5714,0,asymmetric_permutation_16mib,47,8558dad7ebf29316f6b9bd0ca4559d451e7b7196ef51ac64bd013bc7fee7ce60,128,netaware_equal,,,,,,,,,,,,,,,,,,,,,,,,,,,,,,,,,,,,,,,,,,,,,,,,,,,,,,,,,,,,,,,,,,,,,,,,,,,
0,0,525904,0,0,0,0,4096,27,0,524288,0,0,0,0,0,0,0,0,0,0,0,0,0,0,0,0,0,0,0,0,0,0,0,0,0,0,0,0,0,0,0,0,0,0,0,0,0,0,0,0,0,0,0,0,0,0,0,0,0,0,0,0,0,0,0,0,0,0,0,0,0,0,0,5884,521401,678,7840,7840,43269,524287,0,0,6,0,524314,8,8,8,335.561,128,0.598193,0,0.03,45824,0,9160,0,0,0,0,0,0,0,0,0,0,0,524285,26,0,3508,7840,7840,0,678,27,0,27,0,0,0,0,0,2416,7078,514820,0,0,0,0,0,0,0,0,0,0,0,0,0,0,0,0,0,0,0,0,0,0,0,255,0,0,0,947,6584,0,0,0,0,1,/home/user/workspace/csg-htsim/.worktrees/four-scheme-parameter-coupling/sim/datacenter/htsim_roce -o /home/user/workspace/csg-htsim/.worktrees/four-scheme-parameter-coupling/experiments/n-mrc/output/four_scheme_parameter_matrix_20260726/raw/asymmetric_permutation_16mib/netaware_gentle/seed_13/logout.dat -tm /home/user/workspace/csg-htsim/.worktrees/four-scheme-parameter-coupling/experiments/n-mrc/output/four_scheme_parameter_matrix_20260726/traffic/n128_asymmetric_permutation_16mib_seed13.cm -nodes 128 -conns 128 -tiers 2 -lb netaware -linkspeed 400000 -queue_type composite_ecn_lb -host_queue_type prio -mtu 4096 -end 10000 -paths 8 -seed 13 -cc dcqcn_variant -roce_rx_mode sp -roce_sack_bitmap_bits 64 -roce_transport_semantics mrc_exact_bounded -roce_trim_recovery exact -hop_latency 0.5 -switch_latency 0.5 -queue_cv_sample_us 100 -slow_tor_uplinks 4 -slow_tor_uplink_divisor 2 -slow_tor_uplink_select random-sparse -netaware_level_weights 4 3 2 0 -netaware_weight_adaptation off,128,1,0,0.0,0.0,0.0,128,netaware,128,464.063,376.0123437499999,458.98946,464.063,376.0123437499999,1,358.392,450.96165,463.71362300000004,458.98946,p99_fct_us,458.98946,0,asymmetric_permutation_16mib,13,1d32164f81bc51706685126f9d1cc694093e1e6c821cd1d47385414384b288d6,128,netaware_gentle,,,,,,,,,,,,,,,,,,,,,,,,,,,,,,,,,,,,,,,,,,,,,,,,,,,,,,,,,,,,,,,,,,,,,,,,,,,
0,0,524756,0,0,0,0,4096,8,0,524288,0,0,0,0,0,0,0,0,0,0,0,0,0,0,0,0,0,0,0,0,0,0,0,0,0,0,0,0,0,0,0,0,0,0,0,0,0,0,0,0,0,0,0,0,0,0,0,0,0,0,0,0,0,0,0,0,0,0,0,0,0,0,0,5737,521350,727,7714,7714,45109,524288,0,0,1,0,524296,8,8,8,359.96,128,0.60831,0,0.03,54080,0,9221,0,0,0,0,0,0,0,0,0,0,0,524287,8,0,3513,7714,7714,0,727,8,0,8,0,0,0,0,0,2554,7037,514705,0,0,0,0,0,0,0,0,0,0,0,0,0,0,0,0,0,0,0,0,0,0,0,255,0,0,0,898,6219,0,0,0,0,1,/home/user/workspace/csg-htsim/.worktrees/four-scheme-parameter-coupling/sim/datacenter/htsim_roce -o /home/user/workspace/csg-htsim/.worktrees/four-scheme-parameter-coupling/experiments/n-mrc/output/four_scheme_parameter_matrix_20260726/raw/asymmetric_permutation_16mib/netaware_gentle/seed_29/logout.dat -tm /home/user/workspace/csg-htsim/.worktrees/four-scheme-parameter-coupling/experiments/n-mrc/output/four_scheme_parameter_matrix_20260726/traffic/n128_asymmetric_permutation_16mib_seed29.cm -nodes 128 -conns 128 -tiers 2 -lb netaware -linkspeed 400000 -queue_type composite_ecn_lb -host_queue_type prio -mtu 4096 -end 10000 -paths 8 -seed 29 -cc dcqcn_variant -roce_rx_mode sp -roce_sack_bitmap_bits 64 -roce_transport_semantics mrc_exact_bounded -roce_trim_recovery exact -hop_latency 0.5 -switch_latency 0.5 -queue_cv_sample_us 100 -slow_tor_uplinks 4 -slow_tor_uplink_divisor 2 -slow_tor_uplink_select random-sparse -netaware_level_weights 4 3 2 0 -netaware_weight_adaptation off,128,1,0,0.0,0.0,0.0,128,netaware,128,467.696,376.6760546875001,458.64722,467.696,376.6760546875001,1,358.5315,453.2447,466.6878740000001,458.64722,p99_fct_us,458.64722,0,asymmetric_permutation_16mib,29,d045bcab79bb8c6b4a01ed294e66d4d10281e44d44aaeba1d186cea1e5caa21f,128,netaware_gentle,,,,,,,,,,,,,,,,,,,,,,,,,,,,,,,,,,,,,,,,,,,,,,,,,,,,,,,,,,,,,,,,,,,,,,,,,,,
0,0,525678,0,0,0,0,4096,23,0,524288,0,0,0,0,0,0,0,0,0,0,0,0,0,0,0,0,0,0,0,0,0,0,0,0,0,0,0,0,0,0,0,0,0,0,0,0,0,0,0,0,0,0,0,0,0,0,0,0,0,0,0,0,0,0,0,0,0,0,0,0,0,0,0,5592,521266,920,7634,7634,58853,524287,0,0,4,0,524310,8,8,8,441.49,128,0.506431,0,0.04,54144,0,10024,0,0,0,0,0,0,0,0,0,0,0,524283,22,0,3871,7634,7634,0,920,23,0,23,0,0,0,0,0,3139,6440,514731,0,0,0,0,0,0,0,0,0,0,0,0,0,0,0,0,0,0,0,0,0,0,0,255,0,0,0,1320,8761,0,0,0,0,1,/home/user/workspace/csg-htsim/.worktrees/four-scheme-parameter-coupling/sim/datacenter/htsim_roce -o /home/user/workspace/csg-htsim/.worktrees/four-scheme-parameter-coupling/experiments/n-mrc/output/four_scheme_parameter_matrix_20260726/raw/asymmetric_permutation_16mib/netaware_gentle/seed_47/logout.dat -tm /home/user/workspace/csg-htsim/.worktrees/four-scheme-parameter-coupling/experiments/n-mrc/output/four_scheme_parameter_matrix_20260726/traffic/n128_asymmetric_permutation_16mib_seed47.cm -nodes 128 -conns 128 -tiers 2 -lb netaware -linkspeed 400000 -queue_type composite_ecn_lb -host_queue_type prio -mtu 4096 -end 10000 -paths 8 -seed 47 -cc dcqcn_variant -roce_rx_mode sp -roce_sack_bitmap_bits 64 -roce_transport_semantics mrc_exact_bounded -roce_trim_recovery exact -hop_latency 0.5 -switch_latency 0.5 -queue_cv_sample_us 100 -slow_tor_uplinks 4 -slow_tor_uplink_divisor 2 -slow_tor_uplink_select random-sparse -netaware_level_weights 4 3 2 0 -netaware_weight_adaptation off,128,1,0,0.0,0.0,0.0,128,netaware,128,479.864,380.1324609375001,470.02502000000004,479.864,380.1324609375001,1,359.7105,453.53335000000004,478.833014,470.02502000000004,p99_fct_us,470.02502000000004,0,asymmetric_permutation_16mib,47,8558dad7ebf29316f6b9bd0ca4559d451e7b7196ef51ac64bd013bc7fee7ce60,128,netaware_gentle,,,,,,,,,,,,,,,,,,,,,,,,,,,,,,,,,,,,,,,,,,,,,,,,,,,,,,,,,,,,,,,,,,,,,,,,,,,
0,0,526906,0,0,0,0,4096,44,0,524288,0,0,0,0,0,0,0,0,0,0,0,0,0,0,0,0,0,0,0,0,0,0,0,0,0,0,0,0,0,0,0,0,0,0,0,0,0,0,0,0,0,0,0,0,0,0,0,0,0,0,0,0,0,0,0,0,0,0,0,0,0,0,0,6119,521285,362,7672,7672,24179,524287,0,0,6,0,524331,8,8,8,405.566,128,0.695763,0,0.04,108224,0,7179,0,0,0,0,0,0,0,0,0,0,0,524286,42,0,2972,7671,7671,0,362,44,0,44,0,0,0,0,0,675,5394,518262,0,0,0,0,0,0,0,0,0,0,0,0,0,0,0,0,0,0,0,0,0,0,0,255,0,0,0,1811,10237,0,0,0,0,1,/home/user/workspace/csg-htsim/.worktrees/four-scheme-parameter-coupling/sim/datacenter/htsim_roce -o /home/user/workspace/csg-htsim/.worktrees/four-scheme-parameter-coupling/experiments/n-mrc/output/four_scheme_parameter_matrix_20260726/raw/asymmetric_permutation_16mib/netaware_goodcap/seed_13/logout.dat -tm /home/user/workspace/csg-htsim/.worktrees/four-scheme-parameter-coupling/experiments/n-mrc/output/four_scheme_parameter_matrix_20260726/traffic/n128_asymmetric_permutation_16mib_seed13.cm -nodes 128 -conns 128 -tiers 2 -lb netaware -linkspeed 400000 -queue_type composite_ecn_lb -host_queue_type prio -mtu 4096 -end 10000 -paths 8 -seed 13 -cc dcqcn_variant -roce_rx_mode sp -roce_sack_bitmap_bits 64 -roce_transport_semantics mrc_exact_bounded -roce_trim_recovery exact -hop_latency 0.5 -switch_latency 0.5 -queue_cv_sample_us 100 -slow_tor_uplinks 4 -slow_tor_uplink_divisor 2 -slow_tor_uplink_select random-sparse -netaware_level_weights 4 2 1 0 -netaware_weight_adaptation good_share_cap,128,1,0,0.0,0.0,0.0,128,netaware,128,427.708,367.87127343749984,422.71989,427.708,367.87127343749984,1,358.71000000000004,416.07539999999995,427.22514600000005,422.71989,p99_fct_us,422.71989,0,asymmetric_permutation_16mib,13,1d32164f81bc51706685126f9d1cc694093e1e6c821cd1d47385414384b288d6,128,netaware_goodcap,,,,,,,,,,,,,,,,,,,,,,,,,,,,,,,,,,,,,,,,,,,,,,,,,,,,,,,,,,,,,,,,,,,,,,,,,,,
0,0,527525,0,0,0,0,4096,54,0,524288,0,0,0,0,0,0,0,0,0,0,0,0,0,0,0,0,0,0,0,0,0,0,0,0,0,0,0,0,0,0,0,0,0,0,0,0,0,0,0,0,0,0,0,0,0,0,0,0,0,0,0,0,0,0,0,0,0,0,0,0,0,0,0,6171,521065,389,7568,7568,27485,524288,0,2,1,0,524342,8,8,8,393.763,128,0.647543,0,0.04,58240,0,6620,0,0,0,0,0,0,0,0,0,0,0,524283,51,0,2546,7567,7567,0,389,54,0,54,0,0,0,0,0,654,4340,519348,0,0,0,0,0,0,0,0,0,0,0,0,0,0,0,0,0,0,0,0,0,0,0,255,0,0,0,1632,9825,0,0,0,0,1,/home/user/workspace/csg-htsim/.worktrees/four-scheme-parameter-coupling/sim/datacenter/htsim_roce -o /home/user/workspace/csg-htsim/.worktrees/four-scheme-parameter-coupling/experiments/n-mrc/output/four_scheme_parameter_matrix_20260726/raw/asymmetric_permutation_16mib/netaware_goodcap/seed_29/logout.dat -tm /home/user/workspace/csg-htsim/.worktrees/four-scheme-parameter-coupling/experiments/n-mrc/output/four_scheme_parameter_matrix_20260726/traffic/n128_asymmetric_permutation_16mib_seed29.cm -nodes 128 -conns 128 -tiers 2 -lb netaware -linkspeed 400000 -queue_type composite_ecn_lb -host_queue_type prio -mtu 4096 -end 10000 -paths 8 -seed 29 -cc dcqcn_variant -roce_rx_mode sp -roce_sack_bitmap_bits 64 -roce_transport_semantics mrc_exact_bounded -roce_trim_recovery exact -hop_latency 0.5 -switch_latency 0.5 -queue_cv_sample_us 100 -slow_tor_uplinks 4 -slow_tor_uplink_divisor 2 -slow_tor_uplink_select random-sparse -netaware_level_weights 4 2 1 0 -netaware_weight_adaptation good_share_cap,128,1,0,0.0,0.0,0.0,128,netaware,128,426.247,369.3453359375001,422.61436000000003,426.247,369.3453359375001,1,358.5165,419.32745,425.81075500000003,422.61436000000003,p99_fct_us,422.61436000000003,0,asymmetric_permutation_16mib,29,d045bcab79bb8c6b4a01ed294e66d4d10281e44d44aaeba1d186cea1e5caa21f,128,netaware_goodcap,,,,,,,,,,,,,,,,,,,,,,,,,,,,,,,,,,,,,,,,,,,,,,,,,,,,,,,,,,,,,,,,,,,,,,,,,,,
0,0,526519,0,0,0,0,4096,37,0,524288,0,0,0,0,0,0,0,0,0,0,0,0,0,0,0,0,0,0,0,0,0,0,0,0,0,0,0,0,0,0,0,0,0,0,0,0,0,0,0,0,0,0,0,0,0,0,0,0,0,0,0,0,0,0,0,0,0,0,0,0,0,0,0,5983,521235,455,7490,7490,29546,524286,0,0,4,0,524323,8,8,8,495.535,128,0.503768,0,0.05,62464,0,6995,0,0,0,0,0,0,0,0,0,0,0,524284,35,0,2755,7490,7490,0,455,37,0,37,0,0,0,0,0,801,4752,518770,0,0,0,0,0,0,0,0,0,0,0,0,0,0,0,0,0,0,0,0,0,0,0,255,0,0,0,1765,10255,0,0,0,0,1,/home/user/workspace/csg-htsim/.worktrees/four-scheme-parameter-coupling/sim/datacenter/htsim_roce -o /home/user/workspace/csg-htsim/.worktrees/four-scheme-parameter-coupling/experiments/n-mrc/output/four_scheme_parameter_matrix_20260726/raw/asymmetric_permutation_16mib/netaware_goodcap/seed_47/logout.dat -tm /home/user/workspace/csg-htsim/.worktrees/four-scheme-parameter-coupling/experiments/n-mrc/output/four_scheme_parameter_matrix_20260726/traffic/n128_asymmetric_permutation_16mib_seed47.cm -nodes 128 -conns 128 -tiers 2 -lb netaware -linkspeed 400000 -queue_type composite_ecn_lb -host_queue_type prio -mtu 4096 -end 10000 -paths 8 -seed 47 -cc dcqcn_variant -roce_rx_mode sp -roce_sack_bitmap_bits 64 -roce_transport_semantics mrc_exact_bounded -roce_trim_recovery exact -hop_latency 0.5 -switch_latency 0.5 -queue_cv_sample_us 100 -slow_tor_uplinks 4 -slow_tor_uplink_divisor 2 -slow_tor_uplink_select random-sparse -netaware_level_weights 4 2 1 0 -netaware_weight_adaptation good_share_cap,128,1,0,0.0,0.0,0.0,128,netaware,128,432.388,372.63017187499975,427.80728000000005,432.388,372.63017187499975,1,359.831,418.87335,432.09894799999995,427.80728000000005,p99_fct_us,427.80728000000005,0,asymmetric_permutation_16mib,47,8558dad7ebf29316f6b9bd0ca4559d451e7b7196ef51ac64bd013bc7fee7ce60,128,netaware_goodcap,,,,,,,,,,,,,,,,,,,,,,,,,,,,,,,,,,,,,,,,,,,,,,,,,,,,,,,,,,,,,,,,,,,,,,,,,,,
0,0,528434,0,0,0,0,4096,70,0,524288,0,0,0,0,0,0,0,0,0,0,0,0,0,0,0,0,0,0,0,0,0,0,0,0,0,0,0,0,0,0,0,0,0,0,0,0,0,0,0,0,0,0,0,0,0,0,0,0,0,0,0,0,0,0,0,0,0,0,0,0,0,0,0,6454,521088,385,7648,7648,27587,524287,0,1,6,0,524357,8,8,8,405.227,128,0.693512,0,0.04,91584,0,6571,0,0,0,0,0,0,0,0,0,0,0,524286,69,0,2616,7648,7648,0,385,70,0,70,0,0,0,0,0,1305,2032,521020,0,0,0,0,0,0,0,0,0,0,0,0,0,0,0,0,0,0,0,0,0,0,0,255,0,0,0,1472,8424,0,0,0,0,1,/home/user/workspace/csg-htsim/.worktrees/four-scheme-parameter-coupling/sim/datacenter/htsim_roce -o /home/user/workspace/csg-htsim/.worktrees/four-scheme-parameter-coupling/experiments/n-mrc/output/four_scheme_parameter_matrix_20260726/raw/asymmetric_permutation_16mib/netaware_sharp/seed_13/logout.dat -tm /home/user/workspace/csg-htsim/.worktrees/four-scheme-parameter-coupling/experiments/n-mrc/output/four_scheme_parameter_matrix_20260726/traffic/n128_asymmetric_permutation_16mib_seed13.cm -nodes 128 -conns 128 -tiers 2 -lb netaware -linkspeed 400000 -queue_type composite_ecn_lb -host_queue_type prio -mtu 4096 -end 10000 -paths 8 -seed 13 -cc dcqcn_variant -roce_rx_mode sp -roce_sack_bitmap_bits 64 -roce_transport_semantics mrc_exact_bounded -roce_trim_recovery exact -hop_latency 0.5 -switch_latency 0.5 -queue_cv_sample_us 100 -slow_tor_uplinks 4 -slow_tor_uplink_divisor 2 -slow_tor_uplink_select random-sparse -netaware_level_weights 8 2 1 0 -netaware_weight_adaptation off,128,1,0,0.0,0.0,0.0,128,netaware,128,426.505,366.7683046875,414.68426,426.505,366.7683046875,1,358.6325,408.74524999999994,425.10190400000005,414.68426,p99_fct_us,414.68426,0,asymmetric_permutation_16mib,13,1d32164f81bc51706685126f9d1cc694093e1e6c821cd1d47385414384b288d6,128,netaware_sharp,,,,,,,,,,,,,,,,,,,,,,,,,,,,,,,,,,,,,,,,,,,,,,,,,,,,,,,,,,,,,,,,,,,,,,,,,,,
0,0,531531,0,0,0,0,4096,122,0,524288,0,0,0,0,0,0,0,0,0,0,0,0,0,0,0,0,0,0,0,0,0,0,0,0,0,0,0,0,0,0,0,0,0,0,0,0,0,0,0,0,0,0,0,0,0,0,0,0,0,0,0,0,0,0,0,0,0,0,0,0,0,0,0,6193,521032,435,7574,7574,30602,524287,0,2,1,0,524409,8,8,8,408.268,128,0.641642,0,0.04,99904,0,7958,0,0,0,0,0,0,0,0,0,0,0,524278,117,0,3223,7573,7573,0,435,122,0,122,0,0,0,0,0,1262,2664,520483,0,0,0,0,0,0,0,0,0,0,0,0,0,0,0,0,0,0,0,0,0,0,0,255,0,0,0,2108,9974,0,0,0,0,1,/home/user/workspace/csg-htsim/.worktrees/four-scheme-parameter-coupling/sim/datacenter/htsim_roce -o /home/user/workspace/csg-htsim/.worktrees/four-scheme-parameter-coupling/experiments/n-mrc/output/four_scheme_parameter_matrix_20260726/raw/asymmetric_permutation_16mib/netaware_sharp/seed_29/logout.dat -tm /home/user/workspace/csg-htsim/.worktrees/four-scheme-parameter-coupling/experiments/n-mrc/output/four_scheme_parameter_matrix_20260726/traffic/n128_asymmetric_permutation_16mib_seed29.cm -nodes 128 -conns 128 -tiers 2 -lb netaware -linkspeed 400000 -queue_type composite_ecn_lb -host_queue_type prio -mtu 4096 -end 10000 -paths 8 -seed 29 -cc dcqcn_variant -roce_rx_mode sp -roce_sack_bitmap_bits 64 -roce_transport_semantics mrc_exact_bounded -roce_trim_recovery exact -hop_latency 0.5 -switch_latency 0.5 -queue_cv_sample_us 100 -slow_tor_uplinks 4 -slow_tor_uplink_divisor 2 -slow_tor_uplink_select random-sparse -netaware_level_weights 8 2 1 0 -netaware_weight_adaptation off,128,1,0,0.0,0.0,0.0,128,netaware,128,429.922,369.3910468749999,424.52704,429.922,369.3910468749999,1,359.2985,417.54819999999995,429.286492,424.52704,p99_fct_us,424.52704,0,asymmetric_permutation_16mib,29,d045bcab79bb8c6b4a01ed294e66d4d10281e44d44aaeba1d186cea1e5caa21f,128,netaware_sharp,,,,,,,,,,,,,,,,,,,,,,,,,,,,,,,,,,,,,,,,,,,,,,,,,,,,,,,,,,,,,,,,,,,,,,,,,,,
0,0,529221,0,0,0,0,4096,83,0,524288,0,0,0,0,0,0,0,0,0,0,0,0,0,0,0,0,0,0,0,0,0,0,0,0,0,0,0,0,0,0,0,0,0,0,0,0,0,0,0,0,0,0,0,0,0,0,0,0,0,0,0,0,0,0,0,0,0,0,0,0,0,0,0,6153,521128,508,7468,7468,34807,524288,0,0,4,0,524371,8,8,8,490.328,128,0.505391,0,0.05,58368,0,6812,0,0,0,0,0,0,0,0,0,0,0,524283,82,0,2612,7467,7467,0,508,83,0,83,0,0,0,0,0,1602,1739,521030,0,0,0,0,0,0,0,0,0,0,0,0,0,0,0,0,0,0,0,0,0,0,0,255,0,0,0,1573,9790,0,0,0,0,1,/home/user/workspace/csg-htsim/.worktrees/four-scheme-parameter-coupling/sim/datacenter/htsim_roce -o /home/user/workspace/csg-htsim/.worktrees/four-scheme-parameter-coupling/experiments/n-mrc/output/four_scheme_parameter_matrix_20260726/raw/asymmetric_permutation_16mib/netaware_sharp/seed_47/logout.dat -tm /home/user/workspace/csg-htsim/.worktrees/four-scheme-parameter-coupling/experiments/n-mrc/output/four_scheme_parameter_matrix_20260726/traffic/n128_asymmetric_permutation_16mib_seed47.cm -nodes 128 -conns 128 -tiers 2 -lb netaware -linkspeed 400000 -queue_type composite_ecn_lb -host_queue_type prio -mtu 4096 -end 10000 -paths 8 -seed 47 -cc dcqcn_variant -roce_rx_mode sp -roce_sack_bitmap_bits 64 -roce_transport_semantics mrc_exact_bounded -roce_trim_recovery exact -hop_latency 0.5 -switch_latency 0.5 -queue_cv_sample_us 100 -slow_tor_uplinks 4 -slow_tor_uplink_divisor 2 -slow_tor_uplink_select random-sparse -netaware_level_weights 8 2 1 0 -netaware_weight_adaptation off,128,1,0,0.0,0.0,0.0,128,netaware,128,427.418,371.50961718749994,421.03546,427.418,371.50961718749994,1,359.8895,414.46534999999994,426.772078,421.03546,p99_fct_us,421.03546,0,asymmetric_permutation_16mib,47,8558dad7ebf29316f6b9bd0ca4559d451e7b7196ef51ac64bd013bc7fee7ce60,128,netaware_sharp,,,,,,,,,,,,,,,,,,,,,,,,,,,,,,,,,,,,,,,,,,,,,,,,,,,,,,,,,,,,,,,,,,,,,,,,,,,
0,0,528913,0,184,0,0,4096,26,0,524288,0,0,0,0,0,0,0,0,0,0,0,0,0,0,0,0,0,0,0,0,0,0,0,0,0,0,0,0,0,0,0,0,0,0,0,0,0,0,0,0,0,0,0,0,0,0,0,0,0,0,0,0,0,0,0,0,0,0,0,0,0,0,0,0,0,0,0,0,0,0,0,5,0,0,524496,8,8,8,560.783,128,1.11607,0,0.03,208000,0,15808,184,0,0,0,0,0,0,0,0,0,0,524282,24,0,7962,0,0,0,0,210,0,26,184,0,0,0,0,0,0,0,0,0,0,0,0,0,0,0,0,0,0,3235,341317,0,0,0,0,0,0,0,0,0,0,255,0,0,0,0,0,0,0,0,0,1,/home/user/workspace/csg-htsim/.worktrees/four-scheme-parameter-coupling/sim/datacenter/htsim_roce -o /home/user/workspace/csg-htsim/.worktrees/four-scheme-parameter-coupling/experiments/n-mrc/output/four_scheme_parameter_matrix_20260726/raw/asymmetric_permutation_16mib/nmrc_any_better/seed_13/logout.dat -tm /home/user/workspace/csg-htsim/.worktrees/four-scheme-parameter-coupling/experiments/n-mrc/output/four_scheme_parameter_matrix_20260726/traffic/n128_asymmetric_permutation_16mib_seed13.cm -nodes 128 -conns 128 -tiers 2 -lb n-mrc -linkspeed 400000 -queue_type composite_ecn_lb -host_queue_type prio -mtu 4096 -end 10000 -paths 8 -seed 13 -cc dcqcn_variant -roce_rx_mode sp -roce_sack_bitmap_bits 64 -roce_transport_semantics mrc_exact_bounded -roce_trim_recovery exact -hop_latency 0.5 -switch_latency 0.5 -queue_cv_sample_us 100 -slow_tor_uplinks 4 -slow_tor_uplink_divisor 2 -slow_tor_uplink_select random-sparse -nmrc_ev_mode encoded -nmrc_reroute_policy any_better -nmrc_fastcnp on,128,1,0,0.0,0.0,0.0,128,n-mrc,128,461.04,380.62884375,453.57871,461.04,380.62884375,1,361.5385,440.22704999999996,460.1104870000001,453.57871,p99_fct_us,453.57871,0,asymmetric_permutation_16mib,13,1d32164f81bc51706685126f9d1cc694093e1e6c821cd1d47385414384b288d6,128,nmrc_any_better,0,0,0,0,0,0,0,0,0,0,0,0,0,0,0,0,8065,8030,11204,3540,3792,4173,0,29311,1875904,1875904,0,29311,1.02683,0,0,0,0,11421,17890,0,944,0,944,0,0,0,0,0,0,0,0,0,0,0,0,0,0,0,0,0,0,0,0,0,0,0,0,29311,483536,0,28,0,117,0,23,67,0,0,0
0,0,525145,0,27,0,0,4096,6,0,524288,0,0,0,0,0,0,0,0,0,0,0,0,0,0,0,0,0,0,0,0,0,0,0,0,0,0,0,0,0,0,0,0,0,0,0,0,0,0,0,0,0,0,0,0,0,0,0,0,0,0,0,0,0,0,0,0,0,0,0,0,0,0,0,0,0,0,0,0,0,0,0,4,4,0,524321,8,8,8,403.328,128,0.846106,0,0.03,95680,0,4731,27,0,0,0,0,0,0,0,0,0,0,524288,6,0,2112,0,0,0,0,33,0,6,27,0,0,0,0,0,0,0,0,0,0,0,0,0,0,0,0,0,0,1988,329052,0,0,0,0,0,0,0,0,0,0,255,0,0,0,0,0,0,0,0,0,1,/home/user/workspace/csg-htsim/.worktrees/four-scheme-parameter-coupling/sim/datacenter/htsim_roce -o /home/user/workspace/csg-htsim/.worktrees/four-scheme-parameter-coupling/experiments/n-mrc/output/four_scheme_parameter_matrix_20260726/raw/asymmetric_permutation_16mib/nmrc_any_better/seed_29/logout.dat -tm /home/user/workspace/csg-htsim/.worktrees/four-scheme-parameter-coupling/experiments/n-mrc/output/four_scheme_parameter_matrix_20260726/traffic/n128_asymmetric_permutation_16mib_seed29.cm -nodes 128 -conns 128 -tiers 2 -lb n-mrc -linkspeed 400000 -queue_type composite_ecn_lb -host_queue_type prio -mtu 4096 -end 10000 -paths 8 -seed 29 -cc dcqcn_variant -roce_rx_mode sp -roce_sack_bitmap_bits 64 -roce_transport_semantics mrc_exact_bounded -roce_trim_recovery exact -hop_latency 0.5 -switch_latency 0.5 -queue_cv_sample_us 100 -slow_tor_uplinks 4 -slow_tor_uplink_divisor 2 -slow_tor_uplink_select random-sparse -nmrc_ev_mode encoded -nmrc_reroute_policy any_better -nmrc_fastcnp on,128,1,0,0.0,0.0,0.0,128,n-mrc,128,411.734,361.68017187500004,406.35800000000006,411.734,361.68017187500004,1,356.701,383.25289999999995,411.31870999999995,406.35800000000006,p99_fct_us,406.35800000000006,0,asymmetric_permutation_16mib,29,d045bcab79bb8c6b4a01ed294e66d4d10281e44d44aaeba1d186cea1e5caa21f,128,nmrc_any_better,0,0,0,0,0,0,0,0,0,0,0,0,0,0,0,0,864,839,1232,405,541,1572,0,9722,622208,622208,0,9722,1.02983,0,0,0,0,1242,8480,0,952,0,952,0,0,0,0,0,0,0,0,0,0,0,0,0,0,0,0,0,0,0,0,0,0,0,0,9722,487457,0,5,0,18,0,4,9,0,0,0
0,0,524287,0,0,0,0,0,0,0,524288,0,0,0,0,0,0,0,0,0,0,0,0,0,0,0,0,0,0,0,0,0,0,0,0,0,0,0,0,0,0,0,0,0,0,0,0,0,0,0,0,0,0,0,0,0,0,0,0,0,0,0,0,0,0,0,0,0,0,0,0,0,0,0,0,0,0,0,0,0,0,0,4,7,0,524288,8,8,8,433.197,128,0.627225,0,0.04,62400,0,3655,0,0,0,0,0,0,0,0,0,0,0,524287,0,0,1524,0,0,0,0,0,0,0,0,0,0,0,0,0,0,0,0,0,0,0,0,0,0,0,0,0,0,1994,342742,0,0,0,0,0,0,0,0,0,0,255,0,0,0,0,0,0,0,0,0,1,/home/user/workspace/csg-htsim/.worktrees/four-scheme-parameter-coupling/sim/datacenter/htsim_roce -o /home/user/workspace/csg-htsim/.worktrees/four-scheme-parameter-coupling/experiments/n-mrc/output/four_scheme_parameter_matrix_20260726/raw/asymmetric_permutation_16mib/nmrc_any_better/seed_47/logout.dat -tm /home/user/workspace/csg-htsim/.worktrees/four-scheme-parameter-coupling/experiments/n-mrc/output/four_scheme_parameter_matrix_20260726/traffic/n128_asymmetric_permutation_16mib_seed47.cm -nodes 128 -conns 128 -tiers 2 -lb n-mrc -linkspeed 400000 -queue_type composite_ecn_lb -host_queue_type prio -mtu 4096 -end 10000 -paths 8 -seed 47 -cc dcqcn_variant -roce_rx_mode sp -roce_sack_bitmap_bits 64 -roce_transport_semantics mrc_exact_bounded -roce_trim_recovery exact -hop_latency 0.5 -switch_latency 0.5 -queue_cv_sample_us 100 -slow_tor_uplinks 4 -slow_tor_uplink_divisor 2 -slow_tor_uplink_select random-sparse -nmrc_ev_mode encoded -nmrc_reroute_policy any_better -nmrc_fastcnp on,128,1,0,0.0,0.0,0.0,128,n-mrc,128,384.546,361.8044453125001,383.65718000000004,384.546,361.8044453125001,1,356.43050000000005,381.574,384.452528,383.65718000000004,p99_fct_us,383.65718000000004,0,asymmetric_permutation_16mib,47,8558dad7ebf29316f6b9bd0ca4559d451e7b7196ef51ac64bd013bc7fee7ce60,128,nmrc_any_better,0,0,0,0,0,0,0,0,0,0,0,0,0,0,0,0,15,14,16,4,64,1460,0,8333,533312,533312,0,8333,1.0276,0,0,0,0,19,8314,0,992,0,992,0,0,0,0,0,0,0,0,0,0,0,0,0,0,0,0,0,0,0,0,0,0,0,0,8333,507904,0,0,0,0,0,0,0,0,0,0
0,0,524717,0,18,0,0,4096,4,0,524288,0,0,0,0,0,0,0,0,0,0,0,0,0,0,0,0,0,0,0,0,0,0,0,0,0,0,0,0,0,0,0,0,0,0,0,0,0,0,0,0,0,0,0,0,0,0,0,0,0,0,0,0,0,0,0,0,0,0,0,0,0,0,0,0,0,0,0,0,0,0,0,3,0,0,524310,8,8,8,515.157,128,1.09852,0,0.03,220480,0,14411,18,0,0,0,0,0,0,0,0,0,0,524283,4,0,7204,0,0,0,0,22,0,4,18,0,0,0,0,0,0,0,0,0,0,0,0,0,0,0,0,0,0,2673,335479,0,0,0,0,0,0,0,0,0,0,255,0,0,0,0,0,0,0,0,0,1,/home/user/workspace/csg-htsim/.worktrees/four-scheme-parameter-coupling/sim/datacenter/htsim_roce -o /home/user/workspace/csg-htsim/.worktrees/four-scheme-parameter-coupling/experiments/n-mrc/output/four_scheme_parameter_matrix_20260726/raw/asymmetric_permutation_16mib/nmrc_better_ge3/seed_13/logout.dat -tm /home/user/workspace/csg-htsim/.worktrees/four-scheme-parameter-coupling/experiments/n-mrc/output/four_scheme_parameter_matrix_20260726/traffic/n128_asymmetric_permutation_16mib_seed13.cm -nodes 128 -conns 128 -tiers 2 -lb n-mrc -linkspeed 400000 -queue_type composite_ecn_lb -host_queue_type prio -mtu 4096 -end 10000 -paths 8 -seed 13 -cc dcqcn_variant -roce_rx_mode sp -roce_sack_bitmap_bits 64 -roce_transport_semantics mrc_exact_bounded -roce_trim_recovery exact -hop_latency 0.5 -switch_latency 0.5 -queue_cv_sample_us 100 -slow_tor_uplinks 4 -slow_tor_uplink_divisor 2 -slow_tor_uplink_select random-sparse -nmrc_ev_mode encoded -nmrc_reroute_policy better_ge3 -nmrc_fastcnp on,128,1,0,0.0,0.0,0.0,128,n-mrc,128,438.239,373.07546874999997,434.77701,438.239,373.07546874999997,1,361.5385,410.601,437.92404,434.77701,p99_fct_us,434.77701,0,asymmetric_permutation_16mib,13,1d32164f81bc51706685126f9d1cc694093e1e6c821cd1d47385414384b288d6,128,nmrc_better_ge3,0,0,0,0,0,0,0,0,0,0,0,0,0,0,0,0,7057,6989,9489,2599,2585,4619,0,22484,1438976,1438976,0,22484,1.02798,0,0,0,0,9638,12846,0,944,0,944,0,0,0,0,0,0,0,0,0,0,0,0,0,0,0,0,0,0,0,0,0,0,0,0,22484,483350,3335,2,0,9,0,4,9,0,0,0
0,0,524334,0,0,0,0,4096,1,0,524288,0,0,0,0,0,0,0,0,0,0,0,0,0,0,0,0,0,0,0,0,0,0,0,0,0,0,0,0,0,0,0,0,0,0,0,0,0,0,0,0,0,0,0,0,0,0,0,0,0,0,0,0,0,0,0,0,0,0,0,0,0,0,0,0,0,0,0,0,0,0,0,7,4,0,524289,8,8,8,403,128,0.845393,0,0.03,95680,0,4501,0,0,0,0,0,0,0,0,0,0,0,524285,1,0,2022,0,0,0,0,1,0,1,0,0,0,0,0,0,0,0,0,0,0,0,0,0,0,0,0,0,0,1944,328672,0,0,0,0,0,0,0,0,0,0,255,0,0,0,0,0,0,0,0,0,1,/home/user/workspace/csg-htsim/.worktrees/four-scheme-parameter-coupling/sim/datacenter/htsim_roce -o /home/user/workspace/csg-htsim/.worktrees/four-scheme-parameter-coupling/experiments/n-mrc/output/four_scheme_parameter_matrix_20260726/raw/asymmetric_permutation_16mib/nmrc_better_ge3/seed_29/logout.dat -tm /home/user/workspace/csg-htsim/.worktrees/four-scheme-parameter-coupling/experiments/n-mrc/output/four_scheme_parameter_matrix_20260726/traffic/n128_asymmetric_permutation_16mib_seed29.cm -nodes 128 -conns 128 -tiers 2 -lb n-mrc -linkspeed 400000 -queue_type composite_ecn_lb -host_queue_type prio -mtu 4096 -end 10000 -paths 8 -seed 29 -cc dcqcn_variant -roce_rx_mode sp -roce_sack_bitmap_bits 64 -roce_transport_semantics mrc_exact_bounded -roce_trim_recovery exact -hop_latency 0.5 -switch_latency 0.5 -queue_cv_sample_us 100 -slow_tor_uplinks 4 -slow_tor_uplink_divisor 2 -slow_tor_uplink_select random-sparse -nmrc_ev_mode encoded -nmrc_reroute_policy better_ge3 -nmrc_fastcnp on,128,1,0,0.0,0.0,0.0,128,n-mrc,128,404.747,361.1016328125002,395.0974800000001,404.747,361.1016328125002,1,356.648,383.14300000000003,403.963029,395.0974800000001,p99_fct_us,395.0974800000001,0,asymmetric_permutation_16mib,29,d045bcab79bb8c6b4a01ed294e66d4d10281e44d44aaeba1d186cea1e5caa21f,128,nmrc_better_ge3,0,0,0,0,0,0,0,0,0,0,0,0,0,0,0,0,710,690,921,258,367,1655,0,8847,566208,566208,0,8847,1.02973,0,0,0,0,968,7879,0,952,0,952,0,0,0,0,0,0,0,0,0,0,0,0,0,0,0,0,0,0,0,0,0,0,0,0,8847,487425,456,0,0,0,0,0,0,0,0,0
0,0,524287,0,0,0,0,0,0,0,524288,0,0,0,0,0,0,0,0,0,0,0,0,0,0,0,0,0,0,0,0,0,0,0,0,0,0,0,0,0,0,0,0,0,0,0,0,0,0,0,0,0,0,0,0,0,0,0,0,0,0,0,0,0,0,0,0,0,0,0,0,0,0,0,0,0,0,0,0,0,0,0,4,7,0,524288,8,8,8,433.197,128,0.627225,0,0.04,62400,0,3655,0,0,0,0,0,0,0,0,0,0,0,524287,0,0,1524,0,0,0,0,0,0,0,0,0,0,0,0,0,0,0,0,0,0,0,0,0,0,0,0,0,0,1994,342742,0,0,0,0,0,0,0,0,0,0,255,0,0,0,0,0,0,0,0,0,1,/home/user/workspace/csg-htsim/.worktrees/four-scheme-parameter-coupling/sim/datacenter/htsim_roce -o /home/user/workspace/csg-htsim/.worktrees/four-scheme-parameter-coupling/experiments/n-mrc/output/four_scheme_parameter_matrix_20260726/raw/asymmetric_permutation_16mib/nmrc_better_ge3/seed_47/logout.dat -tm /home/user/workspace/csg-htsim/.worktrees/four-scheme-parameter-coupling/experiments/n-mrc/output/four_scheme_parameter_matrix_20260726/traffic/n128_asymmetric_permutation_16mib_seed47.cm -nodes 128 -conns 128 -tiers 2 -lb n-mrc -linkspeed 400000 -queue_type composite_ecn_lb -host_queue_type prio -mtu 4096 -end 10000 -paths 8 -seed 47 -cc dcqcn_variant -roce_rx_mode sp -roce_sack_bitmap_bits 64 -roce_transport_semantics mrc_exact_bounded -roce_trim_recovery exact -hop_latency 0.5 -switch_latency 0.5 -queue_cv_sample_us 100 -slow_tor_uplinks 4 -slow_tor_uplink_divisor 2 -slow_tor_uplink_select random-sparse -nmrc_ev_mode encoded -nmrc_reroute_policy better_ge3 -nmrc_fastcnp on,128,1,0,0.0,0.0,0.0,128,n-mrc,128,384.546,361.8044453125001,383.65718000000004,384.546,361.8044453125001,1,356.43050000000005,381.574,384.452528,383.65718000000004,p99_fct_us,383.65718000000004,0,asymmetric_permutation_16mib,47,8558dad7ebf29316f6b9bd0ca4559d451e7b7196ef51ac64bd013bc7fee7ce60,128,nmrc_better_ge3,0,0,0,0,0,0,0,0,0,0,0,0,0,0,0,0,15,14,16,4,64,1460,0,8333,533312,533312,0,8333,1.0276,0,0,0,0,19,8314,0,992,0,992,0,0,0,0,0,0,0,0,0,0,0,0,0,0,0,0,0,0,0,0,0,0,0,0,8333,507904,0,0,0,0,0,0,0,0,0,0
16729,0,19299424,16520,411506,0,0,4096,139406,4830,8323072,0,0,0,0,0,0,0,0,0,0,0,0,0,0,0,0,0,0,0,0,0,0,0,0,0,0,0,0,0,0,0,0,0,0,0,0,0,0,0,0,0,0,0,0,0,0,0,0,0,0,0,0,0,0,0,0,0,0,0,0,0,0,0,0,0,0,0,0,0,0,0,7,7,0,8868974,8,8,8,1597,128,0.233286,0.01,0.11,345344,0,3965795,433516,0,0,0,0,0,0,0,0,0,0,8431113,110237,0,1896104,304230,317170,12940,0,588991,0,155631,433360,0,0,42,17926,0,0,8851048,0,0,0,0,0,0,0,0,0,0,0,0,0,0,0,0,0,0,0,625848,0,6536342,1896796,0,433516,0,0,0,0,91,3135,378508,771724,1,/home/user/workspace/csg-htsim/.worktrees/four-scheme-parameter-coupling/sim/datacenter/htsim_roce -o /home/user/workspace/csg-htsim/.worktrees/four-scheme-parameter-coupling/experiments/n-mrc/output/four_scheme_parameter_matrix_20260726/raw/full_global_p16_256mib_background_off/avail_ecn_only/seed_13/logout.dat -tm /home/user/workspace/csg-htsim/.worktrees/four-scheme-parameter-coupling/experiments/n-mrc/output/four_scheme_parameter_matrix_20260726/traffic/n128_full_global_p16_256mib_background_off_seed13.cm -nodes 128 -conns 16256 -tiers 2 -lb avail -linkspeed 400000 -queue_type composite_ecn_lb -host_queue_type prio -mtu 4096 -end 100000 -paths 8 -seed 13 -cc dcqcn_variant -roce_rx_mode sp -roce_sack_bitmap_bits 64 -roce_transport_semantics mrc_exact_bounded -roce_trim_recovery exact -hop_latency 0.5 -switch_latency 0.5 -queue_cv_sample_us 100 -avail_ecn_only,16256,1,0,0.0,0.0,0.0,16256,avail,16256,7106.45,3739.4712159202745,6739.9875,7106.45,3739.4712159202745,1,3842.215,6514.380000000001,6914.768500000014,6739.9875,all_to_all_cct_us,7106.45,0,full_global_p16_256mib_background_off,13,20427d53cb40a34632ad4b93722726c89b4713dc6c0bc86529e0861b6a0da1ed,16256,avail_ecn_only,,,,,,,,,,,,,,,,,,,,,,,,,,,,,,,,,,,,,,,,,,,,,,,,,,,,,,,,,,,,,,,,,,,,,,,,,,,
18379,0,19610501,20099,384175,0,0,4096,146143,5043,8323072,0,0,0,0,0,0,0,0,0,0,0,0,0,0,0,0,0,0,0,0,0,0,0,0,0,0,0,0,0,0,0,0,0,0,0,0,0,0,0,0,0,0,0,0,0,0,0,0,0,0,0,0,0,0,0,0,0,0,0,0,0,0,0,0,0,0,0,0,0,0,0,1,5,0,8848301,8,8,8,1498.97,128,0.25192,0.01,0.1,349504,0,3926603,408124,0,0,0,0,0,0,0,0,0,0,8434408,113422,0,1886527,303588,315708,12120,0,573839,0,165940,407899,0,0,60,16086,0,0,8832215,0,0,0,0,0,0,0,0,0,0,0,0,0,0,0,0,0,0,0,623793,0,6550353,1887571,0,408124,0,0,0,0,101,3385,376012,760876,1,/home/user/workspace/csg-htsim/.worktrees/four-scheme-parameter-coupling/sim/datacenter/htsim_roce -o /home/user/workspace/csg-htsim/.worktrees/four-scheme-parameter-coupling/experiments/n-mrc/output/four_scheme_parameter_matrix_20260726/raw/full_global_p16_256mib_background_off/avail_ecn_only/seed_29/logout.dat -tm /home/user/workspace/csg-htsim/.worktrees/four-scheme-parameter-coupling/experiments/n-mrc/output/four_scheme_parameter_matrix_20260726/traffic/n128_full_global_p16_256mib_background_off_seed29.cm -nodes 128 -conns 16256 -tiers 2 -lb avail -linkspeed 400000 -queue_type composite_ecn_lb -host_queue_type prio -mtu 4096 -end 100000 -paths 8 -seed 29 -cc dcqcn_variant -roce_rx_mode sp -roce_sack_bitmap_bits 64 -roce_transport_semantics mrc_exact_bounded -roce_trim_recovery exact -hop_latency 0.5 -switch_latency 0.5 -queue_cv_sample_us 100 -avail_ecn_only,16256,1,0,0.0,0.0,0.0,16256,avail,16256,7053.13,3728.7678359990127,6706.166,7053.13,3728.7678359990127,1,3792.075,6485.7074999999995,6911.01425,6706.166,all_to_all_cct_us,7053.13,0,full_global_p16_256mib_background_off,29,b6e964e539c454f6ad030e2ea13146ec010ba047b1f252b5671a422f95abc00f,16256,avail_ecn_only,,,,,,,,,,,,,,,,,,,,,,,,,,,,,,,,,,,,,,,,,,,,,,,,,,,,,,,,,,,,,,,,,,,,,,,,,,,
19548,0,20441661,21116,431167,0,0,4096,152425,5788,8323072,0,0,0,0,0,0,0,0,0,0,0,0,0,0,0,0,0,0,0,0,0,0,0,0,0,0,0,0,0,0,0,0,0,0,0,0,0,0,0,0,0,0,0,0,0,0,0,0,0,0,0,0,0,0,0,0,0,0,0,0,0,0,0,0,0,0,0,0,0,0,0,7,4,0,8901108,8,8,8,1640.03,128,0.275348,0.01,0.11,349568,0,4038378,457360,0,0,0,0,0,0,0,0,0,0,8436616,115916,0,1900976,306733,320413,13680,0,630042,0,173212,456830,0,0,187,20988,0,0,8880120,0,0,0,0,0,0,0,0,0,0,0,0,0,0,0,0,0,0,0,635724,0,6538187,1902994,0,457360,0,0,0,0,128,6606,388686,788291,1,/home/user/workspace/csg-htsim/.worktrees/four-scheme-parameter-coupling/sim/datacenter/htsim_roce -o /home/user/workspace/csg-htsim/.worktrees/four-scheme-parameter-coupling/experiments/n-mrc/output/four_scheme_parameter_matrix_20260726/raw/full_global_p16_256mib_background_off/avail_ecn_only/seed_47/logout.dat -tm /home/user/workspace/csg-htsim/.worktrees/four-scheme-parameter-coupling/experiments/n-mrc/output/four_scheme_parameter_matrix_20260726/traffic/n128_full_global_p16_256mib_background_off_seed47.cm -nodes 128 -conns 16256 -tiers 2 -lb avail -linkspeed 400000 -queue_type composite_ecn_lb -host_queue_type prio -mtu 4096 -end 100000 -paths 8 -seed 47 -cc dcqcn_variant -roce_rx_mode sp -roce_sack_bitmap_bits 64 -roce_transport_semantics mrc_exact_bounded -roce_trim_recovery exact -hop_latency 0.5 -switch_latency 0.5 -queue_cv_sample_us 100 -avail_ecn_only,16256,1,0,0.0,0.0,0.0,16256,avail,16256,7102.51,3790.2601870078884,6854.616000000001,7102.51,3790.2601870078884,1,3851.9,6605.3975,6995.225500000003,6854.616000000001,all_to_all_cct_us,7102.51,0,full_global_p16_256mib_background_off,47,f40783e501c2c5ae9fd8b796ffa1726ea6b78ea62afb0238fce5bf70f4f7bd5c,16256,avail_ecn_only,,,,,,,,,,,,,,,,,,,,,,,,,,,,,,,,,,,,,,,,,,,,,,,,,,,,,,,,,,,,,,,,,,,,,,,,,,,
16141,0,20691108,22116,437277,0,0,4096,160141,5711,8323072,0,0,0,0,0,0,0,0,0,0,0,0,0,0,0,0,0,0,0,0,0,0,0,0,0,0,0,0,0,0,0,0,0,0,0,0,0,0,0,0,0,0,0,0,0,0,0,0,0,0,0,0,0,0,0,0,0,0,0,0,0,0,0,0,0,0,0,0,0,0,0,6,7,0,8914914,8,8,8,2380.18,128,0.253363,0.01,0.18,349632,0,3271702,460460,0,0,0,0,0,0,0,0,0,0,8442868,122740,0,1444536,293985,307624,13639,0,641370,0,181928,459442,0,0,311,43410,0,0,8871504,0,0,0,0,0,0,0,0,0,0,0,0,0,0,0,0,0,0,0,729096,210613,7003009,1448177,0,460460,0,0,0,0,490,16462,408499,796550,1,/home/user/workspace/csg-htsim/.worktrees/four-scheme-parameter-coupling/sim/datacenter/htsim_roce -o /home/user/workspace/csg-htsim/.worktrees/four-scheme-parameter-coupling/experiments/n-mrc/output/four_scheme_parameter_matrix_20260726/raw/full_global_p16_256mib_background_off/avail_hybrid/seed_13/logout.dat -tm /home/user/workspace/csg-htsim/.worktrees/four-scheme-parameter-coupling/experiments/n-mrc/output/four_scheme_parameter_matrix_20260726/traffic/n128_full_global_p16_256mib_background_off_seed13.cm -nodes 128 -conns 16256 -tiers 2 -lb avail -linkspeed 400000 -queue_type composite_ecn_lb -host_queue_type prio -mtu 4096 -end 100000 -paths 8 -seed 13 -cc dcqcn_variant -roce_rx_mode sp -roce_sack_bitmap_bits 64 -roce_transport_semantics mrc_exact_bounded -roce_trim_recovery exact -hop_latency 0.5 -switch_latency 0.5 -queue_cv_sample_us 100 -stor_aging hybrid,16256,1,0,0.0,0.0,0.0,16256,avail,16256,6775.19,3510.622301365662,6501.762000000001,6775.19,3510.622301365662,1,3568.895,6260.599999999999,6663.381950000003,6501.762000000001,all_to_all_cct_us,6775.19,0,full_global_p16_256mib_background_off,13,20427d53cb40a34632ad4b93722726c89b4713dc6c0bc86529e0861b6a0da1ed,16256,avail_hybrid,,,,,,,,,,,,,,,,,,,,,,,,,,,,,,,,,,,,,,,,,,,,,,,,,,,,,,,,,,,,,,,,,,,,,,,,,,,
14221,0,20111207,20030,410114,0,0,4096,158246,4636,8323072,0,0,0,0,0,0,0,0,0,0,0,0,0,0,0,0,0,0,0,0,0,0,0,0,0,0,0,0,0,0,0,0,0,0,0,0,0,0,0,0,0,0,0,0,0,0,0,0,0,0,0,0,0,0,0,0,0,0,0,0,0,0,0,0,0,0,0,0,0,0,0,0,5,0,8886390,8,8,8,2336.87,128,0.373802,0.01,0.18,349824,0,3444613,429836,0,0,0,0,0,0,0,0,0,0,8447552,127028,0,1530227,291993,304359,12366,0,607240,0,177975,429265,0,0,217,36458,0,0,8849932,0,0,0,0,0,0,0,0,0,0,0,0,0,0,0,0,0,0,0,746355,212831,6920795,1533038,0,429836,0,0,0,0,378,11123,412847,810394,1,/home/user/workspace/csg-htsim/.worktrees/four-scheme-parameter-coupling/sim/datacenter/htsim_roce -o /home/user/workspace/csg-htsim/.worktrees/four-scheme-parameter-coupling/experiments/n-mrc/output/four_scheme_parameter_matrix_20260726/raw/full_global_p16_256mib_background_off/avail_hybrid/seed_29/logout.dat -tm /home/user/workspace/csg-htsim/.worktrees/four-scheme-parameter-coupling/experiments/n-mrc/output/four_scheme_parameter_matrix_20260726/traffic/n128_full_global_p16_256mib_background_off_seed29.cm -nodes 128 -conns 16256 -tiers 2 -lb avail -linkspeed 400000 -queue_type composite_ecn_lb -host_queue_type prio -mtu 4096 -end 100000 -paths 8 -seed 29 -cc dcqcn_variant -roce_rx_mode sp -roce_sack_bitmap_bits 64 -roce_transport_semantics mrc_exact_bounded -roce_trim_recovery exact -hop_latency 0.5 -switch_latency 0.5 -queue_cv_sample_us 100 -stor_aging hybrid,16256,1,0,0.0,0.0,0.0,16256,avail,16256,6602.04,3522.0618343996143,6432.198,6602.04,3522.0618343996143,1,3585.23,6207.535,6538.63705,6432.198,all_to_all_cct_us,6602.04,0,full_global_p16_256mib_background_off,29,b6e964e539c454f6ad030e2ea13146ec010ba047b1f252b5671a422f95abc00f,16256,avail_hybrid,,,,,,,,,,,,,,,,,,,,,,,,,,,,,,,,,,,,,,,,,,,,,,,,,,,,,,,,,,,,,,,,,,,,,,,,,,,
13551,0,20082372,24970,447399,0,0,4096,153915,4463,8323072,0,0,0,0,0,0,0,0,0,0,0,0,0,0,0,0,0,0,0,0,0,0,0,0,0,0,0,0,0,0,0,0,0,0,0,0,0,0,0,0,0,0,0,0,0,0,0,0,0,0,0,0,0,0,0,0,0,0,0,0,0,0,0,0,0,0,0,0,0,0,0,6,4,0,8919624,8,8,8,2346.86,128,0.223747,0.01,0.18,349632,0,3058852,466058,0,0,0,0,0,0,0,0,0,0,8446485,126187,0,1337819,296687,310663,13976,0,644268,0,178508,465760,0,0,743,60744,0,0,8858880,0,0,0,0,0,0,0,0,0,0,0,0,0,0,0,0,0,0,0,713284,212226,7111281,1339239,0,466058,0,0,0,0,700,29675,411062,784104,1,/home/user/workspace/csg-htsim/.worktrees/four-scheme-parameter-coupling/sim/datacenter/htsim_roce -o /home/user/workspace/csg-htsim/.worktrees/four-scheme-parameter-coupling/experiments/n-mrc/output/four_scheme_parameter_matrix_20260726/raw/full_global_p16_256mib_background_off/avail_hybrid/seed_47/logout.dat -tm /home/user/workspace/csg-htsim/.worktrees/four-scheme-parameter-coupling/experiments/n-mrc/output/four_scheme_parameter_matrix_20260726/traffic/n128_full_global_p16_256mib_background_off_seed47.cm -nodes 128 -conns 16256 -tiers 2 -lb avail -linkspeed 400000 -queue_type composite_ecn_lb -host_queue_type prio -mtu 4096 -end 100000 -paths 8 -seed 47 -cc dcqcn_variant -roce_rx_mode sp -roce_sack_bitmap_bits 64 -roce_transport_semantics mrc_exact_bounded -roce_trim_recovery exact -hop_latency 0.5 -switch_latency 0.5 -queue_cv_sample_us 100 -stor_aging hybrid,16256,1,0,0.0,0.0,0.0,16256,avail,16256,6875.83,3503.3437773129917,6623.798000000001,6875.83,3503.3437773129917,1,3561.49,6299.172500000001,6770.02725,6623.798000000001,all_to_all_cct_us,6875.83,0,full_global_p16_256mib_background_off,47,f40783e501c2c5ae9fd8b796ffa1726ea6b78ea62afb0238fce5bf70f4f7bd5c,16256,avail_hybrid,,,,,,,,,,,,,,,,,,,,,,,,,,,,,,,,,,,,,,,,,,,,,,,,,,,,,,,,,,,,,,,,,,,,,,,,,,,
16382,0,19660446,15208,447230,0,0,4096,134430,4730,8323072,0,0,0,0,0,0,0,0,0,0,0,0,0,0,0,0,0,0,0,0,0,0,0,0,0,0,0,0,0,0,0,0,0,0,0,0,0,0,0,0,0,0,0,0,0,0,0,0,0,0,0,0,0,0,0,0,0,0,0,0,0,0,0,0,0,0,0,0,0,0,0,3,7,0,8899648,8,8,8,1971.29,128,0.248377,0.01,0.15,349696,0,4015656,468703,0,0,0,0,0,0,0,0,0,0,8427220,106551,0,1893105,306820,321053,14233,0,617980,0,149336,468644,0,0,41,133397,0,0,8766251,0,0,0,0,0,0,0,0,0,0,0,0,0,0,0,0,0,0,0,759232,0,6534965,1893470,0,468703,0,0,0,0,1466,65137,512358,860592,1,/home/user/workspace/csg-htsim/.worktrees/four-scheme-parameter-coupling/sim/datacenter/htsim_roce -o /home/user/workspace/csg-htsim/.worktrees/four-scheme-parameter-coupling/experiments/n-mrc/output/four_scheme_parameter_matrix_20260726/raw/full_global_p16_256mib_background_off/avail_packet/seed_13/logout.dat -tm /home/user/workspace/csg-htsim/.worktrees/four-scheme-parameter-coupling/experiments/n-mrc/output/four_scheme_parameter_matrix_20260726/traffic/n128_full_global_p16_256mib_background_off_seed13.cm -nodes 128 -conns 16256 -tiers 2 -lb avail -linkspeed 400000 -queue_type composite_ecn_lb -host_queue_type prio -mtu 4096 -end 100000 -paths 8 -seed 13 -cc dcqcn_variant -roce_rx_mode sp -roce_sack_bitmap_bits 64 -roce_transport_semantics mrc_exact_bounded -roce_trim_recovery exact -hop_latency 0.5 -switch_latency 0.5 -queue_cv_sample_us 100,16256,1,0,0.0,0.0,0.0,16256,avail,16256,7057.46,3748.293475393705,6830.985000000001,7057.46,3748.293475393705,1,3825.285,6585.682500000001,6963.5879,6830.985000000001,all_to_all_cct_us,7057.46,0,full_global_p16_256mib_background_off,13,20427d53cb40a34632ad4b93722726c89b4713dc6c0bc86529e0861b6a0da1ed,16256,avail_packet,,,,,,,,,,,,,,,,,,,,,,,,,,,,,,,,,,,,,,,,,,,,,,,,,,,,,,,,,,,,,,,,,,,,,,,,,,,
17333,0,19139271,15583,384543,0,0,4096,130960,4921,8323072,0,0,0,0,0,0,0,0,0,0,0,0,0,0,0,0,0,0,0,0,0,0,0,0,0,0,0,0,0,0,0,0,0,0,0,0,0,0,0,0,0,0,0,0,0,0,0,0,0,0,0,0,0,0,0,0,0,0,0,0,0,0,0,0,0,0,0,0,0,0,0,7,5,0,8833924,8,8,8,1697,128,0.226129,0.01,0.12,349568,0,4258430,407234,0,0,0,0,0,0,0,0,0,0,8422473,101813,0,2016611,302385,314398,12013,0,553340,0,146239,407101,0,0,4,102567,0,0,8731357,0,0,0,0,0,0,0,0,0,0,0,0,0,0,0,0,0,0,0,743946,0,6406972,2017221,0,407234,0,0,0,0,1090,47916,474457,820812,1,/home/user/workspace/csg-htsim/.worktrees/four-scheme-parameter-coupling/sim/datacenter/htsim_roce -o /home/user/workspace/csg-htsim/.worktrees/four-scheme-parameter-coupling/experiments/n-mrc/output/four_scheme_parameter_matrix_20260726/raw/full_global_p16_256mib_background_off/avail_packet/seed_29/logout.dat -tm /home/user/workspace/csg-htsim/.worktrees/four-scheme-parameter-coupling/experiments/n-mrc/output/four_scheme_parameter_matrix_20260726/traffic/n128_full_global_p16_256mib_background_off_seed29.cm -nodes 128 -conns 16256 -tiers 2 -lb avail -linkspeed 400000 -queue_type composite_ecn_lb -host_queue_type prio -mtu 4096 -end 100000 -paths 8 -seed 29 -cc dcqcn_variant -roce_rx_mode sp -roce_sack_bitmap_bits 64 -roce_transport_semantics mrc_exact_bounded -roce_trim_recovery exact -hop_latency 0.5 -switch_latency 0.5 -queue_cv_sample_us 100,16256,1,0,0.0,0.0,0.0,16256,avail,16256,6816.59,3721.0432739911366,6652.789000000001,6816.59,3721.0432739911366,1,3802.515,6473.4125,6760.504300000002,6652.789000000001,all_to_all_cct_us,6816.59,0,full_global_p16_256mib_background_off,29,b6e964e539c454f6ad030e2ea13146ec010ba047b1f252b5671a422f95abc00f,16256,avail_packet,,,,,,,,,,,,,,,,,,,,,,,,,,,,,,,,,,,,,,,,,,,,,,,,,,,,,,,,,,,,,,,,,,,,,,,,,,,
18101,0,19856389,17167,419432,0,0,4096,135366,5261,8323072,0,0,0,0,0,0,0,0,0,0,0,0,0,0,0,0,0,0,0,0,0,0,0,0,0,0,0,0,0,0,0,0,0,0,0,0,0,0,0,0,0,0,0,0,0,0,0,0,0,0,0,0,0,0,0,0,0,0,0,0,0,0,0,0,0,0,0,0,0,0,0,6,4,0,8872743,8,8,8,1762.59,128,0.217207,0.01,0.12,349632,0,4329822,443538,0,0,0,0,0,0,0,0,0,0,8423153,102536,0,2032378,306209,319415,13206,0,595322,0,152249,443073,0,0,170,127516,0,0,8745227,0,0,0,0,0,0,0,0,0,0,0,0,0,0,0,0,0,0,0,778435,0,6392252,2034307,0,443538,0,0,0,0,1353,65115,511899,867468,1,/home/user/workspace/csg-htsim/.worktrees/four-scheme-parameter-coupling/sim/datacenter/htsim_roce -o /home/user/workspace/csg-htsim/.worktrees/four-scheme-parameter-coupling/experiments/n-mrc/output/four_scheme_parameter_matrix_20260726/raw/full_global_p16_256mib_background_off/avail_packet/seed_47/logout.dat -tm /home/user/workspace/csg-htsim/.worktrees/four-scheme-parameter-coupling/experiments/n-mrc/output/four_scheme_parameter_matrix_20260726/traffic/n128_full_global_p16_256mib_background_off_seed47.cm -nodes 128 -conns 16256 -tiers 2 -lb avail -linkspeed 400000 -queue_type composite_ecn_lb -host_queue_type prio -mtu 4096 -end 100000 -paths 8 -seed 47 -cc dcqcn_variant -roce_rx_mode sp -roce_sack_bitmap_bits 64 -roce_transport_semantics mrc_exact_bounded -roce_trim_recovery exact -hop_latency 0.5 -switch_latency 0.5 -queue_cv_sample_us 100,16256,1,0,0.0,0.0,0.0,16256,avail,16256,7014.32,3785.2318811515765,6788.986500000001,7014.32,3785.2318811515765,1,3883.51,6569.45,6913.427450000001,6788.986500000001,all_to_all_cct_us,7014.32,0,full_global_p16_256mib_background_off,47,f40783e501c2c5ae9fd8b796ffa1726ea6b78ea62afb0238fce5bf70f4f7bd5c,16256,avail_packet,,,,,,,,,,,,,,,,,,,,,,,,,,,,,,,,,,,,,,,,,,,,,,,,,,,,,,,,,,,,,,,,,,,,,,,,,,,
16382,0,19660446,15208,447230,0,0,4096,134430,4730,8323072,0,0,0,0,0,0,0,0,0,0,0,0,0,0,0,0,0,0,0,0,0,0,0,0,0,0,0,0,0,0,0,0,0,0,0,0,0,0,0,0,0,0,0,0,0,0,0,0,0,0,0,0,0,0,0,0,0,0,0,0,0,0,0,0,0,0,0,0,0,0,0,3,7,0,8899648,8,8,8,1971.29,128,0.248377,0.01,0.15,349696,0,4015656,468703,0,0,0,0,0,0,0,0,0,0,8427220,106551,0,1893105,306820,321053,14233,0,617980,0,149336,468644,0,0,41,133397,0,0,8766251,0,0,0,0,0,0,0,0,0,0,0,0,0,0,0,0,0,0,0,759232,0,6534965,1893470,0,468703,0,0,0,0,1466,65137,512358,860592,1,/home/user/workspace/csg-htsim/.worktrees/four-scheme-parameter-coupling/sim/datacenter/htsim_roce -o /home/user/workspace/csg-htsim/.worktrees/four-scheme-parameter-coupling/experiments/n-mrc/output/four_scheme_parameter_matrix_20260726/raw/full_global_p16_256mib_background_off/avail_time/seed_13/logout.dat -tm /home/user/workspace/csg-htsim/.worktrees/four-scheme-parameter-coupling/experiments/n-mrc/output/four_scheme_parameter_matrix_20260726/traffic/n128_full_global_p16_256mib_background_off_seed13.cm -nodes 128 -conns 16256 -tiers 2 -lb avail -linkspeed 400000 -queue_type composite_ecn_lb -host_queue_type prio -mtu 4096 -end 100000 -paths 8 -seed 13 -cc dcqcn_variant -roce_rx_mode sp -roce_sack_bitmap_bits 64 -roce_transport_semantics mrc_exact_bounded -roce_trim_recovery exact -hop_latency 0.5 -switch_latency 0.5 -queue_cv_sample_us 100 -stor_aging time_ewma,16256,1,0,0.0,0.0,0.0,16256,avail,16256,7057.46,3748.293475393705,6830.985000000001,7057.46,3748.293475393705,1,3825.285,6585.682500000001,6963.5879,6830.985000000001,all_to_all_cct_us,7057.46,0,full_global_p16_256mib_background_off,13,20427d53cb40a34632ad4b93722726c89b4713dc6c0bc86529e0861b6a0da1ed,16256,avail_time,,,,,,,,,,,,,,,,,,,,,,,,,,,,,,,,,,,,,,,,,,,,,,,,,,,,,,,,,,,,,,,,,,,,,,,,,,,
17333,0,19139271,15583,384543,0,0,4096,130960,4921,8323072,0,0,0,0,0,0,0,0,0,0,0,0,0,0,0,0,0,0,0,0,0,0,0,0,0,0,0,0,0,0,0,0,0,0,0,0,0,0,0,0,0,0,0,0,0,0,0,0,0,0,0,0,0,0,0,0,0,0,0,0,0,0,0,0,0,0,0,0,0,0,0,7,5,0,8833924,8,8,8,1697,128,0.226129,0.01,0.12,349568,0,4258430,407234,0,0,0,0,0,0,0,0,0,0,8422473,101813,0,2016611,302385,314398,12013,0,553340,0,146239,407101,0,0,4,102567,0,0,8731357,0,0,0,0,0,0,0,0,0,0,0,0,0,0,0,0,0,0,0,743946,0,6406972,2017221,0,407234,0,0,0,0,1090,47916,474457,820812,1,/home/user/workspace/csg-htsim/.worktrees/four-scheme-parameter-coupling/sim/datacenter/htsim_roce -o /home/user/workspace/csg-htsim/.worktrees/four-scheme-parameter-coupling/experiments/n-mrc/output/four_scheme_parameter_matrix_20260726/raw/full_global_p16_256mib_background_off/avail_time/seed_29/logout.dat -tm /home/user/workspace/csg-htsim/.worktrees/four-scheme-parameter-coupling/experiments/n-mrc/output/four_scheme_parameter_matrix_20260726/traffic/n128_full_global_p16_256mib_background_off_seed29.cm -nodes 128 -conns 16256 -tiers 2 -lb avail -linkspeed 400000 -queue_type composite_ecn_lb -host_queue_type prio -mtu 4096 -end 100000 -paths 8 -seed 29 -cc dcqcn_variant -roce_rx_mode sp -roce_sack_bitmap_bits 64 -roce_transport_semantics mrc_exact_bounded -roce_trim_recovery exact -hop_latency 0.5 -switch_latency 0.5 -queue_cv_sample_us 100 -stor_aging time_ewma,16256,1,0,0.0,0.0,0.0,16256,avail,16256,6816.59,3721.0432739911366,6652.789000000001,6816.59,3721.0432739911366,1,3802.515,6473.4125,6760.504300000002,6652.789000000001,all_to_all_cct_us,6816.59,0,full_global_p16_256mib_background_off,29,b6e964e539c454f6ad030e2ea13146ec010ba047b1f252b5671a422f95abc00f,16256,avail_time,,,,,,,,,,,,,,,,,,,,,,,,,,,,,,,,,,,,,,,,,,,,,,,,,,,,,,,,,,,,,,,,,,,,,,,,,,,
18101,0,19856389,17167,419432,0,0,4096,135366,5261,8323072,0,0,0,0,0,0,0,0,0,0,0,0,0,0,0,0,0,0,0,0,0,0,0,0,0,0,0,0,0,0,0,0,0,0,0,0,0,0,0,0,0,0,0,0,0,0,0,0,0,0,0,0,0,0,0,0,0,0,0,0,0,0,0,0,0,0,0,0,0,0,0,6,4,0,8872743,8,8,8,1762.59,128,0.217207,0.01,0.12,349632,0,4329822,443538,0,0,0,0,0,0,0,0,0,0,8423153,102536,0,2032378,306209,319415,13206,0,595322,0,152249,443073,0,0,170,127516,0,0,8745227,0,0,0,0,0,0,0,0,0,0,0,0,0,0,0,0,0,0,0,778435,0,6392252,2034307,0,443538,0,0,0,0,1353,65115,511899,867468,1,/home/user/workspace/csg-htsim/.worktrees/four-scheme-parameter-coupling/sim/datacenter/htsim_roce -o /home/user/workspace/csg-htsim/.worktrees/four-scheme-parameter-coupling/experiments/n-mrc/output/four_scheme_parameter_matrix_20260726/raw/full_global_p16_256mib_background_off/avail_time/seed_47/logout.dat -tm /home/user/workspace/csg-htsim/.worktrees/four-scheme-parameter-coupling/experiments/n-mrc/output/four_scheme_parameter_matrix_20260726/traffic/n128_full_global_p16_256mib_background_off_seed47.cm -nodes 128 -conns 16256 -tiers 2 -lb avail -linkspeed 400000 -queue_type composite_ecn_lb -host_queue_type prio -mtu 4096 -end 100000 -paths 8 -seed 47 -cc dcqcn_variant -roce_rx_mode sp -roce_sack_bitmap_bits 64 -roce_transport_semantics mrc_exact_bounded -roce_trim_recovery exact -hop_latency 0.5 -switch_latency 0.5 -queue_cv_sample_us 100 -stor_aging time_ewma,16256,1,0,0.0,0.0,0.0,16256,avail,16256,7014.32,3785.2318811515765,6788.986500000001,7014.32,3785.2318811515765,1,3883.51,6569.45,6913.427450000001,6788.986500000001,all_to_all_cct_us,7014.32,0,full_global_p16_256mib_background_off,47,f40783e501c2c5ae9fd8b796ffa1726ea6b78ea62afb0238fce5bf70f4f7bd5c,16256,avail_time,,,,,,,,,,,,,,,,,,,,,,,,,,,,,,,,,,,,,,,,,,,,,,,,,,,,,,,,,,,,,,,,,,,,,,,,,,,
12658,0,21567694,16283,539382,0,0,4096,195088,4606,8323072,0,0,0,0,0,0,0,0,0,0,0,0,0,0,0,0,0,0,0,0,0,0,0,0,0,0,0,0,0,0,0,0,0,0,0,0,0,0,0,0,0,0,0,0,0,0,0,0,0,0,0,0,0,0,0,0,0,0,0,0,0,0,0,0,0,0,0,0,0,0,0,0,7,0,9051296,8,8,8,3037.11,128,0.217923,0.01,0.27,349824,0,3000073,557205,0,0,0,0,0,0,0,0,0,0,8487096,166727,0,1329994,299218,315992,16774,0,768017,0,210992,557025,0,0,133,170079,2764,454772,8423681,0,0,0,0,0,0,0,0,0,0,0,0,0,0,0,0,0,0,0,471009,471005,7159974,1331157,0,557205,0,0,0,0,215,5568,388437,749827,1,/home/user/workspace/csg-htsim/.worktrees/four-scheme-parameter-coupling/sim/datacenter/htsim_roce -o /home/user/workspace/csg-htsim/.worktrees/four-scheme-parameter-coupling/experiments/n-mrc/output/four_scheme_parameter_matrix_20260726/raw/full_global_p16_256mib_background_off/grade_conservative/seed_13/logout.dat -tm /home/user/workspace/csg-htsim/.worktrees/four-scheme-parameter-coupling/experiments/n-mrc/output/four_scheme_parameter_matrix_20260726/traffic/n128_full_global_p16_256mib_background_off_seed13.cm -nodes 128 -conns 16256 -tiers 2 -lb grade -linkspeed 400000 -queue_type composite_ecn_lb -host_queue_type prio -mtu 4096 -end 100000 -paths 8 -seed 13 -cc dcqcn_variant -roce_rx_mode sp -roce_sack_bitmap_bits 64 -roce_transport_semantics mrc_exact_bounded -roce_trim_recovery exact -hop_latency 0.5 -switch_latency 0.5 -queue_cv_sample_us 100 -stor_level_weights 4 2 1 0 -stor_level_thresholds 6 3 1,16256,1,0,0.0,0.0,0.0,16256,grade,16256,7105.44,3566.8629165231296,6704.264000000002,7105.44,3566.8629165231296,1,3590.0649999999996,6396.967500000001,6951.405450000004,6704.264000000002,all_to_all_cct_us,7105.44,0,full_global_p16_256mib_background_off,13,20427d53cb40a34632ad4b93722726c89b4713dc6c0bc86529e0861b6a0da1ed,16256,grade_conservative,,,,,,,,,,,,,,,,,,,,,,,,,,,,,,,,,,,,,,,,,,,,,,,,,,,,,,,,,,,,,,,,,,,,,,,,,,,
13895,0,21712634,23419,512438,0,0,4096,192983,4937,8323072,0,0,0,0,0,0,0,0,0,0,0,0,0,0,0,0,0,0,0,0,0,0,0,0,0,0,0,0,0,0,0,0,0,0,0,0,0,0,0,0,0,0,0,0,0,0,0,0,0,0,0,0,0,0,0,0,0,0,0,0,0,0,0,0,0,0,0,0,0,0,0,1,2,0,9022521,8,8,8,2912.05,128,0.241102,0.01,0.25,349696,0,2848434,532488,0,0,0,0,0,0,0,0,0,0,8477899,157619,0,1243439,293887,309581,15694,0,747668,0,215987,531681,0,0,338,163482,2448,410098,8446493,0,0,0,0,0,0,0,0,0,0,0,0,0,0,0,0,0,0,0,428712,428710,7240569,1246380,0,532488,0,0,0,0,226,10414,351335,697938,1,/home/user/workspace/csg-htsim/.worktrees/four-scheme-parameter-coupling/sim/datacenter/htsim_roce -o /home/user/workspace/csg-htsim/.worktrees/four-scheme-parameter-coupling/experiments/n-mrc/output/four_scheme_parameter_matrix_20260726/raw/full_global_p16_256mib_background_off/grade_conservative/seed_29/logout.dat -tm /home/user/workspace/csg-htsim/.worktrees/four-scheme-parameter-coupling/experiments/n-mrc/output/four_scheme_parameter_matrix_20260726/traffic/n128_full_global_p16_256mib_background_off_seed29.cm -nodes 128 -conns 16256 -tiers 2 -lb grade -linkspeed 400000 -queue_type composite_ecn_lb -host_queue_type prio -mtu 4096 -end 100000 -paths 8 -seed 29 -cc dcqcn_variant -roce_rx_mode sp -roce_sack_bitmap_bits 64 -roce_transport_semantics mrc_exact_bounded -roce_trim_recovery exact -hop_latency 0.5 -switch_latency 0.5 -queue_cv_sample_us 100 -stor_level_weights 4 2 1 0 -stor_level_thresholds 6 3 1,16256,1,0,0.0,0.0,0.0,16256,grade,16256,6967.1,3506.302257012794,6560.5955,6967.1,3506.302257012794,1,3558.6,6266.835,6804.5180500000015,6560.5955,all_to_all_cct_us,6967.1,0,full_global_p16_256mib_background_off,29,b6e964e539c454f6ad030e2ea13146ec010ba047b1f252b5671a422f95abc00f,16256,grade_conservative,,,,,,,,,,,,,,,,,,,,,,,,,,,,,,,,,,,,,,,,,,,,,,,,,,,,,,,,,,,,,,,,,,,,,,,,,,,
12626,0,21706035,22607,454110,0,0,4096,205730,3999,8323072,0,0,0,0,0,0,0,0,0,0,0,0,0,0,0,0,0,0,0,0,0,0,0,0,0,0,0,0,0,0,0,0,0,0,0,0,0,0,0,0,0,0,0,0,0,0,0,0,0,0,0,0,0,0,0,0,0,0,0,0,0,0,0,0,0,0,0,0,0,0,0,0,5,0,8977909,8,8,8,2895.79,128,0.204874,0.01,0.24,349760,0,3046694,471630,0,0,0,0,0,0,0,0,0,0,8492765,172496,0,1334399,291060,304685,13625,0,699072,0,228037,471035,0,0,336,160883,2675,403721,8410630,0,0,0,0,0,0,0,0,0,0,0,0,0,0,0,0,0,0,0,416136,416134,7165919,1337310,0,471630,0,0,0,0,270,7401,340395,683244,1,/home/user/workspace/csg-htsim/.worktrees/four-scheme-parameter-coupling/sim/datacenter/htsim_roce -o /home/user/workspace/csg-htsim/.worktrees/four-scheme-parameter-coupling/experiments/n-mrc/output/four_scheme_parameter_matrix_20260726/raw/full_global_p16_256mib_background_off/grade_conservative/seed_47/logout.dat -tm /home/user/workspace/csg-htsim/.worktrees/four-scheme-parameter-coupling/experiments/n-mrc/output/four_scheme_parameter_matrix_20260726/traffic/n128_full_global_p16_256mib_background_off_seed47.cm -nodes 128 -conns 16256 -tiers 2 -lb grade -linkspeed 400000 -queue_type composite_ecn_lb -host_queue_type prio -mtu 4096 -end 100000 -paths 8 -seed 47 -cc dcqcn_variant -roce_rx_mode sp -roce_sack_bitmap_bits 64 -roce_transport_semantics mrc_exact_bounded -roce_trim_recovery exact -hop_latency 0.5 -switch_latency 0.5 -queue_cv_sample_us 100 -stor_level_weights 4 2 1 0 -stor_level_thresholds 6 3 1,16256,1,0,0.0,0.0,0.0,16256,grade,16256,6669.03,3509.93516067913,6437.245,6669.03,3509.93516067913,1,3577.91,6203.5075,6605.240550000002,6437.245,all_to_all_cct_us,6669.03,0,full_global_p16_256mib_background_off,47,f40783e501c2c5ae9fd8b796ffa1726ea6b78ea62afb0238fce5bf70f4f7bd5c,16256,grade_conservative,,,,,,,,,,,,,,,,,,,,,,,,,,,,,,,,,,,,,,,,,,,,,,,,,,,,,,,,,,,,,,,,,,,,,,,,,,,
18058,0,18967202,17360,418106,0,0,4096,117635,4331,8323072,0,0,0,0,0,0,0,0,0,0,0,0,0,0,0,0,0,0,0,0,0,0,0,0,0,0,0,0,0,0,0,0,0,0,0,0,0,0,0,0,0,0,0,0,0,0,0,0,0,0,0,0,0,0,0,0,0,0,0,0,0,0,0,0,0,0,0,0,0,0,0,0,7,0,8854245,8,8,8,3398.91,128,0.224697,0.01,0.35,349696,0,5297346,441362,0,0,0,0,0,0,0,0,0,0,8405342,86250,0,2418115,325659,339648,13989,0,575490,0,134696,440794,0,0,140,392998,1405894,1332633,5722720,0,0,0,0,0,0,0,0,0,0,0,0,0,0,0,0,0,0,0,171542,171472,5988711,2419962,0,441362,0,0,0,0,5709,172556,461971,322008,1,/home/user/workspace/csg-htsim/.worktrees/four-scheme-parameter-coupling/sim/datacenter/htsim_roce -o /home/user/workspace/csg-htsim/.worktrees/four-scheme-parameter-coupling/experiments/n-mrc/output/four_scheme_parameter_matrix_20260726/raw/full_global_p16_256mib_background_off/grade_default/seed_13/logout.dat -tm /home/user/workspace/csg-htsim/.worktrees/four-scheme-parameter-coupling/experiments/n-mrc/output/four_scheme_parameter_matrix_20260726/traffic/n128_full_global_p16_256mib_background_off_seed13.cm -nodes 128 -conns 16256 -tiers 2 -lb grade -linkspeed 400000 -queue_type composite_ecn_lb -host_queue_type prio -mtu 4096 -end 100000 -paths 8 -seed 13 -cc dcqcn_variant -roce_rx_mode sp -roce_sack_bitmap_bits 64 -roce_transport_semantics mrc_exact_bounded -roce_trim_recovery exact -hop_latency 0.5 -switch_latency 0.5 -queue_cv_sample_us 100 -stor_level_weights 4 2 1 0,16256,1,0,0.0,0.0,0.0,16256,grade,16256,7584.55,4101.895247293296,7330.734,7584.55,4101.895247293296,1,4189.3150000000005,7112.1900000000005,7488.7098000000005,7330.734,all_to_all_cct_us,7584.55,0,full_global_p16_256mib_background_off,13,20427d53cb40a34632ad4b93722726c89b4713dc6c0bc86529e0861b6a0da1ed,16256,grade_default,,,,,,,,,,,,,,,,,,,,,,,,,,,,,,,,,,,,,,,,,,,,,,,,,,,,,,,,,,,,,,,,,,,,,,,,,,,
19475,0,18884297,16111,426417,0,0,4096,112621,4736,8323072,0,0,0,0,0,0,0,0,0,0,0,0,0,0,0,0,0,0,0,0,0,0,0,0,0,0,0,0,0,0,0,0,0,0,0,0,0,0,0,0,0,0,0,0,0,0,0,0,0,0,0,0,0,0,0,0,0,0,0,0,0,0,0,0,0,0,0,0,0,0,0,0,2,0,8857256,8,8,8,3387.23,128,0.188868,0.01,0.35,349824,0,5389511,451829,0,0,0,0,0,0,0,0,0,0,8397724,78804,0,2470472,324194,338209,14015,0,579360,0,128418,450942,0,0,154,401273,1442424,1353272,5660287,0,0,0,0,0,0,0,0,0,0,0,0,0,0,0,0,0,0,0,173663,173500,5928795,2472256,0,451829,0,0,0,0,5950,177658,464076,317172,1,/home/user/workspace/csg-htsim/.worktrees/four-scheme-parameter-coupling/sim/datacenter/htsim_roce -o /home/user/workspace/csg-htsim/.worktrees/four-scheme-parameter-coupling/experiments/n-mrc/output/four_scheme_parameter_matrix_20260726/raw/full_global_p16_256mib_background_off/grade_default/seed_29/logout.dat -tm /home/user/workspace/csg-htsim/.worktrees/four-scheme-parameter-coupling/experiments/n-mrc/output/four_scheme_parameter_matrix_20260726/traffic/n128_full_global_p16_256mib_background_off_seed29.cm -nodes 128 -conns 16256 -tiers 2 -lb grade -linkspeed 400000 -queue_type composite_ecn_lb -host_queue_type prio -mtu 4096 -end 100000 -paths 8 -seed 29 -cc dcqcn_variant -roce_rx_mode sp -roce_sack_bitmap_bits 64 -roce_transport_semantics mrc_exact_bounded -roce_trim_recovery exact -hop_latency 0.5 -switch_latency 0.5 -queue_cv_sample_us 100 -stor_level_weights 4 2 1 0,16256,1,0,0.0,0.0,0.0,16256,grade,16256,7459.47,4110.362367495078,7292.2025,7459.47,4110.362367495078,1,4192.785,7116.969999999999,7394.9712500000005,7292.2025,all_to_all_cct_us,7459.47,0,full_global_p16_256mib_background_off,29,b6e964e539c454f6ad030e2ea13146ec010ba047b1f252b5671a422f95abc00f,16256,grade_default,,,,,,,,,,,,,,,,,,,,,,,,,,,,,,,,,,,,,,,,,,,,,,,,,,,,,,,,,,,,,,,,,,,,,,,,,,,
18928,0,19182045,18551,426394,0,0,4096,114754,4273,8323072,0,0,0,0,0,0,0,0,0,0,0,0,0,0,0,0,0,0,0,0,0,0,0,0,0,0,0,0,0,0,0,0,0,0,0,0,0,0,0,0,0,0,0,0,0,0,0,0,0,0,0,0,0,0,0,0,0,0,0,0,0,0,0,0,0,0,0,0,0,0,0,0,5,0,8859324,8,8,8,3409.59,128,0.220517,0.01,0.35,349760,0,5302313,450535,0,0,0,0,0,0,0,0,0,0,8401479,82550,0,2423920,324872,338810,13938,0,582900,0,133005,449895,0,0,177,395727,1417479,1347580,5698538,0,0,0,0,0,0,0,0,0,0,0,0,0,0,0,0,0,0,0,173076,173003,5979043,2425346,0,450535,0,0,0,0,5797,173504,462282,316959,1,/home/user/workspace/csg-htsim/.worktrees/four-scheme-parameter-coupling/sim/datacenter/htsim_roce -o /home/user/workspace/csg-htsim/.worktrees/four-scheme-parameter-coupling/experiments/n-mrc/output/four_scheme_parameter_matrix_20260726/raw/full_global_p16_256mib_background_off/grade_default/seed_47/logout.dat -tm /home/user/workspace/csg-htsim/.worktrees/four-scheme-parameter-coupling/experiments/n-mrc/output/four_scheme_parameter_matrix_20260726/traffic/n128_full_global_p16_256mib_background_off_seed47.cm -nodes 128 -conns 16256 -tiers 2 -lb grade -linkspeed 400000 -queue_type composite_ecn_lb -host_queue_type prio -mtu 4096 -end 100000 -paths 8 -seed 47 -cc dcqcn_variant -roce_rx_mode sp -roce_sack_bitmap_bits 64 -roce_transport_semantics mrc_exact_bounded -roce_trim_recovery exact -hop_latency 0.5 -switch_latency 0.5 -queue_cv_sample_us 100 -stor_level_weights 4 2 1 0,16256,1,0,0.0,0.0,0.0,16256,grade,16256,7525.15,4104.959909879422,7313.755,7525.15,4104.959909879422,1,4184.005,7125.515,7440.058000000001,7313.755,all_to_all_cct_us,7525.15,0,full_global_p16_256mib_background_off,47,f40783e501c2c5ae9fd8b796ffa1726ea6b78ea62afb0238fce5bf70f4f7bd5c,16256,grade_default,,,,,,,,,,,,,,,,,,,,,,,,,,,,,,,,,,,,,,,,,,,,,,,,,,,,,,,,,,,,,,,,,,,,,,,,,,,
12795,0,18252755,12076,397439,0,0,4096,130078,3413,8323072,0,0,0,0,0,0,0,0,0,0,0,0,0,0,0,0,0,0,0,0,0,0,0,0,0,0,0,0,0,0,0,0,0,0,0,0,0,0,0,0,0,0,0,0,0,0,0,0,0,0,0,0,0,0,0,0,0,0,0,0,0,0,0,0,0,0,0,0,0,0,0,0,7,0,8846700,8,8,8,3324.94,128,0.22954,0.01,0.34,349696,0,4657449,414305,0,0,0,0,0,0,0,0,0,0,8426369,106596,0,2091797,311275,323934,12659,0,555801,0,141938,413863,0,0,141,368069,1948800,1298471,5231360,0,0,0,0,0,0,0,0,0,0,0,0,0,0,0,0,0,0,0,165946,165938,6336008,2093008,0,414305,0,0,0,0,4928,163218,448391,393972,1,/home/user/workspace/csg-htsim/.worktrees/four-scheme-parameter-coupling/sim/datacenter/htsim_roce -o /home/user/workspace/csg-htsim/.worktrees/four-scheme-parameter-coupling/experiments/n-mrc/output/four_scheme_parameter_matrix_20260726/raw/full_global_p16_256mib_background_off/grade_equal/seed_13/logout.dat -tm /home/user/workspace/csg-htsim/.worktrees/four-scheme-parameter-coupling/experiments/n-mrc/output/four_scheme_parameter_matrix_20260726/traffic/n128_full_global_p16_256mib_background_off_seed13.cm -nodes 128 -conns 16256 -tiers 2 -lb grade -linkspeed 400000 -queue_type composite_ecn_lb -host_queue_type prio -mtu 4096 -end 100000 -paths 8 -seed 13 -cc dcqcn_variant -roce_rx_mode sp -roce_sack_bitmap_bits 64 -roce_transport_semantics mrc_exact_bounded -roce_trim_recovery exact -hop_latency 0.5 -switch_latency 0.5 -queue_cv_sample_us 100 -stor_level_weights 4 4 4 0,16256,1,0,0.0,0.0,0.0,16256,grade,16256,7199.36,3844.503883612199,6944.8715,7199.36,3844.503883612199,1,3939.5950000000003,6727.0325,7078.1111,6944.8715,all_to_all_cct_us,7199.36,0,full_global_p16_256mib_background_off,13,20427d53cb40a34632ad4b93722726c89b4713dc6c0bc86529e0861b6a0da1ed,16256,grade_equal,,,,,,,,,,,,,,,,,,,,,,,,,,,,,,,,,,,,,,,,,,,,,,,,,,,,,,,,,,,,,,,,,,,,,,,,,,,
14033,0,17763115,13017,366468,0,0,4096,113451,3037,8323072,0,0,0,0,0,0,0,0,0,0,0,0,0,0,0,0,0,0,0,0,0,0,0,0,0,0,0,0,0,0,0,0,0,0,0,0,0,0,0,0,0,0,0,0,0,0,0,0,0,0,0,0,0,0,0,0,0,0,0,0,0,0,0,0,0,0,0,0,0,0,0,0,2,0,8799077,8,8,8,3404.41,128,0.238931,0.01,0.34,349696,0,4817364,383802,0,0,0,0,0,0,0,0,0,0,8410926,91209,0,2161982,308359,320075,11716,0,510006,0,126244,383762,0,0,143,367590,1957531,1277489,5196467,0,0,0,0,0,0,0,0,0,0,0,0,0,0,0,0,0,0,0,162307,162283,6249535,2162319,0,383802,0,0,0,0,5034,162913,438210,381757,1,/home/user/workspace/csg-htsim/.worktrees/four-scheme-parameter-coupling/sim/datacenter/htsim_roce -o /home/user/workspace/csg-htsim/.worktrees/four-scheme-parameter-coupling/experiments/n-mrc/output/four_scheme_parameter_matrix_20260726/raw/full_global_p16_256mib_background_off/grade_equal/seed_29/logout.dat -tm /home/user/workspace/csg-htsim/.worktrees/four-scheme-parameter-coupling/experiments/n-mrc/output/four_scheme_parameter_matrix_20260726/traffic/n128_full_global_p16_256mib_background_off_seed29.cm -nodes 128 -conns 16256 -tiers 2 -lb grade -linkspeed 400000 -queue_type composite_ecn_lb -host_queue_type prio -mtu 4096 -end 100000 -paths 8 -seed 29 -cc dcqcn_variant -roce_rx_mode sp -roce_sack_bitmap_bits 64 -roce_transport_semantics mrc_exact_bounded -roce_trim_recovery exact -hop_latency 0.5 -switch_latency 0.5 -queue_cv_sample_us 100 -stor_level_weights 4 4 4 0,16256,1,0,0.0,0.0,0.0,16256,grade,16256,7133.42,3826.9054868971352,6867.648,7133.42,3826.9054868971352,1,3913.37,6679.3875,7000.1025000000045,6867.648,all_to_all_cct_us,7133.42,0,full_global_p16_256mib_background_off,29,b6e964e539c454f6ad030e2ea13146ec010ba047b1f252b5671a422f95abc00f,16256,grade_equal,,,,,,,,,,,,,,,,,,,,,,,,,,,,,,,,,,,,,,,,,,,,,,,,,,,,,,,,,,,,,,,,,,,,,,,,,,,
14170,0,18624397,15506,393743,0,0,4096,126366,3334,8323072,0,0,0,0,0,0,0,0,0,0,0,0,0,0,0,0,0,0,0,0,0,0,0,0,0,0,0,0,0,0,0,0,0,0,0,0,0,0,0,0,0,0,0,0,0,0,0,0,0,0,0,0,0,0,0,0,0,0,0,0,0,0,0,0,0,0,0,0,0,0,0,2,5,0,8839031,8,8,8,3374.16,128,0.252012,0.01,0.34,349824,0,4807786,412228,0,0,0,0,0,0,0,0,0,0,8419731,100149,0,2154305,310539,323050,12511,0,553118,0,141620,411498,0,0,186,378984,1994454,1305793,5159800,0,0,0,0,0,0,0,0,0,0,0,0,0,0,0,0,0,0,0,167747,167729,6267022,2156121,0,412228,0,0,0,0,5109,170387,453124,391477,1,/home/user/workspace/csg-htsim/.worktrees/four-scheme-parameter-coupling/sim/datacenter/htsim_roce -o /home/user/workspace/csg-htsim/.worktrees/four-scheme-parameter-coupling/experiments/n-mrc/output/four_scheme_parameter_matrix_20260726/raw/full_global_p16_256mib_background_off/grade_equal/seed_47/logout.dat -tm /home/user/workspace/csg-htsim/.worktrees/four-scheme-parameter-coupling/experiments/n-mrc/output/four_scheme_parameter_matrix_20260726/traffic/n128_full_global_p16_256mib_background_off_seed47.cm -nodes 128 -conns 16256 -tiers 2 -lb grade -linkspeed 400000 -queue_type composite_ecn_lb -host_queue_type prio -mtu 4096 -end 100000 -paths 8 -seed 47 -cc dcqcn_variant -roce_rx_mode sp -roce_sack_bitmap_bits 64 -roce_transport_semantics mrc_exact_bounded -roce_trim_recovery exact -hop_latency 0.5 -switch_latency 0.5 -queue_cv_sample_us 100 -stor_level_weights 4 4 4 0,16256,1,0,0.0,0.0,0.0,16256,grade,16256,7404.67,3858.394627337598,6945.031,7404.67,3858.394627337598,1,3941.255,6721.545,7204.390050000003,6945.031,all_to_all_cct_us,7404.67,0,full_global_p16_256mib_background_off,47,f40783e501c2c5ae9fd8b796ffa1726ea6b78ea62afb0238fce5bf70f4f7bd5c,16256,grade_equal,,,,,,,,,,,,,,,,,,,,,,,,,,,,,,,,,,,,,,,,,,,,,,,,,,,,,,,,,,,,,,,,,,,,,,,,,,,
18599,0,19193504,19110,393497,0,0,4096,113626,3760,8323072,0,0,0,0,0,0,0,0,0,0,0,0,0,0,0,0,0,0,0,0,0,0,0,0,0,0,0,0,0,0,0,0,0,0,0,0,0,0,0,0,0,0,0,0,0,0,0,0,0,0,0,0,0,0,0,0,0,0,0,0,0,0,0,0,0,0,0,0,0,0,0,0,7,0,8825601,8,8,8,3351.49,128,0.219224,0.01,0.34,350016,0,5041571,416393,0,0,0,0,0,0,0,0,0,0,8404057,84674,0,2286287,315930,328824,12894,0,548592,0,132433,416159,0,0,87,376858,1646340,1340804,5461599,0,0,0,0,0,0,0,0,0,0,0,0,0,0,0,0,0,0,0,167382,167332,6118464,2286880,0,416393,0,0,0,0,5315,161909,452877,352075,1,/home/user/workspace/csg-htsim/.worktrees/four-scheme-parameter-coupling/sim/datacenter/htsim_roce -o /home/user/workspace/csg-htsim/.worktrees/four-scheme-parameter-coupling/experiments/n-mrc/output/four_scheme_parameter_matrix_20260726/raw/full_global_p16_256mib_background_off/grade_gentle/seed_13/logout.dat -tm /home/user/workspace/csg-htsim/.worktrees/four-scheme-parameter-coupling/experiments/n-mrc/output/four_scheme_parameter_matrix_20260726/traffic/n128_full_global_p16_256mib_background_off_seed13.cm -nodes 128 -conns 16256 -tiers 2 -lb grade -linkspeed 400000 -queue_type composite_ecn_lb -host_queue_type prio -mtu 4096 -end 100000 -paths 8 -seed 13 -cc dcqcn_variant -roce_rx_mode sp -roce_sack_bitmap_bits 64 -roce_transport_semantics mrc_exact_bounded -roce_trim_recovery exact -hop_latency 0.5 -switch_latency 0.5 -queue_cv_sample_us 100 -stor_level_weights 4 3 2 0,16256,1,0,0.0,0.0,0.0,16256,grade,16256,7219.65,3947.187966350889,7051.793500000001,7219.65,3947.187966350889,1,4026.825,6865.6025,7173.4823,7051.793500000001,all_to_all_cct_us,7219.65,0,full_global_p16_256mib_background_off,13,20427d53cb40a34632ad4b93722726c89b4713dc6c0bc86529e0861b6a0da1ed,16256,grade_gentle,,,,,,,,,,,,,,,,,,,,,,,,,,,,,,,,,,,,,,,,,,,,,,,,,,,,,,,,,,,,,,,,,,,,,,,,,,,
18581,0,19344445,18099,409356,0,0,4096,124359,4796,8323072,0,0,0,0,0,0,0,0,0,0,0,0,0,0,0,0,0,0,0,0,0,0,0,0,0,0,0,0,0,0,0,0,0,0,0,0,0,0,0,0,0,0,0,0,0,0,0,0,0,0,0,0,0,0,0,0,0,0,0,0,0,0,0,0,0,0,0,0,0,0,0,0,2,0,8851586,8,8,8,3395.86,128,0.205746,0.01,0.34,349760,0,5081146,433551,0,0,0,0,0,0,0,0,0,0,8411730,92496,0,2301164,317030,330048,13018,0,575189,0,142052,433137,0,0,134,384983,1674550,1359304,5432749,0,0,0,0,0,0,0,0,0,0,0,0,0,0,0,0,0,0,0,170345,170298,6111772,2302305,0,433551,0,0,0,0,5544,168869,459305,359328,1,/home/user/workspace/csg-htsim/.worktrees/four-scheme-parameter-coupling/sim/datacenter/htsim_roce -o /home/user/workspace/csg-htsim/.worktrees/four-scheme-parameter-coupling/experiments/n-mrc/output/four_scheme_parameter_matrix_20260726/raw/full_global_p16_256mib_background_off/grade_gentle/seed_29/logout.dat -tm /home/user/workspace/csg-htsim/.worktrees/four-scheme-parameter-coupling/experiments/n-mrc/output/four_scheme_parameter_matrix_20260726/traffic/n128_full_global_p16_256mib_background_off_seed29.cm -nodes 128 -conns 16256 -tiers 2 -lb grade -linkspeed 400000 -queue_type composite_ecn_lb -host_queue_type prio -mtu 4096 -end 100000 -paths 8 -seed 29 -cc dcqcn_variant -roce_rx_mode sp -roce_sack_bitmap_bits 64 -roce_transport_semantics mrc_exact_bounded -roce_trim_recovery exact -hop_latency 0.5 -switch_latency 0.5 -queue_cv_sample_us 100 -stor_level_weights 4 3 2 0,16256,1,0,0.0,0.0,0.0,16256,grade,16256,7409.97,3964.1126195250927,7091.225,7409.97,3964.1126195250927,1,4044.995,6889.915,7273.052300000002,7091.225,all_to_all_cct_us,7409.97,0,full_global_p16_256mib_background_off,29,b6e964e539c454f6ad030e2ea13146ec010ba047b1f252b5671a422f95abc00f,16256,grade_gentle,,,,,,,,,,,,,,,,,,,,,,,,,,,,,,,,,,,,,,,,,,,,,,,,,,,,,,,,,,,,,,,,,,,,,,,,,,,
17363,0,19086312,18323,395639,0,0,4096,113151,4568,8323072,0,0,0,0,0,0,0,0,0,0,0,0,0,0,0,0,0,0,0,0,0,0,0,0,0,0,0,0,0,0,0,0,0,0,0,0,0,0,0,0,0,0,0,0,0,0,0,0,0,0,0,0,0,0,0,0,0,0,0,0,0,0,0,0,0,0,0,0,0,0,0,0,5,0,8827400,8,8,8,3343.62,128,0.203533,0.01,0.34,349696,0,5144021,418068,0,0,0,0,0,0,0,0,0,0,8403664,84421,0,2338716,316418,329271,12853,0,549041,0,131167,417874,0,0,166,390277,1675830,1365609,5395684,0,0,0,0,0,0,0,0,0,0,0,0,0,0,0,0,0,0,0,170173,170099,6065814,2339453,0,418068,0,0,0,0,5523,172969,460233,351348,1,/home/user/workspace/csg-htsim/.worktrees/four-scheme-parameter-coupling/sim/datacenter/htsim_roce -o /home/user/workspace/csg-htsim/.worktrees/four-scheme-parameter-coupling/experiments/n-mrc/output/four_scheme_parameter_matrix_20260726/raw/full_global_p16_256mib_background_off/grade_gentle/seed_47/logout.dat -tm /home/user/workspace/csg-htsim/.worktrees/four-scheme-parameter-coupling/experiments/n-mrc/output/four_scheme_parameter_matrix_20260726/traffic/n128_full_global_p16_256mib_background_off_seed47.cm -nodes 128 -conns 16256 -tiers 2 -lb grade -linkspeed 400000 -queue_type composite_ecn_lb -host_queue_type prio -mtu 4096 -end 100000 -paths 8 -seed 47 -cc dcqcn_variant -roce_rx_mode sp -roce_sack_bitmap_bits 64 -roce_transport_semantics mrc_exact_bounded -roce_trim_recovery exact -hop_latency 0.5 -switch_latency 0.5 -queue_cv_sample_us 100 -stor_level_weights 4 3 2 0,16256,1,0,0.0,0.0,0.0,16256,grade,16256,7365.24,3965.226821050705,7077.777500000001,7365.24,3965.226821050705,1,4054.84,6883.912499999999,7200.564700000003,7077.777500000001,all_to_all_cct_us,7365.24,0,full_global_p16_256mib_background_off,47,f40783e501c2c5ae9fd8b796ffa1726ea6b78ea62afb0238fce5bf70f4f7bd5c,16256,grade_gentle,,,,,,,,,,,,,,,,,,,,,,,,,,,,,,,,,,,,,,,,,,,,,,,,,,,,,,,,,,,,,,,,,,,,,,,,,,,
11304,0,19963068,13417,425405,0,0,4096,174645,3621,8323072,0,0,0,0,0,0,0,0,0,0,0,0,0,0,0,0,0,0,0,0,0,0,0,0,0,0,0,0,0,0,0,0,0,0,0,0,0,0,0,0,0,0,0,0,0,0,0,0,0,0,0,0,0,0,0,0,0,0,0,0,0,0,0,0,0,0,0,0,0,0,0,1,7,0,8918708,8,8,8,2867.77,128,0.304191,0.01,0.24,349952,0,3532241,440929,0,0,0,0,0,0,0,0,0,0,8469109,148986,0,1574512,294099,307161,13062,0,628392,0,187831,440561,0,0,145,171677,286323,325189,8135519,0,0,0,0,0,0,0,0,0,0,0,0,0,0,0,0,0,0,0,415260,415259,6898049,1576640,0,440929,0,0,0,0,183,4269,424536,717595,1,/home/user/workspace/csg-htsim/.worktrees/four-scheme-parameter-coupling/sim/datacenter/htsim_roce -o /home/user/workspace/csg-htsim/.worktrees/four-scheme-parameter-coupling/experiments/n-mrc/output/four_scheme_parameter_matrix_20260726/raw/full_global_p16_256mib_background_off/grade_sensitive/seed_13/logout.dat -tm /home/user/workspace/csg-htsim/.worktrees/four-scheme-parameter-coupling/experiments/n-mrc/output/four_scheme_parameter_matrix_20260726/traffic/n128_full_global_p16_256mib_background_off_seed13.cm -nodes 128 -conns 16256 -tiers 2 -lb grade -linkspeed 400000 -queue_type composite_ecn_lb -host_queue_type prio -mtu 4096 -end 100000 -paths 8 -seed 13 -cc dcqcn_variant -roce_rx_mode sp -roce_sack_bitmap_bits 64 -roce_transport_semantics mrc_exact_bounded -roce_trim_recovery exact -hop_latency 0.5 -switch_latency 0.5 -queue_cv_sample_us 100 -stor_level_weights 4 2 1 0 -stor_level_thresholds 10 8 4,16256,1,0,0.0,0.0,0.0,16256,grade,16256,6723.85,3572.6235783095294,6512.9915,6723.85,3572.6235783095294,1,3638.2799999999997,6285.25,6643.511700000004,6512.9915,all_to_all_cct_us,6723.85,0,full_global_p16_256mib_background_off,13,20427d53cb40a34632ad4b93722726c89b4713dc6c0bc86529e0861b6a0da1ed,16256,grade_sensitive,,,,,,,,,,,,,,,,,,,,,,,,,,,,,,,,,,,,,,,,,,,,,,,,,,,,,,,,,,,,,,,,,,,,,,,,,,,
14137,0,20279597,17080,444445,0,0,4096,166010,4325,8323072,0,0,0,0,0,0,0,0,0,0,0,0,0,0,0,0,0,0,0,0,0,0,0,0,0,0,0,0,0,0,0,0,0,0,0,0,0,0,0,0,0,0,0,0,0,0,0,0,0,0,0,0,0,0,0,0,0,0,0,0,0,0,0,0,0,0,0,0,0,0,0,0,2,0,8928471,8,8,8,2862.92,128,0.319413,0.01,0.25,349568,0,3369412,463784,0,0,0,0,0,0,0,0,0,0,8455464,135274,0,1485782,293274,306850,13576,0,645996,0,182800,463196,0,0,239,163375,274361,308811,8181924,0,0,0,0,0,0,0,0,0,0,0,0,0,0,0,0,0,0,0,399781,399781,6973395,1488215,0,463784,0,0,0,0,174,3874,406054,697323,1,/home/user/workspace/csg-htsim/.worktrees/four-scheme-parameter-coupling/sim/datacenter/htsim_roce -o /home/user/workspace/csg-htsim/.worktrees/four-scheme-parameter-coupling/experiments/n-mrc/output/four_scheme_parameter_matrix_20260726/raw/full_global_p16_256mib_background_off/grade_sensitive/seed_29/logout.dat -tm /home/user/workspace/csg-htsim/.worktrees/four-scheme-parameter-coupling/experiments/n-mrc/output/four_scheme_parameter_matrix_20260726/traffic/n128_full_global_p16_256mib_background_off_seed29.cm -nodes 128 -conns 16256 -tiers 2 -lb grade -linkspeed 400000 -queue_type composite_ecn_lb -host_queue_type prio -mtu 4096 -end 100000 -paths 8 -seed 29 -cc dcqcn_variant -roce_rx_mode sp -roce_sack_bitmap_bits 64 -roce_transport_semantics mrc_exact_bounded -roce_trim_recovery exact -hop_latency 0.5 -switch_latency 0.5 -queue_cv_sample_us 100 -stor_level_weights 4 2 1 0 -stor_level_thresholds 10 8 4,16256,1,0,0.0,0.0,0.0,16256,grade,16256,6771.15,3552.895520054121,6535.325000000001,6771.15,3552.895520054121,1,3616.24,6298.107499999999,6677.655300000001,6535.325000000001,all_to_all_cct_us,6771.15,0,full_global_p16_256mib_background_off,29,b6e964e539c454f6ad030e2ea13146ec010ba047b1f252b5671a422f95abc00f,16256,grade_sensitive,,,,,,,,,,,,,,,,,,,,,,,,,,,,,,,,,,,,,,,,,,,,,,,,,,,,,,,,,,,,,,,,,,,,,,,,,,,
12690,0,20376734,19506,406508,0,0,4096,175835,3538,8323072,0,0,0,0,0,0,0,0,0,0,0,0,0,0,0,0,0,0,0,0,0,0,0,0,0,0,0,0,0,0,0,0,0,0,0,0,0,0,0,0,0,0,0,0,0,0,0,0,0,0,0,0,0,0,0,0,0,0,0,0,0,0,0,0,0,0,0,0,0,0,0,1,5,0,8901327,8,8,8,2772.28,128,0.215423,0.01,0.24,349632,0,3493234,423499,0,0,0,0,0,0,0,0,0,0,8467279,147033,0,1558848,293518,305568,12050,0,618073,0,195079,422994,0,0,429,167358,275927,312062,8145980,0,0,0,0,0,0,0,0,0,0,0,0,0,0,0,0,0,0,0,406526,406518,6913711,1561118,0,423499,0,0,0,0,161,3153,409360,701762,1,/home/user/workspace/csg-htsim/.worktrees/four-scheme-parameter-coupling/sim/datacenter/htsim_roce -o /home/user/workspace/csg-htsim/.worktrees/four-scheme-parameter-coupling/experiments/n-mrc/output/four_scheme_parameter_matrix_20260726/raw/full_global_p16_256mib_background_off/grade_sensitive/seed_47/logout.dat -tm /home/user/workspace/csg-htsim/.worktrees/four-scheme-parameter-coupling/experiments/n-mrc/output/four_scheme_parameter_matrix_20260726/traffic/n128_full_global_p16_256mib_background_off_seed47.cm -nodes 128 -conns 16256 -tiers 2 -lb grade -linkspeed 400000 -queue_type composite_ecn_lb -host_queue_type prio -mtu 4096 -end 100000 -paths 8 -seed 47 -cc dcqcn_variant -roce_rx_mode sp -roce_sack_bitmap_bits 64 -roce_transport_semantics mrc_exact_bounded -roce_trim_recovery exact -hop_latency 0.5 -switch_latency 0.5 -queue_cv_sample_us 100 -stor_level_weights 4 2 1 0 -stor_level_thresholds 10 8 4,16256,1,0,0.0,0.0,0.0,16256,grade,16256,6907.94,3547.817761749494,6467.804,6907.94,3547.817761749494,1,3609.79,6227.805,6757.016000000005,6467.804,all_to_all_cct_us,6907.94,0,full_global_p16_256mib_background_off,47,f40783e501c2c5ae9fd8b796ffa1726ea6b78ea62afb0238fce5bf70f4f7bd5c,16256,grade_sensitive,,,,,,,,,,,,,,,,,,,,,,,,,,,,,,,,,,,,,,,,,,,,,,,,,,,,,,,,,,,,,,,,,,,,,,,,,,,
19872,0,19057039,16741,442041,0,0,4096,112372,4900,8323072,0,0,0,0,0,0,0,0,0,0,0,0,0,0,0,0,0,0,0,0,0,0,0,0,0,0,0,0,0,0,0,0,0,0,0,0,0,0,0,0,0,0,0,0,0,0,0,0,0,0,0,0,0,0,0,0,0,0,0,0,0,0,0,0,0,0,0,0,0,0,0,0,7,0,8872858,8,8,8,3431.58,128,0.213533,0.01,0.36,349696,0,5504231,467499,0,0,0,0,0,0,0,0,0,0,8399106,80107,0,2534782,333389,348279,14890,0,595922,0,128760,467162,0,0,64,396870,1284172,1147718,6044098,0,0,0,0,0,0,0,0,0,0,0,0,0,0,0,0,0,0,0,173629,173548,5865256,2535854,0,467499,0,0,0,0,5915,172483,457664,289260,1,/home/user/workspace/csg-htsim/.worktrees/four-scheme-parameter-coupling/sim/datacenter/htsim_roce -o /home/user/workspace/csg-htsim/.worktrees/four-scheme-parameter-coupling/experiments/n-mrc/output/four_scheme_parameter_matrix_20260726/raw/full_global_p16_256mib_background_off/grade_sharp/seed_13/logout.dat -tm /home/user/workspace/csg-htsim/.worktrees/four-scheme-parameter-coupling/experiments/n-mrc/output/four_scheme_parameter_matrix_20260726/traffic/n128_full_global_p16_256mib_background_off_seed13.cm -nodes 128 -conns 16256 -tiers 2 -lb grade -linkspeed 400000 -queue_type composite_ecn_lb -host_queue_type prio -mtu 4096 -end 100000 -paths 8 -seed 13 -cc dcqcn_variant -roce_rx_mode sp -roce_sack_bitmap_bits 64 -roce_transport_semantics mrc_exact_bounded -roce_trim_recovery exact -hop_latency 0.5 -switch_latency 0.5 -queue_cv_sample_us 100 -stor_level_weights 8 2 1 0,16256,1,0,0.0,0.0,0.0,16256,grade,16256,7682.18,4233.35423296013,7534.511,7682.18,4233.35423296013,1,4312.68,7356.937499999999,7641.099500000001,7534.511,all_to_all_cct_us,7682.18,0,full_global_p16_256mib_background_off,13,20427d53cb40a34632ad4b93722726c89b4713dc6c0bc86529e0861b6a0da1ed,16256,grade_sharp,,,,,,,,,,,,,,,,,,,,,,,,,,,,,,,,,,,,,,,,,,,,,,,,,,,,,,,,,,,,,,,,,,,,,,,,,,,
19948,0,18685246,15044,455977,0,0,4096,113541,4705,8323072,0,0,0,0,0,0,0,0,0,0,0,0,0,0,0,0,0,0,0,0,0,0,0,0,0,0,0,0,0,0,0,0,0,0,0,0,0,0,0,0,0,0,0,0,0,0,0,0,0,0,0,0,0,0,0,0,0,0,0,0,0,0,0,0,0,0,0,0,0,0,0,0,2,0,8887742,8,8,8,3568.78,128,0.206331,0.01,0.38,349760,0,5638823,481646,0,0,0,0,0,0,0,0,0,0,8398970,80024,0,2574707,334002,349217,15215,0,609214,0,128215,480999,0,0,12,410302,1320248,1168109,5989083,0,0,0,0,0,0,0,0,0,0,0,0,0,0,0,0,0,0,0,177548,177408,5825306,2576529,0,481646,0,0,0,0,6140,182588,464798,289024,1,/home/user/workspace/csg-htsim/.worktrees/four-scheme-parameter-coupling/sim/datacenter/htsim_roce -o /home/user/workspace/csg-htsim/.worktrees/four-scheme-parameter-coupling/experiments/n-mrc/output/four_scheme_parameter_matrix_20260726/raw/full_global_p16_256mib_background_off/grade_sharp/seed_29/logout.dat -tm /home/user/workspace/csg-htsim/.worktrees/four-scheme-parameter-coupling/experiments/n-mrc/output/four_scheme_parameter_matrix_20260726/traffic/n128_full_global_p16_256mib_background_off_seed29.cm -nodes 128 -conns 16256 -tiers 2 -lb grade -linkspeed 400000 -queue_type composite_ecn_lb -host_queue_type prio -mtu 4096 -end 100000 -paths 8 -seed 29 -cc dcqcn_variant -roce_rx_mode sp -roce_sack_bitmap_bits 64 -roce_transport_semantics mrc_exact_bounded -roce_trim_recovery exact -hop_latency 0.5 -switch_latency 0.5 -queue_cv_sample_us 100 -stor_level_weights 8 2 1 0,16256,1,0,0.0,0.0,0.0,16256,grade,16256,7779.04,4259.474837352353,7558.329,7779.04,4259.474837352353,1,4334.9,7377.112500000001,7686.793050000001,7558.329,all_to_all_cct_us,7779.04,0,full_global_p16_256mib_background_off,29,b6e964e539c454f6ad030e2ea13146ec010ba047b1f252b5671a422f95abc00f,16256,grade_sharp,,,,,,,,,,,,,,,,,,,,,,,,,,,,,,,,,,,,,,,,,,,,,,,,,,,,,,,,,,,,,,,,,,,,,,,,,,,
19188,0,18928021,15863,432155,0,0,4096,112666,4899,8323072,0,0,0,0,0,0,0,0,0,0,0,0,0,0,0,0,0,0,0,0,0,0,0,0,0,0,0,0,0,0,0,0,0,0,0,0,0,0,0,0,0,0,0,0,0,0,0,0,0,0,0,0,0,0,0,0,0,0,0,0,0,0,0,0,0,0,0,0,0,0,0,0,5,0,8863435,8,8,8,3510.8,128,0.2552,0.01,0.37,349632,0,5450820,457172,0,0,0,0,0,0,0,0,0,0,8398589,79755,0,2520486,332826,347139,14313,0,584771,0,128248,456523,0,0,119,398616,1267935,1148448,6048436,0,0,0,0,0,0,0,0,0,0,0,0,0,0,0,0,0,0,0,173380,173265,5879440,2522227,0,457172,0,0,0,0,5788,174569,458766,287311,1,/home/user/workspace/csg-htsim/.worktrees/four-scheme-parameter-coupling/sim/datacenter/htsim_roce -o /home/user/workspace/csg-htsim/.worktrees/four-scheme-parameter-coupling/experiments/n-mrc/output/four_scheme_parameter_matrix_20260726/raw/full_global_p16_256mib_background_off/grade_sharp/seed_47/logout.dat -tm /home/user/workspace/csg-htsim/.worktrees/four-scheme-parameter-coupling/experiments/n-mrc/output/four_scheme_parameter_matrix_20260726/traffic/n128_full_global_p16_256mib_background_off_seed47.cm -nodes 128 -conns 16256 -tiers 2 -lb grade -linkspeed 400000 -queue_type composite_ecn_lb -host_queue_type prio -mtu 4096 -end 100000 -paths 8 -seed 47 -cc dcqcn_variant -roce_rx_mode sp -roce_sack_bitmap_bits 64 -roce_transport_semantics mrc_exact_bounded -roce_trim_recovery exact -hop_latency 0.5 -switch_latency 0.5 -queue_cv_sample_us 100 -stor_level_weights 8 2 1 0,16256,1,0,0.0,0.0,0.0,16256,grade,16256,7726.25,4237.318023068399,7536.0105,7726.25,4237.318023068399,1,4309.775,7353.887500000001,7648.22795,7536.0105,all_to_all_cct_us,7726.25,0,full_global_p16_256mib_background_off,47,f40783e501c2c5ae9fd8b796ffa1726ea6b78ea62afb0238fce5bf70f4f7bd5c,16256,grade_sharp,,,,,,,,,,,,,,,,,,,,,,,,,,,,,,,,,,,,,,,,,,,,,,,,,,,,,,,,,,,,,,,,,,,,,,,,,,,
24445,0,24538452,23469,693311,0,0,4096,195919,9035,8323072,0,0,0,0,0,0,0,0,0,0,0,0,0,0,0,0,0,0,0,0,0,0,0,0,0,0,0,0,0,0,0,0,0,0,0,0,0,0,0,0,0,0,0,0,0,0,0,0,0,0,0,0,0,0,0,0,0,0,0,0,0,0,0,125461,8469177,413712,320496,320496,11377570,8471510,0,0,5,0,9202797,8,8,8,3628.27,128,0.176738,0.01,0.36,349760,0,3336239,727915,0,0,0,0,0,0,0,0,0,0,8466512,146445,0,1488860,320188,320188,0,413068,946176,0,218761,727415,0,0,111,1635,212776,866603,8121783,0,0,0,0,0,0,0,0,0,0,0,0,0,0,0,0,0,0,0,0,0,0,0,255,0,49,1635,582812,684729,0,0,0,0,1,/home/user/workspace/csg-htsim/.worktrees/four-scheme-parameter-coupling/sim/datacenter/htsim_roce -o /home/user/workspace/csg-htsim/.worktrees/four-scheme-parameter-coupling/experiments/n-mrc/output/four_scheme_parameter_matrix_20260726/raw/full_global_p16_256mib_background_off/netaware_default_off/seed_13/logout.dat -tm /home/user/workspace/csg-htsim/.worktrees/four-scheme-parameter-coupling/experiments/n-mrc/output/four_scheme_parameter_matrix_20260726/traffic/n128_full_global_p16_256mib_background_off_seed13.cm -nodes 128 -conns 16256 -tiers 2 -lb netaware -linkspeed 400000 -queue_type composite_ecn_lb -host_queue_type prio -mtu 4096 -end 100000 -paths 8 -seed 13 -cc dcqcn_variant -roce_rx_mode sp -roce_sack_bitmap_bits 64 -roce_transport_semantics mrc_exact_bounded -roce_trim_recovery exact -hop_latency 0.5 -switch_latency 0.5 -queue_cv_sample_us 100 -netaware_level_weights 4 2 1 0 -netaware_weight_adaptation off,16256,1,0,0.0,0.0,0.0,16256,netaware,16256,7214.44,3673.450191190932,6853.164500000003,7214.44,3673.450191190932,1,3653.225,6533.889999999999,7067.799200000001,6853.164500000003,all_to_all_cct_us,7214.44,0,full_global_p16_256mib_background_off,13,20427d53cb40a34632ad4b93722726c89b4713dc6c0bc86529e0861b6a0da1ed,16256,netaware_default_off,,,,,,,,,,,,,,,,,,,,,,,,,,,,,,,,,,,,,,,,,,,,,,,,,,,,,,,,,,,,,,,,,,,,,,,,,,,
23461,0,23729670,21494,615816,0,0,4096,185531,7316,8323072,0,0,0,0,0,0,0,0,0,0,0,0,0,0,0,0,0,0,0,0,0,0,0,0,0,0,0,0,0,0,0,0,0,0,0,0,0,0,0,0,0,0,0,0,0,0,0,0,0,0,0,0,0,0,0,0,0,0,0,0,0,0,0,90546,8463240,453325,308981,308981,12439599,8465818,0,0,0,0,9116603,8,8,8,4036.08,128,0.166311,0.01,0.41,349824,0,3680529,647452,0,0,0,0,0,0,0,0,0,0,8462024,141985,0,1644177,308747,308747,0,452879,853618,0,206514,647104,0,0,88,1015,232123,973269,7910196,0,0,0,0,0,0,0,0,0,0,0,0,0,0,0,0,0,0,0,0,0,0,0,255,0,43,1015,647718,772921,0,0,0,0,1,/home/user/workspace/csg-htsim/.worktrees/four-scheme-parameter-coupling/sim/datacenter/htsim_roce -o /home/user/workspace/csg-htsim/.worktrees/four-scheme-parameter-coupling/experiments/n-mrc/output/four_scheme_parameter_matrix_20260726/raw/full_global_p16_256mib_background_off/netaware_default_off/seed_29/logout.dat -tm /home/user/workspace/csg-htsim/.worktrees/four-scheme-parameter-coupling/experiments/n-mrc/output/four_scheme_parameter_matrix_20260726/traffic/n128_full_global_p16_256mib_background_off_seed29.cm -nodes 128 -conns 16256 -tiers 2 -lb netaware -linkspeed 400000 -queue_type composite_ecn_lb -host_queue_type prio -mtu 4096 -end 100000 -paths 8 -seed 29 -cc dcqcn_variant -roce_rx_mode sp -roce_sack_bitmap_bits 64 -roce_transport_semantics mrc_exact_bounded -roce_trim_recovery exact -hop_latency 0.5 -switch_latency 0.5 -queue_cv_sample_us 100 -netaware_level_weights 4 2 1 0 -netaware_weight_adaptation off,16256,1,0,0.0,0.0,0.0,16256,netaware,16256,6742.31,3616.556207984767,6522.935,6742.31,3616.556207984767,1,3645.045,6286.55,6669.474950000002,6522.935,all_to_all_cct_us,6742.31,0,full_global_p16_256mib_background_off,29,b6e964e539c454f6ad030e2ea13146ec010ba047b1f252b5671a422f95abc00f,16256,netaware_default_off,,,,,,,,,,,,,,,,,,,,,,,,,,,,,,,,,,,,,,,,,,,,,,,,,,,,,,,,,,,,,,,,,,,,,,,,,,,
20548,0,22510171,19287,547605,0,0,4096,181080,6629,8323072,0,0,0,0,0,0,0,0,0,0,0,0,0,0,0,0,0,0,0,0,0,0,0,0,0,0,0,0,0,0,0,0,0,0,0,0,0,0,0,0,0,0,0,0,0,0,0,0,0,0,0,0,0,0,0,0,0,0,0,0,0,0,0,81885,8463770,478369,304637,304637,13264353,8466523,0,1,5,0,9045156,8,8,8,4240,128,0.191401,0.01,0.42,349824,0,3892172,575503,0,0,0,0,0,0,0,0,0,0,8462065,141863,0,1741238,304371,304371,0,477789,775149,0,200005,575144,0,0,52,1231,247511,1020299,7776115,0,0,0,0,0,0,0,0,0,0,0,0,0,0,0,0,0,0,0,0,0,0,0,255,0,52,1231,669458,769149,0,0,0,0,1,/home/user/workspace/csg-htsim/.worktrees/four-scheme-parameter-coupling/sim/datacenter/htsim_roce -o /home/user/workspace/csg-htsim/.worktrees/four-scheme-parameter-coupling/experiments/n-mrc/output/four_scheme_parameter_matrix_20260726/raw/full_global_p16_256mib_background_off/netaware_default_off/seed_47/logout.dat -tm /home/user/workspace/csg-htsim/.worktrees/four-scheme-parameter-coupling/experiments/n-mrc/output/four_scheme_parameter_matrix_20260726/traffic/n128_full_global_p16_256mib_background_off_seed47.cm -nodes 128 -conns 16256 -tiers 2 -lb netaware -linkspeed 400000 -queue_type composite_ecn_lb -host_queue_type prio -mtu 4096 -end 100000 -paths 8 -seed 47 -cc dcqcn_variant -roce_rx_mode sp -roce_sack_bitmap_bits 64 -roce_transport_semantics mrc_exact_bounded -roce_trim_recovery exact -hop_latency 0.5 -switch_latency 0.5 -queue_cv_sample_us 100 -netaware_level_weights 4 2 1 0 -netaware_weight_adaptation off,16256,1,0,0.0,0.0,0.0,16256,netaware,16256,6728.59,3598.2004009596403,6439.137500000001,6728.59,3598.2004009596403,1,3649.4700000000003,6216.6275,6613.559500000001,6439.137500000001,all_to_all_cct_us,6728.59,0,full_global_p16_256mib_background_off,47,f40783e501c2c5ae9fd8b796ffa1726ea6b78ea62afb0238fce5bf70f4f7bd5c,16256,netaware_default_off,,,,,,,,,,,,,,,,,,,,,,,,,,,,,,,,,,,,,,,,,,,,,,,,,,,,,,,,,,,,,,,,,,,,,,,,,,,
20981,0,24239617,25903,785530,0,0,4096,211093,8783,8323072,0,0,0,0,0,0,0,0,0,0,0,0,0,0,0,0,0,0,0,0,0,0,0,0,0,0,0,0,0,0,0,0,0,0,0,0,0,0,0,0,0,0,0,0,0,0,0,0,0,0,0,0,0,0,0,0,0,0,0,0,0,0,0,183255,8486243,262457,327465,327465,7371322,8488683,0,0,5,0,9308453,8,8,8,2995.05,128,0.236297,0.01,0.28,349632,0,2206447,816621,0,0,0,0,0,0,0,0,0,0,8486288,165993,0,951874,327308,327308,0,262295,1052290,0,236042,816248,0,0,266,23123,419596,1012905,7852829,0,0,0,0,0,0,0,0,0,0,0,0,0,0,0,0,0,0,0,0,0,0,0,255,0,272,23123,346965,550588,0,0,0,0,1,/home/user/workspace/csg-htsim/.worktrees/four-scheme-parameter-coupling/sim/datacenter/htsim_roce -o /home/user/workspace/csg-htsim/.worktrees/four-scheme-parameter-coupling/experiments/n-mrc/output/four_scheme_parameter_matrix_20260726/raw/full_global_p16_256mib_background_off/netaware_equal/seed_13/logout.dat -tm /home/user/workspace/csg-htsim/.worktrees/four-scheme-parameter-coupling/experiments/n-mrc/output/four_scheme_parameter_matrix_20260726/traffic/n128_full_global_p16_256mib_background_off_seed13.cm -nodes 128 -conns 16256 -tiers 2 -lb netaware -linkspeed 400000 -queue_type composite_ecn_lb -host_queue_type prio -mtu 4096 -end 100000 -paths 8 -seed 13 -cc dcqcn_variant -roce_rx_mode sp -roce_sack_bitmap_bits 64 -roce_transport_semantics mrc_exact_bounded -roce_trim_recovery exact -hop_latency 0.5 -switch_latency 0.5 -queue_cv_sample_us 100 -netaware_level_weights 4 4 4 0 -netaware_weight_adaptation off,16256,1,0,0.0,0.0,0.0,16256,netaware,16256,7321.73,3631.217684670269,7034.160000000001,7321.73,3631.217684670269,1,3543.885,6685.2975,7235.90105,7034.160000000001,all_to_all_cct_us,7321.73,0,full_global_p16_256mib_background_off,13,20427d53cb40a34632ad4b93722726c89b4713dc6c0bc86529e0861b6a0da1ed,16256,netaware_equal,,,,,,,,,,,,,,,,,,,,,,,,,,,,,,,,,,,,,,,,,,,,,,,,,,,,,,,,,,,,,,,,,,,,,,,,,,,
17925,0,22174634,20964,638372,0,0,4096,191689,6679,8323072,0,0,0,0,0,0,0,0,0,0,0,0,0,0,0,0,0,0,0,0,0,0,0,0,0,0,0,0,0,0,0,0,0,0,0,0,0,0,0,0,0,0,0,0,0,0,0,0,0,0,0,0,0,0,0,0,0,0,0,0,0,0,0,141480,8476001,311215,312838,312838,8818106,8478833,0,0,0,0,9145540,8,8,8,3318.98,128,0.204739,0.01,0.31,349632,0,2604334,663611,0,0,0,0,0,0,0,0,0,0,8476174,155869,0,1142396,312675,312675,0,311061,875628,0,212194,663434,0,0,187,6320,505429,1224517,7409274,0,0,0,0,0,0,0,0,0,0,0,0,0,0,0,0,0,0,0,0,0,0,0,255,0,225,6320,412239,643883,0,0,0,0,1,/home/user/workspace/csg-htsim/.worktrees/four-scheme-parameter-coupling/sim/datacenter/htsim_roce -o /home/user/workspace/csg-htsim/.worktrees/four-scheme-parameter-coupling/experiments/n-mrc/output/four_scheme_parameter_matrix_20260726/raw/full_global_p16_256mib_background_off/netaware_equal/seed_29/logout.dat -tm /home/user/workspace/csg-htsim/.worktrees/four-scheme-parameter-coupling/experiments/n-mrc/output/four_scheme_parameter_matrix_20260726/traffic/n128_full_global_p16_256mib_background_off_seed29.cm -nodes 128 -conns 16256 -tiers 2 -lb netaware -linkspeed 400000 -queue_type composite_ecn_lb -host_queue_type prio -mtu 4096 -end 100000 -paths 8 -seed 29 -cc dcqcn_variant -roce_rx_mode sp -roce_sack_bitmap_bits 64 -roce_transport_semantics mrc_exact_bounded -roce_trim_recovery exact -hop_latency 0.5 -switch_latency 0.5 -queue_cv_sample_us 100 -netaware_level_weights 4 4 4 0 -netaware_weight_adaptation off,16256,1,0,0.0,0.0,0.0,16256,netaware,16256,7067.04,3525.8725917199754,6724.365000000001,7067.04,3525.8725917199754,1,3520.9700000000003,6367.0925,6984.313750000004,6724.365000000001,all_to_all_cct_us,7067.04,0,full_global_p16_256mib_background_off,29,b6e964e539c454f6ad030e2ea13146ec010ba047b1f252b5671a422f95abc00f,16256,netaware_equal,,,,,,,,,,,,,,,,,,,,,,,,,,,,,,,,,,,,,,,,,,,,,,,,,,,,,,,,,,,,,,,,,,,,,,,,,,,
19444,0,24288260,27396,695858,0,0,4096,214281,7549,8323072,0,0,0,0,0,0,0,0,0,0,0,0,0,0,0,0,0,0,0,0,0,0,0,0,0,0,0,0,0,0,0,0,0,0,0,0,0,0,0,0,0,0,0,0,0,0,0,0,0,0,0,0,0,0,0,0,0,0,0,0,0,0,0,149984,8493658,285183,315409,315409,8002542,8496091,0,1,5,0,9223501,8,8,8,3337.33,128,0.16905,0.01,0.31,349760,0,2374153,723886,0,0,0,0,0,0,0,0,0,0,8492554,172564,0,1042369,315164,315164,0,284851,964528,0,240905,723623,0,0,255,17257,467777,1176145,7562322,0,0,0,0,0,0,0,0,0,0,0,0,0,0,0,0,0,0,0,0,0,0,0,255,0,275,17257,392509,633796,0,0,0,0,1,/home/user/workspace/csg-htsim/.worktrees/four-scheme-parameter-coupling/sim/datacenter/htsim_roce -o /home/user/workspace/csg-htsim/.worktrees/four-scheme-parameter-coupling/experiments/n-mrc/output/four_scheme_parameter_matrix_20260726/raw/full_global_p16_256mib_background_off/netaware_equal/seed_47/logout.dat -tm /home/user/workspace/csg-htsim/.worktrees/four-scheme-parameter-coupling/experiments/n-mrc/output/four_scheme_parameter_matrix_20260726/traffic/n128_full_global_p16_256mib_background_off_seed47.cm -nodes 128 -conns 16256 -tiers 2 -lb netaware -linkspeed 400000 -queue_type composite_ecn_lb -host_queue_type prio -mtu 4096 -end 100000 -paths 8 -seed 47 -cc dcqcn_variant -roce_rx_mode sp -roce_sack_bitmap_bits 64 -roce_transport_semantics mrc_exact_bounded -roce_trim_recovery exact -hop_latency 0.5 -switch_latency 0.5 -queue_cv_sample_us 100 -netaware_level_weights 4 4 4 0 -netaware_weight_adaptation off,16256,1,0,0.0,0.0,0.0,16256,netaware,16256,7169.98,3547.8651764271785,6781.002,7169.98,3547.8651764271785,1,3523.625,6355.44,7007.203450000012,6781.002,all_to_all_cct_us,7169.98,0,full_global_p16_256mib_background_off,47,f40783e501c2c5ae9fd8b796ffa1726ea6b78ea62afb0238fce5bf70f4f7bd5c,16256,netaware_equal,,,,,,,,,,,,,,,,,,,,,,,,,,,,,,,,,,,,,,,,,,,,,,,,,,,,,,,,,,,,,,,,,,,,,,,,,,,
24988,0,24838132,24939,711137,0,0,4096,213934,9361,8323072,0,0,0,0,0,0,0,0,0,0,0,0,0,0,0,0,0,0,0,0,0,0,0,0,0,0,0,0,0,0,0,0,0,0,0,0,0,0,0,0,0,0,0,0,0,0,0,0,0,0,0,0,0,0,0,0,0,0,0,0,0,0,0,139303,8486192,369581,319733,319733,10336410,8488866,0,0,5,0,9238800,8,8,8,3435.2,128,0.199199,0.01,0.33,349696,0,3017356,746489,0,0,0,0,0,0,0,0,0,0,8484061,164043,0,1337030,319421,319421,0,369192,984358,0,238205,746153,0,0,158,6186,348619,1069285,7814710,0,0,0,0,0,0,0,0,0,0,0,0,0,0,0,0,0,0,0,0,0,0,0,255,0,194,6186,498068,641412,0,0,0,0,1,/home/user/workspace/csg-htsim/.worktrees/four-scheme-parameter-coupling/sim/datacenter/htsim_roce -o /home/user/workspace/csg-htsim/.worktrees/four-scheme-parameter-coupling/experiments/n-mrc/output/four_scheme_parameter_matrix_20260726/raw/full_global_p16_256mib_background_off/netaware_gentle/seed_13/logout.dat -tm /home/user/workspace/csg-htsim/.worktrees/four-scheme-parameter-coupling/experiments/n-mrc/output/four_scheme_parameter_matrix_20260726/traffic/n128_full_global_p16_256mib_background_off_seed13.cm -nodes 128 -conns 16256 -tiers 2 -lb netaware -linkspeed 400000 -queue_type composite_ecn_lb -host_queue_type prio -mtu 4096 -end 100000 -paths 8 -seed 13 -cc dcqcn_variant -roce_rx_mode sp -roce_sack_bitmap_bits 64 -roce_transport_semantics mrc_exact_bounded -roce_trim_recovery exact -hop_latency 0.5 -switch_latency 0.5 -queue_cv_sample_us 100 -netaware_level_weights 4 3 2 0 -netaware_weight_adaptation off,16256,1,0,0.0,0.0,0.0,16256,netaware,16256,7270.46,3635.263914370065,6848.4125,7270.46,3635.263914370065,1,3608.2349999999997,6523.9125,7135.26995,6848.4125,all_to_all_cct_us,7270.46,0,full_global_p16_256mib_background_off,13,20427d53cb40a34632ad4b93722726c89b4713dc6c0bc86529e0861b6a0da1ed,16256,netaware_gentle,,,,,,,,,,,,,,,,,,,,,,,,,,,,,,,,,,,,,,,,,,,,,,,,,,,,,,,,,,,,,,,,,,,,,,,,,,,
28333,0,26196758,29815,780332,0,0,4096,225652,9460,8323072,0,0,0,0,0,0,0,0,0,0,0,0,0,0,0,0,0,0,0,0,0,0,0,0,0,0,0,0,0,0,0,0,0,0,0,0,0,0,0,0,0,0,0,0,0,0,0,0,0,0,0,0,0,0,0,0,0,0,0,0,0,0,0,152538,8492674,334223,323490,323490,9289142,8495264,0,0,0,0,9318157,8,8,8,3122.88,128,0.193753,0.01,0.29,349632,0,2758482,819314,0,0,0,0,0,0,0,0,0,0,8490174,170226,0,1215261,323192,323192,0,333745,1073592,0,254665,818927,0,0,160,3652,316500,1004903,7993102,0,0,0,0,0,0,0,0,0,0,0,0,0,0,0,0,0,0,0,0,0,0,0,255,0,93,3652,460150,621669,0,0,0,0,1,/home/user/workspace/csg-htsim/.worktrees/four-scheme-parameter-coupling/sim/datacenter/htsim_roce -o /home/user/workspace/csg-htsim/.worktrees/four-scheme-parameter-coupling/experiments/n-mrc/output/four_scheme_parameter_matrix_20260726/raw/full_global_p16_256mib_background_off/netaware_gentle/seed_29/logout.dat -tm /home/user/workspace/csg-htsim/.worktrees/four-scheme-parameter-coupling/experiments/n-mrc/output/four_scheme_parameter_matrix_20260726/traffic/n128_full_global_p16_256mib_background_off_seed29.cm -nodes 128 -conns 16256 -tiers 2 -lb netaware -linkspeed 400000 -queue_type composite_ecn_lb -host_queue_type prio -mtu 4096 -end 100000 -paths 8 -seed 29 -cc dcqcn_variant -roce_rx_mode sp -roce_sack_bitmap_bits 64 -roce_transport_semantics mrc_exact_bounded -roce_trim_recovery exact -hop_latency 0.5 -switch_latency 0.5 -queue_cv_sample_us 100 -netaware_level_weights 4 3 2 0 -netaware_weight_adaptation off,16256,1,0,0.0,0.0,0.0,16256,netaware,16256,7147.32,3653.6728869340564,6859.1815,7147.32,3653.6728869340564,1,3595.35,6599.5375,7046.298600000004,6859.1815,all_to_all_cct_us,7147.32,0,full_global_p16_256mib_background_off,29,b6e964e539c454f6ad030e2ea13146ec010ba047b1f252b5671a422f95abc00f,16256,netaware_gentle,,,,,,,,,,,,,,,,,,,,,,,,,,,,,,,,,,,,,,,,,,,,,,,,,,,,,,,,,,,,,,,,,,,,,,,,,,,
26218,0,25321851,28430,793287,0,0,4096,215723,9597,8323072,0,0,0,0,0,0,0,0,0,0,0,0,0,0,0,0,0,0,0,0,0,0,0,0,0,0,0,0,0,0,0,0,0,0,0,0,0,0,0,0,0,0,0,0,0,0,0,0,0,0,0,0,0,0,0,0,0,0,0,0,0,0,0,164539,8483677,324746,329516,329516,9035727,8486032,0,0,5,0,9320588,8,8,8,3243.36,128,0.172715,0.01,0.3,349760,0,2681874,830945,0,0,0,0,0,0,0,0,0,0,8480359,160426,0,1182680,329183,329183,0,323923,1073255,0,243288,829967,0,0,111,7193,302247,963778,8047370,0,0,0,0,0,0,0,0,0,0,0,0,0,0,0,0,0,0,0,0,0,0,0,255,0,145,7193,450216,602137,0,0,0,0,1,/home/user/workspace/csg-htsim/.worktrees/four-scheme-parameter-coupling/sim/datacenter/htsim_roce -o /home/user/workspace/csg-htsim/.worktrees/four-scheme-parameter-coupling/experiments/n-mrc/output/four_scheme_parameter_matrix_20260726/raw/full_global_p16_256mib_background_off/netaware_gentle/seed_47/logout.dat -tm /home/user/workspace/csg-htsim/.worktrees/four-scheme-parameter-coupling/experiments/n-mrc/output/four_scheme_parameter_matrix_20260726/traffic/n128_full_global_p16_256mib_background_off_seed47.cm -nodes 128 -conns 16256 -tiers 2 -lb netaware -linkspeed 400000 -queue_type composite_ecn_lb -host_queue_type prio -mtu 4096 -end 100000 -paths 8 -seed 47 -cc dcqcn_variant -roce_rx_mode sp -roce_sack_bitmap_bits 64 -roce_transport_semantics mrc_exact_bounded -roce_trim_recovery exact -hop_latency 0.5 -switch_latency 0.5 -queue_cv_sample_us 100 -netaware_level_weights 4 3 2 0 -netaware_weight_adaptation off,16256,1,0,0.0,0.0,0.0,16256,netaware,16256,7526.23,3679.907171998043,7195.603,7526.23,3679.907171998043,1,3596.005,6758.5675,7435.5205000000005,7195.603,all_to_all_cct_us,7526.23,0,full_global_p16_256mib_background_off,47,f40783e501c2c5ae9fd8b796ffa1726ea6b78ea62afb0238fce5bf70f4f7bd5c,16256,netaware_gentle,,,,,,,,,,,,,,,,,,,,,,,,,,,,,,,,,,,,,,,,,,,,,,,,,,,,,,,,,,,,,,,,,,,,,,,,,,,
19471,0,25302155,25907,869159,0,0,4096,233604,9051,8323072,0,0,0,0,0,0,0,0,0,0,0,0,0,0,0,0,0,0,0,0,0,0,0,0,0,0,0,0,0,0,0,0,0,0,0,0,0,0,0,0,0,0,0,0,0,0,0,0,0,0,0,0,0,0,0,0,0,0,0,0,0,0,0,179990,8508398,294183,336408,336408,8386198,8510858,0,0,5,0,9413485,8,8,8,2944.85,128,0.177654,0.01,0.28,349632,0,2336930,899084,0,0,0,0,0,0,0,0,0,0,8505206,185289,0,1046909,336071,336071,0,293626,1157190,0,258465,898725,0,0,130,336535,257074,778576,8041300,0,0,0,0,0,0,0,0,0,0,0,0,0,0,0,0,0,0,0,0,0,0,0,255,0,82,2157,420362,589127,0,0,0,0,1,/home/user/workspace/csg-htsim/.worktrees/four-scheme-parameter-coupling/sim/datacenter/htsim_roce -o /home/user/workspace/csg-htsim/.worktrees/four-scheme-parameter-coupling/experiments/n-mrc/output/four_scheme_parameter_matrix_20260726/raw/full_global_p16_256mib_background_off/netaware_goodcap/seed_13/logout.dat -tm /home/user/workspace/csg-htsim/.worktrees/four-scheme-parameter-coupling/experiments/n-mrc/output/four_scheme_parameter_matrix_20260726/traffic/n128_full_global_p16_256mib_background_off_seed13.cm -nodes 128 -conns 16256 -tiers 2 -lb netaware -linkspeed 400000 -queue_type composite_ecn_lb -host_queue_type prio -mtu 4096 -end 100000 -paths 8 -seed 13 -cc dcqcn_variant -roce_rx_mode sp -roce_sack_bitmap_bits 64 -roce_transport_semantics mrc_exact_bounded -roce_trim_recovery exact -hop_latency 0.5 -switch_latency 0.5 -queue_cv_sample_us 100 -netaware_level_weights 4 2 1 0 -netaware_weight_adaptation good_share_cap,16256,1,0,0.0,0.0,0.0,16256,netaware,16256,7735.42,3712.9532758366313,7334.824000000001,7735.42,3712.9532758366313,1,3571.975,6861.695,7580.423450000002,7334.824000000001,all_to_all_cct_us,7735.42,0,full_global_p16_256mib_background_off,13,20427d53cb40a34632ad4b93722726c89b4713dc6c0bc86529e0861b6a0da1ed,16256,netaware_goodcap,,,,,,,,,,,,,,,,,,,,,,,,,,,,,,,,,,,,,,,,,,,,,,,,,,,,,,,,,,,,,,,,,,,,,,,,,,,
16317,0,24656202,23778,682774,0,0,4096,218670,7053,8323072,0,0,0,0,0,0,0,0,0,0,0,0,0,0,0,0,0,0,0,0,0,0,0,0,0,0,0,0,0,0,0,0,0,0,0,0,0,0,0,0,0,0,0,0,0,0,0,0,0,0,0,0,0,0,0,0,0,0,0,0,0,0,0,110640,8501427,371231,308105,308105,10597908,8504035,0,1,0,0,9214921,8,8,8,3560.74,128,0.14443,0.01,0.35,349696,0,2978903,707038,0,0,0,0,0,0,0,0,0,0,8499412,179690,0,1322108,307830,307830,0,370661,948591,0,241810,706781,0,0,71,426457,326120,1008303,7454041,0,0,0,0,0,0,0,0,0,0,0,0,0,0,0,0,0,0,0,0,0,0,0,255,0,180,6547,535235,732159,0,0,0,0,1,/home/user/workspace/csg-htsim/.worktrees/four-scheme-parameter-coupling/sim/datacenter/htsim_roce -o /home/user/workspace/csg-htsim/.worktrees/four-scheme-parameter-coupling/experiments/n-mrc/output/four_scheme_parameter_matrix_20260726/raw/full_global_p16_256mib_background_off/netaware_goodcap/seed_29/logout.dat -tm /home/user/workspace/csg-htsim/.worktrees/four-scheme-parameter-coupling/experiments/n-mrc/output/four_scheme_parameter_matrix_20260726/traffic/n128_full_global_p16_256mib_background_off_seed29.cm -nodes 128 -conns 16256 -tiers 2 -lb netaware -linkspeed 400000 -queue_type composite_ecn_lb -host_queue_type prio -mtu 4096 -end 100000 -paths 8 -seed 29 -cc dcqcn_variant -roce_rx_mode sp -roce_sack_bitmap_bits 64 -roce_transport_semantics mrc_exact_bounded -roce_trim_recovery exact -hop_latency 0.5 -switch_latency 0.5 -queue_cv_sample_us 100 -netaware_level_weights 4 2 1 0 -netaware_weight_adaptation good_share_cap,16256,1,0,0.0,0.0,0.0,16256,netaware,16256,6736.69,3536.4667401574857,6469.8805,6736.69,3536.4667401574857,1,3521.395,6235.422499999999,6665.08075,6469.8805,all_to_all_cct_us,6736.69,0,full_global_p16_256mib_background_off,29,b6e964e539c454f6ad030e2ea13146ec010ba047b1f252b5671a422f95abc00f,16256,netaware_goodcap,,,,,,,,,,,,,,,,,,,,,,,,,,,,,,,,,,,,,,,,,,,,,,,,,,,,,,,,,,,,,,,,,,,,,,,,,,,
19074,0,25317897,26970,857355,0,0,4096,232592,8932,8323072,0,0,0,0,0,0,0,0,0,0,0,0,0,0,0,0,0,0,0,0,0,0,0,0,0,0,0,0,0,0,0,0,0,0,0,0,0,0,0,0,0,0,0,0,0,0,0,0,0,0,0,0,0,0,0,0,0,0,0,0,0,0,0,177225,8507757,296777,332272,332272,8460889,8510144,0,0,5,0,9400441,8,8,8,3055.73,128,0.157372,0.01,0.29,349696,0,2385611,886897,0,0,0,0,0,0,0,0,0,0,8504605,184543,0,1058245,331908,331908,0,295949,1144924,0,258430,886494,0,0,80,351805,254294,783491,8010851,0,0,0,0,0,0,0,0,0,0,0,0,0,0,0,0,0,0,0,0,0,0,0,255,0,84,2913,420620,574210,0,0,0,0,1,/home/user/workspace/csg-htsim/.worktrees/four-scheme-parameter-coupling/sim/datacenter/htsim_roce -o /home/user/workspace/csg-htsim/.worktrees/four-scheme-parameter-coupling/experiments/n-mrc/output/four_scheme_parameter_matrix_20260726/raw/full_global_p16_256mib_background_off/netaware_goodcap/seed_47/logout.dat -tm /home/user/workspace/csg-htsim/.worktrees/four-scheme-parameter-coupling/experiments/n-mrc/output/four_scheme_parameter_matrix_20260726/traffic/n128_full_global_p16_256mib_background_off_seed47.cm -nodes 128 -conns 16256 -tiers 2 -lb netaware -linkspeed 400000 -queue_type composite_ecn_lb -host_queue_type prio -mtu 4096 -end 100000 -paths 8 -seed 47 -cc dcqcn_variant -roce_rx_mode sp -roce_sack_bitmap_bits 64 -roce_transport_semantics mrc_exact_bounded -roce_trim_recovery exact -hop_latency 0.5 -switch_latency 0.5 -queue_cv_sample_us 100 -netaware_level_weights 4 2 1 0 -netaware_weight_adaptation good_share_cap,16256,1,0,0.0,0.0,0.0,16256,netaware,16256,7442.31,3686.87811109743,7163.0895,7442.31,3686.87811109743,1,3567.3450000000003,6771.4325,7363.406000000007,7163.0895,all_to_all_cct_us,7442.31,0,full_global_p16_256mib_background_off,47,f40783e501c2c5ae9fd8b796ffa1726ea6b78ea62afb0238fce5bf70f4f7bd5c,16256,netaware_goodcap,,,,,,,,,,,,,,,,,,,,,,,,,,,,,,,,,,,,,,,,,,,,,,,,,,,,,,,,,,,,,,,,,,,,,,,,,,,
22347,0,22602418,15795,588792,0,0,4096,172356,7213,8323072,0,0,0,0,0,0,0,0,0,0,0,0,0,0,0,0,0,0,0,0,0,0,0,0,0,0,0,0,0,0,0,0,0,0,0,0,0,0,0,0,0,0,0,0,0,0,0,0,0,0,0,0,0,0,0,0,0,0,0,0,0,0,0,93968,8452504,509305,317898,317898,13865150,8455034,0,0,5,0,9077094,8,8,8,4198.9,128,0.176209,0.01,0.44,349696,0,4059344,618867,0,0,0,0,0,0,0,0,0,0,8452705,132568,0,1821599,317739,317739,0,508986,806503,0,187816,618687,0,0,0,284,204204,542207,8330399,0,0,0,0,0,0,0,0,0,0,0,0,0,0,0,0,0,0,0,0,0,0,0,255,0,16,284,722743,747016,0,0,0,0,1,/home/user/workspace/csg-htsim/.worktrees/four-scheme-parameter-coupling/sim/datacenter/htsim_roce -o /home/user/workspace/csg-htsim/.worktrees/four-scheme-parameter-coupling/experiments/n-mrc/output/four_scheme_parameter_matrix_20260726/raw/full_global_p16_256mib_background_off/netaware_sharp/seed_13/logout.dat -tm /home/user/workspace/csg-htsim/.worktrees/four-scheme-parameter-coupling/experiments/n-mrc/output/four_scheme_parameter_matrix_20260726/traffic/n128_full_global_p16_256mib_background_off_seed13.cm -nodes 128 -conns 16256 -tiers 2 -lb netaware -linkspeed 400000 -queue_type composite_ecn_lb -host_queue_type prio -mtu 4096 -end 100000 -paths 8 -seed 13 -cc dcqcn_variant -roce_rx_mode sp -roce_sack_bitmap_bits 64 -roce_transport_semantics mrc_exact_bounded -roce_trim_recovery exact -hop_latency 0.5 -switch_latency 0.5 -queue_cv_sample_us 100 -netaware_level_weights 8 2 1 0 -netaware_weight_adaptation off,16256,1,0,0.0,0.0,0.0,16256,netaware,16256,7495.82,3702.4813696481224,6905.741500000002,7495.82,3702.4813696481224,1,3714.92,6444.68,7272.451000000001,6905.741500000002,all_to_all_cct_us,7495.82,0,full_global_p16_256mib_background_off,13,20427d53cb40a34632ad4b93722726c89b4713dc6c0bc86529e0861b6a0da1ed,16256,netaware_sharp,,,,,,,,,,,,,,,,,,,,,,,,,,,,,,,,,,,,,,,,,,,,,,,,,,,,,,,,,,,,,,,,,,,,,,,,,,,
23969,0,23312331,19008,632807,0,0,4096,177563,7362,8323072,0,0,0,0,0,0,0,0,0,0,0,0,0,0,0,0,0,0,0,0,0,0,0,0,0,0,0,0,0,0,0,0,0,0,0,0,0,0,0,0,0,0,0,0,0,0,0,0,0,0,0,0,0,0,0,0,0,0,0,0,0,0,0,104442,8454505,484256,318814,318814,13151355,8457343,0,0,0,0,9125260,8,8,8,4130.16,128,0.188511,0.01,0.43,349696,0,3871653,664745,0,0,0,0,0,0,0,0,0,0,8455316,135215,0,1740336,318683,318683,0,484050,860709,0,196061,664648,0,0,0,281,191048,510142,8423789,0,0,0,0,0,0,0,0,0,0,0,0,0,0,0,0,0,0,0,0,0,0,0,255,0,10,281,680006,724485,0,0,0,0,1,/home/user/workspace/csg-htsim/.worktrees/four-scheme-parameter-coupling/sim/datacenter/htsim_roce -o /home/user/workspace/csg-htsim/.worktrees/four-scheme-parameter-coupling/experiments/n-mrc/output/four_scheme_parameter_matrix_20260726/raw/full_global_p16_256mib_background_off/netaware_sharp/seed_29/logout.dat -tm /home/user/workspace/csg-htsim/.worktrees/four-scheme-parameter-coupling/experiments/n-mrc/output/four_scheme_parameter_matrix_20260726/traffic/n128_full_global_p16_256mib_background_off_seed29.cm -nodes 128 -conns 16256 -tiers 2 -lb netaware -linkspeed 400000 -queue_type composite_ecn_lb -host_queue_type prio -mtu 4096 -end 100000 -paths 8 -seed 29 -cc dcqcn_variant -roce_rx_mode sp -roce_sack_bitmap_bits 64 -roce_transport_semantics mrc_exact_bounded -roce_trim_recovery exact -hop_latency 0.5 -switch_latency 0.5 -queue_cv_sample_us 100 -netaware_level_weights 8 2 1 0 -netaware_weight_adaptation off,16256,1,0,0.0,0.0,0.0,16256,netaware,16256,7139.04,3711.55706293062,6814.835500000004,7139.04,3711.55706293062,1,3714.9399999999996,6554.19,7050.958150000004,6814.835500000004,all_to_all_cct_us,7139.04,0,full_global_p16_256mib_background_off,29,b6e964e539c454f6ad030e2ea13146ec010ba047b1f252b5671a422f95abc00f,16256,netaware_sharp,,,,,,,,,,,,,,,,,,,,,,,,,,,,,,,,,,,,,,,,,,,,,,,,,,,,,,,,,,,,,,,,,,,,,,,,,,,
20860,0,22674389,19257,633580,0,0,4096,176328,6378,8323072,0,0,0,0,0,0,0,0,0,0,0,0,0,0,0,0,0,0,0,0,0,0,0,0,0,0,0,0,0,0,0,0,0,0,0,0,0,0,0,0,0,0,0,0,0,0,0,0,0,0,0,0,0,0,0,0,0,0,0,0,0,0,0,107202,8458130,481070,320703,320703,13060207,8460587,0,0,5,0,9125008,8,8,8,4125.41,128,0.218937,0.01,0.43,349696,0,3843071,661509,0,0,0,0,0,0,0,0,0,0,8458225,137884,0,1725176,320543,320543,0,480818,856403,0,195089,661314,0,0,3,720,189467,511541,8423280,0,0,0,0,0,0,0,0,0,0,0,0,0,0,0,0,0,0,0,0,0,0,0,255,0,26,720,680020,727170,0,0,0,0,1,/home/user/workspace/csg-htsim/.worktrees/four-scheme-parameter-coupling/sim/datacenter/htsim_roce -o /home/user/workspace/csg-htsim/.worktrees/four-scheme-parameter-coupling/experiments/n-mrc/output/four_scheme_parameter_matrix_20260726/raw/full_global_p16_256mib_background_off/netaware_sharp/seed_47/logout.dat -tm /home/user/workspace/csg-htsim/.worktrees/four-scheme-parameter-coupling/experiments/n-mrc/output/four_scheme_parameter_matrix_20260726/traffic/n128_full_global_p16_256mib_background_off_seed47.cm -nodes 128 -conns 16256 -tiers 2 -lb netaware -linkspeed 400000 -queue_type composite_ecn_lb -host_queue_type prio -mtu 4096 -end 100000 -paths 8 -seed 47 -cc dcqcn_variant -roce_rx_mode sp -roce_sack_bitmap_bits 64 -roce_transport_semantics mrc_exact_bounded -roce_trim_recovery exact -hop_latency 0.5 -switch_latency 0.5 -queue_cv_sample_us 100 -netaware_level_weights 8 2 1 0 -netaware_weight_adaptation off,16256,1,0,0.0,0.0,0.0,16256,netaware,16256,7172.29,3713.7763942544207,6850.277500000001,7172.29,3713.7763942544207,1,3699.54,6556.150000000001,7066.422149999999,6850.277500000001,all_to_all_cct_us,7172.29,0,full_global_p16_256mib_background_off,47,f40783e501c2c5ae9fd8b796ffa1726ea6b78ea62afb0238fce5bf70f4f7bd5c,16256,netaware_sharp,,,,,,,,,,,,,,,,,,,,,,,,,,,,,,,,,,,,,,,,,,,,,,,,,,,,,,,,,,,,,,,,,,,,,,,,,,,
2202,0,6915173,1808,282632,0,0,4096,22748,1608,2080768,0,0,0,0,0,0,0,0,0,0,0,0,0,0,0,0,0,0,0,0,0,0,0,0,0,0,0,0,0,0,0,0,0,0,0,0,0,0,0,0,0,0,0,0,0,0,0,0,0,0,0,0,0,0,0,0,0,0,0,0,0,0,0,0,0,0,0,0,0,0,0,6,7,0,2384398,8,8,8,780.477,128,0.481251,0,0.01,349632,0,740480,286886,0,0,0,0,0,0,0,0,0,0,2090181,11628,0,311364,65484,73765,8281,0,310998,0,24394,286604,0,0,0,18527,0,0,2365871,0,0,0,0,0,0,0,0,0,0,0,0,0,0,0,0,0,0,0,90872,0,1782583,312759,0,286886,0,0,0,0,197,10333,57496,121770,1,/home/user/workspace/csg-htsim/.worktrees/four-scheme-parameter-coupling/sim/datacenter/htsim_roce -o /home/user/workspace/csg-htsim/.worktrees/four-scheme-parameter-coupling/experiments/n-mrc/output/four_scheme_parameter_matrix_20260726/raw/full_global_p4_64mib_background_off/avail_ecn_only/seed_13/logout.dat -tm /home/user/workspace/csg-htsim/.worktrees/four-scheme-parameter-coupling/experiments/n-mrc/output/four_scheme_parameter_matrix_20260726/traffic/n128_full_global_p4_64mib_background_off_seed13.cm -nodes 128 -conns 16256 -tiers 2 -lb avail -linkspeed 400000 -queue_type composite_ecn_lb -host_queue_type prio -mtu 4096 -end 100000 -paths 8 -seed 13 -cc dcqcn_variant -roce_rx_mode sp -roce_sack_bitmap_bits 64 -roce_transport_semantics mrc_exact_bounded -roce_trim_recovery exact -hop_latency 0.5 -switch_latency 0.5 -queue_cv_sample_us 100 -avail_ecn_only,16256,1,0,0.0,0.0,0.0,16256,avail,16256,2485.43,948.0668916584601,2166.1725,2485.43,948.0668916584601,1,906.9615,1921.4975,2363.657800000002,2166.1725,all_to_all_cct_us,2485.43,0,full_global_p4_64mib_background_off,13,cd66f7cc1c0f0fe7e6813b9bbb02c23813611479a17c4ae0dc62747f28a66945,16256,avail_ecn_only,,,,,,,,,,,,,,,,,,,,,,,,,,,,,,,,,,,,,,,,,,,,,,,,,,,,,,,,,,,,,,,,,,,,,,,,,,,
1650,0,6551391,1100,251797,0,0,4096,21506,1360,2080768,0,0,0,0,0,0,0,0,0,0,0,0,0,0,0,0,0,0,0,0,0,0,0,0,0,0,0,0,0,0,0,0,0,0,0,0,0,0,0,0,0,0,0,0,0,0,0,0,0,0,0,0,0,0,0,0,0,0,0,0,0,0,0,0,0,0,0,0,0,0,0,7,5,0,2352955,8,8,8,835.257,128,0.41793,0,0.01,349632,0,794174,255122,0,0,0,0,0,0,0,0,0,0,2089861,11302,0,337457,63897,71089,7192,0,277413,0,22530,254883,0,0,0,22004,0,0,2330951,0,0,0,0,0,0,0,0,0,0,0,0,0,0,0,0,0,0,0,101203,0,1756733,338950,0,255122,0,0,0,0,240,13476,64908,139887,1,/home/user/workspace/csg-htsim/.worktrees/four-scheme-parameter-coupling/sim/datacenter/htsim_roce -o /home/user/workspace/csg-htsim/.worktrees/four-scheme-parameter-coupling/experiments/n-mrc/output/four_scheme_parameter_matrix_20260726/raw/full_global_p4_64mib_background_off/avail_ecn_only/seed_29/logout.dat -tm /home/user/workspace/csg-htsim/.worktrees/four-scheme-parameter-coupling/experiments/n-mrc/output/four_scheme_parameter_matrix_20260726/traffic/n128_full_global_p4_64mib_background_off_seed29.cm -nodes 128 -conns 16256 -tiers 2 -lb avail -linkspeed 400000 -queue_type composite_ecn_lb -host_queue_type prio -mtu 4096 -end 100000 -paths 8 -seed 29 -cc dcqcn_variant -roce_rx_mode sp -roce_sack_bitmap_bits 64 -roce_transport_semantics mrc_exact_bounded -roce_trim_recovery exact -hop_latency 0.5 -switch_latency 0.5 -queue_cv_sample_us 100 -avail_ecn_only,16256,1,0,0.0,0.0,0.0,16256,avail,16256,2206.62,914.0970685162388,1978.3740000000005,2206.62,914.0970685162388,1,890.52,1801.94,2125.063300000005,1978.3740000000005,all_to_all_cct_us,2206.62,0,full_global_p4_64mib_background_off,29,b57e3e2e8cbff05213ee36492fee091a55193e18fc5a982e3047239b7eea271b,16256,avail_ecn_only,,,,,,,,,,,,,,,,,,,,,,,,,,,,,,,,,,,,,,,,,,,,,,,,,,,,,,,,,,,,,,,,,,,,,,,,,,,
1798,0,6541615,1473,268017,0,0,4096,21837,1379,2080768,0,0,0,0,0,0,0,0,0,0,0,0,0,0,0,0,0,0,0,0,0,0,0,0,0,0,0,0,0,0,0,0,0,0,0,0,0,0,0,0,0,0,0,0,0,0,0,0,0,0,0,0,0,0,0,0,0,0,0,0,0,0,0,0,0,0,0,0,0,0,0,1,4,0,2369208,8,8,8,732.612,128,0.519255,0,0.01,349632,0,737404,271564,0,0,0,0,0,0,0,0,0,0,2090111,11470,0,313430,65070,72932,7862,0,294504,0,23191,271313,0,0,0,18107,0,0,2351101,0,0,0,0,0,0,0,0,0,0,0,0,0,0,0,0,0,0,0,93914,0,1780709,314871,0,271564,0,0,0,0,204,10830,60132,126973,1,/home/user/workspace/csg-htsim/.worktrees/four-scheme-parameter-coupling/sim/datacenter/htsim_roce -o /home/user/workspace/csg-htsim/.worktrees/four-scheme-parameter-coupling/experiments/n-mrc/output/four_scheme_parameter_matrix_20260726/raw/full_global_p4_64mib_background_off/avail_ecn_only/seed_47/logout.dat -tm /home/user/workspace/csg-htsim/.worktrees/four-scheme-parameter-coupling/experiments/n-mrc/output/four_scheme_parameter_matrix_20260726/traffic/n128_full_global_p4_64mib_background_off_seed47.cm -nodes 128 -conns 16256 -tiers 2 -lb avail -linkspeed 400000 -queue_type composite_ecn_lb -host_queue_type prio -mtu 4096 -end 100000 -paths 8 -seed 47 -cc dcqcn_variant -roce_rx_mode sp -roce_sack_bitmap_bits 64 -roce_transport_semantics mrc_exact_bounded -roce_trim_recovery exact -hop_latency 0.5 -switch_latency 0.5 -queue_cv_sample_us 100 -avail_ecn_only,16256,1,0,0.0,0.0,0.0,16256,avail,16256,2719.5,940.2808253383309,2204.0515000000005,2719.5,940.2808253383309,1,903.3095000000001,1866.7075,2592.0380000000036,2204.0515000000005,all_to_all_cct_us,2719.5,0,full_global_p4_64mib_background_off,47,514dae083ab5ed6b56301bfff9344c58e74fc8a0e277be79c8e940b05ca3fa5e,16256,avail_ecn_only,,,,,,,,,,,,,,,,,,,,,,,,,,,,,,,,,,,,,,,,,,,,,,,,,,,,,,,,,,,,,,,,,,,,,,,,,,,
1558,0,6463437,889,243181,0,0,4096,20313,1112,2080768,0,0,0,0,0,0,0,0,0,0,0,0,0,0,0,0,0,0,0,0,0,0,0,0,0,0,0,0,0,0,0,0,0,0,0,0,0,0,0,0,0,0,0,0,0,0,0,0,0,0,0,0,0,0,0,0,0,0,0,0,0,0,0,0,0,0,0,0,0,0,0,4,7,0,2343362,8,8,8,869.74,128,0.450759,0,0.01,349632,0,799919,246199,0,0,0,0,0,0,0,0,0,0,2089566,10778,0,345060,63618,70255,6637,0,267053,0,21123,245930,0,0,0,47164,0,0,2296198,0,0,0,0,0,0,0,0,0,0,0,0,0,0,0,0,0,0,0,220317,78462,1748711,346494,0,246199,0,0,0,0,726,25481,127456,187948,1,/home/user/workspace/csg-htsim/.worktrees/four-scheme-parameter-coupling/sim/datacenter/htsim_roce -o /home/user/workspace/csg-htsim/.worktrees/four-scheme-parameter-coupling/experiments/n-mrc/output/four_scheme_parameter_matrix_20260726/raw/full_global_p4_64mib_background_off/avail_hybrid/seed_13/logout.dat -tm /home/user/workspace/csg-htsim/.worktrees/four-scheme-parameter-coupling/experiments/n-mrc/output/four_scheme_parameter_matrix_20260726/traffic/n128_full_global_p4_64mib_background_off_seed13.cm -nodes 128 -conns 16256 -tiers 2 -lb avail -linkspeed 400000 -queue_type composite_ecn_lb -host_queue_type prio -mtu 4096 -end 100000 -paths 8 -seed 13 -cc dcqcn_variant -roce_rx_mode sp -roce_sack_bitmap_bits 64 -roce_transport_semantics mrc_exact_bounded -roce_trim_recovery exact -hop_latency 0.5 -switch_latency 0.5 -queue_cv_sample_us 100 -stor_aging hybrid,16256,1,0,0.0,0.0,0.0,16256,avail,16256,2188.1,901.5609050073797,1928.2545,2188.1,901.5609050073797,1,878.057,1764.2225,2100.8819000000003,1928.2545,all_to_all_cct_us,2188.1,0,full_global_p4_64mib_background_off,13,cd66f7cc1c0f0fe7e6813b9bbb02c23813611479a17c4ae0dc62747f28a66945,16256,avail_hybrid,,,,,,,,,,,,,,,,,,,,,,,,,,,,,,,,,,,,,,,,,,,,,,,,,,,,,,,,,,,,,,,,,,,,,,,,,,,
1434,0,6419667,636,233417,0,0,4096,20282,1045,2080768,0,0,0,0,0,0,0,0,0,0,0,0,0,0,0,0,0,0,0,0,0,0,0,0,0,0,0,0,0,0,0,0,0,0,0,0,0,0,0,0,0,0,0,0,0,0,0,0,0,0,0,0,0,0,0,0,0,0,0,0,0,0,0,0,0,0,0,0,0,0,0,3,5,0,2333663,8,8,8,879.84,128,0.37022,0,0.01,349760,0,817203,236228,0,0,0,0,0,0,0,0,0,0,2089576,10920,0,351787,62928,69421,6493,0,256814,0,20854,235960,0,0,0,40454,0,0,2293209,0,0,0,0,0,0,0,0,0,0,0,0,0,0,0,0,0,0,0,219460,78687,1742048,353288,0,236228,0,0,0,0,606,20185,126712,188307,1,/home/user/workspace/csg-htsim/.worktrees/four-scheme-parameter-coupling/sim/datacenter/htsim_roce -o /home/user/workspace/csg-htsim/.worktrees/four-scheme-parameter-coupling/experiments/n-mrc/output/four_scheme_parameter_matrix_20260726/raw/full_global_p4_64mib_background_off/avail_hybrid/seed_29/logout.dat -tm /home/user/workspace/csg-htsim/.worktrees/four-scheme-parameter-coupling/experiments/n-mrc/output/four_scheme_parameter_matrix_20260726/traffic/n128_full_global_p4_64mib_background_off_seed29.cm -nodes 128 -conns 16256 -tiers 2 -lb avail -linkspeed 400000 -queue_type composite_ecn_lb -host_queue_type prio -mtu 4096 -end 100000 -paths 8 -seed 29 -cc dcqcn_variant -roce_rx_mode sp -roce_sack_bitmap_bits 64 -roce_transport_semantics mrc_exact_bounded -roce_trim_recovery exact -hop_latency 0.5 -switch_latency 0.5 -queue_cv_sample_us 100 -stor_aging hybrid,16256,1,0,0.0,0.0,0.0,16256,avail,16256,2214.83,895.337865329722,1905.8020000000006,2214.83,895.337865329722,1,877.2180000000001,1746.1725,2086.61625,1905.8020000000006,all_to_all_cct_us,2214.83,0,full_global_p4_64mib_background_off,29,b57e3e2e8cbff05213ee36492fee091a55193e18fc5a982e3047239b7eea271b,16256,avail_hybrid,,,,,,,,,,,,,,,,,,,,,,,,,,,,,,,,,,,,,,,,,,,,,,,,,,,,,,,,,,,,,,,,,,,,,,,,,,,
1473,0,6432844,673,226731,0,0,4096,20307,1127,2080768,0,0,0,0,0,0,0,0,0,0,0,0,0,0,0,0,0,0,0,0,0,0,0,0,0,0,0,0,0,0,0,0,0,0,0,0,0,0,0,0,0,0,0,0,0,0,0,0,0,0,0,0,0,0,0,0,0,0,0,0,0,0,0,0,0,0,0,0,0,0,0,6,4,0,2327003,8,8,8,917.199,128,0.381727,0,0.01,349632,0,881479,229630,0,0,0,0,0,0,0,0,0,0,2089215,10703,0,380559,63397,69693,6296,0,250311,0,20931,229380,0,0,0,44642,0,0,2282361,0,0,0,0,0,0,0,0,0,0,0,0,0,0,0,0,0,0,0,221019,75796,1712964,382175,0,229630,0,0,0,0,615,21877,125454,189155,1,/home/user/workspace/csg-htsim/.worktrees/four-scheme-parameter-coupling/sim/datacenter/htsim_roce -o /home/user/workspace/csg-htsim/.worktrees/four-scheme-parameter-coupling/experiments/n-mrc/output/four_scheme_parameter_matrix_20260726/raw/full_global_p4_64mib_background_off/avail_hybrid/seed_47/logout.dat -tm /home/user/workspace/csg-htsim/.worktrees/four-scheme-parameter-coupling/experiments/n-mrc/output/four_scheme_parameter_matrix_20260726/traffic/n128_full_global_p4_64mib_background_off_seed47.cm -nodes 128 -conns 16256 -tiers 2 -lb avail -linkspeed 400000 -queue_type composite_ecn_lb -host_queue_type prio -mtu 4096 -end 100000 -paths 8 -seed 47 -cc dcqcn_variant -roce_rx_mode sp -roce_sack_bitmap_bits 64 -roce_transport_semantics mrc_exact_bounded -roce_trim_recovery exact -hop_latency 0.5 -switch_latency 0.5 -queue_cv_sample_us 100 -stor_aging hybrid,16256,1,0,0.0,0.0,0.0,16256,avail,16256,2149.99,898.1930033033966,1879.8185000000005,2149.99,898.1930033033966,1,878.488,1745.92,2017.3497000000007,1879.8185000000005,all_to_all_cct_us,2149.99,0,full_global_p4_64mib_background_off,47,514dae083ab5ed6b56301bfff9344c58e74fc8a0e277be79c8e940b05ca3fa5e,16256,avail_hybrid,,,,,,,,,,,,,,,,,,,,,,,,,,,,,,,,,,,,,,,,,,,,,,,,,,,,,,,,,,,,,,,,,,,,,,,,,,,
1750,0,6788041,1634,245750,0,0,4096,22595,1546,2080768,0,0,0,0,0,0,0,0,0,0,0,0,0,0,0,0,0,0,0,0,0,0,0,0,0,0,0,0,0,0,0,0,0,0,0,0,0,0,0,0,0,0,0,0,0,0,0,0,0,0,0,0,0,0,0,0,0,0,0,0,0,0,0,0,0,0,0,0,0,0,0,4,7,0,2347690,8,8,8,864.517,128,0.454626,0,0.01,349632,0,972454,249444,0,0,0,0,0,0,0,0,0,0,2090075,11765,0,407242,65633,72751,7118,0,273275,0,24077,249198,0,0,0,122474,0,0,2225216,0,0,0,0,0,0,0,0,0,0,0,0,0,0,0,0,0,0,0,190163,0,1686761,409055,0,249444,0,0,0,0,1749,79139,135846,170263,1,/home/user/workspace/csg-htsim/.worktrees/four-scheme-parameter-coupling/sim/datacenter/htsim_roce -o /home/user/workspace/csg-htsim/.worktrees/four-scheme-parameter-coupling/experiments/n-mrc/output/four_scheme_parameter_matrix_20260726/raw/full_global_p4_64mib_background_off/avail_packet/seed_13/logout.dat -tm /home/user/workspace/csg-htsim/.worktrees/four-scheme-parameter-coupling/experiments/n-mrc/output/four_scheme_parameter_matrix_20260726/traffic/n128_full_global_p4_64mib_background_off_seed13.cm -nodes 128 -conns 16256 -tiers 2 -lb avail -linkspeed 400000 -queue_type composite_ecn_lb -host_queue_type prio -mtu 4096 -end 100000 -paths 8 -seed 13 -cc dcqcn_variant -roce_rx_mode sp -roce_sack_bitmap_bits 64 -roce_transport_semantics mrc_exact_bounded -roce_trim_recovery exact -hop_latency 0.5 -switch_latency 0.5 -queue_cv_sample_us 100,16256,1,0,0.0,0.0,0.0,16256,avail,16256,2561.65,932.5761059178164,2279.4710000000005,2561.65,932.5761059178164,1,890.2205,1867.29,2487.0527,2279.4710000000005,all_to_all_cct_us,2561.65,0,full_global_p4_64mib_background_off,13,cd66f7cc1c0f0fe7e6813b9bbb02c23813611479a17c4ae0dc62747f28a66945,16256,avail_packet,,,,,,,,,,,,,,,,,,,,,,,,,,,,,,,,,,,,,,,,,,,,,,,,,,,,,,,,,,,,,,,,,,,,,,,,,,,
1856,0,6719857,1609,246674,0,0,4096,21922,1422,2080768,0,0,0,0,0,0,0,0,0,0,0,0,0,0,0,0,0,0,0,0,0,0,0,0,0,0,0,0,0,0,0,0,0,0,0,0,0,0,0,0,0,0,0,0,0,0,0,0,0,0,0,0,0,0,0,0,0,0,0,0,0,0,0,0,0,0,0,0,0,0,0,6,5,0,2348020,8,8,8,842.831,128,0.405855,0,0.01,349696,0,903188,250369,0,0,0,0,0,0,0,0,0,0,2090024,11589,0,382364,65669,73187,7518,0,273483,0,23363,250120,0,0,0,121252,0,0,2226768,0,0,0,0,0,0,0,0,0,0,0,0,0,0,0,0,0,0,0,188539,0,1711478,383869,0,250369,0,0,0,0,1753,77952,138458,174777,1,/home/user/workspace/csg-htsim/.worktrees/four-scheme-parameter-coupling/sim/datacenter/htsim_roce -o /home/user/workspace/csg-htsim/.worktrees/four-scheme-parameter-coupling/experiments/n-mrc/output/four_scheme_parameter_matrix_20260726/raw/full_global_p4_64mib_background_off/avail_packet/seed_29/logout.dat -tm /home/user/workspace/csg-htsim/.worktrees/four-scheme-parameter-coupling/experiments/n-mrc/output/four_scheme_parameter_matrix_20260726/traffic/n128_full_global_p4_64mib_background_off_seed29.cm -nodes 128 -conns 16256 -tiers 2 -lb avail -linkspeed 400000 -queue_type composite_ecn_lb -host_queue_type prio -mtu 4096 -end 100000 -paths 8 -seed 29 -cc dcqcn_variant -roce_rx_mode sp -roce_sack_bitmap_bits 64 -roce_transport_semantics mrc_exact_bounded -roce_trim_recovery exact -hop_latency 0.5 -switch_latency 0.5 -queue_cv_sample_us 100,16256,1,0,0.0,0.0,0.0,16256,avail,16256,2568.34,934.2365638410449,2218.3090000000007,2568.34,934.2365638410449,1,895.5329999999999,1885.9924999999998,2450.70725,2218.3090000000007,all_to_all_cct_us,2568.34,0,full_global_p4_64mib_background_off,29,b57e3e2e8cbff05213ee36492fee091a55193e18fc5a982e3047239b7eea271b,16256,avail_packet,,,,,,,,,,,,,,,,,,,,,,,,,,,,,,,,,,,,,,,,,,,,,,,,,,,,,,,,,,,,,,,,,,,,,,,,,,,
1602,0,6732752,635,228429,0,0,4096,22311,1158,2080768,0,0,0,0,0,0,0,0,0,0,0,0,0,0,0,0,0,0,0,0,0,0,0,0,0,0,0,0,0,0,0,0,0,0,0,0,0,0,0,0,0,0,0,0,0,0,0,0,0,0,0,0,0,0,0,0,0,0,0,0,0,0,0,0,0,0,0,0,0,0,0,5,4,0,2330753,8,8,8,910.497,128,0.405362,0,0.01,349632,0,1116012,231529,0,0,0,0,0,0,0,0,0,0,2089887,11788,0,469004,64213,70673,6460,0,254135,0,22886,231249,0,0,0,117784,0,0,2212969,0,0,0,0,0,0,0,0,0,0,0,0,0,0,0,0,0,0,0,196094,0,1625398,471175,0,231529,0,0,0,0,1537,74265,133995,173212,1,/home/user/workspace/csg-htsim/.worktrees/four-scheme-parameter-coupling/sim/datacenter/htsim_roce -o /home/user/workspace/csg-htsim/.worktrees/four-scheme-parameter-coupling/experiments/n-mrc/output/four_scheme_parameter_matrix_20260726/raw/full_global_p4_64mib_background_off/avail_packet/seed_47/logout.dat -tm /home/user/workspace/csg-htsim/.worktrees/four-scheme-parameter-coupling/experiments/n-mrc/output/four_scheme_parameter_matrix_20260726/traffic/n128_full_global_p4_64mib_background_off_seed47.cm -nodes 128 -conns 16256 -tiers 2 -lb avail -linkspeed 400000 -queue_type composite_ecn_lb -host_queue_type prio -mtu 4096 -end 100000 -paths 8 -seed 47 -cc dcqcn_variant -roce_rx_mode sp -roce_sack_bitmap_bits 64 -roce_transport_semantics mrc_exact_bounded -roce_trim_recovery exact -hop_latency 0.5 -switch_latency 0.5 -queue_cv_sample_us 100,16256,1,0,0.0,0.0,0.0,16256,avail,16256,2107.33,907.8248525898132,1926.4880000000003,2107.33,907.8248525898132,1,889.7675,1773.0475,2039.830700000001,1926.4880000000003,all_to_all_cct_us,2107.33,0,full_global_p4_64mib_background_off,47,514dae083ab5ed6b56301bfff9344c58e74fc8a0e277be79c8e940b05ca3fa5e,16256,avail_packet,,,,,,,,,,,,,,,,,,,,,,,,,,,,,,,,,,,,,,,,,,,,,,,,,,,,,,,,,,,,,,,,,,,,,,,,,,,
1750,0,6788041,1634,245750,0,0,4096,22595,1546,2080768,0,0,0,0,0,0,0,0,0,0,0,0,0,0,0,0,0,0,0,0,0,0,0,0,0,0,0,0,0,0,0,0,0,0,0,0,0,0,0,0,0,0,0,0,0,0,0,0,0,0,0,0,0,0,0,0,0,0,0,0,0,0,0,0,0,0,0,0,0,0,0,4,7,0,2347690,8,8,8,864.517,128,0.454626,0,0.01,349632,0,972454,249444,0,0,0,0,0,0,0,0,0,0,2090075,11765,0,407242,65633,72751,7118,0,273275,0,24077,249198,0,0,0,122474,0,0,2225216,0,0,0,0,0,0,0,0,0,0,0,0,0,0,0,0,0,0,0,190163,0,1686761,409055,0,249444,0,0,0,0,1749,79139,135846,170263,1,/home/user/workspace/csg-htsim/.worktrees/four-scheme-parameter-coupling/sim/datacenter/htsim_roce -o /home/user/workspace/csg-htsim/.worktrees/four-scheme-parameter-coupling/experiments/n-mrc/output/four_scheme_parameter_matrix_20260726/raw/full_global_p4_64mib_background_off/avail_time/seed_13/logout.dat -tm /home/user/workspace/csg-htsim/.worktrees/four-scheme-parameter-coupling/experiments/n-mrc/output/four_scheme_parameter_matrix_20260726/traffic/n128_full_global_p4_64mib_background_off_seed13.cm -nodes 128 -conns 16256 -tiers 2 -lb avail -linkspeed 400000 -queue_type composite_ecn_lb -host_queue_type prio -mtu 4096 -end 100000 -paths 8 -seed 13 -cc dcqcn_variant -roce_rx_mode sp -roce_sack_bitmap_bits 64 -roce_transport_semantics mrc_exact_bounded -roce_trim_recovery exact -hop_latency 0.5 -switch_latency 0.5 -queue_cv_sample_us 100 -stor_aging time_ewma,16256,1,0,0.0,0.0,0.0,16256,avail,16256,2561.65,932.5761059178164,2279.4710000000005,2561.65,932.5761059178164,1,890.2205,1867.29,2487.0527,2279.4710000000005,all_to_all_cct_us,2561.65,0,full_global_p4_64mib_background_off,13,cd66f7cc1c0f0fe7e6813b9bbb02c23813611479a17c4ae0dc62747f28a66945,16256,avail_time,,,,,,,,,,,,,,,,,,,,,,,,,,,,,,,,,,,,,,,,,,,,,,,,,,,,,,,,,,,,,,,,,,,,,,,,,,,
1856,0,6719857,1609,246674,0,0,4096,21922,1422,2080768,0,0,0,0,0,0,0,0,0,0,0,0,0,0,0,0,0,0,0,0,0,0,0,0,0,0,0,0,0,0,0,0,0,0,0,0,0,0,0,0,0,0,0,0,0,0,0,0,0,0,0,0,0,0,0,0,0,0,0,0,0,0,0,0,0,0,0,0,0,0,0,6,5,0,2348020,8,8,8,842.831,128,0.405855,0,0.01,349696,0,903188,250369,0,0,0,0,0,0,0,0,0,0,2090024,11589,0,382364,65669,73187,7518,0,273483,0,23363,250120,0,0,0,121252,0,0,2226768,0,0,0,0,0,0,0,0,0,0,0,0,0,0,0,0,0,0,0,188539,0,1711478,383869,0,250369,0,0,0,0,1753,77952,138458,174777,1,/home/user/workspace/csg-htsim/.worktrees/four-scheme-parameter-coupling/sim/datacenter/htsim_roce -o /home/user/workspace/csg-htsim/.worktrees/four-scheme-parameter-coupling/experiments/n-mrc/output/four_scheme_parameter_matrix_20260726/raw/full_global_p4_64mib_background_off/avail_time/seed_29/logout.dat -tm /home/user/workspace/csg-htsim/.worktrees/four-scheme-parameter-coupling/experiments/n-mrc/output/four_scheme_parameter_matrix_20260726/traffic/n128_full_global_p4_64mib_background_off_seed29.cm -nodes 128 -conns 16256 -tiers 2 -lb avail -linkspeed 400000 -queue_type composite_ecn_lb -host_queue_type prio -mtu 4096 -end 100000 -paths 8 -seed 29 -cc dcqcn_variant -roce_rx_mode sp -roce_sack_bitmap_bits 64 -roce_transport_semantics mrc_exact_bounded -roce_trim_recovery exact -hop_latency 0.5 -switch_latency 0.5 -queue_cv_sample_us 100 -stor_aging time_ewma,16256,1,0,0.0,0.0,0.0,16256,avail,16256,2568.34,934.2365638410449,2218.3090000000007,2568.34,934.2365638410449,1,895.5329999999999,1885.9924999999998,2450.70725,2218.3090000000007,all_to_all_cct_us,2568.34,0,full_global_p4_64mib_background_off,29,b57e3e2e8cbff05213ee36492fee091a55193e18fc5a982e3047239b7eea271b,16256,avail_time,,,,,,,,,,,,,,,,,,,,,,,,,,,,,,,,,,,,,,,,,,,,,,,,,,,,,,,,,,,,,,,,,,,,,,,,,,,
1602,0,6732752,635,228429,0,0,4096,22311,1158,2080768,0,0,0,0,0,0,0,0,0,0,0,0,0,0,0,0,0,0,0,0,0,0,0,0,0,0,0,0,0,0,0,0,0,0,0,0,0,0,0,0,0,0,0,0,0,0,0,0,0,0,0,0,0,0,0,0,0,0,0,0,0,0,0,0,0,0,0,0,0,0,0,5,4,0,2330753,8,8,8,910.497,128,0.405362,0,0.01,349632,0,1116012,231529,0,0,0,0,0,0,0,0,0,0,2089887,11788,0,469004,64213,70673,6460,0,254135,0,22886,231249,0,0,0,117784,0,0,2212969,0,0,0,0,0,0,0,0,0,0,0,0,0,0,0,0,0,0,0,196094,0,1625398,471175,0,231529,0,0,0,0,1537,74265,133995,173212,1,/home/user/workspace/csg-htsim/.worktrees/four-scheme-parameter-coupling/sim/datacenter/htsim_roce -o /home/user/workspace/csg-htsim/.worktrees/four-scheme-parameter-coupling/experiments/n-mrc/output/four_scheme_parameter_matrix_20260726/raw/full_global_p4_64mib_background_off/avail_time/seed_47/logout.dat -tm /home/user/workspace/csg-htsim/.worktrees/four-scheme-parameter-coupling/experiments/n-mrc/output/four_scheme_parameter_matrix_20260726/traffic/n128_full_global_p4_64mib_background_off_seed47.cm -nodes 128 -conns 16256 -tiers 2 -lb avail -linkspeed 400000 -queue_type composite_ecn_lb -host_queue_type prio -mtu 4096 -end 100000 -paths 8 -seed 47 -cc dcqcn_variant -roce_rx_mode sp -roce_sack_bitmap_bits 64 -roce_transport_semantics mrc_exact_bounded -roce_trim_recovery exact -hop_latency 0.5 -switch_latency 0.5 -queue_cv_sample_us 100 -stor_aging time_ewma,16256,1,0,0.0,0.0,0.0,16256,avail,16256,2107.33,907.8248525898132,1926.4880000000003,2107.33,907.8248525898132,1,889.7675,1773.0475,2039.830700000001,1926.4880000000003,all_to_all_cct_us,2107.33,0,full_global_p4_64mib_background_off,47,514dae083ab5ed6b56301bfff9344c58e74fc8a0e277be79c8e940b05ca3fa5e,16256,avail_time,,,,,,,,,,,,,,,,,,,,,,,,,,,,,,,,,,,,,,,,,,,,,,,,,,,,,,,,,,,,,,,,,,,,,,,,,,,
1508,0,6254714,1163,241409,0,0,4096,19998,1169,2080768,0,0,0,0,0,0,0,0,0,0,0,0,0,0,0,0,0,0,0,0,0,0,0,0,0,0,0,0,0,0,0,0,0,0,0,0,0,0,0,0,0,0,0,0,0,0,0,0,0,0,0,0,0,0,0,0,0,0,0,0,0,0,0,0,0,0,0,0,0,0,0,0,7,0,2341129,8,8,8,762.04,128,0.46812,0,0.01,349568,0,640089,244432,0,0,0,0,0,0,0,0,0,0,2089005,10062,0,276400,63227,70035,6808,0,265247,0,21056,244191,0,0,0,43779,735,173340,2123275,0,0,0,0,0,0,0,0,0,0,0,0,0,0,0,0,0,0,0,144664,144655,1817316,277598,0,244432,0,0,0,0,224,6608,110138,157274,1,/home/user/workspace/csg-htsim/.worktrees/four-scheme-parameter-coupling/sim/datacenter/htsim_roce -o /home/user/workspace/csg-htsim/.worktrees/four-scheme-parameter-coupling/experiments/n-mrc/output/four_scheme_parameter_matrix_20260726/raw/full_global_p4_64mib_background_off/grade_conservative/seed_13/logout.dat -tm /home/user/workspace/csg-htsim/.worktrees/four-scheme-parameter-coupling/experiments/n-mrc/output/four_scheme_parameter_matrix_20260726/traffic/n128_full_global_p4_64mib_background_off_seed13.cm -nodes 128 -conns 16256 -tiers 2 -lb grade -linkspeed 400000 -queue_type composite_ecn_lb -host_queue_type prio -mtu 4096 -end 100000 -paths 8 -seed 13 -cc dcqcn_variant -roce_rx_mode sp -roce_sack_bitmap_bits 64 -roce_transport_semantics mrc_exact_bounded -roce_trim_recovery exact -hop_latency 0.5 -switch_latency 0.5 -queue_cv_sample_us 100 -stor_level_weights 4 2 1 0 -stor_level_thresholds 6 3 1,16256,1,0,0.0,0.0,0.0,16256,grade,16256,2427.18,894.7037112635355,2015.2465000000007,2427.18,894.7037112635355,1,865.2360000000001,1762.7775000000001,2321.8709000000035,2015.2465000000007,all_to_all_cct_us,2427.18,0,full_global_p4_64mib_background_off,13,cd66f7cc1c0f0fe7e6813b9bbb02c23813611479a17c4ae0dc62747f28a66945,16256,grade_conservative,,,,,,,,,,,,,,,,,,,,,,,,,,,,,,,,,,,,,,,,,,,,,,,,,,,,,,,,,,,,,,,,,,,,,,,,,,,
1555,0,6376704,1128,238680,0,0,4096,20233,1124,2080768,0,0,0,0,0,0,0,0,0,0,0,0,0,0,0,0,0,0,0,0,0,0,0,0,0,0,0,0,0,0,0,0,0,0,0,0,0,0,0,0,0,0,0,0,0,0,0,0,0,0,0,0,0,0,0,0,0,0,0,0,0,0,0,0,0,0,0,0,0,0,0,0,2,0,2338627,8,8,8,890.52,128,0.499956,0,0.01,349632,0,777685,241709,0,0,0,0,0,0,0,0,0,0,2089104,10457,0,332151,63549,70344,6795,0,262720,0,21275,241445,0,0,0,47749,819,188796,2101263,0,0,0,0,0,0,0,0,0,0,0,0,0,0,0,0,0,0,0,145471,145449,1761334,333492,0,241709,0,0,0,0,258,8352,111493,158516,1,/home/user/workspace/csg-htsim/.worktrees/four-scheme-parameter-coupling/sim/datacenter/htsim_roce -o /home/user/workspace/csg-htsim/.worktrees/four-scheme-parameter-coupling/experiments/n-mrc/output/four_scheme_parameter_matrix_20260726/raw/full_global_p4_64mib_background_off/grade_conservative/seed_29/logout.dat -tm /home/user/workspace/csg-htsim/.worktrees/four-scheme-parameter-coupling/experiments/n-mrc/output/four_scheme_parameter_matrix_20260726/traffic/n128_full_global_p4_64mib_background_off_seed29.cm -nodes 128 -conns 16256 -tiers 2 -lb grade -linkspeed 400000 -queue_type composite_ecn_lb -host_queue_type prio -mtu 4096 -end 100000 -paths 8 -seed 29 -cc dcqcn_variant -roce_rx_mode sp -roce_sack_bitmap_bits 64 -roce_transport_semantics mrc_exact_bounded -roce_trim_recovery exact -hop_latency 0.5 -switch_latency 0.5 -queue_cv_sample_us 100 -stor_level_weights 4 2 1 0 -stor_level_thresholds 6 3 1,16256,1,0,0.0,0.0,0.0,16256,grade,16256,2257.69,902.0308339074749,1996.7515000000005,2257.69,902.0308339074749,1,878.101,1783.47,2148.5021000000006,1996.7515000000005,all_to_all_cct_us,2257.69,0,full_global_p4_64mib_background_off,29,b57e3e2e8cbff05213ee36492fee091a55193e18fc5a982e3047239b7eea271b,16256,grade_conservative,,,,,,,,,,,,,,,,,,,,,,,,,,,,,,,,,,,,,,,,,,,,,,,,,,,,,,,,,,,,,,,,,,,,,,,,,,,
1589,0,6352782,1280,241869,0,0,4096,20335,1208,2080768,0,0,0,0,0,0,0,0,0,0,0,0,0,0,0,0,0,0,0,0,0,0,0,0,0,0,0,0,0,0,0,0,0,0,0,0,0,0,0,0,0,0,0,0,0,0,0,0,0,0,0,0,0,0,0,0,0,0,0,0,0,0,0,0,0,0,0,0,0,0,0,0,5,0,2341823,8,8,8,773.321,128,0.470229,0,0.01,349504,0,702311,245046,0,0,0,0,0,0,0,0,0,0,2089438,10544,0,301701,63703,70553,6850,0,266281,0,21505,244776,0,0,0,45898,829,180451,2114645,0,0,0,0,0,0,0,0,0,0,0,0,0,0,0,0,0,0,0,142434,142416,1792014,302927,0,245046,0,0,0,0,270,8152,109043,154095,1,/home/user/workspace/csg-htsim/.worktrees/four-scheme-parameter-coupling/sim/datacenter/htsim_roce -o /home/user/workspace/csg-htsim/.worktrees/four-scheme-parameter-coupling/experiments/n-mrc/output/four_scheme_parameter_matrix_20260726/raw/full_global_p4_64mib_background_off/grade_conservative/seed_47/logout.dat -tm /home/user/workspace/csg-htsim/.worktrees/four-scheme-parameter-coupling/experiments/n-mrc/output/four_scheme_parameter_matrix_20260726/traffic/n128_full_global_p4_64mib_background_off_seed47.cm -nodes 128 -conns 16256 -tiers 2 -lb grade -linkspeed 400000 -queue_type composite_ecn_lb -host_queue_type prio -mtu 4096 -end 100000 -paths 8 -seed 47 -cc dcqcn_variant -roce_rx_mode sp -roce_sack_bitmap_bits 64 -roce_transport_semantics mrc_exact_bounded -roce_trim_recovery exact -hop_latency 0.5 -switch_latency 0.5 -queue_cv_sample_us 100 -stor_level_weights 4 2 1 0 -stor_level_thresholds 6 3 1,16256,1,0,0.0,0.0,0.0,16256,grade,16256,2326.1,907.625278617127,2028.3455000000004,2326.1,907.625278617127,1,881.364,1795.8925000000002,2200.8996000000016,2028.3455000000004,all_to_all_cct_us,2326.1,0,full_global_p4_64mib_background_off,47,514dae083ab5ed6b56301bfff9344c58e74fc8a0e277be79c8e940b05ca3fa5e,16256,grade_conservative,,,,,,,,,,,,,,,,,,,,,,,,,,,,,,,,,,,,,,,,,,,,,,,,,,,,,,,,,,,,,,,,,,,,,,,,,,,
1543,0,6994729,569,240305,0,0,4096,22856,1054,2080768,0,0,0,0,0,0,0,0,0,0,0,0,0,0,0,0,0,0,0,0,0,0,0,0,0,0,0,0,0,0,0,0,0,0,0,0,0,0,0,0,0,0,0,0,0,0,0,0,0,0,0,0,0,0,0,0,0,0,0,0,0,0,0,0,0,0,0,0,0,0,0,0,7,0,2343118,8,8,8,1007.32,128,0.430241,0,0.01,349632,0,1667791,243215,0,0,0,0,0,0,0,0,0,0,2089179,12879,0,668149,67398,73920,6522,0,266327,0,23393,242934,0,0,0,165288,466567,383729,1327534,0,0,0,0,0,0,0,0,0,0,0,0,0,0,0,0,0,0,0,45470,45271,1424779,670605,0,243215,0,0,0,0,2048,113413,104433,58565,1,/home/user/workspace/csg-htsim/.worktrees/four-scheme-parameter-coupling/sim/datacenter/htsim_roce -o /home/user/workspace/csg-htsim/.worktrees/four-scheme-parameter-coupling/experiments/n-mrc/output/four_scheme_parameter_matrix_20260726/raw/full_global_p4_64mib_background_off/grade_default/seed_13/logout.dat -tm /home/user/workspace/csg-htsim/.worktrees/four-scheme-parameter-coupling/experiments/n-mrc/output/four_scheme_parameter_matrix_20260726/traffic/n128_full_global_p4_64mib_background_off_seed13.cm -nodes 128 -conns 16256 -tiers 2 -lb grade -linkspeed 400000 -queue_type composite_ecn_lb -host_queue_type prio -mtu 4096 -end 100000 -paths 8 -seed 13 -cc dcqcn_variant -roce_rx_mode sp -roce_sack_bitmap_bits 64 -roce_transport_semantics mrc_exact_bounded -roce_trim_recovery exact -hop_latency 0.5 -switch_latency 0.5 -queue_cv_sample_us 100 -stor_level_weights 4 2 1 0,16256,1,0,0.0,0.0,0.0,16256,grade,16256,2227.19,965.9795274606315,2019.8885000000005,2227.19,965.9795274606315,1,951.7555,1881.36,2136.5868000000005,2019.8885000000005,all_to_all_cct_us,2227.19,0,full_global_p4_64mib_background_off,13,cd66f7cc1c0f0fe7e6813b9bbb02c23813611479a17c4ae0dc62747f28a66945,16256,grade_default,,,,,,,,,,,,,,,,,,,,,,,,,,,,,,,,,,,,,,,,,,,,,,,,,,,,,,,,,,,,,,,,,,,,,,,,,,,
1474,0,6977176,643,238373,0,0,4096,22349,973,2080768,0,0,0,0,0,0,0,0,0,0,0,0,0,0,0,0,0,0,0,0,0,0,0,0,0,0,0,0,0,0,0,0,0,0,0,0,0,0,0,0,0,0,0,0,0,0,0,0,0,0,0,0,0,0,0,0,0,0,0,0,0,0,0,0,0,0,0,0,0,0,0,0,2,0,2340657,8,8,8,1018.32,128,0.41256,0,0.01,349696,0,1639778,241143,0,0,0,0,0,0,0,0,0,0,2089108,12681,0,658905,66703,72958,6255,0,263812,0,22942,240870,0,0,0,160686,458022,376470,1345479,0,0,0,0,0,0,0,0,0,0,0,0,0,0,0,0,0,0,0,45493,45332,1433814,661293,0,241143,0,0,0,0,1980,108667,104715,61237,1,/home/user/workspace/csg-htsim/.worktrees/four-scheme-parameter-coupling/sim/datacenter/htsim_roce -o /home/user/workspace/csg-htsim/.worktrees/four-scheme-parameter-coupling/experiments/n-mrc/output/four_scheme_parameter_matrix_20260726/raw/full_global_p4_64mib_background_off/grade_default/seed_29/logout.dat -tm /home/user/workspace/csg-htsim/.worktrees/four-scheme-parameter-coupling/experiments/n-mrc/output/four_scheme_parameter_matrix_20260726/traffic/n128_full_global_p4_64mib_background_off_seed29.cm -nodes 128 -conns 16256 -tiers 2 -lb grade -linkspeed 400000 -queue_type composite_ecn_lb -host_queue_type prio -mtu 4096 -end 100000 -paths 8 -seed 29 -cc dcqcn_variant -roce_rx_mode sp -roce_sack_bitmap_bits 64 -roce_transport_semantics mrc_exact_bounded -roce_trim_recovery exact -hop_latency 0.5 -switch_latency 0.5 -queue_cv_sample_us 100 -stor_level_weights 4 2 1 0,16256,1,0,0.0,0.0,0.0,16256,grade,16256,2231.53,969.037534707183,2031.9565000000002,2231.53,969.037534707183,1,952.9175,1887.4825,2159.0682,2031.9565000000002,all_to_all_cct_us,2231.53,0,full_global_p4_64mib_background_off,29,b57e3e2e8cbff05213ee36492fee091a55193e18fc5a982e3047239b7eea271b,16256,grade_default,,,,,,,,,,,,,,,,,,,,,,,,,,,,,,,,,,,,,,,,,,,,,,,,,,,,,,,,,,,,,,,,,,,,,,,,,,,
1593,0,7075077,713,238529,0,0,4096,23071,1054,2080768,0,0,0,0,0,0,0,0,0,0,0,0,0,0,0,0,0,0,0,0,0,0,0,0,0,0,0,0,0,0,0,0,0,0,0,0,0,0,0,0,0,0,0,0,0,0,0,0,0,0,0,0,0,0,0,0,0,0,0,0,0,0,0,0,0,0,0,0,0,0,0,0,5,0,2341489,8,8,8,1055.14,128,0.390363,0,0.01,349696,0,1659763,241490,0,0,0,0,0,0,0,0,0,0,2089491,13143,0,668192,67194,73628,6434,0,264960,0,23736,241224,0,0,0,163865,461611,376857,1339156,0,0,0,0,0,0,0,0,0,0,0,0,0,0,0,0,0,0,0,45402,45217,1424998,670516,0,241490,0,0,0,0,1905,111659,105620,60196,1,/home/user/workspace/csg-htsim/.worktrees/four-scheme-parameter-coupling/sim/datacenter/htsim_roce -o /home/user/workspace/csg-htsim/.worktrees/four-scheme-parameter-coupling/experiments/n-mrc/output/four_scheme_parameter_matrix_20260726/raw/full_global_p4_64mib_background_off/grade_default/seed_47/logout.dat -tm /home/user/workspace/csg-htsim/.worktrees/four-scheme-parameter-coupling/experiments/n-mrc/output/four_scheme_parameter_matrix_20260726/traffic/n128_full_global_p4_64mib_background_off_seed47.cm -nodes 128 -conns 16256 -tiers 2 -lb grade -linkspeed 400000 -queue_type composite_ecn_lb -host_queue_type prio -mtu 4096 -end 100000 -paths 8 -seed 47 -cc dcqcn_variant -roce_rx_mode sp -roce_sack_bitmap_bits 64 -roce_transport_semantics mrc_exact_bounded -roce_trim_recovery exact -hop_latency 0.5 -switch_latency 0.5 -queue_cv_sample_us 100 -stor_level_weights 4 2 1 0,16256,1,0,0.0,0.0,0.0,16256,grade,16256,2278.61,970.4449479146153,2047.2430000000002,2278.61,970.4449479146153,1,953.4105,1893.6999999999998,2169.1789000000026,2047.2430000000002,all_to_all_cct_us,2278.61,0,full_global_p4_64mib_background_off,47,514dae083ab5ed6b56301bfff9344c58e74fc8a0e277be79c8e940b05ca3fa5e,16256,grade_default,,,,,,,,,,,,,,,,,,,,,,,,,,,,,,,,,,,,,,,,,,,,,,,,,,,,,,,,,,,,,,,,,,,,,,,,,,,
1353,0,6500442,516,215011,0,0,4096,21267,892,2080768,0,0,0,0,0,0,0,0,0,0,0,0,0,0,0,0,0,0,0,0,0,0,0,0,0,0,0,0,0,0,0,0,0,0,0,0,0,0,0,0,0,0,0,0,0,0,0,0,0,0,0,0,0,0,0,0,0,0,0,0,0,0,0,0,0,0,0,0,0,0,0,0,7,0,2316313,8,8,8,966.15,128,0.378717,0,0.01,349696,0,1450857,217598,0,0,0,0,0,0,0,0,0,0,2088475,11549,0,589163,65560,71330,5770,0,239039,0,21742,217297,0,0,0,147848,598349,371337,1198779,0,0,0,0,0,0,0,0,0,0,0,0,0,0,0,0,0,0,0,44946,44753,1503385,591430,0,217598,0,0,0,0,1727,98181,106371,73148,1,/home/user/workspace/csg-htsim/.worktrees/four-scheme-parameter-coupling/sim/datacenter/htsim_roce -o /home/user/workspace/csg-htsim/.worktrees/four-scheme-parameter-coupling/experiments/n-mrc/output/four_scheme_parameter_matrix_20260726/raw/full_global_p4_64mib_background_off/grade_equal/seed_13/logout.dat -tm /home/user/workspace/csg-htsim/.worktrees/four-scheme-parameter-coupling/experiments/n-mrc/output/four_scheme_parameter_matrix_20260726/traffic/n128_full_global_p4_64mib_background_off_seed13.cm -nodes 128 -conns 16256 -tiers 2 -lb grade -linkspeed 400000 -queue_type composite_ecn_lb -host_queue_type prio -mtu 4096 -end 100000 -paths 8 -seed 13 -cc dcqcn_variant -roce_rx_mode sp -roce_sack_bitmap_bits 64 -roce_transport_semantics mrc_exact_bounded -roce_trim_recovery exact -hop_latency 0.5 -switch_latency 0.5 -queue_cv_sample_us 100 -stor_level_weights 4 4 4 0,16256,1,0,0.0,0.0,0.0,16256,grade,16256,2122.71,924.7182744525129,1923.5205000000003,2122.71,924.7182744525129,1,906.6395,1807.0175,2039.5104500000043,1923.5205000000003,all_to_all_cct_us,2122.71,0,full_global_p4_64mib_background_off,13,cd66f7cc1c0f0fe7e6813b9bbb02c23813611479a17c4ae0dc62747f28a66945,16256,grade_equal,,,,,,,,,,,,,,,,,,,,,,,,,,,,,,,,,,,,,,,,,,,,,,,,,,,,,,,,,,,,,,,,,,,,,,,,,,,
1346,0,6800220,548,228350,0,0,4096,22067,952,2080768,0,0,0,0,0,0,0,0,0,0,0,0,0,0,0,0,0,0,0,0,0,0,0,0,0,0,0,0,0,0,0,0,0,0,0,0,0,0,0,0,0,0,0,0,0,0,0,0,0,0,0,0,0,0,0,0,0,0,0,0,0,0,0,0,0,0,0,0,0,0,0,0,2,0,2330410,8,8,8,978.758,128,0.380306,0,0.01,349760,0,1503003,230957,0,0,0,0,0,0,0,0,0,0,2088860,12190,0,611376,65960,72200,6240,0,253263,0,22561,230702,0,0,0,159303,637349,376759,1156999,0,0,0,0,0,0,0,0,0,0,0,0,0,0,0,0,0,0,0,46739,46630,1481496,613809,0,230957,0,0,0,0,1929,108165,107859,68651,1,/home/user/workspace/csg-htsim/.worktrees/four-scheme-parameter-coupling/sim/datacenter/htsim_roce -o /home/user/workspace/csg-htsim/.worktrees/four-scheme-parameter-coupling/experiments/n-mrc/output/four_scheme_parameter_matrix_20260726/raw/full_global_p4_64mib_background_off/grade_equal/seed_29/logout.dat -tm /home/user/workspace/csg-htsim/.worktrees/four-scheme-parameter-coupling/experiments/n-mrc/output/four_scheme_parameter_matrix_20260726/traffic/n128_full_global_p4_64mib_background_off_seed29.cm -nodes 128 -conns 16256 -tiers 2 -lb grade -linkspeed 400000 -queue_type composite_ecn_lb -host_queue_type prio -mtu 4096 -end 100000 -paths 8 -seed 29 -cc dcqcn_variant -roce_rx_mode sp -roce_sack_bitmap_bits 64 -roce_transport_semantics mrc_exact_bounded -roce_trim_recovery exact -hop_latency 0.5 -switch_latency 0.5 -queue_cv_sample_us 100 -stor_level_weights 4 4 4 0,16256,1,0,0.0,0.0,0.0,16256,grade,16256,2189.75,948.8724185654545,1974.8525000000004,2189.75,948.8724185654545,1,938.6265000000001,1838.95,2085.125750000003,1974.8525000000004,all_to_all_cct_us,2189.75,0,full_global_p4_64mib_background_off,29,b57e3e2e8cbff05213ee36492fee091a55193e18fc5a982e3047239b7eea271b,16256,grade_equal,,,,,,,,,,,,,,,,,,,,,,,,,,,,,,,,,,,,,,,,,,,,,,,,,,,,,,,,,,,,,,,,,,,,,,,,,,,
1438,0,6849392,592,229251,0,0,4096,22420,1079,2080768,0,0,0,0,0,0,0,0,0,0,0,0,0,0,0,0,0,0,0,0,0,0,0,0,0,0,0,0,0,0,0,0,0,0,0,0,0,0,0,0,0,0,0,0,0,0,0,0,0,0,0,0,0,0,0,0,0,0,0,0,0,0,0,0,0,0,0,0,0,0,0,0,5,0,2331712,8,8,8,974.044,128,0.39354,0,0.01,349696,0,1480200,232099,0,0,0,0,0,0,0,0,0,0,2089005,12349,0,598504,66431,72664,6233,0,254780,0,22965,231815,0,0,0,160082,618691,382050,1170889,0,0,0,0,0,0,0,0,0,0,0,0,0,0,0,0,0,0,0,46807,46658,1494684,600802,0,232099,0,0,0,0,1844,109189,111010,71946,1,/home/user/workspace/csg-htsim/.worktrees/four-scheme-parameter-coupling/sim/datacenter/htsim_roce -o /home/user/workspace/csg-htsim/.worktrees/four-scheme-parameter-coupling/experiments/n-mrc/output/four_scheme_parameter_matrix_20260726/raw/full_global_p4_64mib_background_off/grade_equal/seed_47/logout.dat -tm /home/user/workspace/csg-htsim/.worktrees/four-scheme-parameter-coupling/experiments/n-mrc/output/four_scheme_parameter_matrix_20260726/traffic/n128_full_global_p4_64mib_background_off_seed47.cm -nodes 128 -conns 16256 -tiers 2 -lb grade -linkspeed 400000 -queue_type composite_ecn_lb -host_queue_type prio -mtu 4096 -end 100000 -paths 8 -seed 47 -cc dcqcn_variant -roce_rx_mode sp -roce_sack_bitmap_bits 64 -roce_transport_semantics mrc_exact_bounded -roce_trim_recovery exact -hop_latency 0.5 -switch_latency 0.5 -queue_cv_sample_us 100 -stor_level_weights 4 4 4 0,16256,1,0,0.0,0.0,0.0,16256,grade,16256,2163.55,941.7839191990643,1987.5635000000002,2163.55,941.7839191990643,1,921.1225,1844.73,2100.1884500000015,1987.5635000000002,all_to_all_cct_us,2163.55,0,full_global_p4_64mib_background_off,47,514dae083ab5ed6b56301bfff9344c58e74fc8a0e277be79c8e940b05ca3fa5e,16256,grade_equal,,,,,,,,,,,,,,,,,,,,,,,,,,,,,,,,,,,,,,,,,,,,,,,,,,,,,,,,,,,,,,,,,,,,,,,,,,,
1415,0,6812048,592,230501,0,0,4096,21913,995,2080768,0,0,0,0,0,0,0,0,0,0,0,0,0,0,0,0,0,0,0,0,0,0,0,0,0,0,0,0,0,0,0,0,0,0,0,0,0,0,0,0,0,0,0,0,0,0,0,0,0,0,0,0,0,0,0,0,0,0,0,0,0,0,0,0,0,0,0,0,0,0,0,0,7,0,2332355,8,8,8,955.469,128,0.365963,0,0.01,349632,0,1500520,233219,0,0,0,0,0,0,0,0,0,0,2088898,12225,0,606539,66767,72931,6164,0,255416,0,22451,232965,0,0,0,158138,524087,385191,1264939,0,0,0,0,0,0,0,0,0,0,0,0,0,0,0,0,0,0,0,46911,46748,1486213,608789,0,233219,0,0,0,0,1910,107483,109714,67207,1,/home/user/workspace/csg-htsim/.worktrees/four-scheme-parameter-coupling/sim/datacenter/htsim_roce -o /home/user/workspace/csg-htsim/.worktrees/four-scheme-parameter-coupling/experiments/n-mrc/output/four_scheme_parameter_matrix_20260726/raw/full_global_p4_64mib_background_off/grade_gentle/seed_13/logout.dat -tm /home/user/workspace/csg-htsim/.worktrees/four-scheme-parameter-coupling/experiments/n-mrc/output/four_scheme_parameter_matrix_20260726/traffic/n128_full_global_p4_64mib_background_off_seed13.cm -nodes 128 -conns 16256 -tiers 2 -lb grade -linkspeed 400000 -queue_type composite_ecn_lb -host_queue_type prio -mtu 4096 -end 100000 -paths 8 -seed 13 -cc dcqcn_variant -roce_rx_mode sp -roce_sack_bitmap_bits 64 -roce_transport_semantics mrc_exact_bounded -roce_trim_recovery exact -hop_latency 0.5 -switch_latency 0.5 -queue_cv_sample_us 100 -stor_level_weights 4 3 2 0,16256,1,0,0.0,0.0,0.0,16256,grade,16256,2215.85,952.5307028481819,2011.9205000000002,2215.85,952.5307028481819,1,935.5535,1864.37,2139.016300000001,2011.9205000000002,all_to_all_cct_us,2215.85,0,full_global_p4_64mib_background_off,13,cd66f7cc1c0f0fe7e6813b9bbb02c23813611479a17c4ae0dc62747f28a66945,16256,grade_gentle,,,,,,,,,,,,,,,,,,,,,,,,,,,,,,,,,,,,,,,,,,,,,,,,,,,,,,,,,,,,,,,,,,,,,,,,,,,
1525,0,6797721,628,227998,0,0,4096,22049,990,2080768,0,0,0,0,0,0,0,0,0,0,0,0,0,0,0,0,0,0,0,0,0,0,0,0,0,0,0,0,0,0,0,0,0,0,0,0,0,0,0,0,0,0,0,0,0,0,0,0,0,0,0,0,0,0,0,0,0,0,0,0,0,0,0,0,0,0,0,0,0,0,0,0,2,0,2329973,8,8,8,991.55,128,0.343714,0,0.01,349760,0,1528555,230826,0,0,0,0,0,0,0,0,0,0,2088811,12154,0,620603,66118,72277,6159,0,253190,0,22629,230561,0,0,0,161356,518804,385042,1264771,0,0,0,0,0,0,0,0,0,0,0,0,0,0,0,0,0,0,0,45634,45473,1472008,622980,0,230826,0,0,0,0,1905,110125,107738,67867,1,/home/user/workspace/csg-htsim/.worktrees/four-scheme-parameter-coupling/sim/datacenter/htsim_roce -o /home/user/workspace/csg-htsim/.worktrees/four-scheme-parameter-coupling/experiments/n-mrc/output/four_scheme_parameter_matrix_20260726/raw/full_global_p4_64mib_background_off/grade_gentle/seed_29/logout.dat -tm /home/user/workspace/csg-htsim/.worktrees/four-scheme-parameter-coupling/experiments/n-mrc/output/four_scheme_parameter_matrix_20260726/traffic/n128_full_global_p4_64mib_background_off_seed29.cm -nodes 128 -conns 16256 -tiers 2 -lb grade -linkspeed 400000 -queue_type composite_ecn_lb -host_queue_type prio -mtu 4096 -end 100000 -paths 8 -seed 29 -cc dcqcn_variant -roce_rx_mode sp -roce_sack_bitmap_bits 64 -roce_transport_semantics mrc_exact_bounded -roce_trim_recovery exact -hop_latency 0.5 -switch_latency 0.5 -queue_cv_sample_us 100 -stor_level_weights 4 3 2 0,16256,1,0,0.0,0.0,0.0,16256,grade,16256,2355.96,955.8516402682067,2024.798,2355.96,955.8516402682067,1,938.2365,1866.9250000000002,2235.4561500000045,2024.798,all_to_all_cct_us,2355.96,0,full_global_p4_64mib_background_off,29,b57e3e2e8cbff05213ee36492fee091a55193e18fc5a982e3047239b7eea271b,16256,grade_gentle,,,,,,,,,,,,,,,,,,,,,,,,,,,,,,,,,,,,,,,,,,,,,,,,,,,,,,,,,,,,,,,,,,,,,,,,,,,
1547,0,6854264,568,229434,0,0,4096,22389,1007,2080768,0,0,0,0,0,0,0,0,0,0,0,0,0,0,0,0,0,0,0,0,0,0,0,0,0,0,0,0,0,0,0,0,0,0,0,0,0,0,0,0,0,0,0,0,0,0,0,0,0,0,0,0,0,0,0,0,0,0,0,0,0,0,0,0,0,0,0,0,0,0,0,0,5,0,2331835,8,8,8,976.834,128,0.394287,0,0.01,349696,0,1551097,232281,0,0,0,0,0,0,0,0,0,0,2088865,12260,0,628524,66739,72869,6130,0,254945,0,22930,232015,0,0,0,156774,528962,389945,1256154,0,0,0,0,0,0,0,0,0,0,0,0,0,0,0,0,0,0,0,46126,45948,1464293,631058,0,232281,0,0,0,0,1885,105313,108158,66236,1,/home/user/workspace/csg-htsim/.worktrees/four-scheme-parameter-coupling/sim/datacenter/htsim_roce -o /home/user/workspace/csg-htsim/.worktrees/four-scheme-parameter-coupling/experiments/n-mrc/output/four_scheme_parameter_matrix_20260726/raw/full_global_p4_64mib_background_off/grade_gentle/seed_47/logout.dat -tm /home/user/workspace/csg-htsim/.worktrees/four-scheme-parameter-coupling/experiments/n-mrc/output/four_scheme_parameter_matrix_20260726/traffic/n128_full_global_p4_64mib_background_off_seed47.cm -nodes 128 -conns 16256 -tiers 2 -lb grade -linkspeed 400000 -queue_type composite_ecn_lb -host_queue_type prio -mtu 4096 -end 100000 -paths 8 -seed 47 -cc dcqcn_variant -roce_rx_mode sp -roce_sack_bitmap_bits 64 -roce_transport_semantics mrc_exact_bounded -roce_trim_recovery exact -hop_latency 0.5 -switch_latency 0.5 -queue_cv_sample_us 100 -stor_level_weights 4 3 2 0,16256,1,0,0.0,0.0,0.0,16256,grade,16256,2194.85,950.6364205462615,1992.8,2194.85,950.6364205462615,1,930.2135000000001,1852.0524999999998,2114.1718000000014,1992.8,all_to_all_cct_us,2194.85,0,full_global_p4_64mib_background_off,47,514dae083ab5ed6b56301bfff9344c58e74fc8a0e277be79c8e940b05ca3fa5e,16256,grade_gentle,,,,,,,,,,,,,,,,,,,,,,,,,,,,,,,,,,,,,,,,,,,,,,,,,,,,,,,,,,,,,,,,,,,,,,,,,,,
1430,0,6345939,867,221421,0,0,4096,19909,1050,2080768,0,0,0,0,0,0,0,0,0,0,0,0,0,0,0,0,0,0,0,0,0,0,0,0,0,0,0,0,0,0,0,0,0,0,0,0,0,0,0,0,0,0,0,0,0,0,0,0,0,0,0,0,0,0,0,0,0,0,0,0,0,0,0,0,0,0,0,0,0,0,0,0,7,0,2321216,8,8,8,844.311,128,0.474774,0,0.01,349632,0,884020,224209,0,0,0,0,0,0,0,0,0,0,2088534,10231,0,370505,63562,69763,6201,0,244677,0,20712,223965,0,0,0,47202,129530,128257,2016227,0,0,0,0,0,0,0,0,0,0,0,0,0,0,0,0,0,0,0,133753,133749,1722402,372168,0,224209,0,0,0,0,229,6588,122547,151370,1,/home/user/workspace/csg-htsim/.worktrees/four-scheme-parameter-coupling/sim/datacenter/htsim_roce -o /home/user/workspace/csg-htsim/.worktrees/four-scheme-parameter-coupling/experiments/n-mrc/output/four_scheme_parameter_matrix_20260726/raw/full_global_p4_64mib_background_off/grade_sensitive/seed_13/logout.dat -tm /home/user/workspace/csg-htsim/.worktrees/four-scheme-parameter-coupling/experiments/n-mrc/output/four_scheme_parameter_matrix_20260726/traffic/n128_full_global_p4_64mib_background_off_seed13.cm -nodes 128 -conns 16256 -tiers 2 -lb grade -linkspeed 400000 -queue_type composite_ecn_lb -host_queue_type prio -mtu 4096 -end 100000 -paths 8 -seed 13 -cc dcqcn_variant -roce_rx_mode sp -roce_sack_bitmap_bits 64 -roce_transport_semantics mrc_exact_bounded -roce_trim_recovery exact -hop_latency 0.5 -switch_latency 0.5 -queue_cv_sample_us 100 -stor_level_weights 4 2 1 0 -stor_level_thresholds 10 8 4,16256,1,0,0.0,0.0,0.0,16256,grade,16256,2212.36,899.6032389456165,1970.3305000000003,2212.36,899.6032389456165,1,872.456,1776.5975,2103.8394,1970.3305000000003,all_to_all_cct_us,2212.36,0,full_global_p4_64mib_background_off,13,cd66f7cc1c0f0fe7e6813b9bbb02c23813611479a17c4ae0dc62747f28a66945,16256,grade_sensitive,,,,,,,,,,,,,,,,,,,,,,,,,,,,,,,,,,,,,,,,,,,,,,,,,,,,,,,,,,,,,,,,,,,,,,,,,,,
1470,0,6658958,810,238704,0,0,4096,21202,1206,2080768,0,0,0,0,0,0,0,0,0,0,0,0,0,0,0,0,0,0,0,0,0,0,0,0,0,0,0,0,0,0,0,0,0,0,0,0,0,0,0,0,0,0,0,0,0,0,0,0,0,0,0,0,0,0,0,0,0,0,0,0,0,0,0,0,0,0,0,0,0,0,0,1,2,0,2339753,8,8,8,861.317,128,0.394251,0,0.01,349696,0,885680,241700,0,0,0,0,0,0,0,0,0,0,2089538,11164,0,374705,63935,70676,6741,0,263392,0,21950,241442,0,0,0,48926,141877,139036,2009914,0,0,0,0,0,0,0,0,0,0,0,0,0,0,0,0,0,0,0,146795,146784,1719424,376225,0,241700,0,0,0,0,208,7084,132776,154856,1,/home/user/workspace/csg-htsim/.worktrees/four-scheme-parameter-coupling/sim/datacenter/htsim_roce -o /home/user/workspace/csg-htsim/.worktrees/four-scheme-parameter-coupling/experiments/n-mrc/output/four_scheme_parameter_matrix_20260726/raw/full_global_p4_64mib_background_off/grade_sensitive/seed_29/logout.dat -tm /home/user/workspace/csg-htsim/.worktrees/four-scheme-parameter-coupling/experiments/n-mrc/output/four_scheme_parameter_matrix_20260726/traffic/n128_full_global_p4_64mib_background_off_seed29.cm -nodes 128 -conns 16256 -tiers 2 -lb grade -linkspeed 400000 -queue_type composite_ecn_lb -host_queue_type prio -mtu 4096 -end 100000 -paths 8 -seed 29 -cc dcqcn_variant -roce_rx_mode sp -roce_sack_bitmap_bits 64 -roce_transport_semantics mrc_exact_bounded -roce_trim_recovery exact -hop_latency 0.5 -switch_latency 0.5 -queue_cv_sample_us 100 -stor_level_weights 4 2 1 0 -stor_level_thresholds 10 8 4,16256,1,0,0.0,0.0,0.0,16256,grade,16256,2196.77,913.3969782234216,1952.8685000000005,2196.77,913.3969782234216,1,891.745,1792.48,2105.06135,1952.8685000000005,all_to_all_cct_us,2196.77,0,full_global_p4_64mib_background_off,29,b57e3e2e8cbff05213ee36492fee091a55193e18fc5a982e3047239b7eea271b,16256,grade_sensitive,,,,,,,,,,,,,,,,,,,,,,,,,,,,,,,,,,,,,,,,,,,,,,,,,,,,,,,,,,,,,,,,,,,,,,,,,,,
1325,0,6170381,556,204140,0,0,4096,19579,937,2080768,0,0,0,0,0,0,0,0,0,0,0,0,0,0,0,0,0,0,0,0,0,0,0,0,0,0,0,0,0,0,0,0,0,0,0,0,0,0,0,0,0,0,0,0,0,0,0,0,0,0,0,0,0,0,0,0,0,0,0,0,0,0,0,0,0,0,0,0,0,0,0,0,5,0,2303899,8,8,8,878.859,128,0.449456,0,0.01,349760,0,946990,206673,0,0,0,0,0,0,0,0,0,0,2088547,10323,0,396632,62935,68600,5665,0,226537,0,20090,206447,0,0,0,46415,128204,124181,2005099,0,0,0,0,0,0,0,0,0,0,0,0,0,0,0,0,0,0,0,130009,129998,1696321,398376,0,206673,0,0,0,0,182,5505,117699,151551,1,/home/user/workspace/csg-htsim/.worktrees/four-scheme-parameter-coupling/sim/datacenter/htsim_roce -o /home/user/workspace/csg-htsim/.worktrees/four-scheme-parameter-coupling/experiments/n-mrc/output/four_scheme_parameter_matrix_20260726/raw/full_global_p4_64mib_background_off/grade_sensitive/seed_47/logout.dat -tm /home/user/workspace/csg-htsim/.worktrees/four-scheme-parameter-coupling/experiments/n-mrc/output/four_scheme_parameter_matrix_20260726/traffic/n128_full_global_p4_64mib_background_off_seed47.cm -nodes 128 -conns 16256 -tiers 2 -lb grade -linkspeed 400000 -queue_type composite_ecn_lb -host_queue_type prio -mtu 4096 -end 100000 -paths 8 -seed 47 -cc dcqcn_variant -roce_rx_mode sp -roce_sack_bitmap_bits 64 -roce_transport_semantics mrc_exact_bounded -roce_trim_recovery exact -hop_latency 0.5 -switch_latency 0.5 -queue_cv_sample_us 100 -stor_level_weights 4 2 1 0 -stor_level_thresholds 10 8 4,16256,1,0,0.0,0.0,0.0,16256,grade,16256,2093.31,880.8657510580681,1864.2505,2093.31,880.8657510580681,1,856.5025,1726.735,2001.3526000000027,1864.2505,all_to_all_cct_us,2093.31,0,full_global_p4_64mib_background_off,47,514dae083ab5ed6b56301bfff9344c58e74fc8a0e277be79c8e940b05ca3fa5e,16256,grade_sensitive,,,,,,,,,,,,,,,,,,,,,,,,,,,,,,,,,,,,,,,,,,,,,,,,,,,,,,,,,,,,,,,,,,,,,,,,,,,
1617,0,6961771,871,250112,0,0,4096,22420,1096,2080768,0,0,0,0,0,0,0,0,0,0,0,0,0,0,0,0,0,0,0,0,0,0,0,0,0,0,0,0,0,0,0,0,0,0,0,0,0,0,0,0,0,0,0,0,0,0,0,0,0,0,0,0,0,0,0,0,0,0,0,0,0,0,0,0,0,0,0,0,0,0,0,1,7,0,2352220,8,8,8,1027.44,128,0.379219,0,0.01,349696,0,1683976,253139,0,0,0,0,0,0,0,0,0,0,2089446,12643,0,672824,68131,74919,6788,0,276116,0,23237,252879,0,0,0,156742,429324,328488,1437666,0,0,0,0,0,0,0,0,0,0,0,0,0,0,0,0,0,0,0,45202,44997,1420033,675042,0,253139,0,0,0,0,1892,104125,103110,56009,1,/home/user/workspace/csg-htsim/.worktrees/four-scheme-parameter-coupling/sim/datacenter/htsim_roce -o /home/user/workspace/csg-htsim/.worktrees/four-scheme-parameter-coupling/experiments/n-mrc/output/four_scheme_parameter_matrix_20260726/raw/full_global_p4_64mib_background_off/grade_sharp/seed_13/logout.dat -tm /home/user/workspace/csg-htsim/.worktrees/four-scheme-parameter-coupling/experiments/n-mrc/output/four_scheme_parameter_matrix_20260726/traffic/n128_full_global_p4_64mib_background_off_seed13.cm -nodes 128 -conns 16256 -tiers 2 -lb grade -linkspeed 400000 -queue_type composite_ecn_lb -host_queue_type prio -mtu 4096 -end 100000 -paths 8 -seed 13 -cc dcqcn_variant -roce_rx_mode sp -roce_sack_bitmap_bits 64 -roce_transport_semantics mrc_exact_bounded -roce_trim_recovery exact -hop_latency 0.5 -switch_latency 0.5 -queue_cv_sample_us 100 -stor_level_weights 8 2 1 0,16256,1,0,0.0,0.0,0.0,16256,grade,16256,2311.75,992.3210135457638,2078.5730000000003,2311.75,992.3210135457638,1,978.034,1931.9425,2210.780450000003,2078.5730000000003,all_to_all_cct_us,2311.75,0,full_global_p4_64mib_background_off,13,cd66f7cc1c0f0fe7e6813b9bbb02c23813611479a17c4ae0dc62747f28a66945,16256,grade_sharp,,,,,,,,,,,,,,,,,,,,,,,,,,,,,,,,,,,,,,,,,,,,,,,,,,,,,,,,,,,,,,,,,,,,,,,,,,,
1720,0,7183224,809,257690,0,0,4096,23188,1268,2080768,0,0,0,0,0,0,0,0,0,0,0,0,0,0,0,0,0,0,0,0,0,0,0,0,0,0,0,0,0,0,0,0,0,0,0,0,0,0,0,0,0,0,0,0,0,0,0,0,0,0,0,0,0,0,0,0,0,0,0,0,0,0,0,0,0,0,0,0,0,0,0,0,2,0,2360709,8,8,8,1028.96,128,0.328192,0,0.01,349760,0,1675500,261007,0,0,0,0,0,0,0,0,0,0,2089892,13263,0,673097,68411,75359,6948,0,284675,0,23933,260742,0,0,0,161677,431741,330507,1436784,0,0,0,0,0,0,0,0,0,0,0,0,0,0,0,0,0,0,0,46177,46004,1420267,675254,0,261007,0,0,0,0,1965,108421,105579,57538,1,/home/user/workspace/csg-htsim/.worktrees/four-scheme-parameter-coupling/sim/datacenter/htsim_roce -o /home/user/workspace/csg-htsim/.worktrees/four-scheme-parameter-coupling/experiments/n-mrc/output/four_scheme_parameter_matrix_20260726/raw/full_global_p4_64mib_background_off/grade_sharp/seed_29/logout.dat -tm /home/user/workspace/csg-htsim/.worktrees/four-scheme-parameter-coupling/experiments/n-mrc/output/four_scheme_parameter_matrix_20260726/traffic/n128_full_global_p4_64mib_background_off_seed29.cm -nodes 128 -conns 16256 -tiers 2 -lb grade -linkspeed 400000 -queue_type composite_ecn_lb -host_queue_type prio -mtu 4096 -end 100000 -paths 8 -seed 29 -cc dcqcn_variant -roce_rx_mode sp -roce_sack_bitmap_bits 64 -roce_transport_semantics mrc_exact_bounded -roce_trim_recovery exact -hop_latency 0.5 -switch_latency 0.5 -queue_cv_sample_us 100 -stor_level_weights 8 2 1 0,16256,1,0,0.0,0.0,0.0,16256,grade,16256,2313.93,994.7306740649634,2085.952500000001,2313.93,994.7306740649634,1,981.6700000000001,1944.3025,2219.8544500000007,2085.952500000001,all_to_all_cct_us,2313.93,0,full_global_p4_64mib_background_off,29,b57e3e2e8cbff05213ee36492fee091a55193e18fc5a982e3047239b7eea271b,16256,grade_sharp,,,,,,,,,,,,,,,,,,,,,,,,,,,,,,,,,,,,,,,,,,,,,,,,,,,,,,,,,,,,,,,,,,,,,,,,,,,
1614,0,7059219,664,249986,0,0,4096,22827,1061,2080768,0,0,0,0,0,0,0,0,0,0,0,0,0,0,0,0,0,0,0,0,0,0,0,0,0,0,0,0,0,0,0,0,0,0,0,0,0,0,0,0,0,0,0,0,0,0,0,0,0,0,0,0,0,0,0,0,0,0,0,0,0,0,0,0,0,0,0,0,0,0,0,0,5,0,2352725,8,8,8,1009.17,128,0.351889,0,0.01,349760,0,1781303,252965,0,0,0,0,0,0,0,0,0,0,2089501,13028,0,713428,68107,74780,6673,0,276152,0,23446,252706,0,0,0,168611,448495,331555,1404064,0,0,0,0,0,0,0,0,0,0,0,0,0,0,0,0,0,0,0,45117,44874,1379569,715847,0,252965,0,0,0,0,2100,115442,102321,53510,1,/home/user/workspace/csg-htsim/.worktrees/four-scheme-parameter-coupling/sim/datacenter/htsim_roce -o /home/user/workspace/csg-htsim/.worktrees/four-scheme-parameter-coupling/experiments/n-mrc/output/four_scheme_parameter_matrix_20260726/raw/full_global_p4_64mib_background_off/grade_sharp/seed_47/logout.dat -tm /home/user/workspace/csg-htsim/.worktrees/four-scheme-parameter-coupling/experiments/n-mrc/output/four_scheme_parameter_matrix_20260726/traffic/n128_full_global_p4_64mib_background_off_seed47.cm -nodes 128 -conns 16256 -tiers 2 -lb grade -linkspeed 400000 -queue_type composite_ecn_lb -host_queue_type prio -mtu 4096 -end 100000 -paths 8 -seed 47 -cc dcqcn_variant -roce_rx_mode sp -roce_sack_bitmap_bits 64 -roce_transport_semantics mrc_exact_bounded -roce_trim_recovery exact -hop_latency 0.5 -switch_latency 0.5 -queue_cv_sample_us 100 -stor_level_weights 8 2 1 0,16256,1,0,0.0,0.0,0.0,16256,grade,16256,2309.95,993.9208467212103,2049.5470000000005,2309.95,993.9208467212103,1,987.3695,1925.3075,2157.498700000003,2049.5470000000005,all_to_all_cct_us,2309.95,0,full_global_p4_64mib_background_off,47,514dae083ab5ed6b56301bfff9344c58e74fc8a0e277be79c8e940b05ca3fa5e,16256,grade_sharp,,,,,,,,,,,,,,,,,,,,,,,,,,,,,,,,,,,,,,,,,,,,,,,,,,,,,,,,,,,,,,,,,,,,,,,,,,,
4925,0,20086088,7319,506971,0,0,4096,122967,1510,12547604,0,0,0,0,0,0,0,0,0,0,0,0,0,0,0,0,0,0,0,0,0,0,0,0,0,0,0,0,0,0,0,0,0,0,0,0,0,0,0,0,0,0,0,0,0,0,0,0,0,0,0,0,0,0,0,0,0,0,0,0,0,0,0,0,0,0,0,0,0,0,0,1,3,0,13175630,8,8,8,2489.23,128,0.324364,0.03,0.1,332800,0,103936,513686,0,0,0,0,0,0,0,0,0,0,12651388,105890,0,53459,450239,466252,16013,0,643692,0,130217,513475,0,0,161,4922,0,0,13170708,0,0,0,0,0,0,0,0,0,0,0,0,0,0,0,0,0,0,0,24704,0,12606715,53514,0,513686,0,0,0,0,60,3213,22934,63871,1,/home/user/workspace/csg-htsim/.worktrees/four-scheme-parameter-coupling/sim/datacenter/htsim_roce -o /home/user/workspace/csg-htsim/.worktrees/four-scheme-parameter-coupling/experiments/n-mrc/output/four_scheme_parameter_matrix_20260726/raw/standard_websearch_proxy_80pct/avail_ecn_only/seed_13/logout.dat -tm /home/user/workspace/csg-htsim/.worktrees/four-scheme-parameter-coupling/experiments/n-mrc/output/four_scheme_parameter_matrix_20260726/traffic/n128_standard_websearch_proxy_80pct_seed13.cm -nodes 128 -conns 29191 -tiers 2 -lb avail -linkspeed 400000 -queue_type composite_ecn_lb -host_queue_type prio -mtu 4096 -end 40000 -paths 8 -seed 13 -cc dcqcn_variant -roce_rx_mode sp -roce_sack_bitmap_bits 64 -roce_transport_semantics mrc_exact_bounded -roce_trim_recovery exact -hop_latency 0.5 -switch_latency 0.5 -queue_cv_sample_us 100 -avail_ecn_only,29191,1,0,0.0,0.0,0.0,29191,avail,29191,12567.772323877152,259.5660493304569,4189.409225878189,12567.772323877152,259.5660493304569,1,33.69525109069991,1244.6956565735727,8364.716366662054,4189.409225878189,p99_fct_us,4189.409225878189,0,standard_websearch_proxy_80pct,13,008da4ad9615dce108cb046b2ccd82a5a1fad0be6f1ecb7a6c61e55710bd6903,29191,avail_ecn_only,,,,,,,,,,,,,,,,,,,,,,,,,,,,,,,,,,,,,,,,,,,,,,,,,,,,,,,,,,,,,,,,,,,,,,,,,,,
4258,0,19305608,5704,461727,0,0,4096,106440,1355,12284506,0,0,0,0,0,0,0,0,0,0,0,0,0,0,0,0,0,0,0,0,0,0,0,0,0,0,0,0,0,0,0,0,0,0,0,0,0,0,0,0,0,0,0,0,0,0,0,0,0,0,0,0,0,0,0,0,0,0,0,0,0,0,0,0,0,0,0,0,0,0,0,3,1,0,12851106,8,8,8,2281.04,128,0.28581,0.03,0.08,324480,0,60244,467649,0,0,0,0,0,0,0,0,0,0,12373045,90544,0,31756,435628,450276,14648,0,579484,0,112083,467401,0,0,40,2375,0,0,12848731,0,0,0,0,0,0,0,0,0,0,0,0,0,0,0,0,0,0,0,15232,0,12350063,31791,0,467649,0,0,0,0,32,1275,15420,45481,1,/home/user/workspace/csg-htsim/.worktrees/four-scheme-parameter-coupling/sim/datacenter/htsim_roce -o /home/user/workspace/csg-htsim/.worktrees/four-scheme-parameter-coupling/experiments/n-mrc/output/four_scheme_parameter_matrix_20260726/raw/standard_websearch_proxy_80pct/avail_ecn_only/seed_29/logout.dat -tm /home/user/workspace/csg-htsim/.worktrees/four-scheme-parameter-coupling/experiments/n-mrc/output/four_scheme_parameter_matrix_20260726/traffic/n128_standard_websearch_proxy_80pct_seed29.cm -nodes 128 -conns 28640 -tiers 2 -lb avail -linkspeed 400000 -queue_type composite_ecn_lb -host_queue_type prio -mtu 4096 -end 40000 -paths 8 -seed 29 -cc dcqcn_variant -roce_rx_mode sp -roce_sack_bitmap_bits 64 -roce_transport_semantics mrc_exact_bounded -roce_trim_recovery exact -hop_latency 0.5 -switch_latency 0.5 -queue_cv_sample_us 100 -avail_ecn_only,28640,1,0,0.0,0.0,0.0,28640,avail,28640,9609.505932469132,230.178782190942,3610.6233850012995,9609.505932469132,230.178782190942,1,33.25231785322603,1078.4622180839388,7268.7514907613095,3610.6233850012995,p99_fct_us,3610.6233850012995,0,standard_websearch_proxy_80pct,29,5a935a2ff8c749623d9636104a3ad440fb71895f25f2bbf4112c51a2cd84228a,28640,avail_ecn_only,,,,,,,,,,,,,,,,,,,,,,,,,,,,,,,,,,,,,,,,,,,,,,,,,,,,,,,,,,,,,,,,,,,,,,,,,,,
4248,0,19167289,6042,472412,0,0,4096,106202,1341,12187349,0,0,0,0,0,0,0,0,0,0,0,0,0,0,0,0,0,0,0,0,0,0,0,0,0,0,0,0,0,0,0,0,0,0,0,0,0,0,0,0,0,0,0,0,0,0,0,0,0,0,0,0,0,0,0,0,0,0,0,0,0,0,0,0,0,0,0,0,0,0,0,0,7,0,12764350,8,8,8,2269.71,128,0.262674,0.03,0.08,345280,0,82493,478292,0,0,0,0,0,0,0,0,0,0,12276282,91030,0,43303,433671,448812,15141,0,590245,0,112179,478066,0,0,100,3537,0,0,12760813,0,0,0,0,0,0,0,0,0,0,0,0,0,0,0,0,0,0,0,20523,0,12241044,43334,0,478292,0,0,0,0,38,2078,19481,53012,1,/home/user/workspace/csg-htsim/.worktrees/four-scheme-parameter-coupling/sim/datacenter/htsim_roce -o /home/user/workspace/csg-htsim/.worktrees/four-scheme-parameter-coupling/experiments/n-mrc/output/four_scheme_parameter_matrix_20260726/raw/standard_websearch_proxy_80pct/avail_ecn_only/seed_47/logout.dat -tm /home/user/workspace/csg-htsim/.worktrees/four-scheme-parameter-coupling/experiments/n-mrc/output/four_scheme_parameter_matrix_20260726/traffic/n128_standard_websearch_proxy_80pct_seed47.cm -nodes 128 -conns 29117 -tiers 2 -lb avail -linkspeed 400000 -queue_type composite_ecn_lb -host_queue_type prio -mtu 4096 -end 40000 -paths 8 -seed 47 -cc dcqcn_variant -roce_rx_mode sp -roce_sack_bitmap_bits 64 -roce_transport_semantics mrc_exact_bounded -roce_trim_recovery exact -hop_latency 0.5 -switch_latency 0.5 -queue_cv_sample_us 100 -avail_ecn_only,29117,1,0,0.0,0.0,0.0,29117,avail,29117,11639.589163065768,230.71131384505017,3672.18991767417,11639.589163065768,230.71131384505017,1,32.38141977264786,1051.1371254943401,8224.421194252605,3672.18991767417,p99_fct_us,3672.18991767417,0,standard_websearch_proxy_80pct,47,1fe6ddb58d688341f9c040d00d3e1925526a70a23b438c897191a7cccf76159f,29117,avail_ecn_only,,,,,,,,,,,,,,,,,,,,,,,,,,,,,,,,,,,,,,,,,,,,,,,,,,,,,,,,,,,,,,,,,,,,,,,,,,,
4819,0,19978524,7226,499355,0,0,4096,121699,1534,12547604,0,0,0,0,0,0,0,0,0,0,0,0,0,0,0,0,0,0,0,0,0,0,0,0,0,0,0,0,0,0,0,0,0,0,0,0,0,0,0,0,0,0,0,0,0,0,0,0,0,0,0,0,0,0,0,0,0,0,0,0,0,0,0,0,0,0,0,0,0,0,0,5,3,0,13166771,8,8,8,2756.1,128,0.357247,0.03,0.11,332800,0,149305,505984,0,0,0,0,0,0,0,0,0,0,12650177,104663,0,76339,450333,466280,15947,0,634633,0,128874,505759,0,0,130,29627,0,0,13137144,0,0,0,0,0,0,0,0,0,0,0,0,0,0,0,0,0,0,0,436457,212864,12582612,76414,0,505984,0,0,0,0,562,14415,343334,743590,1,/home/user/workspace/csg-htsim/.worktrees/four-scheme-parameter-coupling/sim/datacenter/htsim_roce -o /home/user/workspace/csg-htsim/.worktrees/four-scheme-parameter-coupling/experiments/n-mrc/output/four_scheme_parameter_matrix_20260726/raw/standard_websearch_proxy_80pct/avail_hybrid/seed_13/logout.dat -tm /home/user/workspace/csg-htsim/.worktrees/four-scheme-parameter-coupling/experiments/n-mrc/output/four_scheme_parameter_matrix_20260726/traffic/n128_standard_websearch_proxy_80pct_seed13.cm -nodes 128 -conns 29191 -tiers 2 -lb avail -linkspeed 400000 -queue_type composite_ecn_lb -host_queue_type prio -mtu 4096 -end 40000 -paths 8 -seed 13 -cc dcqcn_variant -roce_rx_mode sp -roce_sack_bitmap_bits 64 -roce_transport_semantics mrc_exact_bounded -roce_trim_recovery exact -hop_latency 0.5 -switch_latency 0.5 -queue_cv_sample_us 100 -stor_aging hybrid,29191,1,0,0.0,0.0,0.0,29191,avail,29191,11842.772323877152,258.9580674833143,4183.331883040827,11842.772323877152,258.9580674833143,1,33.57733911630021,1242.0563556420943,8312.13049060598,4183.331883040827,p99_fct_us,4183.331883040827,0,standard_websearch_proxy_80pct,13,008da4ad9615dce108cb046b2ccd82a5a1fad0be6f1ecb7a6c61e55710bd6903,29191,avail_hybrid,,,,,,,,,,,,,,,,,,,,,,,,,,,,,,,,,,,,,,,,,,,,,,,,,,,,,,,,,,,,,,,,,,,,,,,,,,,
4102,0,19332867,5905,452054,0,0,4096,106200,1331,12284506,0,0,0,0,0,0,0,0,0,0,0,0,0,0,0,0,0,0,0,0,0,0,0,0,0,0,0,0,0,0,0,0,0,0,0,0,0,0,0,0,0,0,0,0,0,0,0,0,0,0,0,0,0,0,0,0,0,0,0,0,0,0,0,0,0,0,0,0,0,0,0,2,1,0,12841187,8,8,8,2465.03,128,0.302247,0.03,0.1,332800,0,93845,457789,0,0,0,0,0,0,0,0,0,0,12372992,90560,0,49630,436212,450540,14328,0,569592,0,112045,457547,0,0,47,26550,0,0,12814637,0,0,0,0,0,0,0,0,0,0,0,0,0,0,0,0,0,0,0,388579,193873,12332004,49690,0,457789,0,0,0,0,567,13655,304292,660115,1,/home/user/workspace/csg-htsim/.worktrees/four-scheme-parameter-coupling/sim/datacenter/htsim_roce -o /home/user/workspace/csg-htsim/.worktrees/four-scheme-parameter-coupling/experiments/n-mrc/output/four_scheme_parameter_matrix_20260726/raw/standard_websearch_proxy_80pct/avail_hybrid/seed_29/logout.dat -tm /home/user/workspace/csg-htsim/.worktrees/four-scheme-parameter-coupling/experiments/n-mrc/output/four_scheme_parameter_matrix_20260726/traffic/n128_standard_websearch_proxy_80pct_seed29.cm -nodes 128 -conns 28640 -tiers 2 -lb avail -linkspeed 400000 -queue_type composite_ecn_lb -host_queue_type prio -mtu 4096 -end 40000 -paths 8 -seed 29 -cc dcqcn_variant -roce_rx_mode sp -roce_sack_bitmap_bits 64 -roce_transport_semantics mrc_exact_bounded -roce_trim_recovery exact -hop_latency 0.5 -switch_latency 0.5 -queue_cv_sample_us 100 -stor_aging hybrid,28640,1,0,0.0,0.0,0.0,28640,avail,28640,10213.305932469131,230.450593130189,3597.642135887533,10213.305932469131,230.450593130189,1,33.05305758642248,1077.0221026958534,7350.720412290487,3597.642135887533,p99_fct_us,3597.642135887533,0,standard_websearch_proxy_80pct,29,5a935a2ff8c749623d9636104a3ad440fb71895f25f2bbf4112c51a2cd84228a,28640,avail_hybrid,,,,,,,,,,,,,,,,,,,,,,,,,,,,,,,,,,,,,,,,,,,,,,,,,,,,,,,,,,,,,,,,,,,,,,,,,,,
4179,0,19102784,6305,464498,0,0,4096,104842,1347,12187349,0,0,0,0,0,0,0,0,0,0,0,0,0,0,0,0,0,0,0,0,0,0,0,0,0,0,0,0,0,0,0,0,0,0,0,0,0,0,0,0,0,0,0,0,0,0,0,0,0,0,0,0,0,0,0,0,0,0,0,0,0,0,0,0,0,0,0,0,0,0,0,3,7,0,12755092,8,8,8,2448.47,128,0.268412,0.03,0.1,341184,0,108847,470318,0,0,0,0,0,0,0,0,0,0,12274913,89570,0,57245,433182,447954,14772,0,581171,0,111079,470092,0,0,79,27335,0,0,12727757,0,0,0,0,0,0,0,0,0,0,0,0,0,0,0,0,0,0,0,396799,196166,12225840,57303,0,470318,0,0,0,0,558,13155,310273,669250,1,/home/user/workspace/csg-htsim/.worktrees/four-scheme-parameter-coupling/sim/datacenter/htsim_roce -o /home/user/workspace/csg-htsim/.worktrees/four-scheme-parameter-coupling/experiments/n-mrc/output/four_scheme_parameter_matrix_20260726/raw/standard_websearch_proxy_80pct/avail_hybrid/seed_47/logout.dat -tm /home/user/workspace/csg-htsim/.worktrees/four-scheme-parameter-coupling/experiments/n-mrc/output/four_scheme_parameter_matrix_20260726/traffic/n128_standard_websearch_proxy_80pct_seed47.cm -nodes 128 -conns 29117 -tiers 2 -lb avail -linkspeed 400000 -queue_type composite_ecn_lb -host_queue_type prio -mtu 4096 -end 40000 -paths 8 -seed 47 -cc dcqcn_variant -roce_rx_mode sp -roce_sack_bitmap_bits 64 -roce_transport_semantics mrc_exact_bounded -roce_trim_recovery exact -hop_latency 0.5 -switch_latency 0.5 -queue_cv_sample_us 100 -stor_aging hybrid,29117,1,0,0.0,0.0,0.0,29117,avail,29117,11604.18916306577,229.41888693980474,3660.4379831382103,11604.18916306577,229.41888693980474,1,32.278378569621964,1043.288541674848,7983.294189480405,3660.4379831382103,p99_fct_us,3660.4379831382103,0,standard_websearch_proxy_80pct,47,1fe6ddb58d688341f9c040d00d3e1925526a70a23b438c897191a7cccf76159f,29117,avail_hybrid,,,,,,,,,,,,,,,,,,,,,,,,,,,,,,,,,,,,,,,,,,,,,,,,,,,,,,,,,,,,,,,,,,,,,,,,,,,
4373,0,19523172,7498,466543,0,0,4096,110289,1443,12547604,0,0,0,0,0,0,0,0,0,0,0,0,0,0,0,0,0,0,0,0,0,0,0,0,0,0,0,0,0,0,0,0,0,0,0,0,0,0,0,0,0,0,0,0,0,0,0,0,0,0,0,0,0,0,0,0,0,0,0,0,0,0,0,0,0,0,0,0,0,0,0,3,3,0,13122607,8,8,8,3419.33,128,0.419392,0.03,0.17,349504,0,446673,472623,0,0,0,0,0,0,0,0,0,0,12640323,94707,0,231871,453991,469195,15204,0,590146,0,117711,472435,0,0,95,212516,0,0,12910091,0,0,0,0,0,0,0,0,0,0,0,0,0,0,0,0,0,0,0,409712,0,12416233,232042,0,472623,0,0,0,0,2982,136156,495387,871211,1,/home/user/workspace/csg-htsim/.worktrees/four-scheme-parameter-coupling/sim/datacenter/htsim_roce -o /home/user/workspace/csg-htsim/.worktrees/four-scheme-parameter-coupling/experiments/n-mrc/output/four_scheme_parameter_matrix_20260726/raw/standard_websearch_proxy_80pct/avail_packet/seed_13/logout.dat -tm /home/user/workspace/csg-htsim/.worktrees/four-scheme-parameter-coupling/experiments/n-mrc/output/four_scheme_parameter_matrix_20260726/traffic/n128_standard_websearch_proxy_80pct_seed13.cm -nodes 128 -conns 29191 -tiers 2 -lb avail -linkspeed 400000 -queue_type composite_ecn_lb -host_queue_type prio -mtu 4096 -end 40000 -paths 8 -seed 13 -cc dcqcn_variant -roce_rx_mode sp -roce_sack_bitmap_bits 64 -roce_transport_semantics mrc_exact_bounded -roce_trim_recovery exact -hop_latency 0.5 -switch_latency 0.5 -queue_cv_sample_us 100,29191,1,0,0.0,0.0,0.0,29191,avail,29191,11608.972323877153,260.08046361568364,4200.761339041485,11608.972323877153,260.08046361568364,1,32.61568359557441,1267.8609385810873,8440.096453531509,4200.761339041485,p99_fct_us,4200.761339041485,0,standard_websearch_proxy_80pct,13,008da4ad9615dce108cb046b2ccd82a5a1fad0be6f1ecb7a6c61e55710bd6903,29191,avail_packet,,,,,,,,,,,,,,,,,,,,,,,,,,,,,,,,,,,,,,,,,,,,,,,,,,,,,,,,,,,,,,,,,,,,,,,,,,,
3701,0,18891733,5654,424337,0,0,4096,96845,1287,12284506,0,0,0,0,0,0,0,0,0,0,0,0,0,0,0,0,0,0,0,0,0,0,0,0,0,0,0,0,0,0,0,0,0,0,0,0,0,0,0,0,0,0,0,0,0,0,0,0,0,0,0,0,0,0,0,0,0,0,0,0,0,0,0,0,0,0,0,0,0,0,0,2,1,0,12804219,8,8,8,2949.29,128,0.314409,0.03,0.15,345280,0,331185,429577,0,0,0,0,0,0,0,0,0,0,12365357,82789,0,175578,438958,452673,13715,0,531824,0,102450,429374,0,0,33,197205,0,0,12607014,0,0,0,0,0,0,0,0,0,0,0,0,0,0,0,0,0,0,0,359460,0,12197317,175709,0,429577,0,0,0,0,2854,127229,443282,765239,1,/home/user/workspace/csg-htsim/.worktrees/four-scheme-parameter-coupling/sim/datacenter/htsim_roce -o /home/user/workspace/csg-htsim/.worktrees/four-scheme-parameter-coupling/experiments/n-mrc/output/four_scheme_parameter_matrix_20260726/raw/standard_websearch_proxy_80pct/avail_packet/seed_29/logout.dat -tm /home/user/workspace/csg-htsim/.worktrees/four-scheme-parameter-coupling/experiments/n-mrc/output/four_scheme_parameter_matrix_20260726/traffic/n128_standard_websearch_proxy_80pct_seed29.cm -nodes 128 -conns 28640 -tiers 2 -lb avail -linkspeed 400000 -queue_type composite_ecn_lb -host_queue_type prio -mtu 4096 -end 40000 -paths 8 -seed 29 -cc dcqcn_variant -roce_rx_mode sp -roce_sack_bitmap_bits 64 -roce_transport_semantics mrc_exact_bounded -roce_trim_recovery exact -hop_latency 0.5 -switch_latency 0.5 -queue_cv_sample_us 100,28640,1,0,0.0,0.0,0.0,28640,avail,28640,10084.20593246913,231.11133459317537,3661.7610856198535,10084.20593246913,231.11133459317537,1,32.15432673304804,1079.6741460370129,7168.243842582773,3661.7610856198535,p99_fct_us,3661.7610856198535,0,standard_websearch_proxy_80pct,29,5a935a2ff8c749623d9636104a3ad440fb71895f25f2bbf4112c51a2cd84228a,28640,avail_packet,,,,,,,,,,,,,,,,,,,,,,,,,,,,,,,,,,,,,,,,,,,,,,,,,,,,,,,,,,,,,,,,,,,,,,,,,,,
3653,0,18627710,5700,437482,0,0,4096,95746,1196,12187349,0,0,0,0,0,0,0,0,0,0,0,0,0,0,0,0,0,0,0,0,0,0,0,0,0,0,0,0,0,0,0,0,0,0,0,0,0,0,0,0,0,0,0,0,0,0,0,0,0,0,0,0,0,0,0,0,0,0,0,0,0,0,0,0,0,0,0,0,0,0,0,2,7,0,12719059,8,8,8,2982.57,128,0.297476,0.03,0.15,349568,0,340767,442561,0,0,0,0,0,0,0,0,0,0,12267405,81898,0,181169,436544,450594,14050,0,543777,0,101404,442373,0,0,65,208092,0,0,12510967,0,0,0,0,0,0,0,0,0,0,0,0,0,0,0,0,0,0,0,366596,0,12093662,181328,0,442561,0,0,0,0,2905,134108,448903,769056,1,/home/user/workspace/csg-htsim/.worktrees/four-scheme-parameter-coupling/sim/datacenter/htsim_roce -o /home/user/workspace/csg-htsim/.worktrees/four-scheme-parameter-coupling/experiments/n-mrc/output/four_scheme_parameter_matrix_20260726/raw/standard_websearch_proxy_80pct/avail_packet/seed_47/logout.dat -tm /home/user/workspace/csg-htsim/.worktrees/four-scheme-parameter-coupling/experiments/n-mrc/output/four_scheme_parameter_matrix_20260726/traffic/n128_standard_websearch_proxy_80pct_seed47.cm -nodes 128 -conns 29117 -tiers 2 -lb avail -linkspeed 400000 -queue_type composite_ecn_lb -host_queue_type prio -mtu 4096 -end 40000 -paths 8 -seed 47 -cc dcqcn_variant -roce_rx_mode sp -roce_sack_bitmap_bits 64 -roce_transport_semantics mrc_exact_bounded -roce_trim_recovery exact -hop_latency 0.5 -switch_latency 0.5 -queue_cv_sample_us 100,29117,1,0,0.0,0.0,0.0,29117,avail,29117,11537.289163065769,229.82434566838336,3658.128015946158,11537.289163065769,229.82434566838336,1,31.559163739731048,1060.0346201644813,7807.616589480426,3658.128015946158,p99_fct_us,3658.128015946158,0,standard_websearch_proxy_80pct,47,1fe6ddb58d688341f9c040d00d3e1925526a70a23b438c897191a7cccf76159f,29117,avail_packet,,,,,,,,,,,,,,,,,,,,,,,,,,,,,,,,,,,,,,,,,,,,,,,,,,,,,,,,,,,,,,,,,,,,,,,,,,,
4373,0,19523172,7498,466543,0,0,4096,110289,1443,12547604,0,0,0,0,0,0,0,0,0,0,0,0,0,0,0,0,0,0,0,0,0,0,0,0,0,0,0,0,0,0,0,0,0,0,0,0,0,0,0,0,0,0,0,0,0,0,0,0,0,0,0,0,0,0,0,0,0,0,0,0,0,0,0,0,0,0,0,0,0,0,0,3,3,0,13122607,8,8,8,3419.33,128,0.419392,0.03,0.17,349504,0,446673,472623,0,0,0,0,0,0,0,0,0,0,12640323,94707,0,231871,453991,469195,15204,0,590146,0,117711,472435,0,0,95,212516,0,0,12910091,0,0,0,0,0,0,0,0,0,0,0,0,0,0,0,0,0,0,0,409712,0,12416233,232042,0,472623,0,0,0,0,2982,136156,495387,871211,1,/home/user/workspace/csg-htsim/.worktrees/four-scheme-parameter-coupling/sim/datacenter/htsim_roce -o /home/user/workspace/csg-htsim/.worktrees/four-scheme-parameter-coupling/experiments/n-mrc/output/four_scheme_parameter_matrix_20260726/raw/standard_websearch_proxy_80pct/avail_time/seed_13/logout.dat -tm /home/user/workspace/csg-htsim/.worktrees/four-scheme-parameter-coupling/experiments/n-mrc/output/four_scheme_parameter_matrix_20260726/traffic/n128_standard_websearch_proxy_80pct_seed13.cm -nodes 128 -conns 29191 -tiers 2 -lb avail -linkspeed 400000 -queue_type composite_ecn_lb -host_queue_type prio -mtu 4096 -end 40000 -paths 8 -seed 13 -cc dcqcn_variant -roce_rx_mode sp -roce_sack_bitmap_bits 64 -roce_transport_semantics mrc_exact_bounded -roce_trim_recovery exact -hop_latency 0.5 -switch_latency 0.5 -queue_cv_sample_us 100 -stor_aging time_ewma,29191,1,0,0.0,0.0,0.0,29191,avail,29191,11608.972323877153,260.08046361568364,4200.761339041485,11608.972323877153,260.08046361568364,1,32.61568359557441,1267.8609385810873,8440.096453531509,4200.761339041485,p99_fct_us,4200.761339041485,0,standard_websearch_proxy_80pct,13,008da4ad9615dce108cb046b2ccd82a5a1fad0be6f1ecb7a6c61e55710bd6903,29191,avail_time,,,,,,,,,,,,,,,,,,,,,,,,,,,,,,,,,,,,,,,,,,,,,,,,,,,,,,,,,,,,,,,,,,,,,,,,,,,
3701,0,18891733,5654,424337,0,0,4096,96845,1287,12284506,0,0,0,0,0,0,0,0,0,0,0,0,0,0,0,0,0,0,0,0,0,0,0,0,0,0,0,0,0,0,0,0,0,0,0,0,0,0,0,0,0,0,0,0,0,0,0,0,0,0,0,0,0,0,0,0,0,0,0,0,0,0,0,0,0,0,0,0,0,0,0,2,1,0,12804219,8,8,8,2949.29,128,0.314409,0.03,0.15,345280,0,331185,429577,0,0,0,0,0,0,0,0,0,0,12365357,82789,0,175578,438958,452673,13715,0,531824,0,102450,429374,0,0,33,197205,0,0,12607014,0,0,0,0,0,0,0,0,0,0,0,0,0,0,0,0,0,0,0,359460,0,12197317,175709,0,429577,0,0,0,0,2854,127229,443282,765239,1,/home/user/workspace/csg-htsim/.worktrees/four-scheme-parameter-coupling/sim/datacenter/htsim_roce -o /home/user/workspace/csg-htsim/.worktrees/four-scheme-parameter-coupling/experiments/n-mrc/output/four_scheme_parameter_matrix_20260726/raw/standard_websearch_proxy_80pct/avail_time/seed_29/logout.dat -tm /home/user/workspace/csg-htsim/.worktrees/four-scheme-parameter-coupling/experiments/n-mrc/output/four_scheme_parameter_matrix_20260726/traffic/n128_standard_websearch_proxy_80pct_seed29.cm -nodes 128 -conns 28640 -tiers 2 -lb avail -linkspeed 400000 -queue_type composite_ecn_lb -host_queue_type prio -mtu 4096 -end 40000 -paths 8 -seed 29 -cc dcqcn_variant -roce_rx_mode sp -roce_sack_bitmap_bits 64 -roce_transport_semantics mrc_exact_bounded -roce_trim_recovery exact -hop_latency 0.5 -switch_latency 0.5 -queue_cv_sample_us 100 -stor_aging time_ewma,28640,1,0,0.0,0.0,0.0,28640,avail,28640,10084.20593246913,231.11133459317537,3661.7610856198535,10084.20593246913,231.11133459317537,1,32.15432673304804,1079.6741460370129,7168.243842582773,3661.7610856198535,p99_fct_us,3661.7610856198535,0,standard_websearch_proxy_80pct,29,5a935a2ff8c749623d9636104a3ad440fb71895f25f2bbf4112c51a2cd84228a,28640,avail_time,,,,,,,,,,,,,,,,,,,,,,,,,,,,,,,,,,,,,,,,,,,,,,,,,,,,,,,,,,,,,,,,,,,,,,,,,,,
3653,0,18627710,5700,437482,0,0,4096,95746,1196,12187349,0,0,0,0,0,0,0,0,0,0,0,0,0,0,0,0,0,0,0,0,0,0,0,0,0,0,0,0,0,0,0,0,0,0,0,0,0,0,0,0,0,0,0,0,0,0,0,0,0,0,0,0,0,0,0,0,0,0,0,0,0,0,0,0,0,0,0,0,0,0,0,2,7,0,12719059,8,8,8,2982.57,128,0.297476,0.03,0.15,349568,0,340767,442561,0,0,0,0,0,0,0,0,0,0,12267405,81898,0,181169,436544,450594,14050,0,543777,0,101404,442373,0,0,65,208092,0,0,12510967,0,0,0,0,0,0,0,0,0,0,0,0,0,0,0,0,0,0,0,366596,0,12093662,181328,0,442561,0,0,0,0,2905,134108,448903,769056,1,/home/user/workspace/csg-htsim/.worktrees/four-scheme-parameter-coupling/sim/datacenter/htsim_roce -o /home/user/workspace/csg-htsim/.worktrees/four-scheme-parameter-coupling/experiments/n-mrc/output/four_scheme_parameter_matrix_20260726/raw/standard_websearch_proxy_80pct/avail_time/seed_47/logout.dat -tm /home/user/workspace/csg-htsim/.worktrees/four-scheme-parameter-coupling/experiments/n-mrc/output/four_scheme_parameter_matrix_20260726/traffic/n128_standard_websearch_proxy_80pct_seed47.cm -nodes 128 -conns 29117 -tiers 2 -lb avail -linkspeed 400000 -queue_type composite_ecn_lb -host_queue_type prio -mtu 4096 -end 40000 -paths 8 -seed 47 -cc dcqcn_variant -roce_rx_mode sp -roce_sack_bitmap_bits 64 -roce_transport_semantics mrc_exact_bounded -roce_trim_recovery exact -hop_latency 0.5 -switch_latency 0.5 -queue_cv_sample_us 100 -stor_aging time_ewma,29117,1,0,0.0,0.0,0.0,29117,avail,29117,11537.289163065769,229.82434566838336,3658.128015946158,11537.289163065769,229.82434566838336,1,31.559163739731048,1060.0346201644813,7807.616589480426,3658.128015946158,p99_fct_us,3658.128015946158,0,standard_websearch_proxy_80pct,47,1fe6ddb58d688341f9c040d00d3e1925526a70a23b438c897191a7cccf76159f,29117,avail_time,,,,,,,,,,,,,,,,,,,,,,,,,,,,,,,,,,,,,,,,,,,,,,,,,,,,,,,,,,,,,,,,,,,,,,,,,,,
4918,0,20255013,7898,506386,0,0,4096,124585,1573,12547604,0,0,0,0,0,0,0,0,0,0,0,0,0,0,0,0,0,0,0,0,0,0,0,0,0,0,0,0,0,0,0,0,0,0,0,0,0,0,0,0,0,0,0,0,0,0,0,0,0,0,0,0,0,0,0,0,0,0,0,0,0,0,0,0,0,0,0,0,0,0,0,1,0,0,13176631,8,8,8,2819.47,128,0.330722,0.04,0.12,262080,0,69636,513223,0,0,0,0,0,0,0,0,0,0,12652532,107120,0,34804,449043,465213,16170,0,645359,0,132407,512952,0,0,141,46594,582,91952,13037503,0,0,0,0,0,0,0,0,0,0,0,0,0,0,0,0,0,0,0,143210,143210,12626708,34837,0,513223,0,0,0,0,16,333,126752,349119,1,/home/user/workspace/csg-htsim/.worktrees/four-scheme-parameter-coupling/sim/datacenter/htsim_roce -o /home/user/workspace/csg-htsim/.worktrees/four-scheme-parameter-coupling/experiments/n-mrc/output/four_scheme_parameter_matrix_20260726/raw/standard_websearch_proxy_80pct/grade_conservative/seed_13/logout.dat -tm /home/user/workspace/csg-htsim/.worktrees/four-scheme-parameter-coupling/experiments/n-mrc/output/four_scheme_parameter_matrix_20260726/traffic/n128_standard_websearch_proxy_80pct_seed13.cm -nodes 128 -conns 29191 -tiers 2 -lb grade -linkspeed 400000 -queue_type composite_ecn_lb -host_queue_type prio -mtu 4096 -end 40000 -paths 8 -seed 13 -cc dcqcn_variant -roce_rx_mode sp -roce_sack_bitmap_bits 64 -roce_transport_semantics mrc_exact_bounded -roce_trim_recovery exact -hop_latency 0.5 -switch_latency 0.5 -queue_cv_sample_us 100 -stor_level_weights 4 2 1 0 -stor_level_thresholds 6 3 1,29191,1,0,0.0,0.0,0.0,29191,grade,29191,12052.856558562387,258.65318044518574,4150.211590128737,12052.856558562387,258.65318044518574,1,34.023196315244604,1221.8236827998408,8361.090065117125,4150.211590128737,p99_fct_us,4150.211590128737,0,standard_websearch_proxy_80pct,13,008da4ad9615dce108cb046b2ccd82a5a1fad0be6f1ecb7a6c61e55710bd6903,29191,grade_conservative,,,,,,,,,,,,,,,,,,,,,,,,,,,,,,,,,,,,,,,,,,,,,,,,,,,,,,,,,,,,,,,,,,,,,,,,,,,
4269,0,19470148,5961,461283,0,0,4096,106328,1369,12284506,0,0,0,0,0,0,0,0,0,0,0,0,0,0,0,0,0,0,0,0,0,0,0,0,0,0,0,0,0,0,0,0,0,0,0,0,0,0,0,0,0,0,0,0,0,0,0,0,0,0,0,0,0,0,0,0,0,0,0,0,0,0,0,0,0,0,0,0,0,0,0,0,4,0,12850458,8,8,8,2491.79,128,0.265714,0.03,0.1,316160,0,47292,467220,0,0,0,0,0,0,0,0,0,0,12373180,90676,0,24471,436143,450794,14651,0,579210,0,112233,466977,0,0,52,39417,548,76422,12734071,0,0,0,0,0,0,0,0,0,0,0,0,0,0,0,0,0,0,0,122711,122711,12357026,24494,0,467220,0,0,0,0,16,280,108480,301640,1,/home/user/workspace/csg-htsim/.worktrees/four-scheme-parameter-coupling/sim/datacenter/htsim_roce -o /home/user/workspace/csg-htsim/.worktrees/four-scheme-parameter-coupling/experiments/n-mrc/output/four_scheme_parameter_matrix_20260726/raw/standard_websearch_proxy_80pct/grade_conservative/seed_29/logout.dat -tm /home/user/workspace/csg-htsim/.worktrees/four-scheme-parameter-coupling/experiments/n-mrc/output/four_scheme_parameter_matrix_20260726/traffic/n128_standard_websearch_proxy_80pct_seed29.cm -nodes 128 -conns 28640 -tiers 2 -lb grade -linkspeed 400000 -queue_type composite_ecn_lb -host_queue_type prio -mtu 4096 -end 40000 -paths 8 -seed 29 -cc dcqcn_variant -roce_rx_mode sp -roce_sack_bitmap_bits 64 -roce_transport_semantics mrc_exact_bounded -roce_trim_recovery exact -hop_latency 0.5 -switch_latency 0.5 -queue_cv_sample_us 100 -stor_level_weights 4 2 1 0 -stor_level_thresholds 6 3 1,28640,1,0,0.0,0.0,0.0,28640,grade,28640,9912.005932469132,229.0918259660813,3581.1987346909978,9912.005932469132,229.0918259660813,1,33.29013972184475,1065.358815334374,7216.566624041041,3581.1987346909978,p99_fct_us,3581.1987346909978,0,standard_websearch_proxy_80pct,29,5a935a2ff8c749623d9636104a3ad440fb71895f25f2bbf4112c51a2cd84228a,28640,grade_conservative,,,,,,,,,,,,,,,,,,,,,,,,,,,,,,,,,,,,,,,,,,,,,,,,,,,,,,,,,,,,,,,,,,,,,,,,,,,
4361,0,19320740,6107,472525,0,0,4096,107942,1470,12187349,0,0,0,0,0,0,0,0,0,0,0,0,0,0,0,0,0,0,0,0,0,0,0,0,0,0,0,0,0,0,0,0,0,0,0,0,0,0,0,0,0,0,0,0,0,0,0,0,0,0,0,0,0,0,0,0,0,0,0,0,0,0,0,0,0,0,0,0,0,0,0,0,2,0,12766081,8,8,8,2412.2,128,0.207737,0.03,0.1,203840,0,43792,478596,0,0,0,0,0,0,0,0,0,0,12277324,91963,0,22809,433963,449178,15215,0,592405,0,114007,478398,0,0,95,40548,569,82715,12642249,0,0,0,0,0,0,0,0,0,0,0,0,0,0,0,0,0,0,0,128211,128211,12262960,22821,0,478596,0,0,0,0,14,290,112998,310695,1,/home/user/workspace/csg-htsim/.worktrees/four-scheme-parameter-coupling/sim/datacenter/htsim_roce -o /home/user/workspace/csg-htsim/.worktrees/four-scheme-parameter-coupling/experiments/n-mrc/output/four_scheme_parameter_matrix_20260726/raw/standard_websearch_proxy_80pct/grade_conservative/seed_47/logout.dat -tm /home/user/workspace/csg-htsim/.worktrees/four-scheme-parameter-coupling/experiments/n-mrc/output/four_scheme_parameter_matrix_20260726/traffic/n128_standard_websearch_proxy_80pct_seed47.cm -nodes 128 -conns 29117 -tiers 2 -lb grade -linkspeed 400000 -queue_type composite_ecn_lb -host_queue_type prio -mtu 4096 -end 40000 -paths 8 -seed 47 -cc dcqcn_variant -roce_rx_mode sp -roce_sack_bitmap_bits 64 -roce_transport_semantics mrc_exact_bounded -roce_trim_recovery exact -hop_latency 0.5 -switch_latency 0.5 -queue_cv_sample_us 100 -stor_level_weights 4 2 1 0 -stor_level_thresholds 6 3 1,29117,1,0,0.0,0.0,0.0,29117,grade,29117,11635.589163065768,229.84241222297405,3642.54670036449,11635.589163065768,229.84241222297405,1,32.64186678450278,1036.626021949723,8078.56301171352,3642.54670036449,p99_fct_us,3642.54670036449,0,standard_websearch_proxy_80pct,47,1fe6ddb58d688341f9c040d00d3e1925526a70a23b438c897191a7cccf76159f,29117,grade_conservative,,,,,,,,,,,,,,,,,,,,,,,,,,,,,,,,,,,,,,,,,,,,,,,,,,,,,,,,,,,,,,,,,,,,,,,,,,,
4415,0,19739674,7124,477424,0,0,4096,112328,1433,12547604,0,0,0,0,0,0,0,0,0,0,0,0,0,0,0,0,0,0,0,0,0,0,0,0,0,0,0,0,0,0,0,0,0,0,0,0,0,0,0,0,0,0,0,0,0,0,0,0,0,0,0,0,0,0,0,0,0,0,0,0,0,0,0,0,0,0,0,0,0,0,0,0,0,0,13135529,8,8,8,3367.81,128,0.418257,0.04,0.16,349568,0,364331,483544,0,0,0,0,0,0,0,0,0,0,12642110,96526,0,188965,453840,468999,15159,0,602722,0,119383,483339,0,0,99,65306,230216,754358,12085649,0,0,0,0,0,0,0,0,0,0,0,0,0,0,0,0,0,0,0,59938,59938,12461142,189091,0,483544,0,0,0,0,89,2427,389913,792979,1,/home/user/workspace/csg-htsim/.worktrees/four-scheme-parameter-coupling/sim/datacenter/htsim_roce -o /home/user/workspace/csg-htsim/.worktrees/four-scheme-parameter-coupling/experiments/n-mrc/output/four_scheme_parameter_matrix_20260726/raw/standard_websearch_proxy_80pct/grade_default/seed_13/logout.dat -tm /home/user/workspace/csg-htsim/.worktrees/four-scheme-parameter-coupling/experiments/n-mrc/output/four_scheme_parameter_matrix_20260726/traffic/n128_standard_websearch_proxy_80pct_seed13.cm -nodes 128 -conns 29191 -tiers 2 -lb grade -linkspeed 400000 -queue_type composite_ecn_lb -host_queue_type prio -mtu 4096 -end 40000 -paths 8 -seed 13 -cc dcqcn_variant -roce_rx_mode sp -roce_sack_bitmap_bits 64 -roce_transport_semantics mrc_exact_bounded -roce_trim_recovery exact -hop_latency 0.5 -switch_latency 0.5 -queue_cv_sample_us 100 -stor_level_weights 4 2 1 0,29191,1,0,0.0,0.0,0.0,29191,grade,29191,11847.072323877152,260.9475873719772,4287.967987074142,11847.072323877152,260.9475873719772,1,32.72719248312387,1255.3975738862173,8571.881029687645,4287.967987074142,p99_fct_us,4287.967987074142,0,standard_websearch_proxy_80pct,13,008da4ad9615dce108cb046b2ccd82a5a1fad0be6f1ecb7a6c61e55710bd6903,29191,grade_default,,,,,,,,,,,,,,,,,,,,,,,,,,,,,,,,,,,,,,,,,,,,,,,,,,,,,,,,,,,,,,,,,,,,,,,,,,,
3772,0,19046153,5475,435350,0,0,4096,97814,1233,12284506,0,0,0,0,0,0,0,0,0,0,0,0,0,0,0,0,0,0,0,0,0,0,0,0,0,0,0,0,0,0,0,0,0,0,0,0,0,0,0,0,0,0,0,0,0,0,0,0,0,0,0,0,0,0,0,0,0,0,0,0,0,0,0,0,0,0,0,0,0,0,0,0,4,0,12816117,8,8,8,3026.18,128,0.324966,0.03,0.14,349568,0,298105,440622,0,0,0,0,0,0,0,0,0,0,12366159,83602,0,156413,439235,453016,13781,0,543643,0,103233,440410,0,0,29,55659,200849,671017,11888592,0,0,0,0,0,0,0,0,0,0,0,0,0,0,0,0,0,0,0,52751,52748,12217315,156540,0,440622,0,0,0,0,90,2674,348042,716051,1,/home/user/workspace/csg-htsim/.worktrees/four-scheme-parameter-coupling/sim/datacenter/htsim_roce -o /home/user/workspace/csg-htsim/.worktrees/four-scheme-parameter-coupling/experiments/n-mrc/output/four_scheme_parameter_matrix_20260726/raw/standard_websearch_proxy_80pct/grade_default/seed_29/logout.dat -tm /home/user/workspace/csg-htsim/.worktrees/four-scheme-parameter-coupling/experiments/n-mrc/output/four_scheme_parameter_matrix_20260726/traffic/n128_standard_websearch_proxy_80pct_seed29.cm -nodes 128 -conns 28640 -tiers 2 -lb grade -linkspeed 400000 -queue_type composite_ecn_lb -host_queue_type prio -mtu 4096 -end 40000 -paths 8 -seed 29 -cc dcqcn_variant -roce_rx_mode sp -roce_sack_bitmap_bits 64 -roce_transport_semantics mrc_exact_bounded -roce_trim_recovery exact -hop_latency 0.5 -switch_latency 0.5 -queue_cv_sample_us 100 -stor_level_weights 4 2 1 0,28640,1,0,0.0,0.0,0.0,28640,grade,28640,9685.105932469132,232.55724592068935,3667.9168138769787,9685.105932469132,232.55724592068935,1,32.2543337286038,1116.871477072015,7233.557174640333,3667.9168138769787,p99_fct_us,3667.9168138769787,0,standard_websearch_proxy_80pct,29,5a935a2ff8c749623d9636104a3ad440fb71895f25f2bbf4112c51a2cd84228a,28640,grade_default,,,,,,,,,,,,,,,,,,,,,,,,,,,,,,,,,,,,,,,,,,,,,,,,,,,,,,,,,,,,,,,,,,,,,,,,,,,
3853,0,18810131,5627,446204,0,0,4096,96958,1326,12187349,0,0,0,0,0,0,0,0,0,0,0,0,0,0,0,0,0,0,0,0,0,0,0,0,0,0,0,0,0,0,0,0,0,0,0,0,0,0,0,0,0,0,0,0,0,0,0,0,0,0,0,0,0,0,0,0,0,0,0,0,0,0,0,0,0,0,0,0,0,0,0,0,2,0,12728965,8,8,8,3025.67,128,0.334825,0.03,0.14,345472,0,309034,451642,0,0,0,0,0,0,0,0,0,0,12268271,82812,0,163820,437213,451679,14466,0,553968,0,102531,451437,0,0,77,57942,214653,697940,11758430,0,0,0,0,0,0,0,0,0,0,0,0,0,0,0,0,0,0,0,55029,55012,12111800,163938,0,451642,0,0,0,0,89,2467,357971,724272,1,/home/user/workspace/csg-htsim/.worktrees/four-scheme-parameter-coupling/sim/datacenter/htsim_roce -o /home/user/workspace/csg-htsim/.worktrees/four-scheme-parameter-coupling/experiments/n-mrc/output/four_scheme_parameter_matrix_20260726/raw/standard_websearch_proxy_80pct/grade_default/seed_47/logout.dat -tm /home/user/workspace/csg-htsim/.worktrees/four-scheme-parameter-coupling/experiments/n-mrc/output/four_scheme_parameter_matrix_20260726/traffic/n128_standard_websearch_proxy_80pct_seed47.cm -nodes 128 -conns 29117 -tiers 2 -lb grade -linkspeed 400000 -queue_type composite_ecn_lb -host_queue_type prio -mtu 4096 -end 40000 -paths 8 -seed 47 -cc dcqcn_variant -roce_rx_mode sp -roce_sack_bitmap_bits 64 -roce_transport_semantics mrc_exact_bounded -roce_trim_recovery exact -hop_latency 0.5 -switch_latency 0.5 -queue_cv_sample_us 100 -stor_level_weights 4 2 1 0,29117,1,0,0.0,0.0,0.0,29117,grade,29117,11619.589163065768,230.67879871540177,3703.8006721528513,11619.589163065768,230.67879871540177,1,31.66119255337253,1059.7996665505484,7915.69638784239,3703.8006721528513,p99_fct_us,3703.8006721528513,0,standard_websearch_proxy_80pct,47,1fe6ddb58d688341f9c040d00d3e1925526a70a23b438c897191a7cccf76159f,29117,grade_default,,,,,,,,,,,,,,,,,,,,,,,,,,,,,,,,,,,,,,,,,,,,,,,,,,,,,,,,,,,,,,,,,,,,,,,,,,,
4807,0,20142548,7757,503040,0,0,4096,122239,1635,12547604,0,0,0,0,0,0,0,0,0,0,0,0,0,0,0,0,0,0,0,0,0,0,0,0,0,0,0,0,0,0,0,0,0,0,0,0,0,0,0,0,0,0,0,0,0,0,0,0,0,0,0,0,0,0,0,0,0,0,0,0,0,0,0,0,0,0,0,0,0,0,0,1,0,0,13170994,8,8,8,2796.04,128,0.313769,0.04,0.11,341184,0,136262,509808,0,0,0,0,0,0,0,0,0,0,12650495,104916,0,69219,450833,466854,16021,0,639477,0,129920,509557,0,0,138,45317,384439,938927,11802311,0,0,0,0,0,0,0,0,0,0,0,0,0,0,0,0,0,0,0,50372,50371,12590119,69288,0,509808,0,0,0,0,72,2515,369094,747791,1,/home/user/workspace/csg-htsim/.worktrees/four-scheme-parameter-coupling/sim/datacenter/htsim_roce -o /home/user/workspace/csg-htsim/.worktrees/four-scheme-parameter-coupling/experiments/n-mrc/output/four_scheme_parameter_matrix_20260726/raw/standard_websearch_proxy_80pct/grade_equal/seed_13/logout.dat -tm /home/user/workspace/csg-htsim/.worktrees/four-scheme-parameter-coupling/experiments/n-mrc/output/four_scheme_parameter_matrix_20260726/traffic/n128_standard_websearch_proxy_80pct_seed13.cm -nodes 128 -conns 29191 -tiers 2 -lb grade -linkspeed 400000 -queue_type composite_ecn_lb -host_queue_type prio -mtu 4096 -end 40000 -paths 8 -seed 13 -cc dcqcn_variant -roce_rx_mode sp -roce_sack_bitmap_bits 64 -roce_transport_semantics mrc_exact_bounded -roce_trim_recovery exact -hop_latency 0.5 -switch_latency 0.5 -queue_cv_sample_us 100 -stor_level_weights 4 4 4 0,29191,1,0,0.0,0.0,0.0,29191,grade,29191,12285.772323877152,259.40943466395066,4210.560512886954,12285.772323877152,259.40943466395066,1,33.646553866457,1250.4126031393118,8495.986735579132,4210.560512886954,p99_fct_us,4210.560512886954,0,standard_websearch_proxy_80pct,13,008da4ad9615dce108cb046b2ccd82a5a1fad0be6f1ecb7a6c61e55710bd6903,29191,grade_equal,,,,,,,,,,,,,,,,,,,,,,,,,,,,,,,,,,,,,,,,,,,,,,,,,,,,,,,,,,,,,,,,,,,,,,,,,,,
4150,0,19429693,6118,456981,0,0,4096,105928,1347,12284506,0,0,0,0,0,0,0,0,0,0,0,0,0,0,0,0,0,0,0,0,0,0,0,0,0,0,0,0,0,0,0,0,0,0,0,0,0,0,0,0,0,0,0,0,0,0,0,0,0,0,0,0,0,0,0,0,0,0,0,0,0,0,0,0,0,0,0,0,0,0,0,0,4,0,12845869,8,8,8,2533.55,128,0.255512,0.03,0.11,349504,0,77790,462769,0,0,0,0,0,0,0,0,0,0,12373085,90619,0,40545,435694,450174,14480,0,574524,0,111996,462528,0,0,51,37042,325082,839153,11644592,0,0,0,0,0,0,0,0,0,0,0,0,0,0,0,0,0,0,0,42484,42484,12340794,40577,0,462769,0,0,0,0,53,1662,328722,674313,1,/home/user/workspace/csg-htsim/.worktrees/four-scheme-parameter-coupling/sim/datacenter/htsim_roce -o /home/user/workspace/csg-htsim/.worktrees/four-scheme-parameter-coupling/experiments/n-mrc/output/four_scheme_parameter_matrix_20260726/raw/standard_websearch_proxy_80pct/grade_equal/seed_29/logout.dat -tm /home/user/workspace/csg-htsim/.worktrees/four-scheme-parameter-coupling/experiments/n-mrc/output/four_scheme_parameter_matrix_20260726/traffic/n128_standard_websearch_proxy_80pct_seed29.cm -nodes 128 -conns 28640 -tiers 2 -lb grade -linkspeed 400000 -queue_type composite_ecn_lb -host_queue_type prio -mtu 4096 -end 40000 -paths 8 -seed 29 -cc dcqcn_variant -roce_rx_mode sp -roce_sack_bitmap_bits 64 -roce_transport_semantics mrc_exact_bounded -roce_trim_recovery exact -hop_latency 0.5 -switch_latency 0.5 -queue_cv_sample_us 100 -stor_level_weights 4 4 4 0,28640,1,0,0.0,0.0,0.0,28640,grade,28640,10432.405932469132,230.3924914130082,3585.08768035869,10432.405932469132,230.3924914130082,1,33.05190188518645,1075.7760822673138,7020.970446003304,3585.08768035869,p99_fct_us,3585.08768035869,0,standard_websearch_proxy_80pct,29,5a935a2ff8c749623d9636104a3ad440fb71895f25f2bbf4112c51a2cd84228a,28640,grade_equal,,,,,,,,,,,,,,,,,,,,,,,,,,,,,,,,,,,,,,,,,,,,,,,,,,,,,,,,,,,,,,,,,,,,,,,,,,,
4223,0,19289488,6281,469591,0,0,4096,106360,1432,12187349,0,0,0,0,0,0,0,0,0,0,0,0,0,0,0,0,0,0,0,0,0,0,0,0,0,0,0,0,0,0,0,0,0,0,0,0,0,0,0,0,0,0,0,0,0,0,0,0,0,0,0,0,0,0,0,0,0,0,0,0,0,0,0,0,0,0,0,0,0,0,0,1,2,0,12761651,8,8,8,2471.48,128,0.253615,0.03,0.1,324544,0,76225,475534,0,0,0,0,0,0,0,0,0,0,12276039,90772,0,39994,434783,449857,15074,0,587886,0,112579,475307,0,0,76,38456,342727,865967,11514501,0,0,0,0,0,0,0,0,0,0,0,0,0,0,0,0,0,0,0,44507,44507,12244300,40034,0,475534,0,0,0,0,53,1758,337834,684660,1,/home/user/workspace/csg-htsim/.worktrees/four-scheme-parameter-coupling/sim/datacenter/htsim_roce -o /home/user/workspace/csg-htsim/.worktrees/four-scheme-parameter-coupling/experiments/n-mrc/output/four_scheme_parameter_matrix_20260726/raw/standard_websearch_proxy_80pct/grade_equal/seed_47/logout.dat -tm /home/user/workspace/csg-htsim/.worktrees/four-scheme-parameter-coupling/experiments/n-mrc/output/four_scheme_parameter_matrix_20260726/traffic/n128_standard_websearch_proxy_80pct_seed47.cm -nodes 128 -conns 29117 -tiers 2 -lb grade -linkspeed 400000 -queue_type composite_ecn_lb -host_queue_type prio -mtu 4096 -end 40000 -paths 8 -seed 47 -cc dcqcn_variant -roce_rx_mode sp -roce_sack_bitmap_bits 64 -roce_transport_semantics mrc_exact_bounded -roce_trim_recovery exact -hop_latency 0.5 -switch_latency 0.5 -queue_cv_sample_us 100 -stor_level_weights 4 4 4 0,29117,1,0,0.0,0.0,0.0,29117,grade,29117,11721.88916306577,229.72696145538254,3664.680913993034,11721.88916306577,229.72696145538254,1,32.54198037320384,1042.2095177082438,7890.519305696709,3664.680913993034,p99_fct_us,3664.680913993034,0,standard_websearch_proxy_80pct,47,1fe6ddb58d688341f9c040d00d3e1925526a70a23b438c897191a7cccf76159f,29117,grade_equal,,,,,,,,,,,,,,,,,,,,,,,,,,,,,,,,,,,,,,,,,,,,,,,,,,,,,,,,,,,,,,,,,,,,,,,,,,,
4679,0,19956480,7548,494366,0,0,4096,118909,1502,12547604,0,0,0,0,0,0,0,0,0,0,0,0,0,0,0,0,0,0,0,0,0,0,0,0,0,0,0,0,0,0,0,0,0,0,0,0,0,0,0,0,0,0,0,0,0,0,0,0,0,0,0,0,0,0,0,0,0,0,0,0,0,0,0,0,0,0,0,0,0,0,0,0,0,0,13158904,8,8,8,3054.48,128,0.356315,0.04,0.14,349440,0,197720,500809,0,0,0,0,0,0,0,0,0,0,12647686,102082,0,101390,451165,467012,15847,0,627004,0,126393,500611,0,0,129,51132,280884,843658,11983230,0,0,0,0,0,0,0,0,0,0,0,0,0,0,0,0,0,0,0,52697,52695,12554870,101476,0,500809,0,0,0,0,86,2699,376072,759760,1,/home/user/workspace/csg-htsim/.worktrees/four-scheme-parameter-coupling/sim/datacenter/htsim_roce -o /home/user/workspace/csg-htsim/.worktrees/four-scheme-parameter-coupling/experiments/n-mrc/output/four_scheme_parameter_matrix_20260726/raw/standard_websearch_proxy_80pct/grade_gentle/seed_13/logout.dat -tm /home/user/workspace/csg-htsim/.worktrees/four-scheme-parameter-coupling/experiments/n-mrc/output/four_scheme_parameter_matrix_20260726/traffic/n128_standard_websearch_proxy_80pct_seed13.cm -nodes 128 -conns 29191 -tiers 2 -lb grade -linkspeed 400000 -queue_type composite_ecn_lb -host_queue_type prio -mtu 4096 -end 40000 -paths 8 -seed 13 -cc dcqcn_variant -roce_rx_mode sp -roce_sack_bitmap_bits 64 -roce_transport_semantics mrc_exact_bounded -roce_trim_recovery exact -hop_latency 0.5 -switch_latency 0.5 -queue_cv_sample_us 100 -stor_level_weights 4 3 2 0,29191,1,0,0.0,0.0,0.0,29191,grade,29191,11714.856558562387,259.49618662859774,4193.948856673909,11714.856558562387,259.49618662859774,1,33.4424322855557,1233.9957740333439,8370.191881274031,4193.948856673909,p99_fct_us,4193.948856673909,0,standard_websearch_proxy_80pct,13,008da4ad9615dce108cb046b2ccd82a5a1fad0be6f1ecb7a6c61e55710bd6903,29191,grade_gentle,,,,,,,,,,,,,,,,,,,,,,,,,,,,,,,,,,,,,,,,,,,,,,,,,,,,,,,,,,,,,,,,,,,,,,,,,,,
4019,0,19263851,6268,450002,0,0,4096,103624,1338,12284506,0,0,0,0,0,0,0,0,0,0,0,0,0,0,0,0,0,0,0,0,0,0,0,0,0,0,0,0,0,0,0,0,0,0,0,0,0,0,0,0,0,0,0,0,0,0,0,0,0,0,0,0,0,0,0,0,0,0,0,0,0,0,0,0,0,0,0,0,0,0,0,0,4,0,12836461,8,8,8,2658.87,128,0.26844,0.03,0.11,320320,0,148283,455649,0,0,0,0,0,0,0,0,0,0,12370809,88332,0,77371,437609,451904,14295,0,565251,0,109828,455423,0,0,37,42628,243932,749160,11800741,0,0,0,0,0,0,0,0,0,0,0,0,0,0,0,0,0,0,0,45484,45484,12301650,77452,0,455649,0,0,0,0,67,2178,336405,685120,1,/home/user/workspace/csg-htsim/.worktrees/four-scheme-parameter-coupling/sim/datacenter/htsim_roce -o /home/user/workspace/csg-htsim/.worktrees/four-scheme-parameter-coupling/experiments/n-mrc/output/four_scheme_parameter_matrix_20260726/raw/standard_websearch_proxy_80pct/grade_gentle/seed_29/logout.dat -tm /home/user/workspace/csg-htsim/.worktrees/four-scheme-parameter-coupling/experiments/n-mrc/output/four_scheme_parameter_matrix_20260726/traffic/n128_standard_websearch_proxy_80pct_seed29.cm -nodes 128 -conns 28640 -tiers 2 -lb grade -linkspeed 400000 -queue_type composite_ecn_lb -host_queue_type prio -mtu 4096 -end 40000 -paths 8 -seed 29 -cc dcqcn_variant -roce_rx_mode sp -roce_sack_bitmap_bits 64 -roce_transport_semantics mrc_exact_bounded -roce_trim_recovery exact -hop_latency 0.5 -switch_latency 0.5 -queue_cv_sample_us 100 -stor_level_weights 4 3 2 0,28640,1,0,0.0,0.0,0.0,28640,grade,28640,9289.71792623745,231.6322811162199,3614.7164518955224,9289.71792623745,231.6322811162199,1,33.029660151238375,1099.3096921554977,7133.21442221603,3614.7164518955224,p99_fct_us,3614.7164518955224,0,standard_websearch_proxy_80pct,29,5a935a2ff8c749623d9636104a3ad440fb71895f25f2bbf4112c51a2cd84228a,28640,grade_gentle,,,,,,,,,,,,,,,,,,,,,,,,,,,,,,,,,,,,,,,,,,,,,,,,,,,,,,,,,,,,,,,,,,,,,,,,,,,
3893,0,19094553,6474,458843,0,0,4096,102103,1315,12187349,0,0,0,0,0,0,0,0,0,0,0,0,0,0,0,0,0,0,0,0,0,0,0,0,0,0,0,0,0,0,0,0,0,0,0,0,0,0,0,0,0,0,0,0,0,0,0,0,0,0,0,0,0,0,0,0,0,0,0,0,0,0,0,0,0,0,0,0,0,0,0,0,2,0,12746628,8,8,8,2764.82,128,0.29062,0.03,0.13,349504,0,157465,464329,0,0,0,0,0,0,0,0,0,0,12272784,87307,0,83733,434287,449141,14854,0,572627,0,108509,464118,0,0,86,45358,260274,771700,11669296,0,0,0,0,0,0,0,0,0,0,0,0,0,0,0,0,0,0,0,48009,48003,12196887,83805,0,464329,0,0,0,0,71,2233,343120,693725,1,/home/user/workspace/csg-htsim/.worktrees/four-scheme-parameter-coupling/sim/datacenter/htsim_roce -o /home/user/workspace/csg-htsim/.worktrees/four-scheme-parameter-coupling/experiments/n-mrc/output/four_scheme_parameter_matrix_20260726/raw/standard_websearch_proxy_80pct/grade_gentle/seed_47/logout.dat -tm /home/user/workspace/csg-htsim/.worktrees/four-scheme-parameter-coupling/experiments/n-mrc/output/four_scheme_parameter_matrix_20260726/traffic/n128_standard_websearch_proxy_80pct_seed47.cm -nodes 128 -conns 29117 -tiers 2 -lb grade -linkspeed 400000 -queue_type composite_ecn_lb -host_queue_type prio -mtu 4096 -end 40000 -paths 8 -seed 47 -cc dcqcn_variant -roce_rx_mode sp -roce_sack_bitmap_bits 64 -roce_transport_semantics mrc_exact_bounded -roce_trim_recovery exact -hop_latency 0.5 -switch_latency 0.5 -queue_cv_sample_us 100 -stor_level_weights 4 3 2 0,29117,1,0,0.0,0.0,0.0,29117,grade,29117,11692.88916306577,229.38174460268434,3642.7560164158635,11692.88916306577,229.38174460268434,1,32.335436164968996,1053.5280040111,8085.325973170203,3642.7560164158635,p99_fct_us,3642.7560164158635,0,standard_websearch_proxy_80pct,47,1fe6ddb58d688341f9c040d00d3e1925526a70a23b438c897191a7cccf76159f,29117,grade_gentle,,,,,,,,,,,,,,,,,,,,,,,,,,,,,,,,,,,,,,,,,,,,,,,,,,,,,,,,,,,,,,,,,,,,,,,,,,,
4976,0,20186873,7642,505698,0,0,4096,123208,1567,12547604,0,0,0,0,0,0,0,0,0,0,0,0,0,0,0,0,0,0,0,0,0,0,0,0,0,0,0,0,0,0,0,0,0,0,0,0,0,0,0,0,0,0,0,0,0,0,0,0,0,0,0,0,0,0,0,0,0,0,0,0,0,0,0,0,0,0,0,0,0,0,0,1,0,0,13174602,8,8,8,2867.72,128,0.317281,0.04,0.12,341120,0,85423,512564,0,0,0,0,0,0,0,0,0,0,12651439,105865,0,42944,449500,465393,15893,0,643091,0,130781,512310,0,0,131,48383,59396,87228,12979595,0,0,0,0,0,0,0,0,0,0,0,0,0,0,0,0,0,0,0,146577,146576,12617267,42980,0,512564,0,0,0,0,16,287,168183,408633,1,/home/user/workspace/csg-htsim/.worktrees/four-scheme-parameter-coupling/sim/datacenter/htsim_roce -o /home/user/workspace/csg-htsim/.worktrees/four-scheme-parameter-coupling/experiments/n-mrc/output/four_scheme_parameter_matrix_20260726/raw/standard_websearch_proxy_80pct/grade_sensitive/seed_13/logout.dat -tm /home/user/workspace/csg-htsim/.worktrees/four-scheme-parameter-coupling/experiments/n-mrc/output/four_scheme_parameter_matrix_20260726/traffic/n128_standard_websearch_proxy_80pct_seed13.cm -nodes 128 -conns 29191 -tiers 2 -lb grade -linkspeed 400000 -queue_type composite_ecn_lb -host_queue_type prio -mtu 4096 -end 40000 -paths 8 -seed 13 -cc dcqcn_variant -roce_rx_mode sp -roce_sack_bitmap_bits 64 -roce_transport_semantics mrc_exact_bounded -roce_trim_recovery exact -hop_latency 0.5 -switch_latency 0.5 -queue_cv_sample_us 100 -stor_level_weights 4 2 1 0 -stor_level_thresholds 10 8 4,29191,1,0,0.0,0.0,0.0,29191,grade,29191,11771.772323877152,258.7091192962006,4109.677700637106,11771.772323877152,258.7091192962006,1,33.947875872194345,1244.0365117926954,8299.100396346397,4109.677700637106,p99_fct_us,4109.677700637106,0,standard_websearch_proxy_80pct,13,008da4ad9615dce108cb046b2ccd82a5a1fad0be6f1ecb7a6c61e55710bd6903,29191,grade_sensitive,,,,,,,,,,,,,,,,,,,,,,,,,,,,,,,,,,,,,,,,,,,,,,,,,,,,,,,,,,,,,,,,,,,,,,,,,,,
4144,0,19479446,6078,458708,0,0,4096,105932,1366,12284506,0,0,0,0,0,0,0,0,0,0,0,0,0,0,0,0,0,0,0,0,0,0,0,0,0,0,0,0,0,0,0,0,0,0,0,0,0,0,0,0,0,0,0,0,0,0,0,0,0,0,0,0,0,0,0,0,0,0,0,0,0,0,0,0,0,0,0,0,0,0,0,1,4,0,12847538,8,8,8,2508.61,128,0.239519,0.03,0.1,270400,0,59540,464495,0,0,0,0,0,0,0,0,0,0,12372823,90395,0,30934,436190,450809,14619,0,576228,0,111953,464275,0,0,48,39954,48849,72991,12685744,0,0,0,0,0,0,0,0,0,0,0,0,0,0,0,0,0,0,0,124933,124933,12350290,30962,0,464495,0,0,0,0,8,130,143197,350856,1,/home/user/workspace/csg-htsim/.worktrees/four-scheme-parameter-coupling/sim/datacenter/htsim_roce -o /home/user/workspace/csg-htsim/.worktrees/four-scheme-parameter-coupling/experiments/n-mrc/output/four_scheme_parameter_matrix_20260726/raw/standard_websearch_proxy_80pct/grade_sensitive/seed_29/logout.dat -tm /home/user/workspace/csg-htsim/.worktrees/four-scheme-parameter-coupling/experiments/n-mrc/output/four_scheme_parameter_matrix_20260726/traffic/n128_standard_websearch_proxy_80pct_seed29.cm -nodes 128 -conns 28640 -tiers 2 -lb grade -linkspeed 400000 -queue_type composite_ecn_lb -host_queue_type prio -mtu 4096 -end 40000 -paths 8 -seed 29 -cc dcqcn_variant -roce_rx_mode sp -roce_sack_bitmap_bits 64 -roce_transport_semantics mrc_exact_bounded -roce_trim_recovery exact -hop_latency 0.5 -switch_latency 0.5 -queue_cv_sample_us 100 -stor_level_weights 4 2 1 0 -stor_level_thresholds 10 8 4,28640,1,0,0.0,0.0,0.0,28640,grade,28640,10352.905932469132,229.91743506524296,3584.0804882567463,10352.905932469132,229.91743506524296,1,33.16294732909728,1067.461030795733,7391.036081690414,3584.0804882567463,p99_fct_us,3584.0804882567463,0,standard_websearch_proxy_80pct,29,5a935a2ff8c749623d9636104a3ad440fb71895f25f2bbf4112c51a2cd84228a,28640,grade_sensitive,,,,,,,,,,,,,,,,,,,,,,,,,,,,,,,,,,,,,,,,,,,,,,,,,,,,,,,,,,,,,,,,,,,,,,,,,,,
4130,0,19205425,6184,468445,0,0,4096,105637,1344,12187349,0,0,0,0,0,0,0,0,0,0,0,0,0,0,0,0,0,0,0,0,0,0,0,0,0,0,0,0,0,0,0,0,0,0,0,0,0,0,0,0,0,0,0,0,0,0,0,0,0,0,0,0,0,0,0,0,0,0,0,0,0,0,0,0,0,0,0,0,0,0,0,0,2,0,12759765,8,8,8,2428.36,128,0.279103,0.03,0.1,199680,0,58309,474213,0,0,0,0,0,0,0,0,0,0,12275624,90205,0,30549,433866,448643,14777,0,585740,0,111765,473975,0,0,82,41418,52128,78240,12587979,0,0,0,0,0,0,0,0,0,0,0,0,0,0,0,0,0,0,0,129618,129617,12253386,30567,0,474213,0,0,0,0,12,251,146673,356471,1,/home/user/workspace/csg-htsim/.worktrees/four-scheme-parameter-coupling/sim/datacenter/htsim_roce -o /home/user/workspace/csg-htsim/.worktrees/four-scheme-parameter-coupling/experiments/n-mrc/output/four_scheme_parameter_matrix_20260726/raw/standard_websearch_proxy_80pct/grade_sensitive/seed_47/logout.dat -tm /home/user/workspace/csg-htsim/.worktrees/four-scheme-parameter-coupling/experiments/n-mrc/output/four_scheme_parameter_matrix_20260726/traffic/n128_standard_websearch_proxy_80pct_seed47.cm -nodes 128 -conns 29117 -tiers 2 -lb grade -linkspeed 400000 -queue_type composite_ecn_lb -host_queue_type prio -mtu 4096 -end 40000 -paths 8 -seed 47 -cc dcqcn_variant -roce_rx_mode sp -roce_sack_bitmap_bits 64 -roce_transport_semantics mrc_exact_bounded -roce_trim_recovery exact -hop_latency 0.5 -switch_latency 0.5 -queue_cv_sample_us 100 -stor_level_weights 4 2 1 0 -stor_level_thresholds 10 8 4,29117,1,0,0.0,0.0,0.0,29117,grade,29117,11709.22818235654,228.3018528349875,3624.663356081842,11709.22818235654,228.3018528349875,1,32.519652003593364,1025.062258023382,7843.699229813387,3624.663356081842,p99_fct_us,3624.663356081842,0,standard_websearch_proxy_80pct,47,1fe6ddb58d688341f9c040d00d3e1925526a70a23b438c897191a7cccf76159f,29117,grade_sensitive,,,,,,,,,,,,,,,,,,,,,,,,,,,,,,,,,,,,,,,,,,,,,,,,,,,,,,,,,,,,,,,,,,,,,,,,,,,
3556,0,18987473,5803,432486,0,0,4096,98020,1250,12547604,0,0,0,0,0,0,0,0,0,0,0,0,0,0,0,0,0,0,0,0,0,0,0,0,0,0,0,0,0,0,0,0,0,0,0,0,0,0,0,0,0,0,0,0,0,0,0,0,0,0,0,0,0,0,0,0,0,0,0,0,0,0,0,0,0,0,0,0,0,0,0,0,0,0,13076447,8,8,8,4237.73,128,0.451073,0.04,0.25,349632,0,850489,437497,0,0,0,0,0,0,0,0,0,0,12630620,84844,0,440518,461822,475925,14103,0,541115,0,103759,437356,0,0,62,107002,290431,566149,12112865,0,0,0,0,0,0,0,0,0,0,0,0,0,0,0,0,0,0,0,81124,81116,12196501,440872,0,437497,0,0,0,0,214,4905,426904,857097,1,/home/user/workspace/csg-htsim/.worktrees/four-scheme-parameter-coupling/sim/datacenter/htsim_roce -o /home/user/workspace/csg-htsim/.worktrees/four-scheme-parameter-coupling/experiments/n-mrc/output/four_scheme_parameter_matrix_20260726/raw/standard_websearch_proxy_80pct/grade_sharp/seed_13/logout.dat -tm /home/user/workspace/csg-htsim/.worktrees/four-scheme-parameter-coupling/experiments/n-mrc/output/four_scheme_parameter_matrix_20260726/traffic/n128_standard_websearch_proxy_80pct_seed13.cm -nodes 128 -conns 29191 -tiers 2 -lb grade -linkspeed 400000 -queue_type composite_ecn_lb -host_queue_type prio -mtu 4096 -end 40000 -paths 8 -seed 13 -cc dcqcn_variant -roce_rx_mode sp -roce_sack_bitmap_bits 64 -roce_transport_semantics mrc_exact_bounded -roce_trim_recovery exact -hop_latency 0.5 -switch_latency 0.5 -queue_cv_sample_us 100 -stor_level_weights 8 2 1 0,29191,1,0,0.0,0.0,0.0,29191,grade,29191,11442.072323877152,271.8231251164868,4605.770415264455,11442.072323877152,271.8231251164868,1,31.477424793482896,1344.9921609393414,8512.219629644862,4605.770415264455,p99_fct_us,4605.770415264455,0,standard_websearch_proxy_80pct,13,008da4ad9615dce108cb046b2ccd82a5a1fad0be6f1ecb7a6c61e55710bd6903,29191,grade_sharp,,,,,,,,,,,,,,,,,,,,,,,,,,,,,,,,,,,,,,,,,,,,,,,,,,,,,,,,,,,,,,,,,,,,,,,,,,,
3339,0,18606657,4967,410702,0,0,4096,89367,1176,12284506,0,0,0,0,0,0,0,0,0,0,0,0,0,0,0,0,0,0,0,0,0,0,0,0,0,0,0,0,0,0,0,0,0,0,0,0,0,0,0,0,0,0,0,0,0,0,0,0,0,0,0,0,0,0,0,0,0,0,0,0,0,0,0,0,0,0,0,0,0,0,0,0,4,0,12783121,8,8,8,3405.84,128,0.381489,0.03,0.17,349568,0,566141,415472,0,0,0,0,0,0,0,0,0,0,12359069,76528,0,295073,442269,455561,13292,0,509551,0,94280,415271,0,0,44,77698,223710,471642,12010071,0,0,0,0,0,0,0,0,0,0,0,0,0,0,0,0,0,0,0,63286,63280,12070712,295275,0,415472,0,0,0,0,122,3614,366561,759457,1,/home/user/workspace/csg-htsim/.worktrees/four-scheme-parameter-coupling/sim/datacenter/htsim_roce -o /home/user/workspace/csg-htsim/.worktrees/four-scheme-parameter-coupling/experiments/n-mrc/output/four_scheme_parameter_matrix_20260726/raw/standard_websearch_proxy_80pct/grade_sharp/seed_29/logout.dat -tm /home/user/workspace/csg-htsim/.worktrees/four-scheme-parameter-coupling/experiments/n-mrc/output/four_scheme_parameter_matrix_20260726/traffic/n128_standard_websearch_proxy_80pct_seed29.cm -nodes 128 -conns 28640 -tiers 2 -lb grade -linkspeed 400000 -queue_type composite_ecn_lb -host_queue_type prio -mtu 4096 -end 40000 -paths 8 -seed 29 -cc dcqcn_variant -roce_rx_mode sp -roce_sack_bitmap_bits 64 -roce_transport_semantics mrc_exact_bounded -roce_trim_recovery exact -hop_latency 0.5 -switch_latency 0.5 -queue_cv_sample_us 100 -stor_level_weights 8 2 1 0,28640,1,0,0.0,0.0,0.0,28640,grade,28640,10487.20593246913,237.04861110225488,3816.954142654467,10487.20593246913,237.04861110225488,1,31.237737301661582,1138.771559430469,7337.143655095695,3816.954142654467,p99_fct_us,3816.954142654467,0,standard_websearch_proxy_80pct,29,5a935a2ff8c749623d9636104a3ad440fb71895f25f2bbf4112c51a2cd84228a,28640,grade_sharp,,,,,,,,,,,,,,,,,,,,,,,,,,,,,,,,,,,,,,,,,,,,,,,,,,,,,,,,,,,,,,,,,,,,,,,,,,,
3398,0,18489215,5220,423185,0,0,4096,90096,1215,12187349,0,0,0,0,0,0,0,0,0,0,0,0,0,0,0,0,0,0,0,0,0,0,0,0,0,0,0,0,0,0,0,0,0,0,0,0,0,0,0,0,0,0,0,0,0,0,0,0,0,0,0,0,0,0,0,0,0,0,0,0,0,0,0,0,0,0,0,0,0,0,0,0,2,0,12699068,8,8,8,3596.79,128,0.396089,0.03,0.2,349760,0,549592,428006,0,0,0,0,0,0,0,0,0,0,12262633,77220,0,290870,441340,455159,13819,0,523114,0,95272,427842,0,0,50,77330,230312,488824,11902602,0,0,0,0,0,0,0,0,0,0,0,0,0,0,0,0,0,0,0,64522,64502,11978326,291085,0,428006,0,0,0,0,111,2490,372944,760684,1,/home/user/workspace/csg-htsim/.worktrees/four-scheme-parameter-coupling/sim/datacenter/htsim_roce -o /home/user/workspace/csg-htsim/.worktrees/four-scheme-parameter-coupling/experiments/n-mrc/output/four_scheme_parameter_matrix_20260726/raw/standard_websearch_proxy_80pct/grade_sharp/seed_47/logout.dat -tm /home/user/workspace/csg-htsim/.worktrees/four-scheme-parameter-coupling/experiments/n-mrc/output/four_scheme_parameter_matrix_20260726/traffic/n128_standard_websearch_proxy_80pct_seed47.cm -nodes 128 -conns 29117 -tiers 2 -lb grade -linkspeed 400000 -queue_type composite_ecn_lb -host_queue_type prio -mtu 4096 -end 40000 -paths 8 -seed 47 -cc dcqcn_variant -roce_rx_mode sp -roce_sack_bitmap_bits 64 -roce_transport_semantics mrc_exact_bounded -roce_trim_recovery exact -hop_latency 0.5 -switch_latency 0.5 -queue_cv_sample_us 100 -stor_level_weights 8 2 1 0,29117,1,0,0.0,0.0,0.0,29117,grade,29117,12084.349427181764,235.1385442695447,3765.699146965213,12084.349427181764,235.1385442695447,1,30.751928703718477,1097.8524752440844,8067.768030441524,3765.699146965213,p99_fct_us,3765.699146965213,0,standard_websearch_proxy_80pct,47,1fe6ddb58d688341f9c040d00d3e1925526a70a23b438c897191a7cccf76159f,29117,grade_sharp,,,,,,,,,,,,,,,,,,,,,,,,,,,,,,,,,,,,,,,,,,,,,,,,,,,,,,,,,,,,,,,,,,,,,,,,,,,
4980,0,20140994,7895,505976,0,0,4096,122674,1611,12547604,0,0,0,0,0,0,0,0,0,0,0,0,0,0,0,0,0,0,0,0,0,0,0,0,0,0,0,0,0,0,0,0,0,0,0,0,0,0,0,0,0,0,0,0,0,0,0,0,0,0,0,0,0,0,0,0,0,0,0,0,0,0,0,451174,12656681,7600,464059,464059,232368,12659721,0,1,2,0,13174333,8,8,8,2742.66,128,0.321302,0.04,0.11,332864,0,86421,512865,0,0,0,0,0,0,0,0,0,0,12650863,105311,0,43465,463107,463107,0,7590,643136,0,130494,512642,0,0,116,0,6705,61184,13106444,0,0,0,0,0,0,0,0,0,0,0,0,0,0,0,0,0,0,0,0,0,0,0,255,0,0,0,34272,80040,0,0,0,0,1,/home/user/workspace/csg-htsim/.worktrees/four-scheme-parameter-coupling/sim/datacenter/htsim_roce -o /home/user/workspace/csg-htsim/.worktrees/four-scheme-parameter-coupling/experiments/n-mrc/output/four_scheme_parameter_matrix_20260726/raw/standard_websearch_proxy_80pct/netaware_default_off/seed_13/logout.dat -tm /home/user/workspace/csg-htsim/.worktrees/four-scheme-parameter-coupling/experiments/n-mrc/output/four_scheme_parameter_matrix_20260726/traffic/n128_standard_websearch_proxy_80pct_seed13.cm -nodes 128 -conns 29191 -tiers 2 -lb netaware -linkspeed 400000 -queue_type composite_ecn_lb -host_queue_type prio -mtu 4096 -end 40000 -paths 8 -seed 13 -cc dcqcn_variant -roce_rx_mode sp -roce_sack_bitmap_bits 64 -roce_transport_semantics mrc_exact_bounded -roce_trim_recovery exact -hop_latency 0.5 -switch_latency 0.5 -queue_cv_sample_us 100 -netaware_level_weights 4 2 1 0 -netaware_weight_adaptation off,29191,1,0,0.0,0.0,0.0,29191,netaware,29191,12264.156558562388,258.32930434056243,4245.877814389666,12264.156558562388,258.32930434056243,1,33.750159512492246,1221.1089813407314,8117.57173307079,4245.877814389666,p99_fct_us,4245.877814389666,0,standard_websearch_proxy_80pct,13,008da4ad9615dce108cb046b2ccd82a5a1fad0be6f1ecb7a6c61e55710bd6903,29191,netaware_default_off,,,,,,,,,,,,,,,,,,,,,,,,,,,,,,,,,,,,,,,,,,,,,,,,,,,,,,,,,,,,,,,,,,,,,,,,,,,
4217,0,19464827,6082,460210,0,0,4096,106812,1363,12284506,0,0,0,0,0,0,0,0,0,0,0,0,0,0,0,0,0,0,0,0,0,0,0,0,0,0,0,0,0,0,0,0,0,0,0,0,0,0,0,0,0,0,0,0,0,0,0,0,0,0,0,0,0,0,0,0,0,0,0,0,0,0,0,441093,12379113,4116,450067,450067,127703,12382082,0,1,7,0,12849867,8,8,8,2466.35,128,0.255646,0.03,0.1,237120,0,52526,466118,0,0,0,0,0,0,0,0,0,0,12373630,91082,0,26829,449103,449103,0,4114,578684,0,112824,465860,0,0,45,0,3897,42456,12803514,0,0,0,0,0,0,0,0,0,0,0,0,0,0,0,0,0,0,0,0,0,0,0,255,0,0,0,22493,60038,0,0,0,0,1,/home/user/workspace/csg-htsim/.worktrees/four-scheme-parameter-coupling/sim/datacenter/htsim_roce -o /home/user/workspace/csg-htsim/.worktrees/four-scheme-parameter-coupling/experiments/n-mrc/output/four_scheme_parameter_matrix_20260726/raw/standard_websearch_proxy_80pct/netaware_default_off/seed_29/logout.dat -tm /home/user/workspace/csg-htsim/.worktrees/four-scheme-parameter-coupling/experiments/n-mrc/output/four_scheme_parameter_matrix_20260726/traffic/n128_standard_websearch_proxy_80pct_seed29.cm -nodes 128 -conns 28640 -tiers 2 -lb netaware -linkspeed 400000 -queue_type composite_ecn_lb -host_queue_type prio -mtu 4096 -end 40000 -paths 8 -seed 29 -cc dcqcn_variant -roce_rx_mode sp -roce_sack_bitmap_bits 64 -roce_transport_semantics mrc_exact_bounded -roce_trim_recovery exact -hop_latency 0.5 -switch_latency 0.5 -queue_cv_sample_us 100 -netaware_level_weights 4 2 1 0 -netaware_weight_adaptation off,28640,1,0,0.0,0.0,0.0,28640,netaware,28640,10340.105932469132,230.23263883968352,3619.6926150787685,10340.105932469132,230.23263883968352,1,33.11666610160228,1060.8891197464015,7383.818198391934,3619.6926150787685,p99_fct_us,3619.6926150787685,0,standard_websearch_proxy_80pct,29,5a935a2ff8c749623d9636104a3ad440fb71895f25f2bbf4112c51a2cd84228a,28640,netaware_default_off,,,,,,,,,,,,,,,,,,,,,,,,,,,,,,,,,,,,,,,,,,,,,,,,,,,,,,,,,,,,,,,,,,,,,,,,,,,
4258,0,19220841,6511,471508,0,0,4096,107196,1387,12187349,0,0,0,0,0,0,0,0,0,0,0,0,0,0,0,0,0,0,0,0,0,0,0,0,0,0,0,0,0,0,0,0,0,0,0,0,0,0,0,0,0,0,0,0,0,0,0,0,0,0,0,0,0,0,0,0,0,0,0,0,0,0,0,438412,12281875,3613,446868,446868,113323,12285178,0,0,5,0,12764327,8,8,8,2410.57,128,0.240818,0.03,0.1,237120,0,48134,477458,0,0,0,0,0,0,0,0,0,0,12276973,91671,0,25327,445911,445911,0,3607,590860,0,113643,477217,0,0,88,0,3545,42183,12718599,0,0,0,0,0,0,0,0,0,0,0,0,0,0,0,0,0,0,0,0,0,0,0,255,0,0,0,21333,55257,0,0,0,0,1,/home/user/workspace/csg-htsim/.worktrees/four-scheme-parameter-coupling/sim/datacenter/htsim_roce -o /home/user/workspace/csg-htsim/.worktrees/four-scheme-parameter-coupling/experiments/n-mrc/output/four_scheme_parameter_matrix_20260726/raw/standard_websearch_proxy_80pct/netaware_default_off/seed_47/logout.dat -tm /home/user/workspace/csg-htsim/.worktrees/four-scheme-parameter-coupling/experiments/n-mrc/output/four_scheme_parameter_matrix_20260726/traffic/n128_standard_websearch_proxy_80pct_seed47.cm -nodes 128 -conns 29117 -tiers 2 -lb netaware -linkspeed 400000 -queue_type composite_ecn_lb -host_queue_type prio -mtu 4096 -end 40000 -paths 8 -seed 47 -cc dcqcn_variant -roce_rx_mode sp -roce_sack_bitmap_bits 64 -roce_transport_semantics mrc_exact_bounded -roce_trim_recovery exact -hop_latency 0.5 -switch_latency 0.5 -queue_cv_sample_us 100 -netaware_level_weights 4 2 1 0 -netaware_weight_adaptation off,29117,1,0,0.0,0.0,0.0,29117,netaware,29117,11673.38916306577,230.15188391751687,3676.4164951507714,11673.38916306577,230.15188391751687,1,32.729688298151814,1042.1930636046316,7918.994989480341,3676.4164951507714,p99_fct_us,3676.4164951507714,0,standard_websearch_proxy_80pct,47,1fe6ddb58d688341f9c040d00d3e1925526a70a23b438c897191a7cccf76159f,29117,netaware_default_off,,,,,,,,,,,,,,,,,,,,,,,,,,,,,,,,,,,,,,,,,,,,,,,,,,,,,,,,,,,,,,,,,,,,,,,,,,,
5057,0,20178836,7978,508309,0,0,4096,124566,1631,12547604,0,0,0,0,0,0,0,0,0,0,0,0,0,0,0,0,0,0,0,0,0,0,0,0,0,0,0,0,0,0,0,0,0,0,0,0,0,0,0,0,0,0,0,0,0,0,0,0,0,0,0,0,0,0,0,0,0,0,0,0,0,0,0,454005,12658184,4758,464449,464449,144195,12661443,0,1,2,0,13178523,8,8,8,2753.68,128,0.31294,0.04,0.11,349504,0,64080,515301,0,0,0,0,0,0,0,0,0,0,12652329,106821,0,31918,463490,463490,0,4758,647541,0,132465,515076,0,0,124,0,12322,82605,13083596,0,0,0,0,0,0,0,0,0,0,0,0,0,0,0,0,0,0,0,0,0,0,0,255,0,0,0,25731,64931,0,0,0,0,1,/home/user/workspace/csg-htsim/.worktrees/four-scheme-parameter-coupling/sim/datacenter/htsim_roce -o /home/user/workspace/csg-htsim/.worktrees/four-scheme-parameter-coupling/experiments/n-mrc/output/four_scheme_parameter_matrix_20260726/raw/standard_websearch_proxy_80pct/netaware_equal/seed_13/logout.dat -tm /home/user/workspace/csg-htsim/.worktrees/four-scheme-parameter-coupling/experiments/n-mrc/output/four_scheme_parameter_matrix_20260726/traffic/n128_standard_websearch_proxy_80pct_seed13.cm -nodes 128 -conns 29191 -tiers 2 -lb netaware -linkspeed 400000 -queue_type composite_ecn_lb -host_queue_type prio -mtu 4096 -end 40000 -paths 8 -seed 13 -cc dcqcn_variant -roce_rx_mode sp -roce_sack_bitmap_bits 64 -roce_transport_semantics mrc_exact_bounded -roce_trim_recovery exact -hop_latency 0.5 -switch_latency 0.5 -queue_cv_sample_us 100 -netaware_level_weights 4 4 4 0 -netaware_weight_adaptation off,29191,1,0,0.0,0.0,0.0,29191,netaware,29191,11975.456558562388,259.03856883989494,4258.582549356068,11975.456558562388,259.03856883989494,1,33.858518496575925,1215.9446642529929,8328.47442513221,4258.582549356068,p99_fct_us,4258.582549356068,0,standard_websearch_proxy_80pct,13,008da4ad9615dce108cb046b2ccd82a5a1fad0be6f1ecb7a6c61e55710bd6903,29191,netaware_equal,,,,,,,,,,,,,,,,,,,,,,,,,,,,,,,,,,,,,,,,,,,,,,,,,,,,,,,,,,,,,,,,,,,,,,,,,,,
4220,0,19457806,5948,462074,0,0,4096,107186,1386,12284506,0,0,0,0,0,0,0,0,0,0,0,0,0,0,0,0,0,0,0,0,0,0,0,0,0,0,0,0,0,0,0,0,0,0,0,0,0,0,0,0,0,0,0,0,0,0,0,0,0,0,0,0,0,0,0,0,0,0,0,0,0,0,0,442469,12379559,2104,448323,448323,66040,12382326,0,0,7,0,12852098,8,8,8,2415.58,128,0.231098,0.03,0.1,278720,0,34801,467954,0,0,0,0,0,0,0,0,0,0,12373828,91417,0,17840,447386,447386,0,2104,580814,0,113076,467738,0,0,50,0,6110,47705,12798283,0,0,0,0,0,0,0,0,0,0,0,0,0,0,0,0,0,0,0,0,0,0,0,255,0,0,0,15036,40481,0,0,0,0,1,/home/user/workspace/csg-htsim/.worktrees/four-scheme-parameter-coupling/sim/datacenter/htsim_roce -o /home/user/workspace/csg-htsim/.worktrees/four-scheme-parameter-coupling/experiments/n-mrc/output/four_scheme_parameter_matrix_20260726/raw/standard_websearch_proxy_80pct/netaware_equal/seed_29/logout.dat -tm /home/user/workspace/csg-htsim/.worktrees/four-scheme-parameter-coupling/experiments/n-mrc/output/four_scheme_parameter_matrix_20260726/traffic/n128_standard_websearch_proxy_80pct_seed29.cm -nodes 128 -conns 28640 -tiers 2 -lb netaware -linkspeed 400000 -queue_type composite_ecn_lb -host_queue_type prio -mtu 4096 -end 40000 -paths 8 -seed 29 -cc dcqcn_variant -roce_rx_mode sp -roce_sack_bitmap_bits 64 -roce_transport_semantics mrc_exact_bounded -roce_trim_recovery exact -hop_latency 0.5 -switch_latency 0.5 -queue_cv_sample_us 100 -netaware_level_weights 4 4 4 0 -netaware_weight_adaptation off,28640,1,0,0.0,0.0,0.0,28640,netaware,28640,9821.405932469132,229.90689648633256,3582.0325079511113,9821.405932469132,229.90689648633256,1,33.324879752567995,1068.4688259630914,7233.307916489006,3582.0325079511113,p99_fct_us,3582.0325079511113,0,standard_websearch_proxy_80pct,29,5a935a2ff8c749623d9636104a3ad440fb71895f25f2bbf4112c51a2cd84228a,28640,netaware_equal,,,,,,,,,,,,,,,,,,,,,,,,,,,,,,,,,,,,,,,,,,,,,,,,,,,,,,,,,,,,,,,,,,,,,,,,,,,
4268,0,19290668,6221,471643,0,0,4096,107592,1418,12187349,0,0,0,0,0,0,0,0,0,0,0,0,0,0,0,0,0,0,0,0,0,0,0,0,0,0,0,0,0,0,0,0,0,0,0,0,0,0,0,0,0,0,0,0,0,0,0,0,0,0,0,0,0,0,0,0,0,0,0,0,0,0,0,440363,12282603,3009,448186,448186,94543,12285560,0,1,5,0,12764868,8,8,8,2366.82,128,0.223795,0.03,0.1,178880,0,42520,477602,0,0,0,0,0,0,0,0,0,0,12276929,91585,0,22079,447178,447178,0,3009,591142,0,113759,477383,0,0,100,0,9119,63589,12692160,0,0,0,0,0,0,0,0,0,0,0,0,0,0,0,0,0,0,0,0,0,0,0,255,0,0,0,18815,49541,0,0,0,0,1,/home/user/workspace/csg-htsim/.worktrees/four-scheme-parameter-coupling/sim/datacenter/htsim_roce -o /home/user/workspace/csg-htsim/.worktrees/four-scheme-parameter-coupling/experiments/n-mrc/output/four_scheme_parameter_matrix_20260726/raw/standard_websearch_proxy_80pct/netaware_equal/seed_47/logout.dat -tm /home/user/workspace/csg-htsim/.worktrees/four-scheme-parameter-coupling/experiments/n-mrc/output/four_scheme_parameter_matrix_20260726/traffic/n128_standard_websearch_proxy_80pct_seed47.cm -nodes 128 -conns 29117 -tiers 2 -lb netaware -linkspeed 400000 -queue_type composite_ecn_lb -host_queue_type prio -mtu 4096 -end 40000 -paths 8 -seed 47 -cc dcqcn_variant -roce_rx_mode sp -roce_sack_bitmap_bits 64 -roce_transport_semantics mrc_exact_bounded -roce_trim_recovery exact -hop_latency 0.5 -switch_latency 0.5 -queue_cv_sample_us 100 -netaware_level_weights 4 4 4 0 -netaware_weight_adaptation off,29117,1,0,0.0,0.0,0.0,29117,netaware,29117,11732.428182356542,230.30403935935448,3660.620096699068,11732.428182356542,230.30403935935448,1,32.80277646445302,1057.1426108937965,7728.470754410167,3660.620096699068,p99_fct_us,3660.620096699068,0,standard_websearch_proxy_80pct,47,1fe6ddb58d688341f9c040d00d3e1925526a70a23b438c897191a7cccf76159f,29117,netaware_equal,,,,,,,,,,,,,,,,,,,,,,,,,,,,,,,,,,,,,,,,,,,,,,,,,,,,,,,,,,,,,,,,,,,,,,,,,,,
5111,0,20188003,7637,507667,0,0,4096,123822,1600,12547604,0,0,0,0,0,0,0,0,0,0,0,0,0,0,0,0,0,0,0,0,0,0,0,0,0,0,0,0,0,0,0,0,0,0,0,0,0,0,0,0,0,0,0,0,0,0,0,0,0,0,0,0,0,0,0,0,0,0,0,0,0,0,0,454651,12657422,5242,465191,465191,159125,12660635,0,0,2,0,13177147,8,8,8,2711.55,128,0.340617,0.03,0.11,316160,0,68135,514707,0,0,0,0,0,0,0,0,0,0,12651804,106265,0,33949,464239,464239,0,5231,645836,0,131388,514448,0,0,94,0,7560,67651,13101936,0,0,0,0,0,0,0,0,0,0,0,0,0,0,0,0,0,0,0,0,0,0,0,255,0,0,0,27201,67499,0,0,0,0,1,/home/user/workspace/csg-htsim/.worktrees/four-scheme-parameter-coupling/sim/datacenter/htsim_roce -o /home/user/workspace/csg-htsim/.worktrees/four-scheme-parameter-coupling/experiments/n-mrc/output/four_scheme_parameter_matrix_20260726/raw/standard_websearch_proxy_80pct/netaware_gentle/seed_13/logout.dat -tm /home/user/workspace/csg-htsim/.worktrees/four-scheme-parameter-coupling/experiments/n-mrc/output/four_scheme_parameter_matrix_20260726/traffic/n128_standard_websearch_proxy_80pct_seed13.cm -nodes 128 -conns 29191 -tiers 2 -lb netaware -linkspeed 400000 -queue_type composite_ecn_lb -host_queue_type prio -mtu 4096 -end 40000 -paths 8 -seed 13 -cc dcqcn_variant -roce_rx_mode sp -roce_sack_bitmap_bits 64 -roce_transport_semantics mrc_exact_bounded -roce_trim_recovery exact -hop_latency 0.5 -switch_latency 0.5 -queue_cv_sample_us 100 -netaware_level_weights 4 3 2 0 -netaware_weight_adaptation off,29191,1,0,0.0,0.0,0.0,29191,netaware,29191,11960.956558562388,258.16637055960507,4181.586208167385,11960.956558562388,258.16637055960507,1,33.690925531554626,1218.938258069883,8283.258733070845,4181.586208167385,p99_fct_us,4181.586208167385,0,standard_websearch_proxy_80pct,13,008da4ad9615dce108cb046b2ccd82a5a1fad0be6f1ecb7a6c61e55710bd6903,29191,netaware_gentle,,,,,,,,,,,,,,,,,,,,,,,,,,,,,,,,,,,,,,,,,,,,,,,,,,,,,,,,,,,,,,,,,,,,,,,,,,,
4252,0,19524449,6196,462299,0,0,4096,107089,1386,12284506,0,0,0,0,0,0,0,0,0,0,0,0,0,0,0,0,0,0,0,0,0,0,0,0,0,0,0,0,0,0,0,0,0,0,0,0,0,0,0,0,0,0,0,0,0,0,0,0,0,0,0,0,0,0,0,0,0,0,0,0,0,0,0,441292,12379322,2530,449105,449105,78747,12382336,0,0,7,0,12852220,8,8,8,2445.6,128,0.256936,0.03,0.1,170560,0,41507,468216,0,0,0,0,0,0,0,0,0,0,12373686,91155,0,21312,448158,448158,0,2529,581222,0,113227,467995,0,0,48,0,4783,49335,12798102,0,0,0,0,0,0,0,0,0,0,0,0,0,0,0,0,0,0,0,0,0,0,0,255,0,0,0,19930,52134,0,0,0,0,1,/home/user/workspace/csg-htsim/.worktrees/four-scheme-parameter-coupling/sim/datacenter/htsim_roce -o /home/user/workspace/csg-htsim/.worktrees/four-scheme-parameter-coupling/experiments/n-mrc/output/four_scheme_parameter_matrix_20260726/raw/standard_websearch_proxy_80pct/netaware_gentle/seed_29/logout.dat -tm /home/user/workspace/csg-htsim/.worktrees/four-scheme-parameter-coupling/experiments/n-mrc/output/four_scheme_parameter_matrix_20260726/traffic/n128_standard_websearch_proxy_80pct_seed29.cm -nodes 128 -conns 28640 -tiers 2 -lb netaware -linkspeed 400000 -queue_type composite_ecn_lb -host_queue_type prio -mtu 4096 -end 40000 -paths 8 -seed 29 -cc dcqcn_variant -roce_rx_mode sp -roce_sack_bitmap_bits 64 -roce_transport_semantics mrc_exact_bounded -roce_trim_recovery exact -hop_latency 0.5 -switch_latency 0.5 -queue_cv_sample_us 100 -netaware_level_weights 4 3 2 0 -netaware_weight_adaptation off,28640,1,0,0.0,0.0,0.0,28640,netaware,28640,9943.70593246913,230.2244870589587,3553.4564471827316,9943.70593246913,230.2244870589587,1,33.27153688392036,1071.2237279807161,7329.524944640367,3553.4564471827316,p99_fct_us,3553.4564471827316,0,standard_websearch_proxy_80pct,29,5a935a2ff8c749623d9636104a3ad440fb71895f25f2bbf4112c51a2cd84228a,28640,netaware_gentle,,,,,,,,,,,,,,,,,,,,,,,,,,,,,,,,,,,,,,,,,,,,,,,,,,,,,,,,,,,,,,,,,,,,,,,,,,,
4169,0,19220747,6113,469594,0,0,4096,106964,1418,12187349,0,0,0,0,0,0,0,0,0,0,0,0,0,0,0,0,0,0,0,0,0,0,0,0,0,0,0,0,0,0,0,0,0,0,0,0,0,0,0,0,0,0,0,0,0,0,0,0,0,0,0,0,0,0,0,0,0,0,0,0,0,0,0,439391,12282019,2301,447427,447427,73682,12285169,0,0,5,0,12762282,8,8,8,2378.71,128,0.238608,0.03,0.1,195520,0,42967,475446,0,0,0,0,0,0,0,0,0,0,12276850,91497,0,22355,446492,446492,0,2297,588258,0,113026,475232,0,0,83,0,4398,55840,12702044,0,0,0,0,0,0,0,0,0,0,0,0,0,0,0,0,0,0,0,0,0,0,0,255,0,0,0,20376,51942,0,0,0,0,1,/home/user/workspace/csg-htsim/.worktrees/four-scheme-parameter-coupling/sim/datacenter/htsim_roce -o /home/user/workspace/csg-htsim/.worktrees/four-scheme-parameter-coupling/experiments/n-mrc/output/four_scheme_parameter_matrix_20260726/raw/standard_websearch_proxy_80pct/netaware_gentle/seed_47/logout.dat -tm /home/user/workspace/csg-htsim/.worktrees/four-scheme-parameter-coupling/experiments/n-mrc/output/four_scheme_parameter_matrix_20260726/traffic/n128_standard_websearch_proxy_80pct_seed47.cm -nodes 128 -conns 29117 -tiers 2 -lb netaware -linkspeed 400000 -queue_type composite_ecn_lb -host_queue_type prio -mtu 4096 -end 40000 -paths 8 -seed 47 -cc dcqcn_variant -roce_rx_mode sp -roce_sack_bitmap_bits 64 -roce_transport_semantics mrc_exact_bounded -roce_trim_recovery exact -hop_latency 0.5 -switch_latency 0.5 -queue_cv_sample_us 100 -netaware_level_weights 4 3 2 0 -netaware_weight_adaptation off,29117,1,0,0.0,0.0,0.0,29117,netaware,29117,12309.249427181763,229.79331916153222,3626.2645223987397,12309.249427181763,229.79331916153222,1,32.804684091288436,1060.7080307053632,7849.099281597354,3626.2645223987397,p99_fct_us,3626.2645223987397,0,standard_websearch_proxy_80pct,47,1fe6ddb58d688341f9c040d00d3e1925526a70a23b438c897191a7cccf76159f,29117,netaware_gentle,,,,,,,,,,,,,,,,,,,,,,,,,,,,,,,,,,,,,,,,,,,,,,,,,,,,,,,,,,,,,,,,,,,,,,,,,,,
5104,0,20178428,8047,508038,0,0,4096,124231,1659,12547604,0,0,0,0,0,0,0,0,0,0,0,0,0,0,0,0,0,0,0,0,0,0,0,0,0,0,0,0,0,0,0,0,0,0,0,0,0,0,0,0,0,0,0,0,0,0,0,0,0,0,0,0,0,0,0,0,0,0,0,0,0,0,0,453298,12658161,6713,464761,464761,206783,12661075,0,1,2,0,13177949,8,8,8,2715.74,128,0.332041,0.04,0.11,345280,0,76150,515108,0,0,0,0,0,0,0,0,0,0,12651927,106399,0,39302,463827,463827,0,6700,647079,0,132210,514869,0,0,114,4274,8059,58239,13107377,0,0,0,0,0,0,0,0,0,0,0,0,0,0,0,0,0,0,0,0,0,0,0,255,0,0,0,29604,70421,0,0,0,0,1,/home/user/workspace/csg-htsim/.worktrees/four-scheme-parameter-coupling/sim/datacenter/htsim_roce -o /home/user/workspace/csg-htsim/.worktrees/four-scheme-parameter-coupling/experiments/n-mrc/output/four_scheme_parameter_matrix_20260726/raw/standard_websearch_proxy_80pct/netaware_goodcap/seed_13/logout.dat -tm /home/user/workspace/csg-htsim/.worktrees/four-scheme-parameter-coupling/experiments/n-mrc/output/four_scheme_parameter_matrix_20260726/traffic/n128_standard_websearch_proxy_80pct_seed13.cm -nodes 128 -conns 29191 -tiers 2 -lb netaware -linkspeed 400000 -queue_type composite_ecn_lb -host_queue_type prio -mtu 4096 -end 40000 -paths 8 -seed 13 -cc dcqcn_variant -roce_rx_mode sp -roce_sack_bitmap_bits 64 -roce_transport_semantics mrc_exact_bounded -roce_trim_recovery exact -hop_latency 0.5 -switch_latency 0.5 -queue_cv_sample_us 100 -netaware_level_weights 4 2 1 0 -netaware_weight_adaptation good_share_cap,29191,1,0,0.0,0.0,0.0,29191,netaware,29191,12106.656558562388,259.88066229335766,4252.478708968637,12106.656558562388,259.88066229335766,1,34.023138518713495,1226.2837161069765,8270.862425132202,4252.478708968637,p99_fct_us,4252.478708968637,0,standard_websearch_proxy_80pct,13,008da4ad9615dce108cb046b2ccd82a5a1fad0be6f1ecb7a6c61e55710bd6903,29191,netaware_goodcap,,,,,,,,,,,,,,,,,,,,,,,,,,,,,,,,,,,,,,,,,,,,,,,,,,,,,,,,,,,,,,,,,,,,,,,,,,,
4269,0,19464797,6090,459779,0,0,4096,106877,1319,12284506,0,0,0,0,0,0,0,0,0,0,0,0,0,0,0,0,0,0,0,0,0,0,0,0,0,0,0,0,0,0,0,0,0,0,0,0,0,0,0,0,0,0,0,0,0,0,0,0,0,0,0,0,0,0,0,0,0,0,0,0,0,0,0,439855,12379087,3847,448678,448678,118348,12382031,0,1,7,0,12849458,8,8,8,2419.12,128,0.259799,0.03,0.1,228800,0,50858,465675,0,0,0,0,0,0,0,0,0,0,12373501,91054,0,26236,447746,447746,0,3847,578334,0,112911,465423,0,0,52,1415,5630,45712,12796701,0,0,0,0,0,0,0,0,0,0,0,0,0,0,0,0,0,0,0,0,0,0,0,255,0,0,0,23102,56806,0,0,0,0,1,/home/user/workspace/csg-htsim/.worktrees/four-scheme-parameter-coupling/sim/datacenter/htsim_roce -o /home/user/workspace/csg-htsim/.worktrees/four-scheme-parameter-coupling/experiments/n-mrc/output/four_scheme_parameter_matrix_20260726/raw/standard_websearch_proxy_80pct/netaware_goodcap/seed_29/logout.dat -tm /home/user/workspace/csg-htsim/.worktrees/four-scheme-parameter-coupling/experiments/n-mrc/output/four_scheme_parameter_matrix_20260726/traffic/n128_standard_websearch_proxy_80pct_seed29.cm -nodes 128 -conns 28640 -tiers 2 -lb netaware -linkspeed 400000 -queue_type composite_ecn_lb -host_queue_type prio -mtu 4096 -end 40000 -paths 8 -seed 29 -cc dcqcn_variant -roce_rx_mode sp -roce_sack_bitmap_bits 64 -roce_transport_semantics mrc_exact_bounded -roce_trim_recovery exact -hop_latency 0.5 -switch_latency 0.5 -queue_cv_sample_us 100 -netaware_level_weights 4 2 1 0 -netaware_weight_adaptation good_share_cap,28640,1,0,0.0,0.0,0.0,28640,netaware,28640,10393.905932469132,230.06213342767364,3582.7989471093874,10393.905932469132,230.06213342767364,1,33.18081688416464,1077.6778300170354,7181.437665122854,3582.7989471093874,p99_fct_us,3582.7989471093874,0,standard_websearch_proxy_80pct,29,5a935a2ff8c749623d9636104a3ad440fb71895f25f2bbf4112c51a2cd84228a,28640,netaware_goodcap,,,,,,,,,,,,,,,,,,,,,,,,,,,,,,,,,,,,,,,,,,,,,,,,,,,,,,,,,,,,,,,,,,,,,,,,,,,
4256,0,19300617,6724,470732,0,0,4096,108050,1432,12187349,0,0,0,0,0,0,0,0,0,0,0,0,0,0,0,0,0,0,0,0,0,0,0,0,0,0,0,0,0,0,0,0,0,0,0,0,0,0,0,0,0,0,0,0,0,0,0,0,0,0,0,0,0,0,0,0,0,0,0,0,0,0,0,439501,12282835,3260,447709,447709,104335,12285975,0,0,5,0,12764402,8,8,8,2426.28,128,0.243163,0.03,0.1,228800,0,47678,476699,0,0,0,0,0,0,0,0,0,0,12277416,92121,0,24885,446784,446784,0,3253,591194,0,114701,476493,0,0,85,1509,4960,45298,12712635,0,0,0,0,0,0,0,0,0,0,0,0,0,0,0,0,0,0,0,0,0,0,0,255,0,0,0,21999,55364,0,0,0,0,1,/home/user/workspace/csg-htsim/.worktrees/four-scheme-parameter-coupling/sim/datacenter/htsim_roce -o /home/user/workspace/csg-htsim/.worktrees/four-scheme-parameter-coupling/experiments/n-mrc/output/four_scheme_parameter_matrix_20260726/raw/standard_websearch_proxy_80pct/netaware_goodcap/seed_47/logout.dat -tm /home/user/workspace/csg-htsim/.worktrees/four-scheme-parameter-coupling/experiments/n-mrc/output/four_scheme_parameter_matrix_20260726/traffic/n128_standard_websearch_proxy_80pct_seed47.cm -nodes 128 -conns 29117 -tiers 2 -lb netaware -linkspeed 400000 -queue_type composite_ecn_lb -host_queue_type prio -mtu 4096 -end 40000 -paths 8 -seed 47 -cc dcqcn_variant -roce_rx_mode sp -roce_sack_bitmap_bits 64 -roce_transport_semantics mrc_exact_bounded -roce_trim_recovery exact -hop_latency 0.5 -switch_latency 0.5 -queue_cv_sample_us 100 -netaware_level_weights 4 2 1 0 -netaware_weight_adaptation good_share_cap,29117,1,0,0.0,0.0,0.0,29117,netaware,29117,11741.289163065769,230.02759054938113,3667.1470829694986,11741.289163065769,230.02759054938113,1,32.76911692599401,1058.9767314408084,7801.269734292881,3667.1470829694986,p99_fct_us,3667.1470829694986,0,standard_websearch_proxy_80pct,47,1fe6ddb58d688341f9c040d00d3e1925526a70a23b438c897191a7cccf76159f,29117,netaware_goodcap,,,,,,,,,,,,,,,,,,,,,,,,,,,,,,,,,,,,,,,,,,,,,,,,,,,,,,,,,,,,,,,,,,,,,,,,,,,
4927,0,20108371,7842,501833,0,0,4096,122469,1611,12547604,0,0,0,0,0,0,0,0,0,0,0,0,0,0,0,0,0,0,0,0,0,0,0,0,0,0,0,0,0,0,0,0,0,0,0,0,0,0,0,0,0,0,0,0,0,0,0,0,0,0,0,0,0,0,0,0,0,0,0,0,0,0,0,448320,12656346,11743,464924,464924,351310,12659478,0,1,2,0,13170007,8,8,8,2843.06,128,0.376598,0.04,0.12,328640,0,117363,508744,0,0,0,0,0,0,0,0,0,0,12650401,104861,0,60175,463952,463952,0,11714,638682,0,130226,508456,0,0,133,0,7559,40145,13122303,0,0,0,0,0,0,0,0,0,0,0,0,0,0,0,0,0,0,0,0,0,0,0,255,0,0,0,43258,99705,0,0,0,0,1,/home/user/workspace/csg-htsim/.worktrees/four-scheme-parameter-coupling/sim/datacenter/htsim_roce -o /home/user/workspace/csg-htsim/.worktrees/four-scheme-parameter-coupling/experiments/n-mrc/output/four_scheme_parameter_matrix_20260726/raw/standard_websearch_proxy_80pct/netaware_sharp/seed_13/logout.dat -tm /home/user/workspace/csg-htsim/.worktrees/four-scheme-parameter-coupling/experiments/n-mrc/output/four_scheme_parameter_matrix_20260726/traffic/n128_standard_websearch_proxy_80pct_seed13.cm -nodes 128 -conns 29191 -tiers 2 -lb netaware -linkspeed 400000 -queue_type composite_ecn_lb -host_queue_type prio -mtu 4096 -end 40000 -paths 8 -seed 13 -cc dcqcn_variant -roce_rx_mode sp -roce_sack_bitmap_bits 64 -roce_transport_semantics mrc_exact_bounded -roce_trim_recovery exact -hop_latency 0.5 -switch_latency 0.5 -queue_cv_sample_us 100 -netaware_level_weights 8 2 1 0 -netaware_weight_adaptation off,29191,1,0,0.0,0.0,0.0,29191,netaware,29191,12070.872323877153,259.5409168238644,4207.294370362837,12070.872323877153,259.5409168238644,1,33.62578390796787,1245.4555874267726,8336.713693235253,4207.294370362837,p99_fct_us,4207.294370362837,0,standard_websearch_proxy_80pct,13,008da4ad9615dce108cb046b2ccd82a5a1fad0be6f1ecb7a6c61e55710bd6903,29191,netaware_sharp,,,,,,,,,,,,,,,,,,,,,,,,,,,,,,,,,,,,,,,,,,,,,,,,,,,,,,,,,,,,,,,,,,,,,,,,,,,
4310,0,19400509,5839,457294,0,0,4096,105289,1419,12284506,0,0,0,0,0,0,0,0,0,0,0,0,0,0,0,0,0,0,0,0,0,0,0,0,0,0,0,0,0,0,0,0,0,0,0,0,0,0,0,0,0,0,0,0,0,0,0,0,0,0,0,0,0,0,0,0,0,0,0,0,0,0,0,437786,12377077,8543,449958,449958,262747,12380238,0,0,7,0,12845380,8,8,8,2523.17,128,0.272806,0.03,0.1,270528,0,85460,463348,0,0,0,0,0,0,0,0,0,0,12371992,89547,0,44295,449107,449107,0,8533,574151,0,111072,463079,0,0,38,0,6395,32816,12806169,0,0,0,0,0,0,0,0,0,0,0,0,0,0,0,0,0,0,0,0,0,0,0,255,0,0,0,32448,73172,0,0,0,0,1,/home/user/workspace/csg-htsim/.worktrees/four-scheme-parameter-coupling/sim/datacenter/htsim_roce -o /home/user/workspace/csg-htsim/.worktrees/four-scheme-parameter-coupling/experiments/n-mrc/output/four_scheme_parameter_matrix_20260726/raw/standard_websearch_proxy_80pct/netaware_sharp/seed_29/logout.dat -tm /home/user/workspace/csg-htsim/.worktrees/four-scheme-parameter-coupling/experiments/n-mrc/output/four_scheme_parameter_matrix_20260726/traffic/n128_standard_websearch_proxy_80pct_seed29.cm -nodes 128 -conns 28640 -tiers 2 -lb netaware -linkspeed 400000 -queue_type composite_ecn_lb -host_queue_type prio -mtu 4096 -end 40000 -paths 8 -seed 29 -cc dcqcn_variant -roce_rx_mode sp -roce_sack_bitmap_bits 64 -roce_transport_semantics mrc_exact_bounded -roce_trim_recovery exact -hop_latency 0.5 -switch_latency 0.5 -queue_cv_sample_us 100 -netaware_level_weights 8 2 1 0 -netaware_weight_adaptation off,28640,1,0,0.0,0.0,0.0,28640,netaware,28640,10058.70593246913,230.5861463117502,3612.74974739941,10058.70593246913,230.5861463117502,1,32.94022305905719,1060.3921051311254,7280.990599725957,3612.74974739941,p99_fct_us,3612.74974739941,0,standard_websearch_proxy_80pct,29,5a935a2ff8c749623d9636104a3ad440fb71895f25f2bbf4112c51a2cd84228a,28640,netaware_sharp,,,,,,,,,,,,,,,,,,,,,,,,,,,,,,,,,,,,,,,,,,,,,,,,,,,,,,,,,,,,,,,,,,,,,,,,,,,
4284,0,19133716,5993,467485,0,0,4096,105617,1336,12187349,0,0,0,0,0,0,0,0,0,0,0,0,0,0,0,0,0,0,0,0,0,0,0,0,0,0,0,0,0,0,0,0,0,0,0,0,0,0,0,0,0,0,0,0,0,0,0,0,0,0,0,0,0,0,0,0,0,0,0,0,0,0,0,436373,12280746,6122,447467,447467,190838,12283841,0,0,5,0,12758885,8,8,8,2458.37,128,0.256284,0.03,0.1,299520,0,67366,473367,0,0,0,0,0,0,0,0,0,0,12275593,90278,0,35737,446531,446531,0,6113,584715,0,111552,473163,0,0,87,0,4505,27529,12726851,0,0,0,0,0,0,0,0,0,0,0,0,0,0,0,0,0,0,0,0,0,0,0,255,0,0,0,27866,68723,0,0,0,0,1,/home/user/workspace/csg-htsim/.worktrees/four-scheme-parameter-coupling/sim/datacenter/htsim_roce -o /home/user/workspace/csg-htsim/.worktrees/four-scheme-parameter-coupling/experiments/n-mrc/output/four_scheme_parameter_matrix_20260726/raw/standard_websearch_proxy_80pct/netaware_sharp/seed_47/logout.dat -tm /home/user/workspace/csg-htsim/.worktrees/four-scheme-parameter-coupling/experiments/n-mrc/output/four_scheme_parameter_matrix_20260726/traffic/n128_standard_websearch_proxy_80pct_seed47.cm -nodes 128 -conns 29117 -tiers 2 -lb netaware -linkspeed 400000 -queue_type composite_ecn_lb -host_queue_type prio -mtu 4096 -end 40000 -paths 8 -seed 47 -cc dcqcn_variant -roce_rx_mode sp -roce_sack_bitmap_bits 64 -roce_transport_semantics mrc_exact_bounded -roce_trim_recovery exact -hop_latency 0.5 -switch_latency 0.5 -queue_cv_sample_us 100 -netaware_level_weights 8 2 1 0 -netaware_weight_adaptation off,29117,1,0,0.0,0.0,0.0,29117,netaware,29117,12289.949427181764,229.17964536271975,3649.981245028168,12289.949427181764,229.17964536271975,1,32.64973197065319,1042.1218439087024,8103.440132712259,3649.981245028168,p99_fct_us,3649.981245028168,0,standard_websearch_proxy_80pct,47,1fe6ddb58d688341f9c040d00d3e1925526a70a23b438c897191a7cccf76159f,29117,netaware_sharp,,,,,,,,,,,,,,,,,,,,,,,,,,,,,,,,,,,,,,,,,,,,,,,,,,,,,,,,,,,,,,,,,,,,,,,,,,,
