BoundedRecoveryDiag.acked_revival_rejected,BoundedRecoveryDiag.attempt_wraps,BoundedRecoveryDiag.duplicate_confirmations_suppressed,BoundedRecoveryDiag.duplicate_failure_nacks,BoundedRecoveryDiag.exact_trim_recoveries,BoundedRecoveryDiag.inflight_final,BoundedRecoveryDiag.recovery_inflight_final_bytes,BoundedRecoveryDiag.recovery_inflight_max_bytes,BoundedRecoveryDiag.sack_loss_recoveries,BoundedRecoveryDiag.stale_attempt_nacks,BoundedRecoveryDiag.unique_acks,MrcDiag.active_avg,MrcDiag.active_final,MrcDiag.active_max,MrcDiag.active_physical_avg,MrcDiag.active_physical_final,MrcDiag.active_physical_max,MrcDiag.backup_avg,MrcDiag.backup_max,MrcDiag.backup_remaining_final,MrcDiag.backup_replacement_diff_physical,MrcDiag.backup_replacement_events,MrcDiag.cooling_avg,MrcDiag.cooling_final,MrcDiag.cooling_max,MrcDiag.cooling_physical_avg,MrcDiag.cooling_physical_final,MrcDiag.cooling_physical_max,MrcDiag.cooling_skip_selection_avg,MrcDiag.cooling_skip_selection_events,MrcDiag.cooling_skip_selection_sum,MrcDiag.cwnd_scaled_duplicate_feedback_ignored,MrcDiag.cwnd_scaled_feedback_events,MrcDiag.cycle_cooling_events,MrcDiag.cycle_cooling_expiries,MrcDiag.duplicate_feedback_ignored,MrcDiag.ecn_cooldown_events,MrcDiag.ecn_cooling_events,MrcDiag.failed_avg,MrcDiag.failed_final,MrcDiag.failed_max,MrcDiag.failed_physical_avg,MrcDiag.failed_physical_final,MrcDiag.failed_physical_max,MrcDiag.failure_backup_promotions,MrcDiag.feedback_cumulative_mismatch_events,MrcDiag.feedback_exact_ev_events,MrcDiag.feedback_physical_fallback_events,MrcDiag.feedback_sequence_fallback_events,MrcDiag.forced_cooling_earliest_use,MrcDiag.forced_cooling_round_robin_use,MrcDiag.forced_cooling_use,MrcDiag.loss_fail_events,MrcDiag.nack_loss_fail_events,MrcDiag.nack_ooo_ignored_for_failure,MrcDiag.nack_ooo_ignored_for_state,MrcDiag.nack_unknown_ignored_for_failure,MrcDiag.probe_events,MrcDiag.probe_fail_events,MrcDiag.probe_success_events,MrcDiag.probing_final,MrcDiag.probing_physical_final,MrcDiag.retx_different_physical,MrcDiag.retx_different_physical_new_ev,MrcDiag.retx_fallback_events,MrcDiag.retx_original_physical,MrcDiag.retx_same_physical_new_ev,MrcDiag.retx_unknown_original,MrcDiag.rto_fail_events,MrcDiag.state_samples,MrcDiag.trim_cooling_events,MrcDiag.trim_events,MrcDiag.unused_final,MrcDiag.unused_physical_final,NetawareDiag.all_good_feedbacks,NetawareDiag.feedback_packets_sum,NetawareDiag.feedback_zero_bits,NetawareDiag.feedbacks,NetawareDiag.packet_feedbacks,NetawareDiag.sample_zero_bits,NetawareDiag.samples,NetawareDiag.time_feedbacks,PathSelectDiag.ev_hist_top,PathSelectDiag.first128,PathSelectDiag.physical_mod_hist,PathSelectDiag.selected_total,PathSelectDiag.topology_path_combo,PathSelectDiag.unique_evs,PathSelectDiag.unique_physical_mods,QueueCvDiag.spine_queue_avg,QueueCvDiag.spine_queue_count,QueueCvDiag.spine_queue_cv,QueueCvDiag.spine_queue_p95_fraction,QueueCvDiag.spine_queue_p99_fraction,QueueCvDiag.spine_queue_peak_bytes,QueueDiag.composite_drops,QueueDiag.composite_ecn_marks,QueueDiag.composite_trims,QueueDiag.lossless_ecn_marks,QueueDiag.lossless_overflows,QueueDiag.lossy_drops,QueueDiag.lossy_ecn_marks,RepsLikeDiag.buffer_occupancy_samples,RepsLikeDiag.cache_hit_ratio,RepsLikeDiag.cached_sends,RepsLikeDiag.clean_ack_cached,RepsLikeDiag.ecn_ack_discarded,RepsLikeDiag.random_sends,RoceDiag.acks,RoceDiag.duplicate_acks,RoceDiag.duplicate_inflate_suppressed,RoceDiag.ecn_echo_acks,RoceDiag.feedback_acks,RoceDiag.feedback_messages_total,RoceDiag.feedback_nacks,RoceDiag.feedback_zero_bits,RoceDiag.nacks,RoceDiag.nacks_loss,RoceDiag.nacks_ooo,RoceDiag.nacks_trim,RoceDiag.netaware_bitmap_fallbacks,RoceDiag.netaware_ev_skips,RoceDiag.rtos,RoceDiag.stor_selected_avoid,RoceDiag.stor_selected_bad,RoceDiag.stor_selected_degraded,RoceDiag.stor_selected_good,SglbRouteDiag.all_same_quality_calls,SglbRouteDiag.all_zero_quality_calls,SglbRouteDiag.avg_available_choices,SglbRouteDiag.avg_best_quality_choices,SglbRouteDiag.avg_candidate_choices,SglbRouteDiag.avg_distinct_qualities,SglbRouteDiag.avg_score_spread,SglbRouteDiag.observed_avoid,SglbRouteDiag.observed_bad,SglbRouteDiag.observed_degraded,SglbRouteDiag.observed_good,SglbRouteDiag.remote_snapshot_missing,SglbRouteDiag.remote_snapshot_used,SglbRouteDiag.route_calls,SglbRouteDiag.selected_avoid,SglbRouteDiag.selected_bad,SglbRouteDiag.selected_degraded,SglbRouteDiag.selected_good,SglbRouteDiag.selected_nonbest_quality,StorDiag.stor_avoid_entries,StorDiag.stor_avoid_exits,StorDiag.stor_clean_signals,StorDiag.stor_ecn_signals,StorDiag.stor_min_score,StorDiag.stor_trim_signals,StorProfileDiag.netaware_all_zero_profiles,StorProfileDiag.netaware_all_zero_selections,StorProfileDiag.netaware_level_changes,StorProfileDiag.netaware_level_transitions,StorProfileDiag.stor_all_zero_profiles,StorProfileDiag.stor_all_zero_selections,StorProfileDiag.stor_level_changes,StorProfileDiag.stor_level_transitions,all_flows_completed,axis,command,completed,config_ok,ecmp_background_completed,ecmp_background_max_fct_us,ecmp_background_mean_fct_us,ecmp_background_p99_fct_us,expected_flows,flow_kib,main_completed,main_max_fct_us,main_mean_fct_us,main_p99_fct_us,max_fct_us,mean_fct_us,mixed_labels_ok,p50_fct_us,p95_fct_us,p999_fct_us,p99_fct_us,parallel,per_source_mib,primary_metric,primary_us,returncode,scenario,seed,sim_sha256,traffic_sha256,unique_completed,variant,weights
17309,0,12795197,29059,279863,0,0,4096,116322,6580,2080768,0,0,0,0,0,0,0,0,0,0,0,0,0,0,0,0,0,0,0,0,0,0,0,0,0,0,0,0,0,0,0,0,0,0,0,0,0,0,0,0,0,0,0,0,0,0,0,0,0,0,0,0,0,0,0,0,0,0,0,0,0,0,0,0,0,0,0,0,0,0,0,0,7,0,2469354,8,8,8,1004.56,128,0.421775,0,0.02,349760,0,2150624,308822,0,0,0,0,0,0,0,0,0,0,2135624,58727,0,726510,72900,81422,8522,0,449130,0,144286,304844,0,0,941,179732,433102,326330,1530190,0,0,0,0,0,0,0,0,0,0,0,0,0,0,0,0,0,0,0,33589,33109,1418580,737390,0,308822,0,0,0,0,2166,135447,82973,66518,1,parallel,/home/user/workspace/csg-htsim/.worktrees/grade-collective-sweep/sim/datacenter/htsim_roce -o /home/user/workspace/csg-htsim/.worktrees/grade-collective-sweep/experiments/n-mrc/output/grade_collective_scale_concurrency_20260726/raw/collective_p16_flow512kib/default/seed_13/logout.dat -tm /home/user/workspace/csg-htsim/.worktrees/grade-collective-sweep/experiments/n-mrc/output/grade_collective_scale_concurrency_20260726/traffic/n128_collective_p16_flow512kib_seed13.cm -nodes 128 -conns 16256 -tiers 2 -lb grade -linkspeed 400000 -queue_type composite_ecn_lb -host_queue_type prio -mtu 4096 -end 100000 -paths 8 -seed 13 -cc dcqcn_variant -roce_rx_mode sp -roce_sack_bitmap_bits 64 -roce_transport_semantics mrc_exact_bounded -roce_trim_recovery exact -hop_latency 0.5 -switch_latency 0.5 -queue_cv_sample_us 100 -stor_level_weights 4 2 1 0,16256,1,0,0.0,0.0,0.0,16256,512,16256,1927.59,952.2778654650587,1816.7595000000001,1927.59,952.2778654650587,1,987.4755,1745.365,1857.9285500000005,1816.7595000000001,16,63.5,all_to_all_cct_us,1927.59,0,collective_p16_flow512kib,13,339c4685a90c8895efad0229af8f25cc2d0fe613fa8cd459bb3c0ab396ca3ea9,7d293233fa36a97126c9d9a9f9c48af59269d65cba9f0af1351c789c17fbe287,16256,default,4/2/1/0
18366,0,13466265,31336,312487,0,0,4096,118956,7457,2080768,0,0,0,0,0,0,0,0,0,0,0,0,0,0,0,0,0,0,0,0,0,0,0,0,0,0,0,0,0,0,0,0,0,0,0,0,0,0,0,0,0,0,0,0,0,0,0,0,0,0,0,0,0,0,0,0,0,0,0,0,0,0,0,0,0,0,0,0,0,0,0,2,2,0,2502987,8,8,8,1043.72,128,0.409908,0,0.02,349824,0,2360193,343293,0,0,0,0,0,0,0,0,0,0,2138572,62036,0,796783,73698,83511,9813,0,488595,0,149106,339489,0,0,616,205021,491865,339158,1466943,0,0,0,0,0,0,0,0,0,0,0,0,0,0,0,0,0,0,0,36251,35682,1348480,806266,0,343293,0,0,0,0,2479,157276,87019,64251,1,parallel,/home/user/workspace/csg-htsim/.worktrees/grade-collective-sweep/sim/datacenter/htsim_roce -o /home/user/workspace/csg-htsim/.worktrees/grade-collective-sweep/experiments/n-mrc/output/grade_collective_scale_concurrency_20260726/raw/collective_p16_flow512kib/default/seed_29/logout.dat -tm /home/user/workspace/csg-htsim/.worktrees/grade-collective-sweep/experiments/n-mrc/output/grade_collective_scale_concurrency_20260726/traffic/n128_collective_p16_flow512kib_seed29.cm -nodes 128 -conns 16256 -tiers 2 -lb grade -linkspeed 400000 -queue_type composite_ecn_lb -host_queue_type prio -mtu 4096 -end 100000 -paths 8 -seed 29 -cc dcqcn_variant -roce_rx_mode sp -roce_sack_bitmap_bits 64 -roce_transport_semantics mrc_exact_bounded -roce_trim_recovery exact -hop_latency 0.5 -switch_latency 0.5 -queue_cv_sample_us 100 -stor_level_weights 4 2 1 0,16256,1,0,0.0,0.0,0.0,16256,512,16256,1962.32,982.917255782478,1862.6085,1962.32,982.917255782478,1,1017.13,1781.7075,1923.4352500000005,1862.6085,16,63.5,all_to_all_cct_us,1962.32,0,collective_p16_flow512kib,29,339c4685a90c8895efad0229af8f25cc2d0fe613fa8cd459bb3c0ab396ca3ea9,c26a0bc0c66c71206eb20dcdeb0b5e40c8e2118fd4cd6e10acb41b62f3b52a24,16256,default,4/2/1/0
17137,0,13109189,30004,305434,0,0,4096,116989,7005,2080768,0,0,0,0,0,0,0,0,0,0,0,0,0,0,0,0,0,0,0,0,0,0,0,0,0,0,0,0,0,0,0,0,0,0,0,0,0,0,0,0,0,0,0,0,0,0,0,0,0,0,0,0,0,0,0,0,0,0,0,0,0,0,0,0,0,0,0,0,0,0,0,0,5,0,2494559,8,8,8,1106.9,128,0.413338,0,0.02,349760,0,2342602,334870,0,0,0,0,0,0,0,0,0,0,2137498,60911,0,791154,73685,83166,9481,0,476565,0,145822,330743,0,0,601,206006,479820,344445,1464288,0,0,0,0,0,0,0,0,0,0,0,0,0,0,0,0,0,0,0,35960,35489,1353364,801446,0,334870,0,0,0,0,2409,158422,87268,64640,1,parallel,/home/user/workspace/csg-htsim/.worktrees/grade-collective-sweep/sim/datacenter/htsim_roce -o /home/user/workspace/csg-htsim/.worktrees/grade-collective-sweep/experiments/n-mrc/output/grade_collective_scale_concurrency_20260726/raw/collective_p16_flow512kib/default/seed_47/logout.dat -tm /home/user/workspace/csg-htsim/.worktrees/grade-collective-sweep/experiments/n-mrc/output/grade_collective_scale_concurrency_20260726/traffic/n128_collective_p16_flow512kib_seed47.cm -nodes 128 -conns 16256 -tiers 2 -lb grade -linkspeed 400000 -queue_type composite_ecn_lb -host_queue_type prio -mtu 4096 -end 100000 -paths 8 -seed 47 -cc dcqcn_variant -roce_rx_mode sp -roce_sack_bitmap_bits 64 -roce_transport_semantics mrc_exact_bounded -roce_trim_recovery exact -hop_latency 0.5 -switch_latency 0.5 -queue_cv_sample_us 100 -stor_level_weights 4 2 1 0,16256,1,0,0.0,0.0,0.0,16256,512,16256,1948.6,979.0029852977347,1856.0215,1948.6,979.0029852977347,1,1017.0350000000001,1776.0674999999999,1905.6321500000001,1856.0215,16,63.5,all_to_all_cct_us,1948.6,0,collective_p16_flow512kib,47,339c4685a90c8895efad0229af8f25cc2d0fe613fa8cd459bb3c0ab396ca3ea9,2f4476d4c1f42844608e4b10da15058473553901340c02710eb6abbe8c2d7eff,16256,default,4/2/1/0
15309,0,12495841,31610,256759,0,0,4096,118165,5847,2080768,0,0,0,0,0,0,0,0,0,0,0,0,0,0,0,0,0,0,0,0,0,0,0,0,0,0,0,0,0,0,0,0,0,0,0,0,0,0,0,0,0,0,0,0,0,0,0,0,0,0,0,0,0,0,0,0,0,0,0,0,0,0,0,0,0,0,0,0,0,0,0,2,7,0,2448672,8,8,8,1009.36,128,0.390954,0,0.02,349888,0,2035670,283436,0,0,0,0,0,0,0,0,0,0,2135673,58824,0,676684,71599,79540,7941,0,427687,0,148698,278989,0,0,1213,184427,538332,324945,1400968,0,0,0,0,0,0,0,0,0,0,0,0,0,0,0,0,0,0,0,34303,33908,1471766,688976,0,283436,0,0,0,0,2100,142148,85370,73162,1,parallel,/home/user/workspace/csg-htsim/.worktrees/grade-collective-sweep/sim/datacenter/htsim_roce -o /home/user/workspace/csg-htsim/.worktrees/grade-collective-sweep/experiments/n-mrc/output/grade_collective_scale_concurrency_20260726/raw/collective_p16_flow512kib/equal/seed_13/logout.dat -tm /home/user/workspace/csg-htsim/.worktrees/grade-collective-sweep/experiments/n-mrc/output/grade_collective_scale_concurrency_20260726/traffic/n128_collective_p16_flow512kib_seed13.cm -nodes 128 -conns 16256 -tiers 2 -lb grade -linkspeed 400000 -queue_type composite_ecn_lb -host_queue_type prio -mtu 4096 -end 100000 -paths 8 -seed 13 -cc dcqcn_variant -roce_rx_mode sp -roce_sack_bitmap_bits 64 -roce_transport_semantics mrc_exact_bounded -roce_trim_recovery exact -hop_latency 0.5 -switch_latency 0.5 -queue_cv_sample_us 100 -stor_level_weights 4 4 4 0,16256,1,0,0.0,0.0,0.0,16256,512,16256,1886.32,934.9330854453767,1791.2725000000003,1886.32,934.9330854453767,1,962.3865000000001,1717.1349999999998,1837.586150000001,1791.2725000000003,16,63.5,all_to_all_cct_us,1886.32,0,collective_p16_flow512kib,13,339c4685a90c8895efad0229af8f25cc2d0fe613fa8cd459bb3c0ab396ca3ea9,7d293233fa36a97126c9d9a9f9c48af59269d65cba9f0af1351c789c17fbe287,16256,equal,4/4/4/0
16277,0,12874954,33743,264008,0,0,4096,119764,6317,2080768,0,0,0,0,0,0,0,0,0,0,0,0,0,0,0,0,0,0,0,0,0,0,0,0,0,0,0,0,0,0,0,0,0,0,0,0,0,0,0,0,0,0,0,0,0,0,0,0,0,0,0,0,0,0,0,0,0,0,0,0,0,0,0,0,0,0,0,0,0,0,0,2,2,0,2457047,8,8,8,1003.29,128,0.478669,0,0.02,349696,0,2055265,291562,0,0,0,0,0,0,0,0,0,0,2137552,60656,0,690704,71674,79771,8097,0,440106,0,152301,287805,0,0,1088,180642,545897,332228,1398280,0,0,0,0,0,0,0,0,0,0,0,0,0,0,0,0,0,0,0,33960,33624,1459169,701827,0,291562,0,0,0,0,2070,137556,85095,77229,1,parallel,/home/user/workspace/csg-htsim/.worktrees/grade-collective-sweep/sim/datacenter/htsim_roce -o /home/user/workspace/csg-htsim/.worktrees/grade-collective-sweep/experiments/n-mrc/output/grade_collective_scale_concurrency_20260726/raw/collective_p16_flow512kib/equal/seed_29/logout.dat -tm /home/user/workspace/csg-htsim/.worktrees/grade-collective-sweep/experiments/n-mrc/output/grade_collective_scale_concurrency_20260726/traffic/n128_collective_p16_flow512kib_seed29.cm -nodes 128 -conns 16256 -tiers 2 -lb grade -linkspeed 400000 -queue_type composite_ecn_lb -host_queue_type prio -mtu 4096 -end 100000 -paths 8 -seed 29 -cc dcqcn_variant -roce_rx_mode sp -roce_sack_bitmap_bits 64 -roce_transport_semantics mrc_exact_bounded -roce_trim_recovery exact -hop_latency 0.5 -switch_latency 0.5 -queue_cv_sample_us 100 -stor_level_weights 4 4 4 0,16256,1,0,0.0,0.0,0.0,16256,512,16256,1888.34,942.1960733267673,1804.868,1888.34,942.1960733267673,1,975.1725,1732.5225,1847.1100500000011,1804.868,16,63.5,all_to_all_cct_us,1888.34,0,collective_p16_flow512kib,29,339c4685a90c8895efad0229af8f25cc2d0fe613fa8cd459bb3c0ab396ca3ea9,c26a0bc0c66c71206eb20dcdeb0b5e40c8e2118fd4cd6e10acb41b62f3b52a24,16256,equal,4/4/4/0
16077,0,12804059,31070,266153,0,0,4096,119482,6150,2080768,0,0,0,0,0,0,0,0,0,0,0,0,0,0,0,0,0,0,0,0,0,0,0,0,0,0,0,0,0,0,0,0,0,0,0,0,0,0,0,0,0,0,0,0,0,0,0,0,0,0,0,0,0,0,0,0,0,0,0,0,0,0,0,0,0,0,0,0,0,0,0,0,5,0,2459099,8,8,8,1127.07,128,0.412306,0,0.02,349824,0,2133427,293632,0,0,0,0,0,0,0,0,0,0,2136976,60258,0,715733,72023,80133,8110,0,438927,0,149505,289422,0,0,1039,189552,570812,334627,1364108,0,0,0,0,0,0,0,0,0,0,0,0,0,0,0,0,0,0,0,35435,34963,1432867,727872,0,293632,0,0,0,0,2246,146251,85506,66970,1,parallel,/home/user/workspace/csg-htsim/.worktrees/grade-collective-sweep/sim/datacenter/htsim_roce -o /home/user/workspace/csg-htsim/.worktrees/grade-collective-sweep/experiments/n-mrc/output/grade_collective_scale_concurrency_20260726/raw/collective_p16_flow512kib/equal/seed_47/logout.dat -tm /home/user/workspace/csg-htsim/.worktrees/grade-collective-sweep/experiments/n-mrc/output/grade_collective_scale_concurrency_20260726/traffic/n128_collective_p16_flow512kib_seed47.cm -nodes 128 -conns 16256 -tiers 2 -lb grade -linkspeed 400000 -queue_type composite_ecn_lb -host_queue_type prio -mtu 4096 -end 100000 -paths 8 -seed 47 -cc dcqcn_variant -roce_rx_mode sp -roce_sack_bitmap_bits 64 -roce_transport_semantics mrc_exact_bounded -roce_trim_recovery exact -hop_latency 0.5 -switch_latency 0.5 -queue_cv_sample_us 100 -stor_level_weights 4 4 4 0,16256,1,0,0.0,0.0,0.0,16256,512,16256,1881.97,940.6886465305109,1792.2350000000004,1881.97,940.6886465305109,1,976.0509999999999,1721.835,1843.340250000001,1792.2350000000004,16,63.5,all_to_all_cct_us,1881.97,0,collective_p16_flow512kib,47,339c4685a90c8895efad0229af8f25cc2d0fe613fa8cd459bb3c0ab396ca3ea9,2f4476d4c1f42844608e4b10da15058473553901340c02710eb6abbe8c2d7eff,16256,equal,4/4/4/0
16245,0,12833319,30009,276404,0,0,4096,116673,6336,2080768,0,0,0,0,0,0,0,0,0,0,0,0,0,0,0,0,0,0,0,0,0,0,0,0,0,0,0,0,0,0,0,0,0,0,0,0,0,0,0,0,0,0,0,0,0,0,0,0,0,0,0,0,0,0,0,0,0,0,0,0,0,0,0,0,0,0,0,0,0,0,0,0,7,0,2466276,8,8,8,1071.95,128,0.36178,0,0.02,349696,0,2124776,304323,0,0,0,0,0,0,0,0,0,0,2135609,58906,0,703393,72763,81202,8439,0,445667,0,145659,300008,0,0,925,181022,485635,342332,1457287,0,0,0,0,0,0,0,0,0,0,0,0,0,0,0,0,0,0,0,34539,34060,1442164,715046,0,304323,0,0,0,0,2110,137123,85980,71629,1,parallel,/home/user/workspace/csg-htsim/.worktrees/grade-collective-sweep/sim/datacenter/htsim_roce -o /home/user/workspace/csg-htsim/.worktrees/grade-collective-sweep/experiments/n-mrc/output/grade_collective_scale_concurrency_20260726/raw/collective_p16_flow512kib/gentle/seed_13/logout.dat -tm /home/user/workspace/csg-htsim/.worktrees/grade-collective-sweep/experiments/n-mrc/output/grade_collective_scale_concurrency_20260726/traffic/n128_collective_p16_flow512kib_seed13.cm -nodes 128 -conns 16256 -tiers 2 -lb grade -linkspeed 400000 -queue_type composite_ecn_lb -host_queue_type prio -mtu 4096 -end 100000 -paths 8 -seed 13 -cc dcqcn_variant -roce_rx_mode sp -roce_sack_bitmap_bits 64 -roce_transport_semantics mrc_exact_bounded -roce_trim_recovery exact -hop_latency 0.5 -switch_latency 0.5 -queue_cv_sample_us 100 -stor_level_weights 4 3 2 0,16256,1,0,0.0,0.0,0.0,16256,512,16256,1913.72,947.9960111958695,1814.1465,1913.72,947.9960111958695,1,980.3534999999999,1738.515,1856.7452000000008,1814.1465,16,63.5,all_to_all_cct_us,1913.72,0,collective_p16_flow512kib,13,339c4685a90c8895efad0229af8f25cc2d0fe613fa8cd459bb3c0ab396ca3ea9,7d293233fa36a97126c9d9a9f9c48af59269d65cba9f0af1351c789c17fbe287,16256,gentle,4/3/2/0
17317,0,13406385,31500,284532,0,0,4096,119579,6531,2080768,0,0,0,0,0,0,0,0,0,0,0,0,0,0,0,0,0,0,0,0,0,0,0,0,0,0,0,0,0,0,0,0,0,0,0,0,0,0,0,0,0,0,0,0,0,0,0,0,0,0,0,0,0,0,0,0,0,0,0,0,0,0,0,0,0,0,0,0,0,0,0,0,2,0,2477014,8,8,8,1013.74,128,0.435922,0,0.02,349760,0,2206934,313120,0,0,0,0,0,0,0,0,0,0,2138618,62049,0,748196,72694,81526,8832,0,459455,0,149912,309543,0,0,876,190941,502153,344979,1438941,0,0,0,0,0,0,0,0,0,0,0,0,0,0,0,0,0,0,0,34749,34192,1399849,759074,0,313120,0,0,0,0,2221,145409,85266,70598,1,parallel,/home/user/workspace/csg-htsim/.worktrees/grade-collective-sweep/sim/datacenter/htsim_roce -o /home/user/workspace/csg-htsim/.worktrees/grade-collective-sweep/experiments/n-mrc/output/grade_collective_scale_concurrency_20260726/raw/collective_p16_flow512kib/gentle/seed_29/logout.dat -tm /home/user/workspace/csg-htsim/.worktrees/grade-collective-sweep/experiments/n-mrc/output/grade_collective_scale_concurrency_20260726/traffic/n128_collective_p16_flow512kib_seed29.cm -nodes 128 -conns 16256 -tiers 2 -lb grade -linkspeed 400000 -queue_type composite_ecn_lb -host_queue_type prio -mtu 4096 -end 100000 -paths 8 -seed 29 -cc dcqcn_variant -roce_rx_mode sp -roce_sack_bitmap_bits 64 -roce_transport_semantics mrc_exact_bounded -roce_trim_recovery exact -hop_latency 0.5 -switch_latency 0.5 -queue_cv_sample_us 100 -stor_level_weights 4 3 2 0,16256,1,0,0.0,0.0,0.0,16256,512,16256,1929.09,956.1368451033467,1826.3505,1929.09,956.1368451033467,1,990.3199999999999,1747.4625,1870.6721000000005,1826.3505,16,63.5,all_to_all_cct_us,1929.09,0,collective_p16_flow512kib,29,339c4685a90c8895efad0229af8f25cc2d0fe613fa8cd459bb3c0ab396ca3ea9,c26a0bc0c66c71206eb20dcdeb0b5e40c8e2118fd4cd6e10acb41b62f3b52a24,16256,gentle,4/3/2/0
16819,0,13011648,29864,285694,0,0,4096,114857,6697,2080768,0,0,0,0,0,0,0,0,0,0,0,0,0,0,0,0,0,0,0,0,0,0,0,0,0,0,0,0,0,0,0,0,0,0,0,0,0,0,0,0,0,0,0,0,0,0,0,0,0,0,0,0,0,0,0,0,0,0,0,0,0,0,0,0,0,0,0,0,0,0,0,0,5,0,2473303,8,8,8,1013.85,128,0.406092,0,0.02,349760,0,2227969,314286,0,0,0,0,0,0,0,0,0,0,2135759,59336,0,750307,72627,81384,8757,0,453928,0,143661,310267,0,0,820,199295,510162,345665,1418181,0,0,0,0,0,0,0,0,0,0,0,0,0,0,0,0,0,0,0,35863,35427,1393250,760726,0,314286,0,0,0,0,2359,153611,87022,68603,1,parallel,/home/user/workspace/csg-htsim/.worktrees/grade-collective-sweep/sim/datacenter/htsim_roce -o /home/user/workspace/csg-htsim/.worktrees/grade-collective-sweep/experiments/n-mrc/output/grade_collective_scale_concurrency_20260726/raw/collective_p16_flow512kib/gentle/seed_47/logout.dat -tm /home/user/workspace/csg-htsim/.worktrees/grade-collective-sweep/experiments/n-mrc/output/grade_collective_scale_concurrency_20260726/traffic/n128_collective_p16_flow512kib_seed47.cm -nodes 128 -conns 16256 -tiers 2 -lb grade -linkspeed 400000 -queue_type composite_ecn_lb -host_queue_type prio -mtu 4096 -end 100000 -paths 8 -seed 47 -cc dcqcn_variant -roce_rx_mode sp -roce_sack_bitmap_bits 64 -roce_transport_semantics mrc_exact_bounded -roce_trim_recovery exact -hop_latency 0.5 -switch_latency 0.5 -queue_cv_sample_us 100 -stor_level_weights 4 3 2 0,16256,1,0,0.0,0.0,0.0,16256,512,16256,1881.4,956.4889229822821,1814.2415,1881.4,956.4889229822821,1,992.0115000000001,1742.3524999999997,1857.8905500000003,1814.2415,16,63.5,all_to_all_cct_us,1881.4,0,collective_p16_flow512kib,47,339c4685a90c8895efad0229af8f25cc2d0fe613fa8cd459bb3c0ab396ca3ea9,2f4476d4c1f42844608e4b10da15058473553901340c02710eb6abbe8c2d7eff,16256,gentle,4/3/2/0
17126,0,12619972,31286,303847,0,0,4096,109994,7092,2080768,0,0,0,0,0,0,0,0,0,0,0,0,0,0,0,0,0,0,0,0,0,0,0,0,0,0,0,0,0,0,0,0,0,0,0,0,0,0,0,0,0,0,0,0,0,0,0,0,0,0,0,0,0,0,0,0,0,0,0,0,0,0,0,0,0,0,0,0,0,0,0,0,7,0,2485423,8,8,8,1068.14,128,0.395358,0,0.02,349696,0,2252605,333205,0,0,0,0,0,0,0,0,0,0,2131725,54740,0,755591,73821,83262,9441,0,469343,0,140048,329295,0,0,766,189408,426244,295129,1574642,0,0,0,0,0,0,0,0,0,0,0,0,0,0,0,0,0,0,0,34986,34428,1383011,764735,0,333205,0,0,0,0,2267,143269,84695,65238,1,parallel,/home/user/workspace/csg-htsim/.worktrees/grade-collective-sweep/sim/datacenter/htsim_roce -o /home/user/workspace/csg-htsim/.worktrees/grade-collective-sweep/experiments/n-mrc/output/grade_collective_scale_concurrency_20260726/raw/collective_p16_flow512kib/sharp/seed_13/logout.dat -tm /home/user/workspace/csg-htsim/.worktrees/grade-collective-sweep/experiments/n-mrc/output/grade_collective_scale_concurrency_20260726/traffic/n128_collective_p16_flow512kib_seed13.cm -nodes 128 -conns 16256 -tiers 2 -lb grade -linkspeed 400000 -queue_type composite_ecn_lb -host_queue_type prio -mtu 4096 -end 100000 -paths 8 -seed 13 -cc dcqcn_variant -roce_rx_mode sp -roce_sack_bitmap_bits 64 -roce_transport_semantics mrc_exact_bounded -roce_trim_recovery exact -hop_latency 0.5 -switch_latency 0.5 -queue_cv_sample_us 100 -stor_level_weights 8 2 1 0,16256,1,0,0.0,0.0,0.0,16256,512,16256,1921.54,970.6593908095447,1852.0520000000001,1921.54,970.6593908095447,1,1006.175,1780.6675000000002,1888.6628500000008,1852.0520000000001,16,63.5,all_to_all_cct_us,1921.54,0,collective_p16_flow512kib,13,339c4685a90c8895efad0229af8f25cc2d0fe613fa8cd459bb3c0ab396ca3ea9,7d293233fa36a97126c9d9a9f9c48af59269d65cba9f0af1351c789c17fbe287,16256,sharp,8/2/1/0
18633,0,13413005,32846,328692,0,0,4096,118236,7681,2080768,0,0,0,0,0,0,0,0,0,0,0,0,0,0,0,0,0,0,0,0,0,0,0,0,0,0,0,0,0,0,0,0,0,0,0,0,0,0,0,0,0,0,0,0,0,0,0,0,0,0,0,0,0,0,0,0,0,0,0,0,0,0,0,0,0,0,0,0,0,0,0,0,2,0,2517669,8,8,8,1082.2,128,0.381769,0,0.02,349632,0,2381346,360038,0,0,0,0,0,0,0,0,0,0,2138222,61251,0,801548,74969,85102,10133,0,506080,0,149710,356370,0,0,571,212416,466728,320843,1517682,0,0,0,0,0,0,0,0,0,0,0,0,0,0,0,0,0,0,0,37638,37109,1342924,810269,0,360038,0,0,0,0,2565,164050,89474,63387,1,parallel,/home/user/workspace/csg-htsim/.worktrees/grade-collective-sweep/sim/datacenter/htsim_roce -o /home/user/workspace/csg-htsim/.worktrees/grade-collective-sweep/experiments/n-mrc/output/grade_collective_scale_concurrency_20260726/raw/collective_p16_flow512kib/sharp/seed_29/logout.dat -tm /home/user/workspace/csg-htsim/.worktrees/grade-collective-sweep/experiments/n-mrc/output/grade_collective_scale_concurrency_20260726/traffic/n128_collective_p16_flow512kib_seed29.cm -nodes 128 -conns 16256 -tiers 2 -lb grade -linkspeed 400000 -queue_type composite_ecn_lb -host_queue_type prio -mtu 4096 -end 100000 -paths 8 -seed 29 -cc dcqcn_variant -roce_rx_mode sp -roce_sack_bitmap_bits 64 -roce_transport_semantics mrc_exact_bounded -roce_trim_recovery exact -hop_latency 0.5 -switch_latency 0.5 -queue_cv_sample_us 100 -stor_level_weights 8 2 1 0,16256,1,0,0.0,0.0,0.0,16256,512,16256,1977.41,992.9265552411482,1895.0505000000003,1977.41,992.9265552411482,1,1020.9449999999999,1814.3400000000001,1950.3297500000006,1895.0505000000003,16,63.5,all_to_all_cct_us,1977.41,0,collective_p16_flow512kib,29,339c4685a90c8895efad0229af8f25cc2d0fe613fa8cd459bb3c0ab396ca3ea9,c26a0bc0c66c71206eb20dcdeb0b5e40c8e2118fd4cd6e10acb41b62f3b52a24,16256,sharp,8/2/1/0
19572,0,13457573,33135,322618,0,0,4096,116843,7706,2080768,0,0,0,0,0,0,0,0,0,0,0,0,0,0,0,0,0,0,0,0,0,0,0,0,0,0,0,0,0,0,0,0,0,0,0,0,0,0,0,0,0,0,0,0,0,0,0,0,0,0,0,0,0,0,0,0,0,0,0,0,0,0,0,0,0,0,0,0,0,0,0,0,5,0,2510389,8,8,8,1117.63,128,0.346514,0,0.02,349696,0,2456267,354536,0,0,0,0,0,0,0,0,0,0,2137214,60460,0,815875,74318,84107,9789,0,499871,0,148604,351267,0,0,568,212125,457938,311308,1529018,0,0,0,0,0,0,0,0,0,0,0,0,0,0,0,0,0,0,0,36992,36379,1327192,824031,0,354536,0,0,0,0,2539,163675,88287,62568,1,parallel,/home/user/workspace/csg-htsim/.worktrees/grade-collective-sweep/sim/datacenter/htsim_roce -o /home/user/workspace/csg-htsim/.worktrees/grade-collective-sweep/experiments/n-mrc/output/grade_collective_scale_concurrency_20260726/raw/collective_p16_flow512kib/sharp/seed_47/logout.dat -tm /home/user/workspace/csg-htsim/.worktrees/grade-collective-sweep/experiments/n-mrc/output/grade_collective_scale_concurrency_20260726/traffic/n128_collective_p16_flow512kib_seed47.cm -nodes 128 -conns 16256 -tiers 2 -lb grade -linkspeed 400000 -queue_type composite_ecn_lb -host_queue_type prio -mtu 4096 -end 100000 -paths 8 -seed 47 -cc dcqcn_variant -roce_rx_mode sp -roce_sack_bitmap_bits 64 -roce_transport_semantics mrc_exact_bounded -roce_trim_recovery exact -hop_latency 0.5 -switch_latency 0.5 -queue_cv_sample_us 100 -stor_level_weights 8 2 1 0,16256,1,0,0.0,0.0,0.0,16256,512,16256,1970.73,986.97091369341,1868.15,1970.73,986.97091369341,1,1021.5799999999999,1792.975,1923.7056500000003,1868.15,16,63.5,all_to_all_cct_us,1970.73,0,collective_p16_flow512kib,47,339c4685a90c8895efad0229af8f25cc2d0fe613fa8cd459bb3c0ab396ca3ea9,2f4476d4c1f42844608e4b10da15058473553901340c02710eb6abbe8c2d7eff,16256,sharp,8/2/1/0
23,0,2345547,5,95876,0,0,4096,626,15,2080768,0,0,0,0,0,0,0,0,0,0,0,0,0,0,0,0,0,0,0,0,0,0,0,0,0,0,0,0,0,0,0,0,0,0,0,0,0,0,0,0,0,0,0,0,0,0,0,0,0,0,0,0,0,0,0,0,0,0,0,0,0,0,0,0,0,0,0,0,0,0,0,0,7,0,2177234,8,8,8,100.096,128,0.539088,0,0.01,307840,0,4740,95927,0,0,0,0,0,0,0,0,0,0,2080441,214,0,3031,54333,56672,2339,0,96545,0,630,95915,0,0,0,10000,70944,130933,1965357,0,0,0,0,0,0,0,0,0,0,0,0,0,0,0,0,0,0,0,12688,12671,2078201,3031,0,95927,0,0,0,0,95,3083,61757,68785,1,parallel,/home/user/workspace/csg-htsim/.worktrees/grade-collective-sweep/sim/datacenter/htsim_roce -o /home/user/workspace/csg-htsim/.worktrees/grade-collective-sweep/experiments/n-mrc/output/grade_collective_scale_concurrency_20260726/raw/collective_p1_flow512kib/default/seed_13/logout.dat -tm /home/user/workspace/csg-htsim/.worktrees/grade-collective-sweep/experiments/n-mrc/output/grade_collective_scale_concurrency_20260726/traffic/n128_collective_p1_flow512kib_seed13.cm -nodes 128 -conns 16256 -tiers 2 -lb grade -linkspeed 400000 -queue_type composite_ecn_lb -host_queue_type prio -mtu 4096 -end 100000 -paths 8 -seed 13 -cc dcqcn_variant -roce_rx_mode sp -roce_sack_bitmap_bits 64 -roce_transport_semantics mrc_exact_bounded -roce_trim_recovery exact -hop_latency 0.5 -switch_latency 0.5 -queue_cv_sample_us 100 -stor_level_weights 4 2 1 0,16256,1,0,0.0,0.0,0.0,16256,512,16256,3586.68,1612.0333333415417,3404.107000000001,3586.68,1612.0333333415417,1,1580.43,3219.3325000000004,3506.2477500000005,3404.107000000001,1,63.5,all_to_all_cct_us,3586.68,0,collective_p1_flow512kib,13,339c4685a90c8895efad0229af8f25cc2d0fe613fa8cd459bb3c0ab396ca3ea9,668210d0260de77080ee7f2c410b1f1dd842661e8763e9379fa9997d878205e4,16256,default,4/2/1/0
94,0,2429798,131,99044,0,0,4096,1147,64,2080768,0,0,0,0,0,0,0,0,0,0,0,0,0,0,0,0,0,0,0,0,0,0,0,0,0,0,0,0,0,0,0,0,0,0,0,0,0,0,0,0,0,0,0,0,0,0,0,0,0,0,0,0,0,0,0,0,0,0,0,0,0,0,0,0,0,0,0,0,0,0,0,0,2,0,2180815,8,8,8,99.8298,128,0.481859,0,0.01,287104,0,5044,99238,0,0,0,0,0,0,0,0,0,0,2080707,464,0,3313,55327,58005,2678,0,100480,0,1263,99217,0,0,0,12252,79841,132336,1956386,0,0,0,0,0,0,0,0,0,0,0,0,0,0,0,0,0,0,0,13699,13682,2078201,3313,0,99238,0,0,0,0,163,4760,62223,66648,1,parallel,/home/user/workspace/csg-htsim/.worktrees/grade-collective-sweep/sim/datacenter/htsim_roce -o /home/user/workspace/csg-htsim/.worktrees/grade-collective-sweep/experiments/n-mrc/output/grade_collective_scale_concurrency_20260726/raw/collective_p1_flow512kib/default/seed_29/logout.dat -tm /home/user/workspace/csg-htsim/.worktrees/grade-collective-sweep/experiments/n-mrc/output/grade_collective_scale_concurrency_20260726/traffic/n128_collective_p1_flow512kib_seed29.cm -nodes 128 -conns 16256 -tiers 2 -lb grade -linkspeed 400000 -queue_type composite_ecn_lb -host_queue_type prio -mtu 4096 -end 100000 -paths 8 -seed 29 -cc dcqcn_variant -roce_rx_mode sp -roce_sack_bitmap_bits 64 -roce_transport_semantics mrc_exact_bounded -roce_trim_recovery exact -hop_latency 0.5 -switch_latency 0.5 -queue_cv_sample_us 100 -stor_level_weights 4 2 1 0,16256,1,0,0.0,0.0,0.0,16256,512,16256,4248.67,1601.7885703309491,3623.8135,4248.67,1601.7885703309491,1,1549.6,3259.4275,4045.1759500000107,3623.8135,1,63.5,all_to_all_cct_us,4248.67,0,collective_p1_flow512kib,29,339c4685a90c8895efad0229af8f25cc2d0fe613fa8cd459bb3c0ab396ca3ea9,7f3054e97b71d1089c4ece989ad93a715f626c744187ea6a6a0610c54ad7cd3c,16256,default,4/2/1/0
21,0,2320687,5,94187,0,0,4096,542,6,2080768,0,0,0,0,0,0,0,0,0,0,0,0,0,0,0,0,0,0,0,0,0,0,0,0,0,0,0,0,0,0,0,0,0,0,0,0,0,0,0,0,0,0,0,0,0,0,0,0,0,0,0,0,0,0,0,0,0,0,0,0,0,0,0,0,0,0,0,0,0,0,0,0,5,0,2175473,8,8,8,98.3183,128,0.477911,0,0.01,349632,0,5692,94226,0,0,0,0,0,0,0,0,0,0,2080400,183,0,3486,54309,56650,2341,0,94761,0,547,94214,0,0,0,10196,69901,129649,1965727,0,0,0,0,0,0,0,0,0,0,0,0,0,0,0,0,0,0,0,12581,12566,2077696,3488,0,94226,0,0,0,0,108,3477,60566,67994,1,parallel,/home/user/workspace/csg-htsim/.worktrees/grade-collective-sweep/sim/datacenter/htsim_roce -o /home/user/workspace/csg-htsim/.worktrees/grade-collective-sweep/experiments/n-mrc/output/grade_collective_scale_concurrency_20260726/raw/collective_p1_flow512kib/default/seed_47/logout.dat -tm /home/user/workspace/csg-htsim/.worktrees/grade-collective-sweep/experiments/n-mrc/output/grade_collective_scale_concurrency_20260726/traffic/n128_collective_p1_flow512kib_seed47.cm -nodes 128 -conns 16256 -tiers 2 -lb grade -linkspeed 400000 -queue_type composite_ecn_lb -host_queue_type prio -mtu 4096 -end 100000 -paths 8 -seed 47 -cc dcqcn_variant -roce_rx_mode sp -roce_sack_bitmap_bits 64 -roce_transport_semantics mrc_exact_bounded -roce_trim_recovery exact -hop_latency 0.5 -switch_latency 0.5 -queue_cv_sample_us 100 -stor_level_weights 4 2 1 0,16256,1,0,0.0,0.0,0.0,16256,512,16256,3697.31,1582.1758203063437,3390.7255000000005,3697.31,1582.1758203063437,1,1537.665,3194.1025,3570.1731500000014,3390.7255000000005,1,63.5,all_to_all_cct_us,3697.31,0,collective_p1_flow512kib,47,339c4685a90c8895efad0229af8f25cc2d0fe613fa8cd459bb3c0ab396ca3ea9,9276828e0ea0b8a4148e39a8020e6e863a142597ac985067814b5cb3aa691416,16256,default,4/2/1/0
51,0,2467146,19,121479,0,0,4096,1015,30,2080768,0,0,0,0,0,0,0,0,0,0,0,0,0,0,0,0,0,0,0,0,0,0,0,0,0,0,0,0,0,0,0,0,0,0,0,0,0,0,0,0,0,0,0,0,0,0,0,0,0,0,0,0,0,0,0,0,0,0,0,0,0,0,0,0,0,0,0,0,0,0,0,0,7,0,2203185,8,8,8,103.996,128,0.392004,0,0.01,191360,0,6148,121575,0,0,0,0,0,0,0,0,0,0,2080647,404,0,3609,55904,59018,3114,0,122594,0,1034,121560,0,0,0,14212,151895,176577,1860501,0,0,0,0,0,0,0,0,0,0,0,0,0,0,0,0,0,0,0,16711,16706,2077918,3611,0,121575,0,0,0,0,169,5395,76627,75859,1,parallel,/home/user/workspace/csg-htsim/.worktrees/grade-collective-sweep/sim/datacenter/htsim_roce -o /home/user/workspace/csg-htsim/.worktrees/grade-collective-sweep/experiments/n-mrc/output/grade_collective_scale_concurrency_20260726/raw/collective_p1_flow512kib/equal/seed_13/logout.dat -tm /home/user/workspace/csg-htsim/.worktrees/grade-collective-sweep/experiments/n-mrc/output/grade_collective_scale_concurrency_20260726/traffic/n128_collective_p1_flow512kib_seed13.cm -nodes 128 -conns 16256 -tiers 2 -lb grade -linkspeed 400000 -queue_type composite_ecn_lb -host_queue_type prio -mtu 4096 -end 100000 -paths 8 -seed 13 -cc dcqcn_variant -roce_rx_mode sp -roce_sack_bitmap_bits 64 -roce_transport_semantics mrc_exact_bounded -roce_trim_recovery exact -hop_latency 0.5 -switch_latency 0.5 -queue_cv_sample_us 100 -stor_level_weights 4 4 4 0,16256,1,0,0.0,0.0,0.0,16256,512,16256,3808.19,1669.2389198941928,3552.2260000000006,3808.19,1669.2389198941928,1,1645.59,3332.2825,3718.814150000003,3552.2260000000006,1,63.5,all_to_all_cct_us,3808.19,0,collective_p1_flow512kib,13,339c4685a90c8895efad0229af8f25cc2d0fe613fa8cd459bb3c0ab396ca3ea9,668210d0260de77080ee7f2c410b1f1dd842661e8763e9379fa9997d878205e4,16256,equal,4/4/4/0
19,0,2339817,4,95121,0,0,4096,653,9,2080768,0,0,0,0,0,0,0,0,0,0,0,0,0,0,0,0,0,0,0,0,0,0,0,0,0,0,0,0,0,0,0,0,0,0,0,0,0,0,0,0,0,0,0,0,0,0,0,0,0,0,0,0,0,0,0,0,0,0,0,0,0,0,0,0,0,0,0,0,0,0,0,2,2,0,2176510,8,8,8,85.6702,128,0.317907,0,0.01,95680,0,1761,95165,0,0,0,0,0,0,0,0,0,0,2080399,196,0,1109,53498,55932,2434,0,95806,0,657,95149,0,0,0,9489,110666,145174,1911181,0,0,0,0,0,0,0,0,0,0,0,0,0,0,0,0,0,0,0,12181,12179,2080157,1110,0,95165,0,0,0,0,109,3451,61017,63291,1,parallel,/home/user/workspace/csg-htsim/.worktrees/grade-collective-sweep/sim/datacenter/htsim_roce -o /home/user/workspace/csg-htsim/.worktrees/grade-collective-sweep/experiments/n-mrc/output/grade_collective_scale_concurrency_20260726/raw/collective_p1_flow512kib/equal/seed_29/logout.dat -tm /home/user/workspace/csg-htsim/.worktrees/grade-collective-sweep/experiments/n-mrc/output/grade_collective_scale_concurrency_20260726/traffic/n128_collective_p1_flow512kib_seed29.cm -nodes 128 -conns 16256 -tiers 2 -lb grade -linkspeed 400000 -queue_type composite_ecn_lb -host_queue_type prio -mtu 4096 -end 100000 -paths 8 -seed 29 -cc dcqcn_variant -roce_rx_mode sp -roce_sack_bitmap_bits 64 -roce_transport_semantics mrc_exact_bounded -roce_trim_recovery exact -hop_latency 0.5 -switch_latency 0.5 -queue_cv_sample_us 100 -stor_level_weights 4 4 4 0,16256,1,0,0.0,0.0,0.0,16256,512,16256,3661.85,1549.4120328063493,3337.1230000000005,3661.85,1549.4120328063493,1,1489.83,3138.1400000000003,3502.233800000004,3337.1230000000005,1,63.5,all_to_all_cct_us,3661.85,0,collective_p1_flow512kib,29,339c4685a90c8895efad0229af8f25cc2d0fe613fa8cd459bb3c0ab396ca3ea9,7f3054e97b71d1089c4ece989ad93a715f626c744187ea6a6a0610c54ad7cd3c,16256,equal,4/4/4/0
25,0,2422167,8,123329,0,0,4096,854,16,2080768,0,0,0,0,0,0,0,0,0,0,0,0,0,0,0,0,0,0,0,0,0,0,0,0,0,0,0,0,0,0,0,0,0,0,0,0,0,0,0,0,0,0,0,0,0,0,0,0,0,0,0,0,0,0,0,0,0,0,0,0,0,0,0,0,0,0,0,0,0,0,0,0,5,0,2204901,8,8,8,100.116,128,0.409514,0,0.01,278720,0,3771,123381,0,0,0,0,0,0,0,0,0,0,2080616,334,0,2396,55288,58532,3244,0,124232,0,862,123370,0,0,0,13378,154691,183507,1853325,0,0,0,0,0,0,0,0,0,0,0,0,0,0,0,0,0,0,0,16956,16949,2079072,2396,0,123381,0,0,0,0,150,4614,79370,75342,1,parallel,/home/user/workspace/csg-htsim/.worktrees/grade-collective-sweep/sim/datacenter/htsim_roce -o /home/user/workspace/csg-htsim/.worktrees/grade-collective-sweep/experiments/n-mrc/output/grade_collective_scale_concurrency_20260726/raw/collective_p1_flow512kib/equal/seed_47/logout.dat -tm /home/user/workspace/csg-htsim/.worktrees/grade-collective-sweep/experiments/n-mrc/output/grade_collective_scale_concurrency_20260726/traffic/n128_collective_p1_flow512kib_seed47.cm -nodes 128 -conns 16256 -tiers 2 -lb grade -linkspeed 400000 -queue_type composite_ecn_lb -host_queue_type prio -mtu 4096 -end 100000 -paths 8 -seed 47 -cc dcqcn_variant -roce_rx_mode sp -roce_sack_bitmap_bits 64 -roce_transport_semantics mrc_exact_bounded -roce_trim_recovery exact -hop_latency 0.5 -switch_latency 0.5 -queue_cv_sample_us 100 -stor_level_weights 4 4 4 0,16256,1,0,0.0,0.0,0.0,16256,512,16256,3962.32,1632.2590214013221,3508.842000000001,3962.32,1632.2590214013221,1,1595.8400000000001,3281.5350000000003,3765.8179500000056,3508.842000000001,1,63.5,all_to_all_cct_us,3962.32,0,collective_p1_flow512kib,47,339c4685a90c8895efad0229af8f25cc2d0fe613fa8cd459bb3c0ab396ca3ea9,9276828e0ea0b8a4148e39a8020e6e863a142597ac985067814b5cb3aa691416,16256,equal,4/4/4/0
40,0,2428710,17,123167,0,0,4096,861,30,2080768,0,0,0,0,0,0,0,0,0,0,0,0,0,0,0,0,0,0,0,0,0,0,0,0,0,0,0,0,0,0,0,0,0,0,0,0,0,0,0,0,0,0,0,0,0,0,0,0,0,0,0,0,0,0,0,0,0,0,0,0,0,0,0,0,0,0,0,0,0,0,0,0,7,0,2204742,8,8,8,98.974,128,0.418238,0,0.01,149760,0,4259,123258,0,0,0,0,0,0,0,0,0,0,2080550,335,0,2742,54804,58068,3264,0,124115,0,876,123239,0,0,0,13683,118868,182301,1889890,0,0,0,0,0,0,0,0,0,0,0,0,0,0,0,0,0,0,0,17058,17056,2078653,2742,0,123258,0,0,0,0,153,4903,80025,79973,1,parallel,/home/user/workspace/csg-htsim/.worktrees/grade-collective-sweep/sim/datacenter/htsim_roce -o /home/user/workspace/csg-htsim/.worktrees/grade-collective-sweep/experiments/n-mrc/output/grade_collective_scale_concurrency_20260726/raw/collective_p1_flow512kib/gentle/seed_13/logout.dat -tm /home/user/workspace/csg-htsim/.worktrees/grade-collective-sweep/experiments/n-mrc/output/grade_collective_scale_concurrency_20260726/traffic/n128_collective_p1_flow512kib_seed13.cm -nodes 128 -conns 16256 -tiers 2 -lb grade -linkspeed 400000 -queue_type composite_ecn_lb -host_queue_type prio -mtu 4096 -end 100000 -paths 8 -seed 13 -cc dcqcn_variant -roce_rx_mode sp -roce_sack_bitmap_bits 64 -roce_transport_semantics mrc_exact_bounded -roce_trim_recovery exact -hop_latency 0.5 -switch_latency 0.5 -queue_cv_sample_us 100 -stor_level_weights 4 3 2 0,16256,1,0,0.0,0.0,0.0,16256,512,16256,3855.64,1652.5171636195932,3534.1775000000002,3855.64,1652.5171636195932,1,1628.46,3296.8175,3760.8696,3534.1775000000002,1,63.5,all_to_all_cct_us,3855.64,0,collective_p1_flow512kib,13,339c4685a90c8895efad0229af8f25cc2d0fe613fa8cd459bb3c0ab396ca3ea9,668210d0260de77080ee7f2c410b1f1dd842661e8763e9379fa9997d878205e4,16256,gentle,4/3/2/0
26,0,2422558,10,102355,0,0,4096,794,21,2080768,0,0,0,0,0,0,0,0,0,0,0,0,0,0,0,0,0,0,0,0,0,0,0,0,0,0,0,0,0,0,0,0,0,0,0,0,0,0,0,0,0,0,0,0,0,0,0,0,0,0,0,0,0,0,0,0,0,0,0,0,0,0,0,0,0,0,0,0,0,0,0,0,2,0,2183869,8,8,8,108.557,128,0.479474,0,0.01,295360,0,3675,102411,0,0,0,0,0,0,0,0,0,0,2080500,311,0,2145,54714,57389,2675,0,103206,0,804,102402,0,0,0,12294,101587,143642,1926346,0,0,0,0,0,0,0,0,0,0,0,0,0,0,0,0,0,0,0,13958,13954,2079230,2145,0,102411,0,0,0,0,160,4800,64521,67593,1,parallel,/home/user/workspace/csg-htsim/.worktrees/grade-collective-sweep/sim/datacenter/htsim_roce -o /home/user/workspace/csg-htsim/.worktrees/grade-collective-sweep/experiments/n-mrc/output/grade_collective_scale_concurrency_20260726/raw/collective_p1_flow512kib/gentle/seed_29/logout.dat -tm /home/user/workspace/csg-htsim/.worktrees/grade-collective-sweep/experiments/n-mrc/output/grade_collective_scale_concurrency_20260726/traffic/n128_collective_p1_flow512kib_seed29.cm -nodes 128 -conns 16256 -tiers 2 -lb grade -linkspeed 400000 -queue_type composite_ecn_lb -host_queue_type prio -mtu 4096 -end 100000 -paths 8 -seed 29 -cc dcqcn_variant -roce_rx_mode sp -roce_sack_bitmap_bits 64 -roce_transport_semantics mrc_exact_bounded -roce_trim_recovery exact -hop_latency 0.5 -switch_latency 0.5 -queue_cv_sample_us 100 -stor_level_weights 4 3 2 0,16256,1,0,0.0,0.0,0.0,16256,512,16256,3647.63,1601.7118935962021,3409.8915000000006,3647.63,1601.7118935962021,1,1575.575,3219.1775000000002,3551.0724500000056,3409.8915000000006,1,63.5,all_to_all_cct_us,3647.63,0,collective_p1_flow512kib,29,339c4685a90c8895efad0229af8f25cc2d0fe613fa8cd459bb3c0ab396ca3ea9,7f3054e97b71d1089c4ece989ad93a715f626c744187ea6a6a0610c54ad7cd3c,16256,gentle,4/3/2/0
22,0,2352391,8,105535,0,0,4096,662,17,2080768,0,0,0,0,0,0,0,0,0,0,0,0,0,0,0,0,0,0,0,0,0,0,0,0,0,0,0,0,0,0,0,0,0,0,0,0,0,0,0,0,0,0,0,0,0,0,0,0,0,0,0,0,0,0,0,0,0,0,0,0,0,0,0,0,0,0,0,0,0,0,0,0,5,0,2186930,8,8,8,100.045,128,0.462909,0,0.01,149760,0,3697,105586,0,0,0,0,0,0,0,0,0,0,2080494,239,0,2247,54458,57088,2630,0,106244,0,669,105575,0,0,0,11721,95984,147500,1931725,0,0,0,0,0,0,0,0,0,0,0,0,0,0,0,0,0,0,0,14008,14001,2079034,2247,0,105586,0,0,0,0,140,4639,66425,70906,1,parallel,/home/user/workspace/csg-htsim/.worktrees/grade-collective-sweep/sim/datacenter/htsim_roce -o /home/user/workspace/csg-htsim/.worktrees/grade-collective-sweep/experiments/n-mrc/output/grade_collective_scale_concurrency_20260726/raw/collective_p1_flow512kib/gentle/seed_47/logout.dat -tm /home/user/workspace/csg-htsim/.worktrees/grade-collective-sweep/experiments/n-mrc/output/grade_collective_scale_concurrency_20260726/traffic/n128_collective_p1_flow512kib_seed47.cm -nodes 128 -conns 16256 -tiers 2 -lb grade -linkspeed 400000 -queue_type composite_ecn_lb -host_queue_type prio -mtu 4096 -end 100000 -paths 8 -seed 47 -cc dcqcn_variant -roce_rx_mode sp -roce_sack_bitmap_bits 64 -roce_transport_semantics mrc_exact_bounded -roce_trim_recovery exact -hop_latency 0.5 -switch_latency 0.5 -queue_cv_sample_us 100 -stor_level_weights 4 3 2 0,16256,1,0,0.0,0.0,0.0,16256,512,16256,3820.58,1609.5848279342954,3421.127500000001,3820.58,1609.5848279342954,1,1579.3049999999998,3219.6875,3649.667100000003,3421.127500000001,1,63.5,all_to_all_cct_us,3820.58,0,collective_p1_flow512kib,47,339c4685a90c8895efad0229af8f25cc2d0fe613fa8cd459bb3c0ab396ca3ea9,9276828e0ea0b8a4148e39a8020e6e863a142597ac985067814b5cb3aa691416,16256,gentle,4/3/2/0
32,0,2437488,17,110984,0,0,4096,757,30,2080768,0,0,0,0,0,0,0,0,0,0,0,0,0,0,0,0,0,0,0,0,0,0,0,0,0,0,0,0,0,0,0,0,0,0,0,0,0,0,0,0,0,0,0,0,0,0,0,0,0,0,0,0,0,0,0,0,0,0,0,0,0,0,0,0,0,0,0,0,0,0,0,1,7,0,2192451,8,8,8,111.638,128,0.592105,0,0.01,266240,0,10530,111059,0,0,0,0,0,0,0,0,0,0,2080518,265,0,6643,54456,57318,2862,0,111820,0,773,111047,0,0,0,12205,76783,118229,1985234,0,0,0,0,0,0,0,0,0,0,0,0,0,0,0,0,0,0,0,15462,15453,2074663,6644,0,111059,0,0,0,0,111,2985,71736,77892,1,parallel,/home/user/workspace/csg-htsim/.worktrees/grade-collective-sweep/sim/datacenter/htsim_roce -o /home/user/workspace/csg-htsim/.worktrees/grade-collective-sweep/experiments/n-mrc/output/grade_collective_scale_concurrency_20260726/raw/collective_p1_flow512kib/sharp/seed_13/logout.dat -tm /home/user/workspace/csg-htsim/.worktrees/grade-collective-sweep/experiments/n-mrc/output/grade_collective_scale_concurrency_20260726/traffic/n128_collective_p1_flow512kib_seed13.cm -nodes 128 -conns 16256 -tiers 2 -lb grade -linkspeed 400000 -queue_type composite_ecn_lb -host_queue_type prio -mtu 4096 -end 100000 -paths 8 -seed 13 -cc dcqcn_variant -roce_rx_mode sp -roce_sack_bitmap_bits 64 -roce_transport_semantics mrc_exact_bounded -roce_trim_recovery exact -hop_latency 0.5 -switch_latency 0.5 -queue_cv_sample_us 100 -stor_level_weights 8 2 1 0,16256,1,0,0.0,0.0,0.0,16256,512,16256,3845.1,1621.0367224286447,3499.4075000000007,3845.1,1621.0367224286447,1,1576.085,3281.32,3711.01625,3499.4075000000007,1,63.5,all_to_all_cct_us,3845.1,0,collective_p1_flow512kib,13,339c4685a90c8895efad0229af8f25cc2d0fe613fa8cd459bb3c0ab396ca3ea9,668210d0260de77080ee7f2c410b1f1dd842661e8763e9379fa9997d878205e4,16256,sharp,8/2/1/0
72,0,2567353,67,116927,0,0,4096,1296,59,2080768,0,0,0,0,0,0,0,0,0,0,0,0,0,0,0,0,0,0,0,0,0,0,0,0,0,0,0,0,0,0,0,0,0,0,0,0,0,0,0,0,0,0,0,0,0,0,0,0,0,0,0,0,0,0,0,0,0,0,0,0,0,0,0,0,0,0,0,0,0,0,0,0,2,0,2198840,8,8,8,119.086,128,0.67878,0,0.01,349440,0,13685,117083,0,0,0,0,0,0,0,0,0,0,2080883,635,0,8006,54332,57552,3220,0,118421,0,1356,117065,0,0,0,16517,93113,117607,1971603,0,0,0,0,0,0,0,0,0,0,0,0,0,0,0,0,0,0,0,17260,17249,2073667,8008,0,117083,0,0,0,0,204,6034,70564,70656,1,parallel,/home/user/workspace/csg-htsim/.worktrees/grade-collective-sweep/sim/datacenter/htsim_roce -o /home/user/workspace/csg-htsim/.worktrees/grade-collective-sweep/experiments/n-mrc/output/grade_collective_scale_concurrency_20260726/raw/collective_p1_flow512kib/sharp/seed_29/logout.dat -tm /home/user/workspace/csg-htsim/.worktrees/grade-collective-sweep/experiments/n-mrc/output/grade_collective_scale_concurrency_20260726/traffic/n128_collective_p1_flow512kib_seed29.cm -nodes 128 -conns 16256 -tiers 2 -lb grade -linkspeed 400000 -queue_type composite_ecn_lb -host_queue_type prio -mtu 4096 -end 100000 -paths 8 -seed 29 -cc dcqcn_variant -roce_rx_mode sp -roce_sack_bitmap_bits 64 -roce_transport_semantics mrc_exact_bounded -roce_trim_recovery exact -hop_latency 0.5 -switch_latency 0.5 -queue_cv_sample_us 100 -stor_level_weights 8 2 1 0,16256,1,0,0.0,0.0,0.0,16256,512,16256,3931.75,1624.1478830155038,3554.2290000000003,3931.75,1624.1478830155038,1,1579.76,3312.9025,3809.52175,3554.2290000000003,1,63.5,all_to_all_cct_us,3931.75,0,collective_p1_flow512kib,29,339c4685a90c8895efad0229af8f25cc2d0fe613fa8cd459bb3c0ab396ca3ea9,7f3054e97b71d1089c4ece989ad93a715f626c744187ea6a6a0610c54ad7cd3c,16256,sharp,8/2/1/0
56,0,2411804,80,101517,0,0,4096,903,36,2080768,0,0,0,0,0,0,0,0,0,0,0,0,0,0,0,0,0,0,0,0,0,0,0,0,0,0,0,0,0,0,0,0,0,0,0,0,0,0,0,0,0,0,0,0,0,0,0,0,0,0,0,0,0,0,0,0,0,0,0,0,0,0,0,0,0,0,0,0,0,0,0,0,5,0,2183085,8,8,8,114.474,128,0.608925,0,0.01,328704,0,11977,101627,0,0,0,0,0,0,0,0,0,0,2080653,373,0,7209,54774,57496,2722,0,102592,0,974,101618,0,0,0,11700,74631,102444,1994310,0,0,0,0,0,0,0,0,0,0,0,0,0,0,0,0,0,0,0,13928,13927,2074164,7212,0,101627,0,0,0,0,119,3494,64606,72461,1,parallel,/home/user/workspace/csg-htsim/.worktrees/grade-collective-sweep/sim/datacenter/htsim_roce -o /home/user/workspace/csg-htsim/.worktrees/grade-collective-sweep/experiments/n-mrc/output/grade_collective_scale_concurrency_20260726/raw/collective_p1_flow512kib/sharp/seed_47/logout.dat -tm /home/user/workspace/csg-htsim/.worktrees/grade-collective-sweep/experiments/n-mrc/output/grade_collective_scale_concurrency_20260726/traffic/n128_collective_p1_flow512kib_seed47.cm -nodes 128 -conns 16256 -tiers 2 -lb grade -linkspeed 400000 -queue_type composite_ecn_lb -host_queue_type prio -mtu 4096 -end 100000 -paths 8 -seed 47 -cc dcqcn_variant -roce_rx_mode sp -roce_sack_bitmap_bits 64 -roce_transport_semantics mrc_exact_bounded -roce_trim_recovery exact -hop_latency 0.5 -switch_latency 0.5 -queue_cv_sample_us 100 -stor_level_weights 8 2 1 0,16256,1,0,0.0,0.0,0.0,16256,512,16256,4028.97,1645.2640855007412,3517.279,4028.97,1645.2640855007412,1,1650.5,3268.6275,3910.769050000003,3517.279,1,63.5,all_to_all_cct_us,4028.97,0,collective_p1_flow512kib,47,339c4685a90c8895efad0229af8f25cc2d0fe613fa8cd459bb3c0ab396ca3ea9,9276828e0ea0b8a4148e39a8020e6e863a142597ac985067814b5cb3aa691416,16256,sharp,8/2/1/0
368,0,4430921,152,221296,0,0,4096,6130,275,2080768,0,0,0,0,0,0,0,0,0,0,0,0,0,0,0,0,0,0,0,0,0,0,0,0,0,0,0,0,0,0,0,0,0,0,0,0,0,0,0,0,0,0,0,0,0,0,0,0,0,0,0,0,0,0,0,0,0,0,0,0,0,0,0,0,0,0,0,0,0,0,0,0,7,0,2307838,8,8,8,419.755,128,0.538898,0,0.01,349632,0,212701,222013,0,0,0,0,0,0,0,0,0,0,2083039,3181,0,105757,59558,65457,5899,0,228221,0,6262,221959,0,0,0,53048,265139,323894,1665757,0,0,0,0,0,0,0,0,0,0,0,0,0,0,0,0,0,0,0,43054,42974,1979228,105906,0,222013,0,0,0,0,535,20296,127531,104171,1,parallel,/home/user/workspace/csg-htsim/.worktrees/grade-collective-sweep/sim/datacenter/htsim_roce -o /home/user/workspace/csg-htsim/.worktrees/grade-collective-sweep/experiments/n-mrc/output/grade_collective_scale_concurrency_20260726/raw/collective_p2_flow512kib/default/seed_13/logout.dat -tm /home/user/workspace/csg-htsim/.worktrees/grade-collective-sweep/experiments/n-mrc/output/grade_collective_scale_concurrency_20260726/traffic/n128_collective_p2_flow512kib_seed13.cm -nodes 128 -conns 16256 -tiers 2 -lb grade -linkspeed 400000 -queue_type composite_ecn_lb -host_queue_type prio -mtu 4096 -end 100000 -paths 8 -seed 13 -cc dcqcn_variant -roce_rx_mode sp -roce_sack_bitmap_bits 64 -roce_transport_semantics mrc_exact_bounded -roce_trim_recovery exact -hop_latency 0.5 -switch_latency 0.5 -queue_cv_sample_us 100 -stor_level_weights 4 2 1 0,16256,1,0,0.0,0.0,0.0,16256,512,16256,2922.47,1146.0528296013763,2495.9055000000003,2922.47,1146.0528296013763,1,1119.71,2272.0275,2773.876800000012,2495.9055000000003,2,63.5,all_to_all_cct_us,2922.47,0,collective_p2_flow512kib,13,339c4685a90c8895efad0229af8f25cc2d0fe613fa8cd459bb3c0ab396ca3ea9,8feadd05c47331f9d59c2c72931652a00cff5b4216524703f063e7d3f3514802,16256,default,4/2/1/0
466,0,4374869,230,214969,0,0,4096,6263,330,2080768,0,0,0,0,0,0,0,0,0,0,0,0,0,0,0,0,0,0,0,0,0,0,0,0,0,0,0,0,0,0,0,0,0,0,0,0,0,0,0,0,0,0,0,0,0,0,0,0,0,0,0,0,0,0,0,0,0,0,0,0,0,0,0,0,0,0,0,0,0,0,0,0,2,0,2301551,8,8,8,351.683,128,0.688176,0,0.01,349632,0,189507,215868,0,0,0,0,0,0,0,0,0,0,2083141,3277,0,93786,59483,65326,5843,0,222258,0,6460,215798,0,0,0,53821,254134,312240,1681356,0,0,0,0,0,0,0,0,0,0,0,0,0,0,0,0,0,0,0,41706,41681,1991099,93938,0,215868,0,0,0,0,621,22768,125549,105438,1,parallel,/home/user/workspace/csg-htsim/.worktrees/grade-collective-sweep/sim/datacenter/htsim_roce -o /home/user/workspace/csg-htsim/.worktrees/grade-collective-sweep/experiments/n-mrc/output/grade_collective_scale_concurrency_20260726/raw/collective_p2_flow512kib/default/seed_29/logout.dat -tm /home/user/workspace/csg-htsim/.worktrees/grade-collective-sweep/experiments/n-mrc/output/grade_collective_scale_concurrency_20260726/traffic/n128_collective_p2_flow512kib_seed29.cm -nodes 128 -conns 16256 -tiers 2 -lb grade -linkspeed 400000 -queue_type composite_ecn_lb -host_queue_type prio -mtu 4096 -end 100000 -paths 8 -seed 29 -cc dcqcn_variant -roce_rx_mode sp -roce_sack_bitmap_bits 64 -roce_transport_semantics mrc_exact_bounded -roce_trim_recovery exact -hop_latency 0.5 -switch_latency 0.5 -queue_cv_sample_us 100 -stor_level_weights 4 2 1 0,16256,1,0,0.0,0.0,0.0,16256,512,16256,2744.14,1152.3932862389327,2496.527,2744.14,1152.3932862389327,1,1123.525,2304.31,2652.950300000001,2496.527,2,63.5,all_to_all_cct_us,2744.14,0,collective_p2_flow512kib,29,339c4685a90c8895efad0229af8f25cc2d0fe613fa8cd459bb3c0ab396ca3ea9,23c814e102f7112c51a57c3ee2e621842be5a20b6d7ea292cfbbc4e4e467d853,16256,default,4/2/1/0
478,0,4387627,491,235744,0,0,4096,6762,384,2080768,0,0,0,0,0,0,0,0,0,0,0,0,0,0,0,0,0,0,0,0,0,0,0,0,0,0,0,0,0,0,0,0,0,0,0,0,0,0,0,0,0,0,0,0,0,0,0,0,0,0,0,0,0,0,0,0,0,0,0,0,0,0,0,0,0,0,0,0,0,0,0,0,5,0,2322644,8,8,8,356.837,128,0.486421,0,0.01,349568,0,160612,236721,0,0,0,0,0,0,0,0,0,0,2083320,3407,0,79649,61045,67644,6599,0,243859,0,7205,236654,0,0,0,54710,261426,330119,1676389,0,0,0,0,0,0,0,0,0,0,0,0,0,0,0,0,0,0,0,43719,43646,2005589,79748,0,236721,0,0,0,0,669,23858,132587,104398,1,parallel,/home/user/workspace/csg-htsim/.worktrees/grade-collective-sweep/sim/datacenter/htsim_roce -o /home/user/workspace/csg-htsim/.worktrees/grade-collective-sweep/experiments/n-mrc/output/grade_collective_scale_concurrency_20260726/raw/collective_p2_flow512kib/default/seed_47/logout.dat -tm /home/user/workspace/csg-htsim/.worktrees/grade-collective-sweep/experiments/n-mrc/output/grade_collective_scale_concurrency_20260726/traffic/n128_collective_p2_flow512kib_seed47.cm -nodes 128 -conns 16256 -tiers 2 -lb grade -linkspeed 400000 -queue_type composite_ecn_lb -host_queue_type prio -mtu 4096 -end 100000 -paths 8 -seed 47 -cc dcqcn_variant -roce_rx_mode sp -roce_sack_bitmap_bits 64 -roce_transport_semantics mrc_exact_bounded -roce_trim_recovery exact -hop_latency 0.5 -switch_latency 0.5 -queue_cv_sample_us 100 -stor_level_weights 4 2 1 0,16256,1,0,0.0,0.0,0.0,16256,512,16256,3339.78,1174.8280400283,2755.578000000002,3339.78,1174.8280400283,1,1110.3200000000002,2413.1325,3182.3751500000044,2755.578000000002,2,63.5,all_to_all_cct_us,3339.78,0,collective_p2_flow512kib,47,339c4685a90c8895efad0229af8f25cc2d0fe613fa8cd459bb3c0ab396ca3ea9,0c9009b3b87d7b2403384f545a9949247734472ed4a7fbe5b26e76b2b72cb2d6,16256,default,4/2/1/0
289,0,3886394,142,215029,0,0,4096,4828,242,2080768,0,0,0,0,0,0,0,0,0,0,0,0,0,0,0,0,0,0,0,0,0,0,0,0,0,0,0,0,0,0,0,0,0,0,0,0,0,0,0,0,0,0,0,0,0,0,0,0,0,0,0,0,0,0,0,0,0,0,0,0,0,0,0,0,0,0,0,0,0,0,0,0,7,0,2300241,8,8,8,286.251,128,0.655082,0,0.01,349632,0,96041,215655,0,0,0,0,0,0,0,0,0,0,2082390,2290,0,47286,58384,64114,5730,0,220530,0,4952,215578,0,0,0,43621,335963,319483,1601174,0,0,0,0,0,0,0,0,0,0,0,0,0,0,0,0,0,0,0,37986,37940,2036925,47337,0,215655,0,0,0,0,486,19906,124778,104229,1,parallel,/home/user/workspace/csg-htsim/.worktrees/grade-collective-sweep/sim/datacenter/htsim_roce -o /home/user/workspace/csg-htsim/.worktrees/grade-collective-sweep/experiments/n-mrc/output/grade_collective_scale_concurrency_20260726/raw/collective_p2_flow512kib/equal/seed_13/logout.dat -tm /home/user/workspace/csg-htsim/.worktrees/grade-collective-sweep/experiments/n-mrc/output/grade_collective_scale_concurrency_20260726/traffic/n128_collective_p2_flow512kib_seed13.cm -nodes 128 -conns 16256 -tiers 2 -lb grade -linkspeed 400000 -queue_type composite_ecn_lb -host_queue_type prio -mtu 4096 -end 100000 -paths 8 -seed 13 -cc dcqcn_variant -roce_rx_mode sp -roce_sack_bitmap_bits 64 -roce_transport_semantics mrc_exact_bounded -roce_trim_recovery exact -hop_latency 0.5 -switch_latency 0.5 -queue_cv_sample_us 100 -stor_level_weights 4 4 4 0,16256,1,0,0.0,0.0,0.0,16256,512,16256,2701.18,1113.225778112693,2377.935000000001,2701.18,1113.225778112693,1,1091.775,2208.86,2516.24705,2377.935000000001,2,63.5,all_to_all_cct_us,2701.18,0,collective_p2_flow512kib,13,339c4685a90c8895efad0229af8f25cc2d0fe613fa8cd459bb3c0ab396ca3ea9,8feadd05c47331f9d59c2c72931652a00cff5b4216524703f063e7d3f3514802,16256,equal,4/4/4/0
377,0,3988534,214,219571,0,0,4096,5335,293,2080768,0,0,0,0,0,0,0,0,0,0,0,0,0,0,0,0,0,0,0,0,0,0,0,0,0,0,0,0,0,0,0,0,0,0,0,0,0,0,0,0,0,0,0,0,0,0,0,0,0,0,0,0,0,0,0,0,0,0,0,0,0,0,0,0,0,0,0,0,0,0,0,0,2,0,2305245,8,8,8,270.465,128,0.560783,0,0.01,349440,0,98579,220326,0,0,0,0,0,0,0,0,0,0,2082701,2637,0,48444,59310,65209,5899,0,225790,0,5529,220261,0,0,0,43523,350304,327110,1584308,0,0,0,0,0,0,0,0,0,0,0,0,0,0,0,0,0,0,0,39874,39833,2036021,48505,0,220326,0,0,0,0,490,18328,129739,106771,1,parallel,/home/user/workspace/csg-htsim/.worktrees/grade-collective-sweep/sim/datacenter/htsim_roce -o /home/user/workspace/csg-htsim/.worktrees/grade-collective-sweep/experiments/n-mrc/output/grade_collective_scale_concurrency_20260726/raw/collective_p2_flow512kib/equal/seed_29/logout.dat -tm /home/user/workspace/csg-htsim/.worktrees/grade-collective-sweep/experiments/n-mrc/output/grade_collective_scale_concurrency_20260726/traffic/n128_collective_p2_flow512kib_seed29.cm -nodes 128 -conns 16256 -tiers 2 -lb grade -linkspeed 400000 -queue_type composite_ecn_lb -host_queue_type prio -mtu 4096 -end 100000 -paths 8 -seed 29 -cc dcqcn_variant -roce_rx_mode sp -roce_sack_bitmap_bits 64 -roce_transport_semantics mrc_exact_bounded -roce_trim_recovery exact -hop_latency 0.5 -switch_latency 0.5 -queue_cv_sample_us 100 -stor_level_weights 4 4 4 0,16256,1,0,0.0,0.0,0.0,16256,512,16256,2811.56,1131.7661529650568,2478.8245,2811.56,1131.7661529650568,1,1096.615,2261.325,2689.1496,2478.8245,2,63.5,all_to_all_cct_us,2811.56,0,collective_p2_flow512kib,29,339c4685a90c8895efad0229af8f25cc2d0fe613fa8cd459bb3c0ab396ca3ea9,23c814e102f7112c51a57c3ee2e621842be5a20b6d7ea292cfbbc4e4e467d853,16256,equal,4/4/4/0
221,0,3845131,50,215833,0,0,4096,4453,175,2080768,0,0,0,0,0,0,0,0,0,0,0,0,0,0,0,0,0,0,0,0,0,0,0,0,0,0,0,0,0,0,0,0,0,0,0,0,0,0,0,0,0,0,0,0,0,0,0,0,0,0,0,0,0,0,0,0,0,0,0,0,0,0,0,0,0,0,0,0,0,0,0,0,5,0,2300829,8,8,8,287.764,128,0.535958,0,0.01,349568,0,98434,216280,0,0,0,0,0,0,0,0,0,0,2082266,2216,0,48991,57784,63281,5497,0,220732,0,4498,216234,0,0,0,41235,345776,324354,1589464,0,0,0,0,0,0,0,0,0,0,0,0,0,0,0,0,0,0,0,38923,38882,2035135,49049,0,216280,0,0,0,0,450,16562,127783,104335,1,parallel,/home/user/workspace/csg-htsim/.worktrees/grade-collective-sweep/sim/datacenter/htsim_roce -o /home/user/workspace/csg-htsim/.worktrees/grade-collective-sweep/experiments/n-mrc/output/grade_collective_scale_concurrency_20260726/raw/collective_p2_flow512kib/equal/seed_47/logout.dat -tm /home/user/workspace/csg-htsim/.worktrees/grade-collective-sweep/experiments/n-mrc/output/grade_collective_scale_concurrency_20260726/traffic/n128_collective_p2_flow512kib_seed47.cm -nodes 128 -conns 16256 -tiers 2 -lb grade -linkspeed 400000 -queue_type composite_ecn_lb -host_queue_type prio -mtu 4096 -end 100000 -paths 8 -seed 47 -cc dcqcn_variant -roce_rx_mode sp -roce_sack_bitmap_bits 64 -roce_transport_semantics mrc_exact_bounded -roce_trim_recovery exact -hop_latency 0.5 -switch_latency 0.5 -queue_cv_sample_us 100 -stor_level_weights 4 4 4 0,16256,1,0,0.0,0.0,0.0,16256,512,16256,2497.13,1091.7928188176725,2307.3665,2497.13,1091.7928188176725,1,1059.55,2170.1125,2412.9696,2307.3665,2,63.5,all_to_all_cct_us,2497.13,0,collective_p2_flow512kib,47,339c4685a90c8895efad0229af8f25cc2d0fe613fa8cd459bb3c0ab396ca3ea9,0c9009b3b87d7b2403384f545a9949247734472ed4a7fbe5b26e76b2b72cb2d6,16256,equal,4/4/4/0
355,0,4242743,137,235789,0,0,4096,5754,318,2080768,0,0,0,0,0,0,0,0,0,0,0,0,0,0,0,0,0,0,0,0,0,0,0,0,0,0,0,0,0,0,0,0,0,0,0,0,0,0,0,0,0,0,0,0,0,0,0,0,0,0,0,0,0,0,0,0,0,0,0,0,0,0,0,0,0,0,0,0,0,0,0,0,7,0,2321934,8,8,8,359.433,128,0.523956,0,0.01,349568,0,142114,236546,0,0,0,0,0,0,0,0,0,0,2082781,2870,0,71565,59292,65614,6322,0,242353,0,5870,236483,0,0,0,53439,315781,345603,1607111,0,0,0,0,0,0,0,0,0,0,0,0,0,0,0,0,0,0,0,44047,43999,2013134,71665,0,236546,0,0,0,0,628,24356,135371,103968,1,parallel,/home/user/workspace/csg-htsim/.worktrees/grade-collective-sweep/sim/datacenter/htsim_roce -o /home/user/workspace/csg-htsim/.worktrees/grade-collective-sweep/experiments/n-mrc/output/grade_collective_scale_concurrency_20260726/raw/collective_p2_flow512kib/gentle/seed_13/logout.dat -tm /home/user/workspace/csg-htsim/.worktrees/grade-collective-sweep/experiments/n-mrc/output/grade_collective_scale_concurrency_20260726/traffic/n128_collective_p2_flow512kib_seed13.cm -nodes 128 -conns 16256 -tiers 2 -lb grade -linkspeed 400000 -queue_type composite_ecn_lb -host_queue_type prio -mtu 4096 -end 100000 -paths 8 -seed 13 -cc dcqcn_variant -roce_rx_mode sp -roce_sack_bitmap_bits 64 -roce_transport_semantics mrc_exact_bounded -roce_trim_recovery exact -hop_latency 0.5 -switch_latency 0.5 -queue_cv_sample_us 100 -stor_level_weights 4 3 2 0,16256,1,0,0.0,0.0,0.0,16256,512,16256,2692.11,1136.5515266117152,2438.1530000000002,2692.11,1136.5515266117152,1,1106.6999999999998,2271.3325,2572.7553500000013,2438.1530000000002,2,63.5,all_to_all_cct_us,2692.11,0,collective_p2_flow512kib,13,339c4685a90c8895efad0229af8f25cc2d0fe613fa8cd459bb3c0ab396ca3ea9,8feadd05c47331f9d59c2c72931652a00cff5b4216524703f063e7d3f3514802,16256,gentle,4/3/2/0
375,0,4167716,278,224264,0,0,4096,5602,283,2080768,0,0,0,0,0,0,0,0,0,0,0,0,0,0,0,0,0,0,0,0,0,0,0,0,0,0,0,0,0,0,0,0,0,0,0,0,0,0,0,0,0,0,0,0,0,0,0,0,0,0,0,0,0,0,0,0,0,0,0,0,0,0,0,0,0,0,0,0,0,0,0,0,2,0,2310181,8,8,8,309.892,128,0.585453,0,0.01,341184,0,128900,225008,0,0,0,0,0,0,0,0,0,0,2082875,2851,0,63800,58871,65068,6197,0,230802,0,5854,224948,0,0,0,49772,301834,329221,1629354,0,0,0,0,0,0,0,0,0,0,0,0,0,0,0,0,0,0,0,41571,41523,2020877,63855,0,225008,0,0,0,0,606,22039,130175,106265,1,parallel,/home/user/workspace/csg-htsim/.worktrees/grade-collective-sweep/sim/datacenter/htsim_roce -o /home/user/workspace/csg-htsim/.worktrees/grade-collective-sweep/experiments/n-mrc/output/grade_collective_scale_concurrency_20260726/raw/collective_p2_flow512kib/gentle/seed_29/logout.dat -tm /home/user/workspace/csg-htsim/.worktrees/grade-collective-sweep/experiments/n-mrc/output/grade_collective_scale_concurrency_20260726/traffic/n128_collective_p2_flow512kib_seed29.cm -nodes 128 -conns 16256 -tiers 2 -lb grade -linkspeed 400000 -queue_type composite_ecn_lb -host_queue_type prio -mtu 4096 -end 100000 -paths 8 -seed 29 -cc dcqcn_variant -roce_rx_mode sp -roce_sack_bitmap_bits 64 -roce_transport_semantics mrc_exact_bounded -roce_trim_recovery exact -hop_latency 0.5 -switch_latency 0.5 -queue_cv_sample_us 100 -stor_level_weights 4 3 2 0,16256,1,0,0.0,0.0,0.0,16256,512,16256,3134.51,1143.5906935162432,2530.3670000000006,3134.51,1143.5906935162432,1,1112.48,2282.555,2957.8962500000007,2530.3670000000006,2,63.5,all_to_all_cct_us,3134.51,0,collective_p2_flow512kib,29,339c4685a90c8895efad0229af8f25cc2d0fe613fa8cd459bb3c0ab396ca3ea9,23c814e102f7112c51a57c3ee2e621842be5a20b6d7ea292cfbbc4e4e467d853,16256,gentle,4/3/2/0
389,0,4170676,346,227382,0,0,4096,5761,249,2080768,0,0,0,0,0,0,0,0,0,0,0,0,0,0,0,0,0,0,0,0,0,0,0,0,0,0,0,0,0,0,0,0,0,0,0,0,0,0,0,0,0,0,0,0,0,0,0,0,0,0,0,0,0,0,0,0,0,0,0,0,0,0,0,0,0,0,0,0,0,0,0,0,5,0,2313431,8,8,8,301.613,128,0.502858,0,0.01,349504,0,116352,228121,0,0,0,0,0,0,0,0,0,0,2082896,2914,0,57768,59739,65814,6075,0,234127,0,6072,228055,0,0,0,48525,302015,335381,1627510,0,0,0,0,0,0,0,0,0,0,0,0,0,0,0,0,0,0,0,41822,41786,2026979,57842,0,228121,0,0,0,0,577,21027,132098,107634,1,parallel,/home/user/workspace/csg-htsim/.worktrees/grade-collective-sweep/sim/datacenter/htsim_roce -o /home/user/workspace/csg-htsim/.worktrees/grade-collective-sweep/experiments/n-mrc/output/grade_collective_scale_concurrency_20260726/raw/collective_p2_flow512kib/gentle/seed_47/logout.dat -tm /home/user/workspace/csg-htsim/.worktrees/grade-collective-sweep/experiments/n-mrc/output/grade_collective_scale_concurrency_20260726/traffic/n128_collective_p2_flow512kib_seed47.cm -nodes 128 -conns 16256 -tiers 2 -lb grade -linkspeed 400000 -queue_type composite_ecn_lb -host_queue_type prio -mtu 4096 -end 100000 -paths 8 -seed 47 -cc dcqcn_variant -roce_rx_mode sp -roce_sack_bitmap_bits 64 -roce_transport_semantics mrc_exact_bounded -roce_trim_recovery exact -hop_latency 0.5 -switch_latency 0.5 -queue_cv_sample_us 100 -stor_level_weights 4 3 2 0,16256,1,0,0.0,0.0,0.0,16256,512,16256,3028.66,1143.1226842519707,2509.834500000001,3028.66,1143.1226842519707,1,1118.3400000000001,2277.995,2847.687050000015,2509.834500000001,2,63.5,all_to_all_cct_us,3028.66,0,collective_p2_flow512kib,47,339c4685a90c8895efad0229af8f25cc2d0fe613fa8cd459bb3c0ab396ca3ea9,0c9009b3b87d7b2403384f545a9949247734472ed4a7fbe5b26e76b2b72cb2d6,16256,gentle,4/3/2/0
374,0,4539566,124,206220,0,0,4096,6270,231,2080768,0,0,0,0,0,0,0,0,0,0,0,0,0,0,0,0,0,0,0,0,0,0,0,0,0,0,0,0,0,0,0,0,0,0,0,0,0,0,0,0,0,0,0,0,0,0,0,0,0,0,0,0,0,0,0,0,0,0,0,0,0,0,0,0,0,0,0,0,0,0,0,0,7,0,2292913,8,8,8,431.983,128,0.503949,0,0.01,349696,0,292691,206906,0,0,0,0,0,0,0,0,0,0,2082873,3221,0,145106,60220,65892,5672,0,213219,0,6370,206849,0,0,0,51537,226257,251563,1763556,0,0,0,0,0,0,0,0,0,0,0,0,0,0,0,0,0,0,0,42421,42309,1939786,145302,0,206906,0,0,0,0,423,15934,121884,105176,1,parallel,/home/user/workspace/csg-htsim/.worktrees/grade-collective-sweep/sim/datacenter/htsim_roce -o /home/user/workspace/csg-htsim/.worktrees/grade-collective-sweep/experiments/n-mrc/output/grade_collective_scale_concurrency_20260726/raw/collective_p2_flow512kib/sharp/seed_13/logout.dat -tm /home/user/workspace/csg-htsim/.worktrees/grade-collective-sweep/experiments/n-mrc/output/grade_collective_scale_concurrency_20260726/traffic/n128_collective_p2_flow512kib_seed13.cm -nodes 128 -conns 16256 -tiers 2 -lb grade -linkspeed 400000 -queue_type composite_ecn_lb -host_queue_type prio -mtu 4096 -end 100000 -paths 8 -seed 13 -cc dcqcn_variant -roce_rx_mode sp -roce_sack_bitmap_bits 64 -roce_transport_semantics mrc_exact_bounded -roce_trim_recovery exact -hop_latency 0.5 -switch_latency 0.5 -queue_cv_sample_us 100 -stor_level_weights 8 2 1 0,16256,1,0,0.0,0.0,0.0,16256,512,16256,2659.16,1143.2179615649673,2433.8945000000003,2659.16,1143.2179615649673,1,1124.9850000000001,2267.66,2567.248550000004,2433.8945000000003,2,63.5,all_to_all_cct_us,2659.16,0,collective_p2_flow512kib,13,339c4685a90c8895efad0229af8f25cc2d0fe613fa8cd459bb3c0ab396ca3ea9,8feadd05c47331f9d59c2c72931652a00cff5b4216524703f063e7d3f3514802,16256,sharp,8/2/1/0
480,0,4739179,252,219444,0,0,4096,7464,423,2080768,0,0,0,0,0,0,0,0,0,0,0,0,0,0,0,0,0,0,0,0,0,0,0,0,0,0,0,0,0,0,0,0,0,0,0,0,0,0,0,0,0,0,0,0,0,0,0,0,0,0,0,0,0,0,0,0,0,0,0,0,0,0,0,0,0,0,0,0,0,0,0,0,2,0,2307187,8,8,8,464.314,128,0.664581,0,0.01,349760,0,301787,220457,0,0,0,0,0,0,0,0,0,0,2083536,3923,0,148953,60889,66964,6075,0,228063,0,7675,220388,0,0,0,55461,244943,259109,1747674,0,0,0,0,0,0,0,0,0,0,0,0,0,0,0,0,0,0,0,43929,43810,1936598,149149,0,220457,0,0,0,0,555,18715,123373,101256,1,parallel,/home/user/workspace/csg-htsim/.worktrees/grade-collective-sweep/sim/datacenter/htsim_roce -o /home/user/workspace/csg-htsim/.worktrees/grade-collective-sweep/experiments/n-mrc/output/grade_collective_scale_concurrency_20260726/raw/collective_p2_flow512kib/sharp/seed_29/logout.dat -tm /home/user/workspace/csg-htsim/.worktrees/grade-collective-sweep/experiments/n-mrc/output/grade_collective_scale_concurrency_20260726/traffic/n128_collective_p2_flow512kib_seed29.cm -nodes 128 -conns 16256 -tiers 2 -lb grade -linkspeed 400000 -queue_type composite_ecn_lb -host_queue_type prio -mtu 4096 -end 100000 -paths 8 -seed 29 -cc dcqcn_variant -roce_rx_mode sp -roce_sack_bitmap_bits 64 -roce_transport_semantics mrc_exact_bounded -roce_trim_recovery exact -hop_latency 0.5 -switch_latency 0.5 -queue_cv_sample_us 100 -stor_level_weights 8 2 1 0,16256,1,0,0.0,0.0,0.0,16256,512,16256,3068.84,1173.5825229515194,2655.1635,3068.84,1173.5825229515194,1,1131.62,2389.025,2917.821250000009,2655.1635,2,63.5,all_to_all_cct_us,3068.84,0,collective_p2_flow512kib,29,339c4685a90c8895efad0229af8f25cc2d0fe613fa8cd459bb3c0ab396ca3ea9,23c814e102f7112c51a57c3ee2e621842be5a20b6d7ea292cfbbc4e4e467d853,16256,sharp,8/2/1/0
367,0,4366200,117,182733,0,0,4096,5810,242,2080768,0,0,0,0,0,0,0,0,0,0,0,0,0,0,0,0,0,0,0,0,0,0,0,0,0,0,0,0,0,0,0,0,0,0,0,0,0,0,0,0,0,0,0,0,0,0,0,0,0,0,0,0,0,0,0,0,0,0,0,0,0,0,0,0,0,0,0,0,0,0,0,0,5,0,2269020,8,8,8,496.137,128,0.534923,0,0.01,349504,0,342645,183431,0,0,0,0,0,0,0,0,0,0,2082429,2927,0,169952,59261,63930,4669,0,189269,0,5909,183360,0,0,0,48802,210328,234197,1775693,0,0,0,0,0,0,0,0,0,0,0,0,0,0,0,0,0,0,0,38806,38689,1914337,170182,0,183431,0,0,0,0,366,13774,114261,108036,1,parallel,/home/user/workspace/csg-htsim/.worktrees/grade-collective-sweep/sim/datacenter/htsim_roce -o /home/user/workspace/csg-htsim/.worktrees/grade-collective-sweep/experiments/n-mrc/output/grade_collective_scale_concurrency_20260726/raw/collective_p2_flow512kib/sharp/seed_47/logout.dat -tm /home/user/workspace/csg-htsim/.worktrees/grade-collective-sweep/experiments/n-mrc/output/grade_collective_scale_concurrency_20260726/traffic/n128_collective_p2_flow512kib_seed47.cm -nodes 128 -conns 16256 -tiers 2 -lb grade -linkspeed 400000 -queue_type composite_ecn_lb -host_queue_type prio -mtu 4096 -end 100000 -paths 8 -seed 47 -cc dcqcn_variant -roce_rx_mode sp -roce_sack_bitmap_bits 64 -roce_transport_semantics mrc_exact_bounded -roce_trim_recovery exact -hop_latency 0.5 -switch_latency 0.5 -queue_cv_sample_us 100 -stor_level_weights 8 2 1 0,16256,1,0,0.0,0.0,0.0,16256,512,16256,2613.84,1127.5932344611201,2390.9360000000006,2613.84,1127.5932344611201,1,1106.045,2230.54,2534.4067000000014,2390.9360000000006,2,63.5,all_to_all_cct_us,2613.84,0,collective_p2_flow512kib,47,339c4685a90c8895efad0229af8f25cc2d0fe613fa8cd459bb3c0ab396ca3ea9,0c9009b3b87d7b2403384f545a9949247734472ed4a7fbe5b26e76b2b72cb2d6,16256,sharp,8/2/1/0
80480,0,27451939,187541,296458,0,0,4096,318403,14636,2080768,0,0,0,0,0,0,0,0,0,0,0,0,0,0,0,0,0,0,0,0,0,0,0,0,0,0,0,0,0,0,0,0,0,0,0,0,0,0,0,0,0,0,0,0,0,0,0,0,0,0,0,0,0,0,0,0,0,0,0,0,0,0,0,0,0,0,0,0,0,0,0,4,7,0,2677416,8,8,8,908.819,128,0.41273,0,0.02,349760,0,2692320,409653,0,0,0,0,0,0,0,0,0,0,2234747,156696,0,853463,76565,88069,11504,0,897473,0,501737,395736,0,0,2751,142271,403151,321866,1810128,0,0,0,0,0,0,0,0,0,0,0,0,0,0,0,0,0,0,0,28657,27971,1390951,873391,0,409653,0,0,0,0,1497,90163,75316,84365,1,parallel,/home/user/workspace/csg-htsim/.worktrees/grade-collective-sweep/sim/datacenter/htsim_roce -o /home/user/workspace/csg-htsim/.worktrees/grade-collective-sweep/experiments/n-mrc/output/grade_collective_scale_concurrency_20260726/raw/collective_p32_flow512kib/default/seed_13/logout.dat -tm /home/user/workspace/csg-htsim/.worktrees/grade-collective-sweep/experiments/n-mrc/output/grade_collective_scale_concurrency_20260726/traffic/n128_collective_p32_flow512kib_seed13.cm -nodes 128 -conns 16256 -tiers 2 -lb grade -linkspeed 400000 -queue_type composite_ecn_lb -host_queue_type prio -mtu 4096 -end 100000 -paths 8 -seed 13 -cc dcqcn_variant -roce_rx_mode sp -roce_sack_bitmap_bits 64 -roce_transport_semantics mrc_exact_bounded -roce_trim_recovery exact -hop_latency 0.5 -switch_latency 0.5 -queue_cv_sample_us 100 -stor_level_weights 4 2 1 0,16256,1,0,0.0,0.0,0.0,16256,512,16256,1978.82,1120.487197773131,1910.2065000000002,1978.82,1120.487197773131,1,1227.785,1854.6350000000002,1950.5364500000003,1910.2065000000002,32,63.5,all_to_all_cct_us,1978.82,0,collective_p32_flow512kib,13,339c4685a90c8895efad0229af8f25cc2d0fe613fa8cd459bb3c0ab396ca3ea9,b0cad932dea6500b869eb782612691c35b7e492b816d3bd777b3f7a018db2648,16256,default,4/2/1/0
67942,0,25428037,191504,296854,0,0,4096,302733,14196,2080768,0,0,0,0,0,0,0,0,0,0,0,0,0,0,0,0,0,0,0,0,0,0,0,0,0,0,0,0,0,0,0,0,0,0,0,0,0,0,0,0,0,0,0,0,0,0,0,0,0,0,0,0,0,0,0,0,0,0,0,0,0,0,0,0,0,0,0,0,0,0,0,1,2,0,2662371,8,8,8,978.807,128,0.533669,0,0.02,349760,0,2708201,400085,0,0,0,0,0,0,0,0,0,0,2221128,143153,0,812656,76164,87172,11008,0,873178,0,490140,383038,0,0,3374,145800,392681,321255,1802635,0,0,0,0,0,0,0,0,0,0,0,0,0,0,0,0,0,0,0,28986,28361,1420667,838077,0,400085,0,0,0,0,1513,95461,76586,92569,1,parallel,/home/user/workspace/csg-htsim/.worktrees/grade-collective-sweep/sim/datacenter/htsim_roce -o /home/user/workspace/csg-htsim/.worktrees/grade-collective-sweep/experiments/n-mrc/output/grade_collective_scale_concurrency_20260726/raw/collective_p32_flow512kib/default/seed_29/logout.dat -tm /home/user/workspace/csg-htsim/.worktrees/grade-collective-sweep/experiments/n-mrc/output/grade_collective_scale_concurrency_20260726/traffic/n128_collective_p32_flow512kib_seed29.cm -nodes 128 -conns 16256 -tiers 2 -lb grade -linkspeed 400000 -queue_type composite_ecn_lb -host_queue_type prio -mtu 4096 -end 100000 -paths 8 -seed 29 -cc dcqcn_variant -roce_rx_mode sp -roce_sack_bitmap_bits 64 -roce_transport_semantics mrc_exact_bounded -roce_trim_recovery exact -hop_latency 0.5 -switch_latency 0.5 -queue_cv_sample_us 100 -stor_level_weights 4 2 1 0,16256,1,0,0.0,0.0,0.0,16256,512,16256,2004.17,1114.6473937623084,1917.6500000000003,2004.17,1114.6473937623084,1,1233.47,1859.8524999999997,1959.742500000002,1917.6500000000003,32,63.5,all_to_all_cct_us,2004.17,0,collective_p32_flow512kib,29,339c4685a90c8895efad0229af8f25cc2d0fe613fa8cd459bb3c0ab396ca3ea9,3679f8237b0e62fe092eabf152b7aa5141ea2c541a0a3e43acf230bd7c7839b6,16256,default,4/2/1/0
80409,0,27937681,185500,289728,0,0,4096,311088,13847,2080768,0,0,0,0,0,0,0,0,0,0,0,0,0,0,0,0,0,0,0,0,0,0,0,0,0,0,0,0,0,0,0,0,0,0,0,0,0,0,0,0,0,0,0,0,0,0,0,0,0,0,0,0,0,0,0,0,0,0,0,0,0,0,0,0,0,0,0,0,0,0,0,0,5,0,2664216,8,8,8,856.016,128,0.518377,0,0.02,349888,0,2577275,399882,0,0,0,0,0,0,0,0,0,0,2232550,154593,0,831045,76286,87559,11273,0,880477,0,492468,388009,0,0,3045,139708,372894,306732,1844882,0,0,0,0,0,0,0,0,0,0,0,0,0,0,0,0,0,0,0,28175,27472,1411478,849174,0,399882,0,0,0,0,1434,88568,74155,86627,1,parallel,/home/user/workspace/csg-htsim/.worktrees/grade-collective-sweep/sim/datacenter/htsim_roce -o /home/user/workspace/csg-htsim/.worktrees/grade-collective-sweep/experiments/n-mrc/output/grade_collective_scale_concurrency_20260726/raw/collective_p32_flow512kib/default/seed_47/logout.dat -tm /home/user/workspace/csg-htsim/.worktrees/grade-collective-sweep/experiments/n-mrc/output/grade_collective_scale_concurrency_20260726/traffic/n128_collective_p32_flow512kib_seed47.cm -nodes 128 -conns 16256 -tiers 2 -lb grade -linkspeed 400000 -queue_type composite_ecn_lb -host_queue_type prio -mtu 4096 -end 100000 -paths 8 -seed 47 -cc dcqcn_variant -roce_rx_mode sp -roce_sack_bitmap_bits 64 -roce_transport_semantics mrc_exact_bounded -roce_trim_recovery exact -hop_latency 0.5 -switch_latency 0.5 -queue_cv_sample_us 100 -stor_level_weights 4 2 1 0,16256,1,0,0.0,0.0,0.0,16256,512,16256,1980.77,1112.0423472563973,1915.498,1980.77,1112.0423472563973,1,1213.155,1851.715,1951.0758000000008,1915.498,32,63.5,all_to_all_cct_us,1980.77,0,collective_p32_flow512kib,47,339c4685a90c8895efad0229af8f25cc2d0fe613fa8cd459bb3c0ab396ca3ea9,f8f2ba8e9d9f39068585908d4ae54e44c714f9e7cc7e3cd1e5be467a98cedf6a,16256,default,4/2/1/0
65225,0,26559978,192298,226234,0,0,4096,287956,12314,2080768,0,0,0,0,0,0,0,0,0,0,0,0,0,0,0,0,0,0,0,0,0,0,0,0,0,0,0,0,0,0,0,0,0,0,0,0,0,0,0,0,0,0,0,0,0,0,0,0,0,0,0,0,0,0,0,0,0,0,0,0,0,0,0,0,0,0,0,0,0,0,0,5,7,0,2581036,8,8,8,853.29,128,0.529765,0,0.02,349824,0,2293030,318269,0,0,0,0,0,0,0,0,0,0,2227302,149068,0,704066,74673,83657,8984,0,783853,0,476656,307197,0,0,5020,110528,415940,284783,1769785,0,0,0,0,0,0,0,0,0,0,0,0,0,0,0,0,0,0,0,23925,23504,1535964,723329,0,318269,0,0,0,0,1068,65896,67160,102922,1,parallel,/home/user/workspace/csg-htsim/.worktrees/grade-collective-sweep/sim/datacenter/htsim_roce -o /home/user/workspace/csg-htsim/.worktrees/grade-collective-sweep/experiments/n-mrc/output/grade_collective_scale_concurrency_20260726/raw/collective_p32_flow512kib/equal/seed_13/logout.dat -tm /home/user/workspace/csg-htsim/.worktrees/grade-collective-sweep/experiments/n-mrc/output/grade_collective_scale_concurrency_20260726/traffic/n128_collective_p32_flow512kib_seed13.cm -nodes 128 -conns 16256 -tiers 2 -lb grade -linkspeed 400000 -queue_type composite_ecn_lb -host_queue_type prio -mtu 4096 -end 100000 -paths 8 -seed 13 -cc dcqcn_variant -roce_rx_mode sp -roce_sack_bitmap_bits 64 -roce_transport_semantics mrc_exact_bounded -roce_trim_recovery exact -hop_latency 0.5 -switch_latency 0.5 -queue_cv_sample_us 100 -stor_level_weights 4 4 4 0,16256,1,0,0.0,0.0,0.0,16256,512,16256,1936.59,1042.5735290354348,1870.9685000000002,1936.59,1042.5735290354348,1,1112.315,1782.23,1915.7868000000003,1870.9685000000002,32,63.5,all_to_all_cct_us,1936.59,0,collective_p32_flow512kib,13,339c4685a90c8895efad0229af8f25cc2d0fe613fa8cd459bb3c0ab396ca3ea9,b0cad932dea6500b869eb782612691c35b7e492b816d3bd777b3f7a018db2648,16256,equal,4/4/4/0
66075,0,26763520,194853,242640,0,0,4096,292675,13150,2080768,0,0,0,0,0,0,0,0,0,0,0,0,0,0,0,0,0,0,0,0,0,0,0,0,0,0,0,0,0,0,0,0,0,0,0,0,0,0,0,0,0,0,0,0,0,0,0,0,0,0,0,0,0,0,0,0,0,0,0,0,0,0,0,0,0,0,0,0,0,0,0,0,2,0,2600655,8,8,8,881.647,128,0.521829,0,0.02,349824,0,2357954,338675,0,0,0,0,0,0,0,0,0,0,2223513,145384,0,715641,74512,84038,9526,0,809192,0,483935,325257,0,0,4799,111684,446946,297501,1744524,0,0,0,0,0,0,0,0,0,0,0,0,0,0,0,0,0,0,0,25463,25191,1520754,737565,0,338675,0,0,0,0,1076,64929,69810,104431,1,parallel,/home/user/workspace/csg-htsim/.worktrees/grade-collective-sweep/sim/datacenter/htsim_roce -o /home/user/workspace/csg-htsim/.worktrees/grade-collective-sweep/experiments/n-mrc/output/grade_collective_scale_concurrency_20260726/raw/collective_p32_flow512kib/equal/seed_29/logout.dat -tm /home/user/workspace/csg-htsim/.worktrees/grade-collective-sweep/experiments/n-mrc/output/grade_collective_scale_concurrency_20260726/traffic/n128_collective_p32_flow512kib_seed29.cm -nodes 128 -conns 16256 -tiers 2 -lb grade -linkspeed 400000 -queue_type composite_ecn_lb -host_queue_type prio -mtu 4096 -end 100000 -paths 8 -seed 29 -cc dcqcn_variant -roce_rx_mode sp -roce_sack_bitmap_bits 64 -roce_transport_semantics mrc_exact_bounded -roce_trim_recovery exact -hop_latency 0.5 -switch_latency 0.5 -queue_cv_sample_us 100 -stor_level_weights 4 4 4 0,16256,1,0,0.0,0.0,0.0,16256,512,16256,1930.25,1056.8618291092525,1887.9035000000001,1930.25,1056.8618291092525,1,1120.525,1826.4925,1914.6166500000002,1887.9035000000001,32,63.5,all_to_all_cct_us,1930.25,0,collective_p32_flow512kib,29,339c4685a90c8895efad0229af8f25cc2d0fe613fa8cd459bb3c0ab396ca3ea9,3679f8237b0e62fe092eabf152b7aa5141ea2c541a0a3e43acf230bd7c7839b6,16256,equal,4/4/4/0
60574,0,26099004,190553,218780,0,0,4096,313403,11875,2080768,0,0,0,0,0,0,0,0,0,0,0,0,0,0,0,0,0,0,0,0,0,0,0,0,0,0,0,0,0,0,0,0,0,0,0,0,0,0,0,0,0,0,0,0,0,0,0,0,0,0,0,0,0,0,0,0,0,0,0,0,0,0,0,0,0,0,0,0,0,0,0,1,5,0,2601702,8,8,8,922.634,128,0.415684,0,0.02,349696,0,2214423,311749,0,0,0,0,0,0,0,0,0,0,2235747,157203,0,632785,74498,83215,8717,0,794996,0,500853,294143,0,0,6320,95343,372393,292726,1841240,0,0,0,0,0,0,0,0,0,0,0,0,0,0,0,0,0,0,0,24607,24227,1624656,662135,0,311749,0,0,0,0,803,52911,71287,111270,1,parallel,/home/user/workspace/csg-htsim/.worktrees/grade-collective-sweep/sim/datacenter/htsim_roce -o /home/user/workspace/csg-htsim/.worktrees/grade-collective-sweep/experiments/n-mrc/output/grade_collective_scale_concurrency_20260726/raw/collective_p32_flow512kib/equal/seed_47/logout.dat -tm /home/user/workspace/csg-htsim/.worktrees/grade-collective-sweep/experiments/n-mrc/output/grade_collective_scale_concurrency_20260726/traffic/n128_collective_p32_flow512kib_seed47.cm -nodes 128 -conns 16256 -tiers 2 -lb grade -linkspeed 400000 -queue_type composite_ecn_lb -host_queue_type prio -mtu 4096 -end 100000 -paths 8 -seed 47 -cc dcqcn_variant -roce_rx_mode sp -roce_sack_bitmap_bits 64 -roce_transport_semantics mrc_exact_bounded -roce_trim_recovery exact -hop_latency 0.5 -switch_latency 0.5 -queue_cv_sample_us 100 -stor_level_weights 4 4 4 0,16256,1,0,0.0,0.0,0.0,16256,512,16256,1925.43,1034.818745693896,1850.3955,1925.43,1034.818745693896,1,1040.335,1787.9175,1888.7037,1850.3955,32,63.5,all_to_all_cct_us,1925.43,0,collective_p32_flow512kib,47,339c4685a90c8895efad0229af8f25cc2d0fe613fa8cd459bb3c0ab396ca3ea9,f8f2ba8e9d9f39068585908d4ae54e44c714f9e7cc7e3cd1e5be467a98cedf6a,16256,equal,4/4/4/0
67229,0,26745122,184091,250140,0,0,4096,289254,12535,2080768,0,0,0,0,0,0,0,0,0,0,0,0,0,0,0,0,0,0,0,0,0,0,0,0,0,0,0,0,0,0,0,0,0,0,0,0,0,0,0,0,0,0,0,0,0,0,0,0,0,0,0,0,0,0,0,0,0,0,0,0,0,0,0,0,0,0,0,0,0,0,0,0,7,0,2604943,8,8,8,856.087,128,0.457184,0,0.02,349696,0,2406832,346037,0,0,0,0,0,0,0,0,0,0,2222827,144904,0,766471,75196,85083,9887,0,803071,0,469734,333337,0,0,4272,121883,373304,301963,1807793,0,0,0,0,0,0,0,0,0,0,0,0,0,0,0,0,0,0,0,26218,25617,1467908,787159,0,346037,0,0,0,0,1209,74377,70638,100100,1,parallel,/home/user/workspace/csg-htsim/.worktrees/grade-collective-sweep/sim/datacenter/htsim_roce -o /home/user/workspace/csg-htsim/.worktrees/grade-collective-sweep/experiments/n-mrc/output/grade_collective_scale_concurrency_20260726/raw/collective_p32_flow512kib/gentle/seed_13/logout.dat -tm /home/user/workspace/csg-htsim/.worktrees/grade-collective-sweep/experiments/n-mrc/output/grade_collective_scale_concurrency_20260726/traffic/n128_collective_p32_flow512kib_seed13.cm -nodes 128 -conns 16256 -tiers 2 -lb grade -linkspeed 400000 -queue_type composite_ecn_lb -host_queue_type prio -mtu 4096 -end 100000 -paths 8 -seed 13 -cc dcqcn_variant -roce_rx_mode sp -roce_sack_bitmap_bits 64 -roce_transport_semantics mrc_exact_bounded -roce_trim_recovery exact -hop_latency 0.5 -switch_latency 0.5 -queue_cv_sample_us 100 -stor_level_weights 4 3 2 0,16256,1,0,0.0,0.0,0.0,16256,512,16256,1945.94,1063.3063891486217,1866.478,1945.94,1063.3063891486217,1,1154.57,1799.8975,1906.9399000000008,1866.478,32,63.5,all_to_all_cct_us,1945.94,0,collective_p32_flow512kib,13,339c4685a90c8895efad0229af8f25cc2d0fe613fa8cd459bb3c0ab396ca3ea9,b0cad932dea6500b869eb782612691c35b7e492b816d3bd777b3f7a018db2648,16256,gentle,4/3/2/0
65817,0,27471765,191917,260591,0,0,4096,300427,13680,2080768,0,0,0,0,0,0,0,0,0,0,0,0,0,0,0,0,0,0,0,0,0,0,0,0,0,0,0,0,0,0,0,0,0,0,0,0,0,0,0,0,0,0,0,0,0,0,0,0,0,0,0,0,0,0,0,0,0,0,0,0,0,0,0,0,0,0,0,0,0,0,0,0,2,0,2627064,8,8,8,871.133,128,0.5437,0,0.02,349696,0,2448464,359814,0,0,0,0,0,0,0,0,0,0,2223844,146084,0,750391,74948,84960,10012,0,832275,0,488823,343452,0,0,4385,116458,388013,321312,1801281,0,0,0,0,0,0,0,0,0,0,0,0,0,0,0,0,0,0,0,26926,26508,1487165,776025,0,359814,0,0,0,0,1139,67167,73195,103460,1,parallel,/home/user/workspace/csg-htsim/.worktrees/grade-collective-sweep/sim/datacenter/htsim_roce -o /home/user/workspace/csg-htsim/.worktrees/grade-collective-sweep/experiments/n-mrc/output/grade_collective_scale_concurrency_20260726/raw/collective_p32_flow512kib/gentle/seed_29/logout.dat -tm /home/user/workspace/csg-htsim/.worktrees/grade-collective-sweep/experiments/n-mrc/output/grade_collective_scale_concurrency_20260726/traffic/n128_collective_p32_flow512kib_seed29.cm -nodes 128 -conns 16256 -tiers 2 -lb grade -linkspeed 400000 -queue_type composite_ecn_lb -host_queue_type prio -mtu 4096 -end 100000 -paths 8 -seed 29 -cc dcqcn_variant -roce_rx_mode sp -roce_sack_bitmap_bits 64 -roce_transport_semantics mrc_exact_bounded -roce_trim_recovery exact -hop_latency 0.5 -switch_latency 0.5 -queue_cv_sample_us 100 -stor_level_weights 4 3 2 0,16256,1,0,0.0,0.0,0.0,16256,512,16256,1947.79,1077.9073727854363,1891.758,1947.79,1077.9073727854363,1,1179.94,1826.58,1931.269,1891.758,32,63.5,all_to_all_cct_us,1947.79,0,collective_p32_flow512kib,29,339c4685a90c8895efad0229af8f25cc2d0fe613fa8cd459bb3c0ab396ca3ea9,3679f8237b0e62fe092eabf152b7aa5141ea2c541a0a3e43acf230bd7c7839b6,16256,gentle,4/3/2/0
71858,0,27640884,184184,257889,0,0,4096,301480,13443,2080768,0,0,0,0,0,0,0,0,0,0,0,0,0,0,0,0,0,0,0,0,0,0,0,0,0,0,0,0,0,0,0,0,0,0,0,0,0,0,0,0,0,0,0,0,0,0,0,0,0,0,0,0,0,0,0,0,0,0,0,0,0,0,0,0,0,0,0,0,0,0,0,3,5,0,2625817,8,8,8,816.634,128,0.492108,0,0.02,349696,0,2417901,360204,0,0,0,0,0,0,0,0,0,0,2227984,150159,0,775391,75548,85568,10020,0,828672,0,482082,346590,0,0,4043,121044,401951,310309,1792513,0,0,0,0,0,0,0,0,0,0,0,0,0,0,0,0,0,0,0,26392,25825,1465345,796279,0,360204,0,0,0,0,1227,72048,71567,92497,1,parallel,/home/user/workspace/csg-htsim/.worktrees/grade-collective-sweep/sim/datacenter/htsim_roce -o /home/user/workspace/csg-htsim/.worktrees/grade-collective-sweep/experiments/n-mrc/output/grade_collective_scale_concurrency_20260726/raw/collective_p32_flow512kib/gentle/seed_47/logout.dat -tm /home/user/workspace/csg-htsim/.worktrees/grade-collective-sweep/experiments/n-mrc/output/grade_collective_scale_concurrency_20260726/traffic/n128_collective_p32_flow512kib_seed47.cm -nodes 128 -conns 16256 -tiers 2 -lb grade -linkspeed 400000 -queue_type composite_ecn_lb -host_queue_type prio -mtu 4096 -end 100000 -paths 8 -seed 47 -cc dcqcn_variant -roce_rx_mode sp -roce_sack_bitmap_bits 64 -roce_transport_semantics mrc_exact_bounded -roce_trim_recovery exact -hop_latency 0.5 -switch_latency 0.5 -queue_cv_sample_us 100 -stor_level_weights 4 3 2 0,16256,1,0,0.0,0.0,0.0,16256,512,16256,1940.98,1079.3672935531492,1881.0545,1940.98,1079.3672935531492,1,1185.1399999999999,1816.93,1919.109500000001,1881.0545,32,63.5,all_to_all_cct_us,1940.98,0,collective_p32_flow512kib,47,339c4685a90c8895efad0229af8f25cc2d0fe613fa8cd459bb3c0ab396ca3ea9,f8f2ba8e9d9f39068585908d4ae54e44c714f9e7cc7e3cd1e5be467a98cedf6a,16256,gentle,4/3/2/0
90513,0,28539034,187689,315945,0,0,4096,320599,15545,2080768,0,0,0,0,0,0,0,0,0,0,0,0,0,0,0,0,0,0,0,0,0,0,0,0,0,0,0,0,0,0,0,0,0,0,0,0,0,0,0,0,0,0,0,0,0,0,0,0,0,0,0,0,0,0,0,0,0,0,0,0,0,0,0,0,0,0,0,0,0,0,0,1,7,0,2696437,8,8,8,943.008,128,0.414759,0,0.02,349632,0,2843299,436583,0,0,0,0,0,0,0,0,0,0,2233796,155710,0,893675,76915,89244,12329,0,930229,0,503357,426872,0,0,2141,158930,391126,277336,1869045,0,0,0,0,0,0,0,0,0,0,0,0,0,0,0,0,0,0,0,29143,28452,1347868,908544,0,436583,0,0,0,0,1674,105972,75933,78165,1,parallel,/home/user/workspace/csg-htsim/.worktrees/grade-collective-sweep/sim/datacenter/htsim_roce -o /home/user/workspace/csg-htsim/.worktrees/grade-collective-sweep/experiments/n-mrc/output/grade_collective_scale_concurrency_20260726/raw/collective_p32_flow512kib/sharp/seed_13/logout.dat -tm /home/user/workspace/csg-htsim/.worktrees/grade-collective-sweep/experiments/n-mrc/output/grade_collective_scale_concurrency_20260726/traffic/n128_collective_p32_flow512kib_seed13.cm -nodes 128 -conns 16256 -tiers 2 -lb grade -linkspeed 400000 -queue_type composite_ecn_lb -host_queue_type prio -mtu 4096 -end 100000 -paths 8 -seed 13 -cc dcqcn_variant -roce_rx_mode sp -roce_sack_bitmap_bits 64 -roce_transport_semantics mrc_exact_bounded -roce_trim_recovery exact -hop_latency 0.5 -switch_latency 0.5 -queue_cv_sample_us 100 -stor_level_weights 8 2 1 0,16256,1,0,0.0,0.0,0.0,16256,512,16256,1982.15,1137.5349641978319,1926.9975000000002,1982.15,1137.5349641978319,1,1242.38,1875.5974999999999,1958.7875500000007,1926.9975000000002,32,63.5,all_to_all_cct_us,1982.15,0,collective_p32_flow512kib,13,339c4685a90c8895efad0229af8f25cc2d0fe613fa8cd459bb3c0ab396ca3ea9,b0cad932dea6500b869eb782612691c35b7e492b816d3bd777b3f7a018db2648,16256,sharp,8/2/1/0
80509,0,27351431,194962,323862,0,0,4096,323051,15451,2080768,0,0,0,0,0,0,0,0,0,0,0,0,0,0,0,0,0,0,0,0,0,0,0,0,0,0,0,0,0,0,0,0,0,0,0,0,0,0,0,0,0,0,0,0,0,0,0,0,0,0,0,0,0,0,0,0,0,0,0,0,0,0,0,0,0,0,0,0,0,0,0,3,2,0,2706815,8,8,8,1007.38,128,0.491678,0,0.02,349760,0,2858951,439452,0,0,0,0,0,0,0,0,0,0,2233652,155442,0,869382,77128,89446,12318,0,937792,0,513201,424591,0,0,2711,157243,398923,288468,1862181,0,0,0,0,0,0,0,0,0,0,0,0,0,0,0,0,0,0,0,31298,30554,1374598,889489,0,439452,0,0,0,0,1718,104599,79666,87890,1,parallel,/home/user/workspace/csg-htsim/.worktrees/grade-collective-sweep/sim/datacenter/htsim_roce -o /home/user/workspace/csg-htsim/.worktrees/grade-collective-sweep/experiments/n-mrc/output/grade_collective_scale_concurrency_20260726/raw/collective_p32_flow512kib/sharp/seed_29/logout.dat -tm /home/user/workspace/csg-htsim/.worktrees/grade-collective-sweep/experiments/n-mrc/output/grade_collective_scale_concurrency_20260726/traffic/n128_collective_p32_flow512kib_seed29.cm -nodes 128 -conns 16256 -tiers 2 -lb grade -linkspeed 400000 -queue_type composite_ecn_lb -host_queue_type prio -mtu 4096 -end 100000 -paths 8 -seed 29 -cc dcqcn_variant -roce_rx_mode sp -roce_sack_bitmap_bits 64 -roce_transport_semantics mrc_exact_bounded -roce_trim_recovery exact -hop_latency 0.5 -switch_latency 0.5 -queue_cv_sample_us 100 -stor_level_weights 8 2 1 0,16256,1,0,0.0,0.0,0.0,16256,512,16256,2047.4,1141.5036700295323,1948.365,2047.4,1141.5036700295323,1,1248.65,1893.8075,1999.7956500000034,1948.365,32,63.5,all_to_all_cct_us,2047.4,0,collective_p32_flow512kib,29,339c4685a90c8895efad0229af8f25cc2d0fe613fa8cd459bb3c0ab396ca3ea9,3679f8237b0e62fe092eabf152b7aa5141ea2c541a0a3e43acf230bd7c7839b6,16256,sharp,8/2/1/0
85278,0,28217634,187067,313420,0,0,4096,317127,15571,2080768,0,0,0,0,0,0,0,0,0,0,0,0,0,0,0,0,0,0,0,0,0,0,0,0,0,0,0,0,0,0,0,0,0,0,0,0,0,0,0,0,0,0,0,0,0,0,0,0,0,0,0,0,0,0,0,0,0,0,0,0,0,0,0,0,0,0,0,0,0,0,0,0,5,0,2692446,8,8,8,910.388,128,0.465034,0,0.02,349696,0,2711501,430866,0,0,0,0,0,0,0,0,0,0,2230952,152919,0,858560,76950,88968,12018,0,918340,0,499867,418473,0,0,2782,141764,366979,271130,1912573,0,0,0,0,0,0,0,0,0,0,0,0,0,0,0,0,0,0,0,29067,28349,1382129,875883,0,430866,0,0,0,0,1565,89489,75440,82190,1,parallel,/home/user/workspace/csg-htsim/.worktrees/grade-collective-sweep/sim/datacenter/htsim_roce -o /home/user/workspace/csg-htsim/.worktrees/grade-collective-sweep/experiments/n-mrc/output/grade_collective_scale_concurrency_20260726/raw/collective_p32_flow512kib/sharp/seed_47/logout.dat -tm /home/user/workspace/csg-htsim/.worktrees/grade-collective-sweep/experiments/n-mrc/output/grade_collective_scale_concurrency_20260726/traffic/n128_collective_p32_flow512kib_seed47.cm -nodes 128 -conns 16256 -tiers 2 -lb grade -linkspeed 400000 -queue_type composite_ecn_lb -host_queue_type prio -mtu 4096 -end 100000 -paths 8 -seed 47 -cc dcqcn_variant -roce_rx_mode sp -roce_sack_bitmap_bits 64 -roce_transport_semantics mrc_exact_bounded -roce_trim_recovery exact -hop_latency 0.5 -switch_latency 0.5 -queue_cv_sample_us 100 -stor_level_weights 8 2 1 0,16256,1,0,0.0,0.0,0.0,16256,512,16256,2005.45,1129.6878265871085,1935.0005,2005.45,1129.6878265871085,1,1238.79,1881.8925,1977.2719000000006,1935.0005,32,63.5,all_to_all_cct_us,2005.45,0,collective_p32_flow512kib,47,339c4685a90c8895efad0229af8f25cc2d0fe613fa8cd459bb3c0ab396ca3ea9,f8f2ba8e9d9f39068585908d4ae54e44c714f9e7cc7e3cd1e5be467a98cedf6a,16256,sharp,8/2/1/0
0,0,519739,0,111,0,0,0,0,0,520192,0,0,0,0,0,0,0,0,0,0,0,0,0,0,0,0,0,0,0,0,0,0,0,0,0,0,0,0,0,0,0,0,0,0,0,0,0,0,0,0,0,0,0,0,0,0,0,0,0,0,0,0,0,0,0,0,0,0,0,0,0,0,0,0,0,0,0,0,0,0,0,0,7,0,520303,8,8,8,34.6421,128,0.696563,0,0,58304,0,168,111,0,0,0,0,0,0,0,0,0,0,519712,0,0,104,15625,15631,6,0,111,0,0,111,0,0,0,0,1,191,520111,0,0,0,0,0,0,0,0,0,0,0,0,0,0,0,0,0,0,0,0,0,520087,105,3,111,0,0,0,0,0,0,124,639,1,flow_size,/home/user/workspace/csg-htsim/.worktrees/grade-collective-sweep/sim/datacenter/htsim_roce -o /home/user/workspace/csg-htsim/.worktrees/grade-collective-sweep/experiments/n-mrc/output/grade_collective_scale_concurrency_20260726/raw/collective_p4_flow128kib/default/seed_13/logout.dat -tm /home/user/workspace/csg-htsim/.worktrees/grade-collective-sweep/experiments/n-mrc/output/grade_collective_scale_concurrency_20260726/traffic/n128_collective_p4_flow128kib_seed13.cm -nodes 128 -conns 16256 -tiers 2 -lb grade -linkspeed 400000 -queue_type composite_ecn_lb -host_queue_type prio -mtu 4096 -end 100000 -paths 8 -seed 13 -cc dcqcn_variant -roce_rx_mode sp -roce_sack_bitmap_bits 64 -roce_transport_semantics mrc_exact_bounded -roce_trim_recovery exact -hop_latency 0.5 -switch_latency 0.5 -queue_cv_sample_us 100 -stor_level_weights 4 2 1 0,16256,1,0,0.0,0.0,0.0,16256,128,16256,484.181,240.3928170460134,458.74060000000003,484.181,240.3928170460134,1,241.2965,439.539,469.5969900000001,458.74060000000003,4,15.875,all_to_all_cct_us,484.181,0,collective_p4_flow128kib,13,339c4685a90c8895efad0229af8f25cc2d0fe613fa8cd459bb3c0ab396ca3ea9,c1b4d236e297dedf812bdfce56ac1de89451292e7301982b3355960a77160fc5,16256,default,4/2/1/0
0,0,519783,0,79,0,0,0,0,0,520192,0,0,0,0,0,0,0,0,0,0,0,0,0,0,0,0,0,0,0,0,0,0,0,0,0,0,0,0,0,0,0,0,0,0,0,0,0,0,0,0,0,0,0,0,0,0,0,0,0,0,0,0,0,0,0,0,0,0,0,0,0,0,0,0,0,0,0,0,0,0,0,0,2,0,520271,8,8,8,37.4269,128,0.527299,0,0,83200,0,228,79,0,0,0,0,0,0,0,0,0,0,519740,0,0,120,15393,15397,4,0,79,0,0,79,0,0,0,0,0,135,520136,0,0,0,0,0,0,0,0,0,0,0,0,0,0,0,0,0,0,0,3,3,520072,120,0,79,0,0,0,0,0,0,128,628,1,flow_size,/home/user/workspace/csg-htsim/.worktrees/grade-collective-sweep/sim/datacenter/htsim_roce -o /home/user/workspace/csg-htsim/.worktrees/grade-collective-sweep/experiments/n-mrc/output/grade_collective_scale_concurrency_20260726/raw/collective_p4_flow128kib/default/seed_29/logout.dat -tm /home/user/workspace/csg-htsim/.worktrees/grade-collective-sweep/experiments/n-mrc/output/grade_collective_scale_concurrency_20260726/traffic/n128_collective_p4_flow128kib_seed29.cm -nodes 128 -conns 16256 -tiers 2 -lb grade -linkspeed 400000 -queue_type composite_ecn_lb -host_queue_type prio -mtu 4096 -end 100000 -paths 8 -seed 29 -cc dcqcn_variant -roce_rx_mode sp -roce_sack_bitmap_bits 64 -roce_transport_semantics mrc_exact_bounded -roce_trim_recovery exact -hop_latency 0.5 -switch_latency 0.5 -queue_cv_sample_us 100 -stor_level_weights 4 2 1 0,16256,1,0,0.0,0.0,0.0,16256,128,16256,478.834,241.09440399852448,459.76685000000003,478.834,241.09440399852448,1,242.69549999999998,440.35350000000005,469.275,459.76685000000003,4,15.875,all_to_all_cct_us,478.834,0,collective_p4_flow128kib,29,339c4685a90c8895efad0229af8f25cc2d0fe613fa8cd459bb3c0ab396ca3ea9,ad38562c72de9efa46bc7277db912dcbf473103922896f1e23d59705a9297e7d,16256,default,4/2/1/0
0,0,519741,0,53,0,0,0,0,0,520192,0,0,0,0,0,0,0,0,0,0,0,0,0,0,0,0,0,0,0,0,0,0,0,0,0,0,0,0,0,0,0,0,0,0,0,0,0,0,0,0,0,0,0,0,0,0,0,0,0,0,0,0,0,0,0,0,0,0,0,0,0,0,0,0,0,0,0,0,0,0,0,1,5,0,520245,8,8,8,34.1376,128,0.587003,0,0,54144,0,204,53,0,0,0,0,0,0,0,0,0,0,519726,0,0,120,15587,15593,6,0,53,0,0,53,0,0,0,0,1,139,520105,0,0,0,0,0,0,0,0,0,0,0,0,0,0,0,0,0,0,0,0,0,520072,120,5,53,0,0,0,0,0,0,119,660,1,flow_size,/home/user/workspace/csg-htsim/.worktrees/grade-collective-sweep/sim/datacenter/htsim_roce -o /home/user/workspace/csg-htsim/.worktrees/grade-collective-sweep/experiments/n-mrc/output/grade_collective_scale_concurrency_20260726/raw/collective_p4_flow128kib/default/seed_47/logout.dat -tm /home/user/workspace/csg-htsim/.worktrees/grade-collective-sweep/experiments/n-mrc/output/grade_collective_scale_concurrency_20260726/traffic/n128_collective_p4_flow128kib_seed47.cm -nodes 128 -conns 16256 -tiers 2 -lb grade -linkspeed 400000 -queue_type composite_ecn_lb -host_queue_type prio -mtu 4096 -end 100000 -paths 8 -seed 47 -cc dcqcn_variant -roce_rx_mode sp -roce_sack_bitmap_bits 64 -roce_transport_semantics mrc_exact_bounded -roce_trim_recovery exact -hop_latency 0.5 -switch_latency 0.5 -queue_cv_sample_us 100 -stor_level_weights 4 2 1 0,16256,1,0,0.0,0.0,0.0,16256,128,16256,483.351,241.57588887180097,461.61235,483.351,241.57588887180097,1,243.0245,441.87775,474.20049,461.61235,4,15.875,all_to_all_cct_us,483.351,0,collective_p4_flow128kib,47,339c4685a90c8895efad0229af8f25cc2d0fe613fa8cd459bb3c0ab396ca3ea9,e1e846801530ae285da85d7a658b28539f258e1f966e996fc643ba2ff87079c5,16256,default,4/2/1/0
0,0,519783,0,116,0,0,0,0,0,520192,0,0,0,0,0,0,0,0,0,0,0,0,0,0,0,0,0,0,0,0,0,0,0,0,0,0,0,0,0,0,0,0,0,0,0,0,0,0,0,0,0,0,0,0,0,0,0,0,0,0,0,0,0,0,0,0,0,0,0,0,0,0,0,0,0,0,0,0,0,0,0,3,7,0,520308,8,8,8,37.8403,128,0.552198,0,0,62400,0,182,116,0,0,0,0,0,0,0,0,0,0,519751,0,0,108,15638,15650,12,0,116,0,0,116,0,0,0,0,30,353,519925,0,0,0,0,0,0,0,0,0,0,0,0,0,0,0,0,0,0,0,0,0,520083,109,4,116,0,0,0,0,0,0,151,669,1,flow_size,/home/user/workspace/csg-htsim/.worktrees/grade-collective-sweep/sim/datacenter/htsim_roce -o /home/user/workspace/csg-htsim/.worktrees/grade-collective-sweep/experiments/n-mrc/output/grade_collective_scale_concurrency_20260726/raw/collective_p4_flow128kib/equal/seed_13/logout.dat -tm /home/user/workspace/csg-htsim/.worktrees/grade-collective-sweep/experiments/n-mrc/output/grade_collective_scale_concurrency_20260726/traffic/n128_collective_p4_flow128kib_seed13.cm -nodes 128 -conns 16256 -tiers 2 -lb grade -linkspeed 400000 -queue_type composite_ecn_lb -host_queue_type prio -mtu 4096 -end 100000 -paths 8 -seed 13 -cc dcqcn_variant -roce_rx_mode sp -roce_sack_bitmap_bits 64 -roce_transport_semantics mrc_exact_bounded -roce_trim_recovery exact -hop_latency 0.5 -switch_latency 0.5 -queue_cv_sample_us 100 -stor_level_weights 4 4 4 0,16256,1,0,0.0,0.0,0.0,16256,128,16256,492.305,240.55465340797153,460.8429,492.305,240.55465340797153,1,241.055,440.443,473.7833700000005,460.8429,4,15.875,all_to_all_cct_us,492.305,0,collective_p4_flow128kib,13,339c4685a90c8895efad0229af8f25cc2d0fe613fa8cd459bb3c0ab396ca3ea9,c1b4d236e297dedf812bdfce56ac1de89451292e7301982b3355960a77160fc5,16256,equal,4/4/4/0
0,0,519768,0,94,0,0,0,0,0,520192,0,0,0,0,0,0,0,0,0,0,0,0,0,0,0,0,0,0,0,0,0,0,0,0,0,0,0,0,0,0,0,0,0,0,0,0,0,0,0,0,0,0,0,0,0,0,0,0,0,0,0,0,0,0,0,0,0,0,0,0,0,0,0,0,0,0,0,0,0,0,0,7,2,0,520286,8,8,8,32.8363,128,0.688718,0,0,66560,0,295,94,0,0,0,0,0,0,0,0,0,0,519730,0,0,171,15347,15352,5,0,94,0,0,94,0,0,0,0,28,430,519828,0,0,0,0,0,0,0,0,0,0,0,0,0,0,0,0,0,0,0,4,4,520021,171,0,94,0,0,0,0,0,0,157,841,1,flow_size,/home/user/workspace/csg-htsim/.worktrees/grade-collective-sweep/sim/datacenter/htsim_roce -o /home/user/workspace/csg-htsim/.worktrees/grade-collective-sweep/experiments/n-mrc/output/grade_collective_scale_concurrency_20260726/raw/collective_p4_flow128kib/equal/seed_29/logout.dat -tm /home/user/workspace/csg-htsim/.worktrees/grade-collective-sweep/experiments/n-mrc/output/grade_collective_scale_concurrency_20260726/traffic/n128_collective_p4_flow128kib_seed29.cm -nodes 128 -conns 16256 -tiers 2 -lb grade -linkspeed 400000 -queue_type composite_ecn_lb -host_queue_type prio -mtu 4096 -end 100000 -paths 8 -seed 29 -cc dcqcn_variant -roce_rx_mode sp -roce_sack_bitmap_bits 64 -roce_transport_semantics mrc_exact_bounded -roce_trim_recovery exact -hop_latency 0.5 -switch_latency 0.5 -queue_cv_sample_us 100 -stor_level_weights 4 4 4 0,16256,1,0,0.0,0.0,0.0,16256,128,16256,485.456,240.26714024975445,458.8754,485.456,240.26714024975445,1,241.70999999999998,439.19500000000005,469.87172000000004,458.8754,4,15.875,all_to_all_cct_us,485.456,0,collective_p4_flow128kib,29,339c4685a90c8895efad0229af8f25cc2d0fe613fa8cd459bb3c0ab396ca3ea9,ad38562c72de9efa46bc7277db912dcbf473103922896f1e23d59705a9297e7d,16256,equal,4/4/4/0
0,0,520035,0,290,0,0,0,3,0,520192,0,0,0,0,0,0,0,0,0,0,0,0,0,0,0,0,0,0,0,0,0,0,0,0,0,0,0,0,0,0,0,0,0,0,0,0,0,0,0,0,0,0,0,0,0,0,0,0,0,0,0,0,0,0,0,0,0,0,0,0,0,0,0,0,0,0,0,0,0,0,0,1,5,0,520485,8,8,8,40.6607,128,0.595853,0,0,87360,0,223,290,0,0,0,0,0,0,0,0,0,0,519745,0,0,136,15532,15554,22,0,293,0,3,290,0,0,0,2,84,611,519788,0,0,0,0,0,0,0,0,0,0,0,0,0,0,0,0,0,0,0,3,3,520059,136,0,290,0,0,0,0,0,0,275,1154,1,flow_size,/home/user/workspace/csg-htsim/.worktrees/grade-collective-sweep/sim/datacenter/htsim_roce -o /home/user/workspace/csg-htsim/.worktrees/grade-collective-sweep/experiments/n-mrc/output/grade_collective_scale_concurrency_20260726/raw/collective_p4_flow128kib/equal/seed_47/logout.dat -tm /home/user/workspace/csg-htsim/.worktrees/grade-collective-sweep/experiments/n-mrc/output/grade_collective_scale_concurrency_20260726/traffic/n128_collective_p4_flow128kib_seed47.cm -nodes 128 -conns 16256 -tiers 2 -lb grade -linkspeed 400000 -queue_type composite_ecn_lb -host_queue_type prio -mtu 4096 -end 100000 -paths 8 -seed 47 -cc dcqcn_variant -roce_rx_mode sp -roce_sack_bitmap_bits 64 -roce_transport_semantics mrc_exact_bounded -roce_trim_recovery exact -hop_latency 0.5 -switch_latency 0.5 -queue_cv_sample_us 100 -stor_level_weights 4 4 4 0,16256,1,0,0.0,0.0,0.0,16256,128,16256,494.359,242.1402203063482,463.85465000000005,494.359,242.1402203063482,1,242.8865,443.572,480.92690000000005,463.85465000000005,4,15.875,all_to_all_cct_us,494.359,0,collective_p4_flow128kib,47,339c4685a90c8895efad0229af8f25cc2d0fe613fa8cd459bb3c0ab396ca3ea9,e1e846801530ae285da85d7a658b28539f258e1f966e996fc643ba2ff87079c5,16256,equal,4/4/4/0
0,0,519754,0,144,0,0,0,0,0,520192,0,0,0,0,0,0,0,0,0,0,0,0,0,0,0,0,0,0,0,0,0,0,0,0,0,0,0,0,0,0,0,0,0,0,0,0,0,0,0,0,0,0,0,0,0,0,0,0,0,0,0,0,0,0,0,0,0,0,0,0,0,0,0,0,0,0,0,0,0,0,0,0,7,0,520336,8,8,8,45.2663,128,0.659516,0,0,83200,0,166,144,0,0,0,0,0,0,0,0,0,0,519741,0,0,96,15592,15604,12,0,144,0,0,144,0,0,0,0,4,289,520043,0,0,0,0,0,0,0,0,0,0,0,0,0,0,0,0,0,0,0,0,0,520095,97,3,144,0,0,0,0,0,0,160,682,1,flow_size,/home/user/workspace/csg-htsim/.worktrees/grade-collective-sweep/sim/datacenter/htsim_roce -o /home/user/workspace/csg-htsim/.worktrees/grade-collective-sweep/experiments/n-mrc/output/grade_collective_scale_concurrency_20260726/raw/collective_p4_flow128kib/gentle/seed_13/logout.dat -tm /home/user/workspace/csg-htsim/.worktrees/grade-collective-sweep/experiments/n-mrc/output/grade_collective_scale_concurrency_20260726/traffic/n128_collective_p4_flow128kib_seed13.cm -nodes 128 -conns 16256 -tiers 2 -lb grade -linkspeed 400000 -queue_type composite_ecn_lb -host_queue_type prio -mtu 4096 -end 100000 -paths 8 -seed 13 -cc dcqcn_variant -roce_rx_mode sp -roce_sack_bitmap_bits 64 -roce_transport_semantics mrc_exact_bounded -roce_trim_recovery exact -hop_latency 0.5 -switch_latency 0.5 -queue_cv_sample_us 100 -stor_level_weights 4 3 2 0,16256,1,0,0.0,0.0,0.0,16256,128,16256,487.703,240.33180961491158,459.5939,487.703,240.33180961491158,1,241.5375,439.02450000000005,473.2040600000005,459.5939,4,15.875,all_to_all_cct_us,487.703,0,collective_p4_flow128kib,13,339c4685a90c8895efad0229af8f25cc2d0fe613fa8cd459bb3c0ab396ca3ea9,c1b4d236e297dedf812bdfce56ac1de89451292e7301982b3355960a77160fc5,16256,gentle,4/3/2/0
0,0,519800,0,133,0,0,0,0,0,520192,0,0,0,0,0,0,0,0,0,0,0,0,0,0,0,0,0,0,0,0,0,0,0,0,0,0,0,0,0,0,0,0,0,0,0,0,0,0,0,0,0,0,0,0,0,0,0,0,0,0,0,0,0,0,0,0,0,0,0,0,0,0,0,0,0,0,0,0,0,0,0,0,2,0,520325,8,8,8,36.3413,128,0.585369,0,0,70720,0,240,133,0,0,0,0,0,0,0,0,0,0,519743,0,0,131,15385,15393,8,0,133,0,0,133,0,0,0,2,4,263,520056,0,0,0,0,0,0,0,0,0,0,0,0,0,0,0,0,0,0,0,3,3,520061,131,0,133,0,0,0,0,0,0,154,771,1,flow_size,/home/user/workspace/csg-htsim/.worktrees/grade-collective-sweep/sim/datacenter/htsim_roce -o /home/user/workspace/csg-htsim/.worktrees/grade-collective-sweep/experiments/n-mrc/output/grade_collective_scale_concurrency_20260726/raw/collective_p4_flow128kib/gentle/seed_29/logout.dat -tm /home/user/workspace/csg-htsim/.worktrees/grade-collective-sweep/experiments/n-mrc/output/grade_collective_scale_concurrency_20260726/traffic/n128_collective_p4_flow128kib_seed29.cm -nodes 128 -conns 16256 -tiers 2 -lb grade -linkspeed 400000 -queue_type composite_ecn_lb -host_queue_type prio -mtu 4096 -end 100000 -paths 8 -seed 29 -cc dcqcn_variant -roce_rx_mode sp -roce_sack_bitmap_bits 64 -roce_transport_semantics mrc_exact_bounded -roce_trim_recovery exact -hop_latency 0.5 -switch_latency 0.5 -queue_cv_sample_us 100 -stor_level_weights 4 3 2 0,16256,1,0,0.0,0.0,0.0,16256,128,16256,493.191,240.3423022453249,459.5132500000001,493.191,240.3423022453249,1,240.89249999999998,439.75425,475.5428100000001,459.5132500000001,4,15.875,all_to_all_cct_us,493.191,0,collective_p4_flow128kib,29,339c4685a90c8895efad0229af8f25cc2d0fe613fa8cd459bb3c0ab396ca3ea9,ad38562c72de9efa46bc7277db912dcbf473103922896f1e23d59705a9297e7d,16256,gentle,4/3/2/0
0,0,519749,0,73,0,0,0,0,0,520192,0,0,0,0,0,0,0,0,0,0,0,0,0,0,0,0,0,0,0,0,0,0,0,0,0,0,0,0,0,0,0,0,0,0,0,0,0,0,0,0,0,0,0,0,0,0,0,0,0,0,0,0,0,0,0,0,0,0,0,0,0,0,0,0,0,0,0,0,0,0,0,0,5,0,520265,8,8,8,34.009,128,0.540544,0,0,58240,0,129,73,0,0,0,0,0,0,0,0,0,0,519747,0,0,68,15591,15597,6,0,73,0,0,73,0,0,0,0,8,122,520135,0,0,0,0,0,0,0,0,0,0,0,0,0,0,0,0,0,0,0,0,0,520124,68,3,73,0,0,0,0,0,0,86,424,1,flow_size,/home/user/workspace/csg-htsim/.worktrees/grade-collective-sweep/sim/datacenter/htsim_roce -o /home/user/workspace/csg-htsim/.worktrees/grade-collective-sweep/experiments/n-mrc/output/grade_collective_scale_concurrency_20260726/raw/collective_p4_flow128kib/gentle/seed_47/logout.dat -tm /home/user/workspace/csg-htsim/.worktrees/grade-collective-sweep/experiments/n-mrc/output/grade_collective_scale_concurrency_20260726/traffic/n128_collective_p4_flow128kib_seed47.cm -nodes 128 -conns 16256 -tiers 2 -lb grade -linkspeed 400000 -queue_type composite_ecn_lb -host_queue_type prio -mtu 4096 -end 100000 -paths 8 -seed 47 -cc dcqcn_variant -roce_rx_mode sp -roce_sack_bitmap_bits 64 -roce_transport_semantics mrc_exact_bounded -roce_trim_recovery exact -hop_latency 0.5 -switch_latency 0.5 -queue_cv_sample_us 100 -stor_level_weights 4 3 2 0,16256,1,0,0.0,0.0,0.0,16256,128,16256,500.263,241.98175632381964,462.4604500000001,500.263,241.98175632381964,1,243.32850000000002,442.3502500000001,478.4108350000001,462.4604500000001,4,15.875,all_to_all_cct_us,500.263,0,collective_p4_flow128kib,47,339c4685a90c8895efad0229af8f25cc2d0fe613fa8cd459bb3c0ab396ca3ea9,e1e846801530ae285da85d7a658b28539f258e1f966e996fc643ba2ff87079c5,16256,gentle,4/3/2/0
0,0,520254,0,351,0,0,0,11,0,520192,0,0,0,0,0,0,0,0,0,0,0,0,0,0,0,0,0,0,0,0,0,0,0,0,0,0,0,0,0,0,0,0,0,0,0,0,0,0,0,0,0,0,0,0,0,0,0,0,0,0,0,0,0,0,0,0,0,0,0,0,0,0,0,0,0,0,0,0,0,0,0,0,7,0,520554,8,8,8,40.495,128,0.686738,0,0,66560,0,164,352,0,0,0,0,0,0,0,0,0,0,519697,0,0,102,15635,15654,19,0,362,0,11,351,0,0,0,5,34,327,520188,0,0,0,0,0,0,0,0,0,0,0,0,0,0,0,0,0,0,0,6,6,520099,103,0,352,0,0,0,0,0,0,315,1104,1,flow_size,/home/user/workspace/csg-htsim/.worktrees/grade-collective-sweep/sim/datacenter/htsim_roce -o /home/user/workspace/csg-htsim/.worktrees/grade-collective-sweep/experiments/n-mrc/output/grade_collective_scale_concurrency_20260726/raw/collective_p4_flow128kib/sharp/seed_13/logout.dat -tm /home/user/workspace/csg-htsim/.worktrees/grade-collective-sweep/experiments/n-mrc/output/grade_collective_scale_concurrency_20260726/traffic/n128_collective_p4_flow128kib_seed13.cm -nodes 128 -conns 16256 -tiers 2 -lb grade -linkspeed 400000 -queue_type composite_ecn_lb -host_queue_type prio -mtu 4096 -end 100000 -paths 8 -seed 13 -cc dcqcn_variant -roce_rx_mode sp -roce_sack_bitmap_bits 64 -roce_transport_semantics mrc_exact_bounded -roce_trim_recovery exact -hop_latency 0.5 -switch_latency 0.5 -queue_cv_sample_us 100 -stor_level_weights 8 2 1 0,16256,1,0,0.0,0.0,0.0,16256,128,16256,497.469,240.5256104822823,461.57515,497.469,240.5256104822823,1,240.79649999999998,440.55275,478.3267500000001,461.57515,4,15.875,all_to_all_cct_us,497.469,0,collective_p4_flow128kib,13,339c4685a90c8895efad0229af8f25cc2d0fe613fa8cd459bb3c0ab396ca3ea9,c1b4d236e297dedf812bdfce56ac1de89451292e7301982b3355960a77160fc5,16256,sharp,8/2/1/0
0,0,519786,0,98,0,0,0,0,0,520192,0,0,0,0,0,0,0,0,0,0,0,0,0,0,0,0,0,0,0,0,0,0,0,0,0,0,0,0,0,0,0,0,0,0,0,0,0,0,0,0,0,0,0,0,0,0,0,0,0,0,0,0,0,0,0,0,0,0,0,0,0,0,0,0,0,0,0,0,0,0,0,2,2,0,520290,8,8,8,27.7277,128,0.608216,0,0,50048,0,268,98,0,0,0,0,0,0,0,0,0,0,519746,0,0,157,15461,15465,4,0,98,0,0,98,0,0,0,0,8,87,520195,0,0,0,0,0,0,0,0,0,0,0,0,0,0,0,0,0,0,0,2,2,520035,157,0,98,0,0,0,0,0,0,154,804,1,flow_size,/home/user/workspace/csg-htsim/.worktrees/grade-collective-sweep/sim/datacenter/htsim_roce -o /home/user/workspace/csg-htsim/.worktrees/grade-collective-sweep/experiments/n-mrc/output/grade_collective_scale_concurrency_20260726/raw/collective_p4_flow128kib/sharp/seed_29/logout.dat -tm /home/user/workspace/csg-htsim/.worktrees/grade-collective-sweep/experiments/n-mrc/output/grade_collective_scale_concurrency_20260726/traffic/n128_collective_p4_flow128kib_seed29.cm -nodes 128 -conns 16256 -tiers 2 -lb grade -linkspeed 400000 -queue_type composite_ecn_lb -host_queue_type prio -mtu 4096 -end 100000 -paths 8 -seed 29 -cc dcqcn_variant -roce_rx_mode sp -roce_sack_bitmap_bits 64 -roce_transport_semantics mrc_exact_bounded -roce_trim_recovery exact -hop_latency 0.5 -switch_latency 0.5 -queue_cv_sample_us 100 -stor_level_weights 8 2 1 0,16256,1,0,0.0,0.0,0.0,16256,128,16256,483.783,240.96119309178158,461.63415,483.783,240.96119309178158,1,241.141,441.8795,474.71983500000044,461.63415,4,15.875,all_to_all_cct_us,483.783,0,collective_p4_flow128kib,29,339c4685a90c8895efad0229af8f25cc2d0fe613fa8cd459bb3c0ab396ca3ea9,ad38562c72de9efa46bc7277db912dcbf473103922896f1e23d59705a9297e7d,16256,sharp,8/2/1/0
0,0,519675,0,67,0,0,0,0,0,520192,0,0,0,0,0,0,0,0,0,0,0,0,0,0,0,0,0,0,0,0,0,0,0,0,0,0,0,0,0,0,0,0,0,0,0,0,0,0,0,0,0,0,0,0,0,0,0,0,0,0,0,0,0,0,0,0,0,0,0,0,0,0,0,0,0,0,0,0,0,0,0,1,5,0,520259,8,8,8,36.0205,128,0.541299,0,0,58240,0,167,67,0,0,0,0,0,0,0,0,0,0,519672,0,0,95,15575,15580,5,0,67,0,0,67,0,0,0,0,0,60,520199,0,0,0,0,0,0,0,0,0,0,0,0,0,0,0,0,0,0,0,0,0,520096,96,7,67,0,0,0,0,0,0,104,522,1,flow_size,/home/user/workspace/csg-htsim/.worktrees/grade-collective-sweep/sim/datacenter/htsim_roce -o /home/user/workspace/csg-htsim/.worktrees/grade-collective-sweep/experiments/n-mrc/output/grade_collective_scale_concurrency_20260726/raw/collective_p4_flow128kib/sharp/seed_47/logout.dat -tm /home/user/workspace/csg-htsim/.worktrees/grade-collective-sweep/experiments/n-mrc/output/grade_collective_scale_concurrency_20260726/traffic/n128_collective_p4_flow128kib_seed47.cm -nodes 128 -conns 16256 -tiers 2 -lb grade -linkspeed 400000 -queue_type composite_ecn_lb -host_queue_type prio -mtu 4096 -end 100000 -paths 8 -seed 47 -cc dcqcn_variant -roce_rx_mode sp -roce_sack_bitmap_bits 64 -roce_transport_semantics mrc_exact_bounded -roce_trim_recovery exact -hop_latency 0.5 -switch_latency 0.5 -queue_cv_sample_us 100 -stor_level_weights 8 2 1 0,16256,1,0,0.0,0.0,0.0,16256,128,16256,485.442,240.6757210076271,459.2014000000001,485.442,240.6757210076271,1,242.2635,439.7175,473.53297999999995,459.2014000000001,4,15.875,all_to_all_cct_us,485.442,0,collective_p4_flow128kib,47,339c4685a90c8895efad0229af8f25cc2d0fe613fa8cd459bb3c0ab396ca3ea9,e1e846801530ae285da85d7a658b28539f258e1f966e996fc643ba2ff87079c5,16256,sharp,8/2/1/0
3351,0,14916783,1642,588725,0,0,4096,38214,1698,8323072,0,0,0,0,0,0,0,0,0,0,0,0,0,0,0,0,0,0,0,0,0,0,0,0,0,0,0,0,0,0,0,0,0,0,0,0,0,0,0,0,0,0,0,0,0,0,0,0,0,0,0,0,0,0,0,0,0,0,0,0,0,0,0,0,0,0,0,0,0,0,0,0,7,0,8947035,8,8,8,1324.85,128,0.417523,0.01,0.05,349760,0,825558,593931,0,0,0,0,0,0,0,0,0,0,8350209,29112,0,414533,303628,327069,23441,0,633630,0,39730,593900,0,0,0,144976,628242,1032831,7140986,0,0,0,0,0,0,0,0,0,0,0,0,0,0,0,0,0,0,0,113810,113769,7936612,414625,0,593931,0,0,0,0,1292,34435,455292,570187,1,flow_size,/home/user/workspace/csg-htsim/.worktrees/grade-collective-sweep/sim/datacenter/htsim_roce -o /home/user/workspace/csg-htsim/.worktrees/grade-collective-sweep/experiments/n-mrc/output/grade_collective_scale_concurrency_20260726/raw/collective_p4_flow2048kib/default/seed_13/logout.dat -tm /home/user/workspace/csg-htsim/.worktrees/grade-collective-sweep/experiments/n-mrc/output/grade_collective_scale_concurrency_20260726/traffic/n128_collective_p4_flow2048kib_seed13.cm -nodes 128 -conns 16256 -tiers 2 -lb grade -linkspeed 400000 -queue_type composite_ecn_lb -host_queue_type prio -mtu 4096 -end 100000 -paths 8 -seed 13 -cc dcqcn_variant -roce_rx_mode sp -roce_sack_bitmap_bits 64 -roce_transport_semantics mrc_exact_bounded -roce_trim_recovery exact -hop_latency 0.5 -switch_latency 0.5 -queue_cv_sample_us 100 -stor_level_weights 4 2 1 0,16256,1,0,0.0,0.0,0.0,16256,2048,16256,12270.3,4386.258797121068,10734.705000000007,12270.3,4386.258797121068,1,4198.26,9131.2525,11692.282500000032,10734.705000000007,4,254.0,all_to_all_cct_us,12270.3,0,collective_p4_flow2048kib,13,339c4685a90c8895efad0229af8f25cc2d0fe613fa8cd459bb3c0ab396ca3ea9,e14c9b2fa5732d49d911c4cc54a6ca6cf4e84e086da834ec0677080c5d52f635,16256,default,4/2/1/0
2756,0,15438292,989,571909,0,0,4096,35391,1243,8323072,0,0,0,0,0,0,0,0,0,0,0,0,0,0,0,0,0,0,0,0,0,0,0,0,0,0,0,0,0,0,0,0,0,0,0,0,0,0,0,0,0,0,0,0,0,0,0,0,0,0,0,0,0,0,0,0,0,0,0,0,0,0,0,0,0,0,0,0,0,0,0,0,2,0,8928158,8,8,8,1543.96,128,0.327868,0.01,0.08,349568,0,1206932,576041,0,0,0,0,0,0,0,0,0,0,8348752,28112,0,607401,298649,319014,20365,0,612288,0,36295,575993,0,0,0,166367,684847,1113837,6963107,0,0,0,0,0,0,0,0,0,0,0,0,0,0,0,0,0,0,0,125452,125430,7742272,607506,0,576041,0,0,0,0,1186,34098,474085,584911,1,flow_size,/home/user/workspace/csg-htsim/.worktrees/grade-collective-sweep/sim/datacenter/htsim_roce -o /home/user/workspace/csg-htsim/.worktrees/grade-collective-sweep/experiments/n-mrc/output/grade_collective_scale_concurrency_20260726/raw/collective_p4_flow2048kib/default/seed_29/logout.dat -tm /home/user/workspace/csg-htsim/.worktrees/grade-collective-sweep/experiments/n-mrc/output/grade_collective_scale_concurrency_20260726/traffic/n128_collective_p4_flow2048kib_seed29.cm -nodes 128 -conns 16256 -tiers 2 -lb grade -linkspeed 400000 -queue_type composite_ecn_lb -host_queue_type prio -mtu 4096 -end 100000 -paths 8 -seed 29 -cc dcqcn_variant -roce_rx_mode sp -roce_sack_bitmap_bits 64 -roce_transport_semantics mrc_exact_bounded -roce_trim_recovery exact -hop_latency 0.5 -switch_latency 0.5 -queue_cv_sample_us 100 -stor_level_weights 4 2 1 0,16256,1,0,0.0,0.0,0.0,16256,2048,16256,11078.5,4134.093438607285,9557.8125,11078.5,4134.093438607285,1,3953.425,8336.4625,10592.188000000002,9557.8125,4,254.0,all_to_all_cct_us,11078.5,0,collective_p4_flow2048kib,29,339c4685a90c8895efad0229af8f25cc2d0fe613fa8cd459bb3c0ab396ca3ea9,9b3cf271c7a010936f4029f88649472095d7e054e3bdda708c77cfc44becbdb6,16256,default,4/2/1/0
2906,0,14917199,1428,569759,0,0,4096,36630,1439,8323072,0,0,0,0,0,0,0,0,0,0,0,0,0,0,0,0,0,0,0,0,0,0,0,0,0,0,0,0,0,0,0,0,0,0,0,0,0,0,0,0,0,0,0,0,0,0,0,0,0,0,0,0,0,0,0,0,0,0,0,0,0,0,0,0,0,0,0,0,0,0,0,0,5,0,8926846,8,8,8,1422.45,128,0.297219,0.01,0.07,349696,0,1022868,574277,0,0,0,0,0,0,0,0,0,0,8349481,28482,0,514533,302989,325259,22270,0,612162,0,37939,574223,0,0,0,157957,656616,1063131,7049142,0,0,0,0,0,0,0,0,0,0,0,0,0,0,0,0,0,0,0,119384,119358,7835977,514630,0,574277,0,0,0,0,1326,36253,462188,577511,1,flow_size,/home/user/workspace/csg-htsim/.worktrees/grade-collective-sweep/sim/datacenter/htsim_roce -o /home/user/workspace/csg-htsim/.worktrees/grade-collective-sweep/experiments/n-mrc/output/grade_collective_scale_concurrency_20260726/raw/collective_p4_flow2048kib/default/seed_47/logout.dat -tm /home/user/workspace/csg-htsim/.worktrees/grade-collective-sweep/experiments/n-mrc/output/grade_collective_scale_concurrency_20260726/traffic/n128_collective_p4_flow2048kib_seed47.cm -nodes 128 -conns 16256 -tiers 2 -lb grade -linkspeed 400000 -queue_type composite_ecn_lb -host_queue_type prio -mtu 4096 -end 100000 -paths 8 -seed 47 -cc dcqcn_variant -roce_rx_mode sp -roce_sack_bitmap_bits 64 -roce_transport_semantics mrc_exact_bounded -roce_trim_recovery exact -hop_latency 0.5 -switch_latency 0.5 -queue_cv_sample_us 100 -stor_level_weights 4 2 1 0,16256,1,0,0.0,0.0,0.0,16256,2048,16256,11980.7,4263.345704662887,10594.0,11980.7,4263.345704662887,1,4046.755,8879.217499999999,11501.245000000017,10594.0,4,254.0,all_to_all_cct_us,11980.7,0,collective_p4_flow2048kib,47,339c4685a90c8895efad0229af8f25cc2d0fe613fa8cd459bb3c0ab396ca3ea9,c1bf054e67dc1798e712c0ed5173423bbdcb5d4f5c716c92247f936f57e0709c,16256,default,4/2/1/0
2681,0,15136658,1079,580722,0,0,4096,35354,1331,8323072,0,0,0,0,0,0,0,0,0,0,0,0,0,0,0,0,0,0,0,0,0,0,0,0,0,0,0,0,0,0,0,0,0,0,0,0,0,0,0,0,0,0,0,0,0,0,0,0,0,0,0,0,0,0,0,0,0,0,0,0,0,0,0,0,0,0,0,0,0,0,0,1,7,0,8936866,8,8,8,1358.14,128,0.30331,0.01,0.08,349568,0,793118,584861,0,0,0,0,0,0,0,0,0,0,8348907,27793,0,387888,287068,307105,20037,0,621167,0,36346,584821,0,0,0,131847,977099,1153757,6674163,0,0,0,0,0,0,0,0,0,0,0,0,0,0,0,0,0,0,0,114612,114603,7962158,387969,0,584861,0,0,0,0,932,28638,450372,597850,1,flow_size,/home/user/workspace/csg-htsim/.worktrees/grade-collective-sweep/sim/datacenter/htsim_roce -o /home/user/workspace/csg-htsim/.worktrees/grade-collective-sweep/experiments/n-mrc/output/grade_collective_scale_concurrency_20260726/raw/collective_p4_flow2048kib/equal/seed_13/logout.dat -tm /home/user/workspace/csg-htsim/.worktrees/grade-collective-sweep/experiments/n-mrc/output/grade_collective_scale_concurrency_20260726/traffic/n128_collective_p4_flow2048kib_seed13.cm -nodes 128 -conns 16256 -tiers 2 -lb grade -linkspeed 400000 -queue_type composite_ecn_lb -host_queue_type prio -mtu 4096 -end 100000 -paths 8 -seed 13 -cc dcqcn_variant -roce_rx_mode sp -roce_sack_bitmap_bits 64 -roce_transport_semantics mrc_exact_bounded -roce_trim_recovery exact -hop_latency 0.5 -switch_latency 0.5 -queue_cv_sample_us 100 -stor_level_weights 4 4 4 0,16256,1,0,0.0,0.0,0.0,16256,2048,16256,9697.51,3807.811933070856,8686.1305,9697.51,3807.811933070856,1,3622.645,7817.3775000000005,9257.919900000003,8686.1305,4,254.0,all_to_all_cct_us,9697.51,0,collective_p4_flow2048kib,13,339c4685a90c8895efad0229af8f25cc2d0fe613fa8cd459bb3c0ab396ca3ea9,e14c9b2fa5732d49d911c4cc54a6ca6cf4e84e086da834ec0677080c5d52f635,16256,equal,4/4/4/0
3981,0,15266039,2054,634109,0,0,4096,42095,2020,8323072,0,0,0,0,0,0,0,0,0,0,0,0,0,0,0,0,0,0,0,0,0,0,0,0,0,0,0,0,0,0,0,0,0,0,0,0,0,0,0,0,0,0,0,0,0,0,0,0,0,0,0,0,0,0,0,0,0,0,0,0,0,0,0,0,0,0,0,0,0,0,0,1,2,0,8995797,8,8,8,1230.89,128,0.304897,0.01,0.05,349568,0,693972,640339,0,0,0,0,0,0,0,0,0,0,8352485,31280,0,338724,304223,330067,25844,0,684258,0,43963,640295,0,0,1,142896,1010215,1171722,6670964,0,0,0,0,0,0,0,0,0,0,0,0,0,0,0,0,0,0,0,117428,117417,8014895,338814,0,640339,0,0,0,0,1342,39395,479462,634293,1,flow_size,/home/user/workspace/csg-htsim/.worktrees/grade-collective-sweep/sim/datacenter/htsim_roce -o /home/user/workspace/csg-htsim/.worktrees/grade-collective-sweep/experiments/n-mrc/output/grade_collective_scale_concurrency_20260726/raw/collective_p4_flow2048kib/equal/seed_29/logout.dat -tm /home/user/workspace/csg-htsim/.worktrees/grade-collective-sweep/experiments/n-mrc/output/grade_collective_scale_concurrency_20260726/traffic/n128_collective_p4_flow2048kib_seed29.cm -nodes 128 -conns 16256 -tiers 2 -lb grade -linkspeed 400000 -queue_type composite_ecn_lb -host_queue_type prio -mtu 4096 -end 100000 -paths 8 -seed 29 -cc dcqcn_variant -roce_rx_mode sp -roce_sack_bitmap_bits 64 -roce_transport_semantics mrc_exact_bounded -roce_trim_recovery exact -hop_latency 0.5 -switch_latency 0.5 -queue_cv_sample_us 100 -stor_level_weights 4 4 4 0,16256,1,0,0.0,0.0,0.0,16256,2048,16256,11605.1,4263.882700356782,10726.17,11605.1,4263.882700356782,1,3896.5649999999996,9454.8025,11378.820500000009,10726.17,4,254.0,all_to_all_cct_us,11605.1,0,collective_p4_flow2048kib,29,339c4685a90c8895efad0229af8f25cc2d0fe613fa8cd459bb3c0ab396ca3ea9,9b3cf271c7a010936f4029f88649472095d7e054e3bdda708c77cfc44becbdb6,16256,equal,4/4/4/0
3300,0,15124773,1488,594595,0,0,4096,37717,1548,8323072,0,0,0,0,0,0,0,0,0,0,0,0,0,0,0,0,0,0,0,0,0,0,0,0,0,0,0,0,0,0,0,0,0,0,0,0,0,0,0,0,0,0,0,0,0,0,0,0,0,0,0,0,0,0,0,0,0,0,0,0,0,0,0,0,0,0,0,0,0,0,0,0,5,0,8952691,8,8,8,1214.45,128,0.288413,0.01,0.07,349504,0,661330,599613,0,0,0,0,0,0,0,0,0,0,8350201,28916,0,325589,292858,315067,22209,0,638648,0,39071,599577,0,0,0,129048,934953,1125476,6763214,0,0,0,0,0,0,0,0,0,0,0,0,0,0,0,0,0,0,0,110722,110705,8025759,325648,0,599613,0,0,0,0,1015,31599,448402,603415,1,flow_size,/home/user/workspace/csg-htsim/.worktrees/grade-collective-sweep/sim/datacenter/htsim_roce -o /home/user/workspace/csg-htsim/.worktrees/grade-collective-sweep/experiments/n-mrc/output/grade_collective_scale_concurrency_20260726/raw/collective_p4_flow2048kib/equal/seed_47/logout.dat -tm /home/user/workspace/csg-htsim/.worktrees/grade-collective-sweep/experiments/n-mrc/output/grade_collective_scale_concurrency_20260726/traffic/n128_collective_p4_flow2048kib_seed47.cm -nodes 128 -conns 16256 -tiers 2 -lb grade -linkspeed 400000 -queue_type composite_ecn_lb -host_queue_type prio -mtu 4096 -end 100000 -paths 8 -seed 47 -cc dcqcn_variant -roce_rx_mode sp -roce_sack_bitmap_bits 64 -roce_transport_semantics mrc_exact_bounded -roce_trim_recovery exact -hop_latency 0.5 -switch_latency 0.5 -queue_cv_sample_us 100 -stor_level_weights 4 4 4 0,16256,1,0,0.0,0.0,0.0,16256,2048,16256,10776.0,3974.740984744084,9501.566,10776.0,3974.740984744084,1,3745.895,8392.07,10385.908000000016,9501.566,4,254.0,all_to_all_cct_us,10776.0,0,collective_p4_flow2048kib,47,339c4685a90c8895efad0229af8f25cc2d0fe613fa8cd459bb3c0ab396ca3ea9,c1bf054e67dc1798e712c0ed5173423bbdcb5d4f5c716c92247f936f57e0709c,16256,equal,4/4/4/0
3117,0,15082411,1483,597737,0,0,4096,36862,1427,8323072,0,0,0,0,0,0,0,0,0,0,0,0,0,0,0,0,0,0,0,0,0,0,0,0,0,0,0,0,0,0,0,0,0,0,0,0,0,0,0,0,0,0,0,0,0,0,0,0,0,0,0,0,0,0,0,0,0,0,0,0,0,0,0,0,0,0,0,0,0,0,0,0,7,0,8954873,8,8,8,1413.92,128,0.356735,0.01,0.07,349632,0,844915,602440,0,0,0,0,0,0,0,0,0,0,8349486,28392,0,420058,298291,320563,22272,0,640626,0,38227,602399,0,0,0,146235,798321,1112551,6897766,0,0,0,0,0,0,0,0,0,0,0,0,0,0,0,0,0,0,0,116750,116717,7930459,420141,0,602440,0,0,0,0,1316,37576,457979,581493,1,flow_size,/home/user/workspace/csg-htsim/.worktrees/grade-collective-sweep/sim/datacenter/htsim_roce -o /home/user/workspace/csg-htsim/.worktrees/grade-collective-sweep/experiments/n-mrc/output/grade_collective_scale_concurrency_20260726/raw/collective_p4_flow2048kib/gentle/seed_13/logout.dat -tm /home/user/workspace/csg-htsim/.worktrees/grade-collective-sweep/experiments/n-mrc/output/grade_collective_scale_concurrency_20260726/traffic/n128_collective_p4_flow2048kib_seed13.cm -nodes 128 -conns 16256 -tiers 2 -lb grade -linkspeed 400000 -queue_type composite_ecn_lb -host_queue_type prio -mtu 4096 -end 100000 -paths 8 -seed 13 -cc dcqcn_variant -roce_rx_mode sp -roce_sack_bitmap_bits 64 -roce_transport_semantics mrc_exact_bounded -roce_trim_recovery exact -hop_latency 0.5 -switch_latency 0.5 -queue_cv_sample_us 100 -stor_level_weights 4 3 2 0,16256,1,0,0.0,0.0,0.0,16256,2048,16256,11026.1,4199.858150282977,9844.556000000004,11026.1,4199.858150282977,1,4013.99,8716.92,10640.683000000026,9844.556000000004,4,254.0,all_to_all_cct_us,11026.1,0,collective_p4_flow2048kib,13,339c4685a90c8895efad0229af8f25cc2d0fe613fa8cd459bb3c0ab396ca3ea9,e14c9b2fa5732d49d911c4cc54a6ca6cf4e84e086da834ec0677080c5d52f635,16256,gentle,4/3/2/0
3205,0,15300715,1327,585419,0,0,4096,38295,1587,8323072,0,0,0,0,0,0,0,0,0,0,0,0,0,0,0,0,0,0,0,0,0,0,0,0,0,0,0,0,0,0,0,0,0,0,0,0,0,0,0,0,0,0,0,0,0,0,0,0,0,0,0,0,0,0,0,0,0,0,0,0,0,0,0,0,0,0,0,0,0,0,0,0,2,0,8944109,8,8,8,1385.36,128,0.351319,0.01,0.07,349568,0,875831,590365,0,0,0,0,0,0,0,0,0,0,8350380,29446,0,437239,296438,317949,21511,0,629833,0,39506,590327,0,0,0,145499,799612,1125629,6873369,0,0,0,0,0,0,0,0,0,0,0,0,0,0,0,0,0,0,0,117069,117035,7914404,437327,0,590365,0,0,0,0,1164,33849,461323,590224,1,flow_size,/home/user/workspace/csg-htsim/.worktrees/grade-collective-sweep/sim/datacenter/htsim_roce -o /home/user/workspace/csg-htsim/.worktrees/grade-collective-sweep/experiments/n-mrc/output/grade_collective_scale_concurrency_20260726/raw/collective_p4_flow2048kib/gentle/seed_29/logout.dat -tm /home/user/workspace/csg-htsim/.worktrees/grade-collective-sweep/experiments/n-mrc/output/grade_collective_scale_concurrency_20260726/traffic/n128_collective_p4_flow2048kib_seed29.cm -nodes 128 -conns 16256 -tiers 2 -lb grade -linkspeed 400000 -queue_type composite_ecn_lb -host_queue_type prio -mtu 4096 -end 100000 -paths 8 -seed 29 -cc dcqcn_variant -roce_rx_mode sp -roce_sack_bitmap_bits 64 -roce_transport_semantics mrc_exact_bounded -roce_trim_recovery exact -hop_latency 0.5 -switch_latency 0.5 -queue_cv_sample_us 100 -stor_level_weights 4 3 2 0,16256,1,0,0.0,0.0,0.0,16256,2048,16256,11150.2,4143.790610359249,9694.218000000003,11150.2,4143.790610359249,1,3918.935,8477.7325,10851.464500000002,9694.218000000003,4,254.0,all_to_all_cct_us,11150.2,0,collective_p4_flow2048kib,29,339c4685a90c8895efad0229af8f25cc2d0fe613fa8cd459bb3c0ab396ca3ea9,9b3cf271c7a010936f4029f88649472095d7e054e3bdda708c77cfc44becbdb6,16256,gentle,4/3/2/0
3182,0,15007840,1335,593467,0,0,4096,37133,1474,8323072,0,0,0,0,0,0,0,0,0,0,0,0,0,0,0,0,0,0,0,0,0,0,0,0,0,0,0,0,0,0,0,0,0,0,0,0,0,0,0,0,0,0,0,0,0,0,0,0,0,0,0,0,0,0,0,0,0,0,0,0,0,0,0,0,0,0,0,0,0,0,0,0,5,0,8951111,8,8,8,1262.81,128,0.35911,0.01,0.05,349760,0,728966,598290,0,0,0,0,0,0,0,0,0,0,8349893,28707,0,364991,291391,313611,22220,0,636591,0,38347,598244,0,0,0,137266,754436,1102981,6956428,0,0,0,0,0,0,0,0,0,0,0,0,0,0,0,0,0,0,0,112002,111983,7986008,365048,0,598290,0,0,0,0,1129,33597,452960,582236,1,flow_size,/home/user/workspace/csg-htsim/.worktrees/grade-collective-sweep/sim/datacenter/htsim_roce -o /home/user/workspace/csg-htsim/.worktrees/grade-collective-sweep/experiments/n-mrc/output/grade_collective_scale_concurrency_20260726/raw/collective_p4_flow2048kib/gentle/seed_47/logout.dat -tm /home/user/workspace/csg-htsim/.worktrees/grade-collective-sweep/experiments/n-mrc/output/grade_collective_scale_concurrency_20260726/traffic/n128_collective_p4_flow2048kib_seed47.cm -nodes 128 -conns 16256 -tiers 2 -lb grade -linkspeed 400000 -queue_type composite_ecn_lb -host_queue_type prio -mtu 4096 -end 100000 -paths 8 -seed 47 -cc dcqcn_variant -roce_rx_mode sp -roce_sack_bitmap_bits 64 -roce_transport_semantics mrc_exact_bounded -roce_trim_recovery exact -hop_latency 0.5 -switch_latency 0.5 -queue_cv_sample_us 100 -stor_level_weights 4 3 2 0,16256,1,0,0.0,0.0,0.0,16256,2048,16256,11181.2,4162.867883981297,9874.169000000002,11181.2,4162.867883981297,1,3986.55,8670.752499999999,10735.210500000027,9874.169000000002,4,254.0,all_to_all_cct_us,11181.2,0,collective_p4_flow2048kib,47,339c4685a90c8895efad0229af8f25cc2d0fe613fa8cd459bb3c0ab396ca3ea9,c1bf054e67dc1798e712c0ed5173423bbdcb5d4f5c716c92247f936f57e0709c,16256,gentle,4/3/2/0
2526,0,14840604,1107,521731,0,0,4096,33011,1287,8323072,0,0,0,0,0,0,0,0,0,0,0,0,0,0,0,0,0,0,0,0,0,0,0,0,0,0,0,0,0,0,0,0,0,0,0,0,0,0,0,0,0,0,0,0,0,0,0,0,0,0,0,0,0,0,0,0,0,0,0,0,0,0,0,0,0,0,0,0,0,0,0,0,7,0,8875669,8,8,8,1829.56,128,0.30377,0.01,0.1,349632,0,1443641,525680,0,0,0,0,0,0,0,0,0,0,8346707,25986,0,734288,303576,323095,19519,0,559662,0,34027,525635,0,0,0,176380,623600,826987,7248702,0,0,0,0,0,0,0,0,0,0,0,0,0,0,0,0,0,0,0,125859,125830,7613306,734403,0,525680,0,0,0,0,1244,32336,454600,547218,1,flow_size,/home/user/workspace/csg-htsim/.worktrees/grade-collective-sweep/sim/datacenter/htsim_roce -o /home/user/workspace/csg-htsim/.worktrees/grade-collective-sweep/experiments/n-mrc/output/grade_collective_scale_concurrency_20260726/raw/collective_p4_flow2048kib/sharp/seed_13/logout.dat -tm /home/user/workspace/csg-htsim/.worktrees/grade-collective-sweep/experiments/n-mrc/output/grade_collective_scale_concurrency_20260726/traffic/n128_collective_p4_flow2048kib_seed13.cm -nodes 128 -conns 16256 -tiers 2 -lb grade -linkspeed 400000 -queue_type composite_ecn_lb -host_queue_type prio -mtu 4096 -end 100000 -paths 8 -seed 13 -cc dcqcn_variant -roce_rx_mode sp -roce_sack_bitmap_bits 64 -roce_transport_semantics mrc_exact_bounded -roce_trim_recovery exact -hop_latency 0.5 -switch_latency 0.5 -queue_cv_sample_us 100 -stor_level_weights 8 2 1 0,16256,1,0,0.0,0.0,0.0,16256,2048,16256,11624.8,4277.068123277563,10217.710000000001,11624.8,4277.068123277563,1,4078.22,8788.5025,11119.3685,10217.710000000001,4,254.0,all_to_all_cct_us,11624.8,0,collective_p4_flow2048kib,13,339c4685a90c8895efad0229af8f25cc2d0fe613fa8cd459bb3c0ab396ca3ea9,e14c9b2fa5732d49d911c4cc54a6ca6cf4e84e086da834ec0677080c5d52f635,16256,sharp,8/2/1/0
2753,0,14813943,1406,529781,0,0,4096,34342,1371,8323072,0,0,0,0,0,0,0,0,0,0,0,0,0,0,0,0,0,0,0,0,0,0,0,0,0,0,0,0,0,0,0,0,0,0,0,0,0,0,0,0,0,0,0,0,0,0,0,0,0,0,0,0,0,0,0,0,0,0,0,0,0,0,0,0,0,0,0,0,0,0,0,0,2,0,8884797,8,8,8,1796.2,128,0.332684,0.01,0.1,349696,0,1430375,534052,0,0,0,0,0,0,0,0,0,0,8347599,26854,0,728826,306585,327263,20678,0,569653,0,35638,534015,0,0,0,175859,634227,828682,7246029,0,0,0,0,0,0,0,0,0,0,0,0,0,0,0,0,0,0,0,124979,124955,7619569,728941,0,534052,0,0,0,0,1323,35079,451868,541113,1,flow_size,/home/user/workspace/csg-htsim/.worktrees/grade-collective-sweep/sim/datacenter/htsim_roce -o /home/user/workspace/csg-htsim/.worktrees/grade-collective-sweep/experiments/n-mrc/output/grade_collective_scale_concurrency_20260726/raw/collective_p4_flow2048kib/sharp/seed_29/logout.dat -tm /home/user/workspace/csg-htsim/.worktrees/grade-collective-sweep/experiments/n-mrc/output/grade_collective_scale_concurrency_20260726/traffic/n128_collective_p4_flow2048kib_seed29.cm -nodes 128 -conns 16256 -tiers 2 -lb grade -linkspeed 400000 -queue_type composite_ecn_lb -host_queue_type prio -mtu 4096 -end 100000 -paths 8 -seed 29 -cc dcqcn_variant -roce_rx_mode sp -roce_sack_bitmap_bits 64 -roce_transport_semantics mrc_exact_bounded -roce_trim_recovery exact -hop_latency 0.5 -switch_latency 0.5 -queue_cv_sample_us 100 -stor_level_weights 8 2 1 0,16256,1,0,0.0,0.0,0.0,16256,2048,16256,11626.0,4438.070010396158,10345.720000000001,11626.0,4438.070010396158,1,4221.844999999999,9021.2175,11164.308500000025,10345.720000000001,4,254.0,all_to_all_cct_us,11626.0,0,collective_p4_flow2048kib,29,339c4685a90c8895efad0229af8f25cc2d0fe613fa8cd459bb3c0ab396ca3ea9,9b3cf271c7a010936f4029f88649472095d7e054e3bdda708c77cfc44becbdb6,16256,sharp,8/2/1/0
2154,0,14468618,865,480672,0,0,4096,30354,1087,8323072,0,0,0,0,0,0,0,0,0,0,0,0,0,0,0,0,0,0,0,0,0,0,0,0,0,0,0,0,0,0,0,0,0,0,0,0,0,0,0,0,0,0,0,0,0,0,0,0,0,0,0,0,0,0,0,0,0,0,0,0,0,0,0,0,0,0,0,0,0,0,0,0,5,0,8832307,8,8,8,1835.95,128,0.282286,0.01,0.11,349696,0,1580660,484022,0,0,0,0,0,0,0,0,0,0,8344989,24389,0,807361,292921,309441,16520,0,515132,0,31148,483984,0,0,0,179023,605608,810006,7237670,0,0,0,0,0,0,0,0,0,0,0,0,0,0,0,0,0,0,0,123876,123855,7538437,807482,0,484022,0,0,0,0,1264,33978,435328,522511,1,flow_size,/home/user/workspace/csg-htsim/.worktrees/grade-collective-sweep/sim/datacenter/htsim_roce -o /home/user/workspace/csg-htsim/.worktrees/grade-collective-sweep/experiments/n-mrc/output/grade_collective_scale_concurrency_20260726/raw/collective_p4_flow2048kib/sharp/seed_47/logout.dat -tm /home/user/workspace/csg-htsim/.worktrees/grade-collective-sweep/experiments/n-mrc/output/grade_collective_scale_concurrency_20260726/traffic/n128_collective_p4_flow2048kib_seed47.cm -nodes 128 -conns 16256 -tiers 2 -lb grade -linkspeed 400000 -queue_type composite_ecn_lb -host_queue_type prio -mtu 4096 -end 100000 -paths 8 -seed 47 -cc dcqcn_variant -roce_rx_mode sp -roce_sack_bitmap_bits 64 -roce_transport_semantics mrc_exact_bounded -roce_trim_recovery exact -hop_latency 0.5 -switch_latency 0.5 -queue_cv_sample_us 100 -stor_level_weights 8 2 1 0,16256,1,0,0.0,0.0,0.0,16256,2048,16256,10316.2,4183.749879306108,9192.4225,10316.2,4183.749879306108,1,4047.26,8331.509999999998,9982.116500000015,9192.4225,4,254.0,all_to_all_cct_us,10316.2,0,collective_p4_flow2048kib,47,339c4685a90c8895efad0229af8f25cc2d0fe613fa8cd459bb3c0ab396ca3ea9,c1bf054e67dc1798e712c0ed5173423bbdcb5d4f5c716c92247f936f57e0709c,16256,sharp,8/2/1/0
1543,0,6994729,569,240305,0,0,4096,22856,1054,2080768,0,0,0,0,0,0,0,0,0,0,0,0,0,0,0,0,0,0,0,0,0,0,0,0,0,0,0,0,0,0,0,0,0,0,0,0,0,0,0,0,0,0,0,0,0,0,0,0,0,0,0,0,0,0,0,0,0,0,0,0,0,0,0,0,0,0,0,0,0,0,0,0,7,0,2343118,8,8,8,1007.32,128,0.430241,0,0.01,349632,0,1667791,243215,0,0,0,0,0,0,0,0,0,0,2089179,12879,0,668149,67398,73920,6522,0,266327,0,23393,242934,0,0,0,165288,466567,383729,1327534,0,0,0,0,0,0,0,0,0,0,0,0,0,0,0,0,0,0,0,45470,45271,1424779,670605,0,243215,0,0,0,0,2048,113413,104433,58565,1,parallel,/home/user/workspace/csg-htsim/.worktrees/grade-collective-sweep/sim/datacenter/htsim_roce -o /home/user/workspace/csg-htsim/.worktrees/grade-collective-sweep/experiments/n-mrc/output/grade_collective_scale_concurrency_20260726/raw/collective_p4_flow512kib/default/seed_13/logout.dat -tm /home/user/workspace/csg-htsim/.worktrees/grade-collective-sweep/experiments/n-mrc/output/grade_collective_scale_concurrency_20260726/traffic/n128_collective_p4_flow512kib_seed13.cm -nodes 128 -conns 16256 -tiers 2 -lb grade -linkspeed 400000 -queue_type composite_ecn_lb -host_queue_type prio -mtu 4096 -end 100000 -paths 8 -seed 13 -cc dcqcn_variant -roce_rx_mode sp -roce_sack_bitmap_bits 64 -roce_transport_semantics mrc_exact_bounded -roce_trim_recovery exact -hop_latency 0.5 -switch_latency 0.5 -queue_cv_sample_us 100 -stor_level_weights 4 2 1 0,16256,1,0,0.0,0.0,0.0,16256,512,16256,2227.19,965.9795274606315,2019.8885000000005,2227.19,965.9795274606315,1,951.7555,1881.36,2136.5868000000005,2019.8885000000005,4,63.5,all_to_all_cct_us,2227.19,0,collective_p4_flow512kib,13,339c4685a90c8895efad0229af8f25cc2d0fe613fa8cd459bb3c0ab396ca3ea9,cd66f7cc1c0f0fe7e6813b9bbb02c23813611479a17c4ae0dc62747f28a66945,16256,default,4/2/1/0
1474,0,6977176,643,238373,0,0,4096,22349,973,2080768,0,0,0,0,0,0,0,0,0,0,0,0,0,0,0,0,0,0,0,0,0,0,0,0,0,0,0,0,0,0,0,0,0,0,0,0,0,0,0,0,0,0,0,0,0,0,0,0,0,0,0,0,0,0,0,0,0,0,0,0,0,0,0,0,0,0,0,0,0,0,0,0,2,0,2340657,8,8,8,1018.32,128,0.41256,0,0.01,349696,0,1639778,241143,0,0,0,0,0,0,0,0,0,0,2089108,12681,0,658905,66703,72958,6255,0,263812,0,22942,240870,0,0,0,160686,458022,376470,1345479,0,0,0,0,0,0,0,0,0,0,0,0,0,0,0,0,0,0,0,45493,45332,1433814,661293,0,241143,0,0,0,0,1980,108667,104715,61237,1,parallel,/home/user/workspace/csg-htsim/.worktrees/grade-collective-sweep/sim/datacenter/htsim_roce -o /home/user/workspace/csg-htsim/.worktrees/grade-collective-sweep/experiments/n-mrc/output/grade_collective_scale_concurrency_20260726/raw/collective_p4_flow512kib/default/seed_29/logout.dat -tm /home/user/workspace/csg-htsim/.worktrees/grade-collective-sweep/experiments/n-mrc/output/grade_collective_scale_concurrency_20260726/traffic/n128_collective_p4_flow512kib_seed29.cm -nodes 128 -conns 16256 -tiers 2 -lb grade -linkspeed 400000 -queue_type composite_ecn_lb -host_queue_type prio -mtu 4096 -end 100000 -paths 8 -seed 29 -cc dcqcn_variant -roce_rx_mode sp -roce_sack_bitmap_bits 64 -roce_transport_semantics mrc_exact_bounded -roce_trim_recovery exact -hop_latency 0.5 -switch_latency 0.5 -queue_cv_sample_us 100 -stor_level_weights 4 2 1 0,16256,1,0,0.0,0.0,0.0,16256,512,16256,2231.53,969.037534707183,2031.9565000000002,2231.53,969.037534707183,1,952.9175,1887.4825,2159.0682,2031.9565000000002,4,63.5,all_to_all_cct_us,2231.53,0,collective_p4_flow512kib,29,339c4685a90c8895efad0229af8f25cc2d0fe613fa8cd459bb3c0ab396ca3ea9,b57e3e2e8cbff05213ee36492fee091a55193e18fc5a982e3047239b7eea271b,16256,default,4/2/1/0
1593,0,7075077,713,238529,0,0,4096,23071,1054,2080768,0,0,0,0,0,0,0,0,0,0,0,0,0,0,0,0,0,0,0,0,0,0,0,0,0,0,0,0,0,0,0,0,0,0,0,0,0,0,0,0,0,0,0,0,0,0,0,0,0,0,0,0,0,0,0,0,0,0,0,0,0,0,0,0,0,0,0,0,0,0,0,0,5,0,2341489,8,8,8,1055.14,128,0.390363,0,0.01,349696,0,1659763,241490,0,0,0,0,0,0,0,0,0,0,2089491,13143,0,668192,67194,73628,6434,0,264960,0,23736,241224,0,0,0,163865,461611,376857,1339156,0,0,0,0,0,0,0,0,0,0,0,0,0,0,0,0,0,0,0,45402,45217,1424998,670516,0,241490,0,0,0,0,1905,111659,105620,60196,1,parallel,/home/user/workspace/csg-htsim/.worktrees/grade-collective-sweep/sim/datacenter/htsim_roce -o /home/user/workspace/csg-htsim/.worktrees/grade-collective-sweep/experiments/n-mrc/output/grade_collective_scale_concurrency_20260726/raw/collective_p4_flow512kib/default/seed_47/logout.dat -tm /home/user/workspace/csg-htsim/.worktrees/grade-collective-sweep/experiments/n-mrc/output/grade_collective_scale_concurrency_20260726/traffic/n128_collective_p4_flow512kib_seed47.cm -nodes 128 -conns 16256 -tiers 2 -lb grade -linkspeed 400000 -queue_type composite_ecn_lb -host_queue_type prio -mtu 4096 -end 100000 -paths 8 -seed 47 -cc dcqcn_variant -roce_rx_mode sp -roce_sack_bitmap_bits 64 -roce_transport_semantics mrc_exact_bounded -roce_trim_recovery exact -hop_latency 0.5 -switch_latency 0.5 -queue_cv_sample_us 100 -stor_level_weights 4 2 1 0,16256,1,0,0.0,0.0,0.0,16256,512,16256,2278.61,970.4449479146153,2047.2430000000002,2278.61,970.4449479146153,1,953.4105,1893.6999999999998,2169.1789000000026,2047.2430000000002,4,63.5,all_to_all_cct_us,2278.61,0,collective_p4_flow512kib,47,339c4685a90c8895efad0229af8f25cc2d0fe613fa8cd459bb3c0ab396ca3ea9,514dae083ab5ed6b56301bfff9344c58e74fc8a0e277be79c8e940b05ca3fa5e,16256,default,4/2/1/0
1353,0,6500442,516,215011,0,0,4096,21267,892,2080768,0,0,0,0,0,0,0,0,0,0,0,0,0,0,0,0,0,0,0,0,0,0,0,0,0,0,0,0,0,0,0,0,0,0,0,0,0,0,0,0,0,0,0,0,0,0,0,0,0,0,0,0,0,0,0,0,0,0,0,0,0,0,0,0,0,0,0,0,0,0,0,0,7,0,2316313,8,8,8,966.15,128,0.378717,0,0.01,349696,0,1450857,217598,0,0,0,0,0,0,0,0,0,0,2088475,11549,0,589163,65560,71330,5770,0,239039,0,21742,217297,0,0,0,147848,598349,371337,1198779,0,0,0,0,0,0,0,0,0,0,0,0,0,0,0,0,0,0,0,44946,44753,1503385,591430,0,217598,0,0,0,0,1727,98181,106371,73148,1,parallel,/home/user/workspace/csg-htsim/.worktrees/grade-collective-sweep/sim/datacenter/htsim_roce -o /home/user/workspace/csg-htsim/.worktrees/grade-collective-sweep/experiments/n-mrc/output/grade_collective_scale_concurrency_20260726/raw/collective_p4_flow512kib/equal/seed_13/logout.dat -tm /home/user/workspace/csg-htsim/.worktrees/grade-collective-sweep/experiments/n-mrc/output/grade_collective_scale_concurrency_20260726/traffic/n128_collective_p4_flow512kib_seed13.cm -nodes 128 -conns 16256 -tiers 2 -lb grade -linkspeed 400000 -queue_type composite_ecn_lb -host_queue_type prio -mtu 4096 -end 100000 -paths 8 -seed 13 -cc dcqcn_variant -roce_rx_mode sp -roce_sack_bitmap_bits 64 -roce_transport_semantics mrc_exact_bounded -roce_trim_recovery exact -hop_latency 0.5 -switch_latency 0.5 -queue_cv_sample_us 100 -stor_level_weights 4 4 4 0,16256,1,0,0.0,0.0,0.0,16256,512,16256,2122.71,924.7182744525129,1923.5205000000003,2122.71,924.7182744525129,1,906.6395,1807.0175,2039.5104500000043,1923.5205000000003,4,63.5,all_to_all_cct_us,2122.71,0,collective_p4_flow512kib,13,339c4685a90c8895efad0229af8f25cc2d0fe613fa8cd459bb3c0ab396ca3ea9,cd66f7cc1c0f0fe7e6813b9bbb02c23813611479a17c4ae0dc62747f28a66945,16256,equal,4/4/4/0
1346,0,6800220,548,228350,0,0,4096,22067,952,2080768,0,0,0,0,0,0,0,0,0,0,0,0,0,0,0,0,0,0,0,0,0,0,0,0,0,0,0,0,0,0,0,0,0,0,0,0,0,0,0,0,0,0,0,0,0,0,0,0,0,0,0,0,0,0,0,0,0,0,0,0,0,0,0,0,0,0,0,0,0,0,0,0,2,0,2330410,8,8,8,978.758,128,0.380306,0,0.01,349760,0,1503003,230957,0,0,0,0,0,0,0,0,0,0,2088860,12190,0,611376,65960,72200,6240,0,253263,0,22561,230702,0,0,0,159303,637349,376759,1156999,0,0,0,0,0,0,0,0,0,0,0,0,0,0,0,0,0,0,0,46739,46630,1481496,613809,0,230957,0,0,0,0,1929,108165,107859,68651,1,parallel,/home/user/workspace/csg-htsim/.worktrees/grade-collective-sweep/sim/datacenter/htsim_roce -o /home/user/workspace/csg-htsim/.worktrees/grade-collective-sweep/experiments/n-mrc/output/grade_collective_scale_concurrency_20260726/raw/collective_p4_flow512kib/equal/seed_29/logout.dat -tm /home/user/workspace/csg-htsim/.worktrees/grade-collective-sweep/experiments/n-mrc/output/grade_collective_scale_concurrency_20260726/traffic/n128_collective_p4_flow512kib_seed29.cm -nodes 128 -conns 16256 -tiers 2 -lb grade -linkspeed 400000 -queue_type composite_ecn_lb -host_queue_type prio -mtu 4096 -end 100000 -paths 8 -seed 29 -cc dcqcn_variant -roce_rx_mode sp -roce_sack_bitmap_bits 64 -roce_transport_semantics mrc_exact_bounded -roce_trim_recovery exact -hop_latency 0.5 -switch_latency 0.5 -queue_cv_sample_us 100 -stor_level_weights 4 4 4 0,16256,1,0,0.0,0.0,0.0,16256,512,16256,2189.75,948.8724185654545,1974.8525000000004,2189.75,948.8724185654545,1,938.6265000000001,1838.95,2085.125750000003,1974.8525000000004,4,63.5,all_to_all_cct_us,2189.75,0,collective_p4_flow512kib,29,339c4685a90c8895efad0229af8f25cc2d0fe613fa8cd459bb3c0ab396ca3ea9,b57e3e2e8cbff05213ee36492fee091a55193e18fc5a982e3047239b7eea271b,16256,equal,4/4/4/0
1438,0,6849392,592,229251,0,0,4096,22420,1079,2080768,0,0,0,0,0,0,0,0,0,0,0,0,0,0,0,0,0,0,0,0,0,0,0,0,0,0,0,0,0,0,0,0,0,0,0,0,0,0,0,0,0,0,0,0,0,0,0,0,0,0,0,0,0,0,0,0,0,0,0,0,0,0,0,0,0,0,0,0,0,0,0,0,5,0,2331712,8,8,8,974.044,128,0.39354,0,0.01,349696,0,1480200,232099,0,0,0,0,0,0,0,0,0,0,2089005,12349,0,598504,66431,72664,6233,0,254780,0,22965,231815,0,0,0,160082,618691,382050,1170889,0,0,0,0,0,0,0,0,0,0,0,0,0,0,0,0,0,0,0,46807,46658,1494684,600802,0,232099,0,0,0,0,1844,109189,111010,71946,1,parallel,/home/user/workspace/csg-htsim/.worktrees/grade-collective-sweep/sim/datacenter/htsim_roce -o /home/user/workspace/csg-htsim/.worktrees/grade-collective-sweep/experiments/n-mrc/output/grade_collective_scale_concurrency_20260726/raw/collective_p4_flow512kib/equal/seed_47/logout.dat -tm /home/user/workspace/csg-htsim/.worktrees/grade-collective-sweep/experiments/n-mrc/output/grade_collective_scale_concurrency_20260726/traffic/n128_collective_p4_flow512kib_seed47.cm -nodes 128 -conns 16256 -tiers 2 -lb grade -linkspeed 400000 -queue_type composite_ecn_lb -host_queue_type prio -mtu 4096 -end 100000 -paths 8 -seed 47 -cc dcqcn_variant -roce_rx_mode sp -roce_sack_bitmap_bits 64 -roce_transport_semantics mrc_exact_bounded -roce_trim_recovery exact -hop_latency 0.5 -switch_latency 0.5 -queue_cv_sample_us 100 -stor_level_weights 4 4 4 0,16256,1,0,0.0,0.0,0.0,16256,512,16256,2163.55,941.7839191990643,1987.5635000000002,2163.55,941.7839191990643,1,921.1225,1844.73,2100.1884500000015,1987.5635000000002,4,63.5,all_to_all_cct_us,2163.55,0,collective_p4_flow512kib,47,339c4685a90c8895efad0229af8f25cc2d0fe613fa8cd459bb3c0ab396ca3ea9,514dae083ab5ed6b56301bfff9344c58e74fc8a0e277be79c8e940b05ca3fa5e,16256,equal,4/4/4/0
1415,0,6812048,592,230501,0,0,4096,21913,995,2080768,0,0,0,0,0,0,0,0,0,0,0,0,0,0,0,0,0,0,0,0,0,0,0,0,0,0,0,0,0,0,0,0,0,0,0,0,0,0,0,0,0,0,0,0,0,0,0,0,0,0,0,0,0,0,0,0,0,0,0,0,0,0,0,0,0,0,0,0,0,0,0,0,7,0,2332355,8,8,8,955.469,128,0.365963,0,0.01,349632,0,1500520,233219,0,0,0,0,0,0,0,0,0,0,2088898,12225,0,606539,66767,72931,6164,0,255416,0,22451,232965,0,0,0,158138,524087,385191,1264939,0,0,0,0,0,0,0,0,0,0,0,0,0,0,0,0,0,0,0,46911,46748,1486213,608789,0,233219,0,0,0,0,1910,107483,109714,67207,1,parallel,/home/user/workspace/csg-htsim/.worktrees/grade-collective-sweep/sim/datacenter/htsim_roce -o /home/user/workspace/csg-htsim/.worktrees/grade-collective-sweep/experiments/n-mrc/output/grade_collective_scale_concurrency_20260726/raw/collective_p4_flow512kib/gentle/seed_13/logout.dat -tm /home/user/workspace/csg-htsim/.worktrees/grade-collective-sweep/experiments/n-mrc/output/grade_collective_scale_concurrency_20260726/traffic/n128_collective_p4_flow512kib_seed13.cm -nodes 128 -conns 16256 -tiers 2 -lb grade -linkspeed 400000 -queue_type composite_ecn_lb -host_queue_type prio -mtu 4096 -end 100000 -paths 8 -seed 13 -cc dcqcn_variant -roce_rx_mode sp -roce_sack_bitmap_bits 64 -roce_transport_semantics mrc_exact_bounded -roce_trim_recovery exact -hop_latency 0.5 -switch_latency 0.5 -queue_cv_sample_us 100 -stor_level_weights 4 3 2 0,16256,1,0,0.0,0.0,0.0,16256,512,16256,2215.85,952.5307028481819,2011.9205000000002,2215.85,952.5307028481819,1,935.5535,1864.37,2139.016300000001,2011.9205000000002,4,63.5,all_to_all_cct_us,2215.85,0,collective_p4_flow512kib,13,339c4685a90c8895efad0229af8f25cc2d0fe613fa8cd459bb3c0ab396ca3ea9,cd66f7cc1c0f0fe7e6813b9bbb02c23813611479a17c4ae0dc62747f28a66945,16256,gentle,4/3/2/0
1525,0,6797721,628,227998,0,0,4096,22049,990,2080768,0,0,0,0,0,0,0,0,0,0,0,0,0,0,0,0,0,0,0,0,0,0,0,0,0,0,0,0,0,0,0,0,0,0,0,0,0,0,0,0,0,0,0,0,0,0,0,0,0,0,0,0,0,0,0,0,0,0,0,0,0,0,0,0,0,0,0,0,0,0,0,0,2,0,2329973,8,8,8,991.55,128,0.343714,0,0.01,349760,0,1528555,230826,0,0,0,0,0,0,0,0,0,0,2088811,12154,0,620603,66118,72277,6159,0,253190,0,22629,230561,0,0,0,161356,518804,385042,1264771,0,0,0,0,0,0,0,0,0,0,0,0,0,0,0,0,0,0,0,45634,45473,1472008,622980,0,230826,0,0,0,0,1905,110125,107738,67867,1,parallel,/home/user/workspace/csg-htsim/.worktrees/grade-collective-sweep/sim/datacenter/htsim_roce -o /home/user/workspace/csg-htsim/.worktrees/grade-collective-sweep/experiments/n-mrc/output/grade_collective_scale_concurrency_20260726/raw/collective_p4_flow512kib/gentle/seed_29/logout.dat -tm /home/user/workspace/csg-htsim/.worktrees/grade-collective-sweep/experiments/n-mrc/output/grade_collective_scale_concurrency_20260726/traffic/n128_collective_p4_flow512kib_seed29.cm -nodes 128 -conns 16256 -tiers 2 -lb grade -linkspeed 400000 -queue_type composite_ecn_lb -host_queue_type prio -mtu 4096 -end 100000 -paths 8 -seed 29 -cc dcqcn_variant -roce_rx_mode sp -roce_sack_bitmap_bits 64 -roce_transport_semantics mrc_exact_bounded -roce_trim_recovery exact -hop_latency 0.5 -switch_latency 0.5 -queue_cv_sample_us 100 -stor_level_weights 4 3 2 0,16256,1,0,0.0,0.0,0.0,16256,512,16256,2355.96,955.8516402682067,2024.798,2355.96,955.8516402682067,1,938.2365,1866.9250000000002,2235.4561500000045,2024.798,4,63.5,all_to_all_cct_us,2355.96,0,collective_p4_flow512kib,29,339c4685a90c8895efad0229af8f25cc2d0fe613fa8cd459bb3c0ab396ca3ea9,b57e3e2e8cbff05213ee36492fee091a55193e18fc5a982e3047239b7eea271b,16256,gentle,4/3/2/0
1547,0,6854264,568,229434,0,0,4096,22389,1007,2080768,0,0,0,0,0,0,0,0,0,0,0,0,0,0,0,0,0,0,0,0,0,0,0,0,0,0,0,0,0,0,0,0,0,0,0,0,0,0,0,0,0,0,0,0,0,0,0,0,0,0,0,0,0,0,0,0,0,0,0,0,0,0,0,0,0,0,0,0,0,0,0,0,5,0,2331835,8,8,8,976.834,128,0.394287,0,0.01,349696,0,1551097,232281,0,0,0,0,0,0,0,0,0,0,2088865,12260,0,628524,66739,72869,6130,0,254945,0,22930,232015,0,0,0,156774,528962,389945,1256154,0,0,0,0,0,0,0,0,0,0,0,0,0,0,0,0,0,0,0,46126,45948,1464293,631058,0,232281,0,0,0,0,1885,105313,108158,66236,1,parallel,/home/user/workspace/csg-htsim/.worktrees/grade-collective-sweep/sim/datacenter/htsim_roce -o /home/user/workspace/csg-htsim/.worktrees/grade-collective-sweep/experiments/n-mrc/output/grade_collective_scale_concurrency_20260726/raw/collective_p4_flow512kib/gentle/seed_47/logout.dat -tm /home/user/workspace/csg-htsim/.worktrees/grade-collective-sweep/experiments/n-mrc/output/grade_collective_scale_concurrency_20260726/traffic/n128_collective_p4_flow512kib_seed47.cm -nodes 128 -conns 16256 -tiers 2 -lb grade -linkspeed 400000 -queue_type composite_ecn_lb -host_queue_type prio -mtu 4096 -end 100000 -paths 8 -seed 47 -cc dcqcn_variant -roce_rx_mode sp -roce_sack_bitmap_bits 64 -roce_transport_semantics mrc_exact_bounded -roce_trim_recovery exact -hop_latency 0.5 -switch_latency 0.5 -queue_cv_sample_us 100 -stor_level_weights 4 3 2 0,16256,1,0,0.0,0.0,0.0,16256,512,16256,2194.85,950.6364205462615,1992.8,2194.85,950.6364205462615,1,930.2135000000001,1852.0524999999998,2114.1718000000014,1992.8,4,63.5,all_to_all_cct_us,2194.85,0,collective_p4_flow512kib,47,339c4685a90c8895efad0229af8f25cc2d0fe613fa8cd459bb3c0ab396ca3ea9,514dae083ab5ed6b56301bfff9344c58e74fc8a0e277be79c8e940b05ca3fa5e,16256,gentle,4/3/2/0
1617,0,6961771,871,250112,0,0,4096,22420,1096,2080768,0,0,0,0,0,0,0,0,0,0,0,0,0,0,0,0,0,0,0,0,0,0,0,0,0,0,0,0,0,0,0,0,0,0,0,0,0,0,0,0,0,0,0,0,0,0,0,0,0,0,0,0,0,0,0,0,0,0,0,0,0,0,0,0,0,0,0,0,0,0,0,1,7,0,2352220,8,8,8,1027.44,128,0.379219,0,0.01,349696,0,1683976,253139,0,0,0,0,0,0,0,0,0,0,2089446,12643,0,672824,68131,74919,6788,0,276116,0,23237,252879,0,0,0,156742,429324,328488,1437666,0,0,0,0,0,0,0,0,0,0,0,0,0,0,0,0,0,0,0,45202,44997,1420033,675042,0,253139,0,0,0,0,1892,104125,103110,56009,1,parallel,/home/user/workspace/csg-htsim/.worktrees/grade-collective-sweep/sim/datacenter/htsim_roce -o /home/user/workspace/csg-htsim/.worktrees/grade-collective-sweep/experiments/n-mrc/output/grade_collective_scale_concurrency_20260726/raw/collective_p4_flow512kib/sharp/seed_13/logout.dat -tm /home/user/workspace/csg-htsim/.worktrees/grade-collective-sweep/experiments/n-mrc/output/grade_collective_scale_concurrency_20260726/traffic/n128_collective_p4_flow512kib_seed13.cm -nodes 128 -conns 16256 -tiers 2 -lb grade -linkspeed 400000 -queue_type composite_ecn_lb -host_queue_type prio -mtu 4096 -end 100000 -paths 8 -seed 13 -cc dcqcn_variant -roce_rx_mode sp -roce_sack_bitmap_bits 64 -roce_transport_semantics mrc_exact_bounded -roce_trim_recovery exact -hop_latency 0.5 -switch_latency 0.5 -queue_cv_sample_us 100 -stor_level_weights 8 2 1 0,16256,1,0,0.0,0.0,0.0,16256,512,16256,2311.75,992.3210135457638,2078.5730000000003,2311.75,992.3210135457638,1,978.034,1931.9425,2210.780450000003,2078.5730000000003,4,63.5,all_to_all_cct_us,2311.75,0,collective_p4_flow512kib,13,339c4685a90c8895efad0229af8f25cc2d0fe613fa8cd459bb3c0ab396ca3ea9,cd66f7cc1c0f0fe7e6813b9bbb02c23813611479a17c4ae0dc62747f28a66945,16256,sharp,8/2/1/0
1720,0,7183224,809,257690,0,0,4096,23188,1268,2080768,0,0,0,0,0,0,0,0,0,0,0,0,0,0,0,0,0,0,0,0,0,0,0,0,0,0,0,0,0,0,0,0,0,0,0,0,0,0,0,0,0,0,0,0,0,0,0,0,0,0,0,0,0,0,0,0,0,0,0,0,0,0,0,0,0,0,0,0,0,0,0,0,2,0,2360709,8,8,8,1028.96,128,0.328192,0,0.01,349760,0,1675500,261007,0,0,0,0,0,0,0,0,0,0,2089892,13263,0,673097,68411,75359,6948,0,284675,0,23933,260742,0,0,0,161677,431741,330507,1436784,0,0,0,0,0,0,0,0,0,0,0,0,0,0,0,0,0,0,0,46177,46004,1420267,675254,0,261007,0,0,0,0,1965,108421,105579,57538,1,parallel,/home/user/workspace/csg-htsim/.worktrees/grade-collective-sweep/sim/datacenter/htsim_roce -o /home/user/workspace/csg-htsim/.worktrees/grade-collective-sweep/experiments/n-mrc/output/grade_collective_scale_concurrency_20260726/raw/collective_p4_flow512kib/sharp/seed_29/logout.dat -tm /home/user/workspace/csg-htsim/.worktrees/grade-collective-sweep/experiments/n-mrc/output/grade_collective_scale_concurrency_20260726/traffic/n128_collective_p4_flow512kib_seed29.cm -nodes 128 -conns 16256 -tiers 2 -lb grade -linkspeed 400000 -queue_type composite_ecn_lb -host_queue_type prio -mtu 4096 -end 100000 -paths 8 -seed 29 -cc dcqcn_variant -roce_rx_mode sp -roce_sack_bitmap_bits 64 -roce_transport_semantics mrc_exact_bounded -roce_trim_recovery exact -hop_latency 0.5 -switch_latency 0.5 -queue_cv_sample_us 100 -stor_level_weights 8 2 1 0,16256,1,0,0.0,0.0,0.0,16256,512,16256,2313.93,994.7306740649634,2085.952500000001,2313.93,994.7306740649634,1,981.6700000000001,1944.3025,2219.8544500000007,2085.952500000001,4,63.5,all_to_all_cct_us,2313.93,0,collective_p4_flow512kib,29,339c4685a90c8895efad0229af8f25cc2d0fe613fa8cd459bb3c0ab396ca3ea9,b57e3e2e8cbff05213ee36492fee091a55193e18fc5a982e3047239b7eea271b,16256,sharp,8/2/1/0
1614,0,7059219,664,249986,0,0,4096,22827,1061,2080768,0,0,0,0,0,0,0,0,0,0,0,0,0,0,0,0,0,0,0,0,0,0,0,0,0,0,0,0,0,0,0,0,0,0,0,0,0,0,0,0,0,0,0,0,0,0,0,0,0,0,0,0,0,0,0,0,0,0,0,0,0,0,0,0,0,0,0,0,0,0,0,0,5,0,2352725,8,8,8,1009.17,128,0.351889,0,0.01,349760,0,1781303,252965,0,0,0,0,0,0,0,0,0,0,2089501,13028,0,713428,68107,74780,6673,0,276152,0,23446,252706,0,0,0,168611,448495,331555,1404064,0,0,0,0,0,0,0,0,0,0,0,0,0,0,0,0,0,0,0,45117,44874,1379569,715847,0,252965,0,0,0,0,2100,115442,102321,53510,1,parallel,/home/user/workspace/csg-htsim/.worktrees/grade-collective-sweep/sim/datacenter/htsim_roce -o /home/user/workspace/csg-htsim/.worktrees/grade-collective-sweep/experiments/n-mrc/output/grade_collective_scale_concurrency_20260726/raw/collective_p4_flow512kib/sharp/seed_47/logout.dat -tm /home/user/workspace/csg-htsim/.worktrees/grade-collective-sweep/experiments/n-mrc/output/grade_collective_scale_concurrency_20260726/traffic/n128_collective_p4_flow512kib_seed47.cm -nodes 128 -conns 16256 -tiers 2 -lb grade -linkspeed 400000 -queue_type composite_ecn_lb -host_queue_type prio -mtu 4096 -end 100000 -paths 8 -seed 47 -cc dcqcn_variant -roce_rx_mode sp -roce_sack_bitmap_bits 64 -roce_transport_semantics mrc_exact_bounded -roce_trim_recovery exact -hop_latency 0.5 -switch_latency 0.5 -queue_cv_sample_us 100 -stor_level_weights 8 2 1 0,16256,1,0,0.0,0.0,0.0,16256,512,16256,2309.95,993.9208467212103,2049.5470000000005,2309.95,993.9208467212103,1,987.3695,1925.3075,2157.498700000003,2049.5470000000005,4,63.5,all_to_all_cct_us,2309.95,0,collective_p4_flow512kib,47,339c4685a90c8895efad0229af8f25cc2d0fe613fa8cd459bb3c0ab396ca3ea9,514dae083ab5ed6b56301bfff9344c58e74fc8a0e277be79c8e940b05ca3fa5e,16256,sharp,8/2/1/0
4514,0,42382598,779,1253926,0,0,4096,74729,1168,33292288,0,0,0,0,0,0,0,0,0,0,0,0,0,0,0,0,0,0,0,0,0,0,0,0,0,0,0,0,0,0,0,0,0,0,0,0,0,0,0,0,0,0,0,0,0,0,0,0,0,0,0,0,0,0,0,0,0,0,0,0,0,0,0,0,0,0,0,0,0,0,0,0,7,0,34617225,8,8,8,3418.81,128,0.181964,0.03,0.17,349568,0,1106855,1259666,0,0,0,0,0,0,0,0,0,0,33354750,64492,0,580691,1200167,1252855,52688,0,1335116,0,75465,1259651,0,0,0,172512,636641,1966725,31841347,0,0,0,0,0,0,0,0,0,0,0,0,0,0,0,0,0,0,0,146082,146082,32775011,580731,0,1259666,0,0,0,0,399,11067,1096659,2674447,1,flow_size,/home/user/workspace/csg-htsim/.worktrees/grade-collective-sweep/sim/datacenter/htsim_roce -o /home/user/workspace/csg-htsim/.worktrees/grade-collective-sweep/experiments/n-mrc/output/grade_collective_scale_concurrency_20260726/raw/collective_p4_flow8192kib/default/seed_13/logout.dat -tm /home/user/workspace/csg-htsim/.worktrees/grade-collective-sweep/experiments/n-mrc/output/grade_collective_scale_concurrency_20260726/traffic/n128_collective_p4_flow8192kib_seed13.cm -nodes 128 -conns 16256 -tiers 2 -lb grade -linkspeed 400000 -queue_type composite_ecn_lb -host_queue_type prio -mtu 4096 -end 100000 -paths 8 -seed 13 -cc dcqcn_variant -roce_rx_mode sp -roce_sack_bitmap_bits 64 -roce_transport_semantics mrc_exact_bounded -roce_trim_recovery exact -hop_latency 0.5 -switch_latency 0.5 -queue_cv_sample_us 100 -stor_level_weights 4 2 1 0,16256,1,0,0.0,0.0,0.0,16256,8192,16256,37761.1,15279.23742218262,34340.255000000005,37761.1,15279.23742218262,1,14504.4,31059.55,36631.549500000016,34340.255000000005,4,1016.0,all_to_all_cct_us,37761.1,0,collective_p4_flow8192kib,13,339c4685a90c8895efad0229af8f25cc2d0fe613fa8cd459bb3c0ab396ca3ea9,997736135a35503b8a87d598f6f983cd4c6ae9da6424b20ed123368be2b62ca4,16256,default,4/2/1/0
4408,0,42563913,725,1262209,0,0,4096,74729,1158,33292288,0,0,0,0,0,0,0,0,0,0,0,0,0,0,0,0,0,0,0,0,0,0,0,0,0,0,0,0,0,0,0,0,0,0,0,0,0,0,0,0,0,0,0,0,0,0,0,0,0,0,0,0,0,0,0,0,0,0,0,0,0,0,0,0,0,0,0,0,0,0,0,0,2,0,34625563,8,8,8,3409.38,128,0.228377,0.03,0.16,349632,0,1136546,1267821,0,0,0,0,0,0,0,0,0,0,33354851,64721,0,589781,1199356,1252350,52994,0,1343229,0,75421,1267808,0,0,0,174423,635485,1981754,31833901,0,0,0,0,0,0,0,0,0,0,0,0,0,0,0,0,0,0,0,146219,146216,32765970,589809,0,1267821,0,0,0,0,417,9592,1105826,2706807,1,flow_size,/home/user/workspace/csg-htsim/.worktrees/grade-collective-sweep/sim/datacenter/htsim_roce -o /home/user/workspace/csg-htsim/.worktrees/grade-collective-sweep/experiments/n-mrc/output/grade_collective_scale_concurrency_20260726/raw/collective_p4_flow8192kib/default/seed_29/logout.dat -tm /home/user/workspace/csg-htsim/.worktrees/grade-collective-sweep/experiments/n-mrc/output/grade_collective_scale_concurrency_20260726/traffic/n128_collective_p4_flow8192kib_seed29.cm -nodes 128 -conns 16256 -tiers 2 -lb grade -linkspeed 400000 -queue_type composite_ecn_lb -host_queue_type prio -mtu 4096 -end 100000 -paths 8 -seed 29 -cc dcqcn_variant -roce_rx_mode sp -roce_sack_bitmap_bits 64 -roce_transport_semantics mrc_exact_bounded -roce_trim_recovery exact -hop_latency 0.5 -switch_latency 0.5 -queue_cv_sample_us 100 -stor_level_weights 4 2 1 0,16256,1,0,0.0,0.0,0.0,16256,8192,16256,37900.9,15398.012542384351,34496.065,37900.9,15398.012542384351,1,14614.7,31189.550000000003,37213.850500000015,34496.065,4,1016.0,all_to_all_cct_us,37900.9,0,collective_p4_flow8192kib,29,339c4685a90c8895efad0229af8f25cc2d0fe613fa8cd459bb3c0ab396ca3ea9,82de6a0f3a270968b0b2279c68de14ab9285dcfba84686d1d11d8f4ed5482f91,16256,default,4/2/1/0
4537,0,42469384,846,1245855,0,0,4096,76801,1227,33292288,0,0,0,0,0,0,0,0,0,0,0,0,0,0,0,0,0,0,0,0,0,0,0,0,0,0,0,0,0,0,0,0,0,0,0,0,0,0,0,0,0,0,0,0,0,0,0,0,0,0,0,0,0,0,0,0,0,0,0,0,0,0,0,0,0,0,0,0,0,0,0,0,5,0,34611099,8,8,8,3453.03,128,0.206479,0.03,0.16,349504,0,1146674,1251675,0,0,0,0,0,0,0,0,0,0,33356347,66329,0,597404,1200780,1254230,53450,0,1329266,0,77605,1251661,0,0,0,172767,626792,1954771,31856769,0,0,0,0,0,0,0,0,0,0,0,0,0,0,0,0,0,0,0,142837,142825,32759904,597466,0,1251675,0,0,0,0,410,11080,1096568,2692275,1,flow_size,/home/user/workspace/csg-htsim/.worktrees/grade-collective-sweep/sim/datacenter/htsim_roce -o /home/user/workspace/csg-htsim/.worktrees/grade-collective-sweep/experiments/n-mrc/output/grade_collective_scale_concurrency_20260726/raw/collective_p4_flow8192kib/default/seed_47/logout.dat -tm /home/user/workspace/csg-htsim/.worktrees/grade-collective-sweep/experiments/n-mrc/output/grade_collective_scale_concurrency_20260726/traffic/n128_collective_p4_flow8192kib_seed47.cm -nodes 128 -conns 16256 -tiers 2 -lb grade -linkspeed 400000 -queue_type composite_ecn_lb -host_queue_type prio -mtu 4096 -end 100000 -paths 8 -seed 47 -cc dcqcn_variant -roce_rx_mode sp -roce_sack_bitmap_bits 64 -roce_transport_semantics mrc_exact_bounded -roce_trim_recovery exact -hop_latency 0.5 -switch_latency 0.5 -queue_cv_sample_us 100 -stor_level_weights 4 2 1 0,16256,1,0,0.0,0.0,0.0,16256,8192,16256,38363.5,15380.911185900608,34650.350000000006,38363.5,15380.911185900608,1,14611.05,31397.649999999998,37237.58650000009,34650.350000000006,4,1016.0,all_to_all_cct_us,38363.5,0,collective_p4_flow8192kib,47,339c4685a90c8895efad0229af8f25cc2d0fe613fa8cd459bb3c0ab396ca3ea9,cb42a0b2aa22d9233f5eb1cd4e3f275e724a8f170e31e8cf160f08eddab7ae3f,16256,default,4/2/1/0
4186,0,43273632,693,1229865,0,0,4096,79882,1005,33292288,0,0,0,0,0,0,0,0,0,0,0,0,0,0,0,0,0,0,0,0,0,0,0,0,0,0,0,0,0,0,0,0,0,0,0,0,0,0,0,0,0,0,0,0,0,0,0,0,0,0,0,0,0,0,0,0,0,0,0,0,0,0,0,0,0,0,0,0,0,0,0,0,7,0,34598713,8,8,8,3354.03,128,0.106045,0.04,0.15,349632,0,701869,1235107,0,0,0,0,0,0,0,0,0,0,33360047,70212,0,352503,1157426,1205109,47683,0,1315631,0,80538,1235093,0,0,0,124585,961263,2346503,31166362,0,0,0,0,0,0,0,0,0,0,0,0,0,0,0,0,0,0,0,122911,122908,33008824,352543,0,1235107,0,0,0,0,242,6748,991871,2565518,1,flow_size,/home/user/workspace/csg-htsim/.worktrees/grade-collective-sweep/sim/datacenter/htsim_roce -o /home/user/workspace/csg-htsim/.worktrees/grade-collective-sweep/experiments/n-mrc/output/grade_collective_scale_concurrency_20260726/raw/collective_p4_flow8192kib/equal/seed_13/logout.dat -tm /home/user/workspace/csg-htsim/.worktrees/grade-collective-sweep/experiments/n-mrc/output/grade_collective_scale_concurrency_20260726/traffic/n128_collective_p4_flow8192kib_seed13.cm -nodes 128 -conns 16256 -tiers 2 -lb grade -linkspeed 400000 -queue_type composite_ecn_lb -host_queue_type prio -mtu 4096 -end 100000 -paths 8 -seed 13 -cc dcqcn_variant -roce_rx_mode sp -roce_sack_bitmap_bits 64 -roce_transport_semantics mrc_exact_bounded -roce_trim_recovery exact -hop_latency 0.5 -switch_latency 0.5 -queue_cv_sample_us 100 -stor_level_weights 4 4 4 0,16256,1,0,0.0,0.0,0.0,16256,8192,16256,35572.7,14271.010766363243,32126.810000000005,35572.7,14271.010766363243,1,13504.2,29259.7,34757.36700000001,32126.810000000005,4,1016.0,all_to_all_cct_us,35572.7,0,collective_p4_flow8192kib,13,339c4685a90c8895efad0229af8f25cc2d0fe613fa8cd459bb3c0ab396ca3ea9,997736135a35503b8a87d598f6f983cd4c6ae9da6424b20ed123368be2b62ca4,16256,equal,4/4/4/0
4779,0,43050412,816,1241598,0,0,4096,83261,1240,33292288,0,0,0,0,0,0,0,0,0,0,0,0,0,0,0,0,0,0,0,0,0,0,0,0,0,0,0,0,0,0,0,0,0,0,0,0,0,0,0,0,0,0,0,0,0,0,0,0,0,0,0,0,0,0,0,0,0,0,0,0,0,0,0,0,0,0,0,0,0,0,0,1,2,0,34613435,8,8,8,3459.01,128,0.116001,0.04,0.16,349504,0,828373,1247687,0,0,0,0,0,0,0,0,0,0,33362323,72445,0,419856,1155915,1206103,50188,0,1331694,0,84031,1247663,0,0,0,137962,1042004,2426644,31006825,0,0,0,0,0,0,0,0,0,0,0,0,0,0,0,0,0,0,0,131633,131631,32943627,419914,0,1247687,0,0,0,0,291,8048,1027073,2625973,1,flow_size,/home/user/workspace/csg-htsim/.worktrees/grade-collective-sweep/sim/datacenter/htsim_roce -o /home/user/workspace/csg-htsim/.worktrees/grade-collective-sweep/experiments/n-mrc/output/grade_collective_scale_concurrency_20260726/raw/collective_p4_flow8192kib/equal/seed_29/logout.dat -tm /home/user/workspace/csg-htsim/.worktrees/grade-collective-sweep/experiments/n-mrc/output/grade_collective_scale_concurrency_20260726/traffic/n128_collective_p4_flow8192kib_seed29.cm -nodes 128 -conns 16256 -tiers 2 -lb grade -linkspeed 400000 -queue_type composite_ecn_lb -host_queue_type prio -mtu 4096 -end 100000 -paths 8 -seed 29 -cc dcqcn_variant -roce_rx_mode sp -roce_sack_bitmap_bits 64 -roce_transport_semantics mrc_exact_bounded -roce_trim_recovery exact -hop_latency 0.5 -switch_latency 0.5 -queue_cv_sample_us 100 -stor_level_weights 4 4 4 0,16256,1,0,0.0,0.0,0.0,16256,8192,16256,36878.2,14678.033910802158,33249.945,36878.2,14678.033910802158,1,13929.4,30110.749999999996,35631.17400000002,33249.945,4,1016.0,all_to_all_cct_us,36878.2,0,collective_p4_flow8192kib,29,339c4685a90c8895efad0229af8f25cc2d0fe613fa8cd459bb3c0ab396ca3ea9,82de6a0f3a270968b0b2279c68de14ab9285dcfba84686d1d11d8f4ed5482f91,16256,equal,4/4/4/0
5494,0,43425524,907,1379884,0,0,4096,88948,1527,33292288,0,0,0,0,0,0,0,0,0,0,0,0,0,0,0,0,0,0,0,0,0,0,0,0,0,0,0,0,0,0,0,0,0,0,0,0,0,0,0,0,0,0,0,0,0,0,0,0,0,0,0,0,0,0,0,0,0,0,0,0,0,0,0,0,0,0,0,0,0,0,0,1,5,0,34756668,8,8,8,3177.72,128,0.146869,0.04,0.15,349568,0,670275,1386980,0,0,0,0,0,0,0,0,0,0,33366460,76435,0,338187,1228408,1290720,62312,0,1476760,0,89803,1386957,0,0,0,143408,1060542,2594664,30958054,0,0,0,0,0,0,0,0,0,0,0,0,0,0,0,0,0,0,0,134619,134613,33029404,338219,0,1386980,0,0,0,0,448,13472,1143294,2964086,1,flow_size,/home/user/workspace/csg-htsim/.worktrees/grade-collective-sweep/sim/datacenter/htsim_roce -o /home/user/workspace/csg-htsim/.worktrees/grade-collective-sweep/experiments/n-mrc/output/grade_collective_scale_concurrency_20260726/raw/collective_p4_flow8192kib/equal/seed_47/logout.dat -tm /home/user/workspace/csg-htsim/.worktrees/grade-collective-sweep/experiments/n-mrc/output/grade_collective_scale_concurrency_20260726/traffic/n128_collective_p4_flow8192kib_seed47.cm -nodes 128 -conns 16256 -tiers 2 -lb grade -linkspeed 400000 -queue_type composite_ecn_lb -host_queue_type prio -mtu 4096 -end 100000 -paths 8 -seed 47 -cc dcqcn_variant -roce_rx_mode sp -roce_sack_bitmap_bits 64 -roce_transport_semantics mrc_exact_bounded -roce_trim_recovery exact -hop_latency 0.5 -switch_latency 0.5 -queue_cv_sample_us 100 -stor_level_weights 4 4 4 0,16256,1,0,0.0,0.0,0.0,16256,8192,16256,42771.8,15241.587156003869,38375.19500000001,42771.8,15241.587156003869,1,13980.45,32552.499999999996,41568.00650000001,38375.19500000001,4,1016.0,all_to_all_cct_us,42771.8,0,collective_p4_flow8192kib,47,339c4685a90c8895efad0229af8f25cc2d0fe613fa8cd459bb3c0ab396ca3ea9,cb42a0b2aa22d9233f5eb1cd4e3f275e724a8f170e31e8cf160f08eddab7ae3f,16256,equal,4/4/4/0
4650,0,42706577,833,1263137,0,0,4096,79290,1249,33292288,0,0,0,0,0,0,0,0,0,0,0,0,0,0,0,0,0,0,0,0,0,0,0,0,0,0,0,0,0,0,0,0,0,0,0,0,0,0,0,0,0,0,0,0,0,0,0,0,0,0,0,0,0,0,0,0,0,0,0,0,0,0,0,0,0,0,0,0,0,0,0,0,7,0,34631015,8,8,8,3321.91,128,0.188031,0.04,0.15,349568,0,921432,1269097,0,0,0,0,0,0,0,0,0,0,33358656,68664,0,478352,1193435,1247416,53981,0,1349159,0,80083,1269076,0,0,0,156794,792618,2213980,31467623,0,0,0,0,0,0,0,0,0,0,0,0,0,0,0,0,0,0,0,137063,137057,32881419,478400,0,1269097,0,0,0,0,408,11198,1079366,2700957,1,flow_size,/home/user/workspace/csg-htsim/.worktrees/grade-collective-sweep/sim/datacenter/htsim_roce -o /home/user/workspace/csg-htsim/.worktrees/grade-collective-sweep/experiments/n-mrc/output/grade_collective_scale_concurrency_20260726/raw/collective_p4_flow8192kib/gentle/seed_13/logout.dat -tm /home/user/workspace/csg-htsim/.worktrees/grade-collective-sweep/experiments/n-mrc/output/grade_collective_scale_concurrency_20260726/traffic/n128_collective_p4_flow8192kib_seed13.cm -nodes 128 -conns 16256 -tiers 2 -lb grade -linkspeed 400000 -queue_type composite_ecn_lb -host_queue_type prio -mtu 4096 -end 100000 -paths 8 -seed 13 -cc dcqcn_variant -roce_rx_mode sp -roce_sack_bitmap_bits 64 -roce_transport_semantics mrc_exact_bounded -roce_trim_recovery exact -hop_latency 0.5 -switch_latency 0.5 -queue_cv_sample_us 100 -stor_level_weights 4 3 2 0,16256,1,0,0.0,0.0,0.0,16256,8192,16256,40224.0,15139.42387616877,35721.78000000002,40224.0,15139.42387616877,1,14362.849999999999,31048.625,38804.76400000001,35721.78000000002,4,1016.0,all_to_all_cct_us,40224.0,0,collective_p4_flow8192kib,13,339c4685a90c8895efad0229af8f25cc2d0fe613fa8cd459bb3c0ab396ca3ea9,997736135a35503b8a87d598f6f983cd4c6ae9da6424b20ed123368be2b62ca4,16256,gentle,4/3/2/0
5639,0,42974297,974,1293181,0,0,4096,87252,1684,33292288,0,0,0,0,0,0,0,0,0,0,0,0,0,0,0,0,0,0,0,0,0,0,0,0,0,0,0,0,0,0,0,0,0,0,0,0,0,0,0,0,0,0,0,0,0,0,0,0,0,0,0,0,0,0,0,0,0,0,0,0,0,0,0,0,0,0,0,0,0,0,0,0,2,0,34668215,8,8,8,3379.21,128,0.162408,0.04,0.16,349568,0,1019394,1300582,0,0,0,0,0,0,0,0,0,0,33364394,74397,0,522352,1217664,1276757,59093,0,1388730,0,88165,1300565,0,0,0,166434,828891,2297901,31374989,0,0,0,0,0,0,0,0,0,0,0,0,0,0,0,0,0,0,0,141440,141435,32843114,522395,0,1300582,0,0,0,0,558,12731,1138050,2842422,1,flow_size,/home/user/workspace/csg-htsim/.worktrees/grade-collective-sweep/sim/datacenter/htsim_roce -o /home/user/workspace/csg-htsim/.worktrees/grade-collective-sweep/experiments/n-mrc/output/grade_collective_scale_concurrency_20260726/raw/collective_p4_flow8192kib/gentle/seed_29/logout.dat -tm /home/user/workspace/csg-htsim/.worktrees/grade-collective-sweep/experiments/n-mrc/output/grade_collective_scale_concurrency_20260726/traffic/n128_collective_p4_flow8192kib_seed29.cm -nodes 128 -conns 16256 -tiers 2 -lb grade -linkspeed 400000 -queue_type composite_ecn_lb -host_queue_type prio -mtu 4096 -end 100000 -paths 8 -seed 29 -cc dcqcn_variant -roce_rx_mode sp -roce_sack_bitmap_bits 64 -roce_transport_semantics mrc_exact_bounded -roce_trim_recovery exact -hop_latency 0.5 -switch_latency 0.5 -queue_cv_sample_us 100 -stor_level_weights 4 3 2 0,16256,1,0,0.0,0.0,0.0,16256,8192,16256,44029.9,15055.915002337539,37684.935000000005,44029.9,15055.915002337539,1,13906.45,32171.500000000004,42614.37000000001,37684.935000000005,4,1016.0,all_to_all_cct_us,44029.9,0,collective_p4_flow8192kib,29,339c4685a90c8895efad0229af8f25cc2d0fe613fa8cd459bb3c0ab396ca3ea9,82de6a0f3a270968b0b2279c68de14ab9285dcfba84686d1d11d8f4ed5482f91,16256,gentle,4/3/2/0
4809,0,43132569,802,1321091,0,0,4096,80284,1214,33292288,0,0,0,0,0,0,0,0,0,0,0,0,0,0,0,0,0,0,0,0,0,0,0,0,0,0,0,0,0,0,0,0,0,0,0,0,0,0,0,0,0,0,0,0,0,0,0,0,0,0,0,0,0,0,0,0,0,0,0,0,0,0,0,0,0,0,0,0,0,0,0,0,5,0,34689804,8,8,8,3135.38,128,0.157489,0.03,0.14,349632,0,817726,1327180,0,0,0,0,0,0,0,0,0,0,33359515,69444,0,422210,1204434,1259532,55098,0,1408200,0,81043,1327157,0,0,0,148362,782327,2240785,31518330,0,0,0,0,0,0,0,0,0,0,0,0,0,0,0,0,0,0,0,136190,136188,32938367,422259,0,1327180,0,0,0,0,383,10050,1097709,2785623,1,flow_size,/home/user/workspace/csg-htsim/.worktrees/grade-collective-sweep/sim/datacenter/htsim_roce -o /home/user/workspace/csg-htsim/.worktrees/grade-collective-sweep/experiments/n-mrc/output/grade_collective_scale_concurrency_20260726/raw/collective_p4_flow8192kib/gentle/seed_47/logout.dat -tm /home/user/workspace/csg-htsim/.worktrees/grade-collective-sweep/experiments/n-mrc/output/grade_collective_scale_concurrency_20260726/traffic/n128_collective_p4_flow8192kib_seed47.cm -nodes 128 -conns 16256 -tiers 2 -lb grade -linkspeed 400000 -queue_type composite_ecn_lb -host_queue_type prio -mtu 4096 -end 100000 -paths 8 -seed 47 -cc dcqcn_variant -roce_rx_mode sp -roce_sack_bitmap_bits 64 -roce_transport_semantics mrc_exact_bounded -roce_trim_recovery exact -hop_latency 0.5 -switch_latency 0.5 -queue_cv_sample_us 100 -stor_level_weights 4 3 2 0,16256,1,0,0.0,0.0,0.0,16256,8192,16256,37978.1,15271.606540969493,34567.545000000006,37978.1,15271.606540969493,1,14461.05,31130.825000000004,36663.113000000005,34567.545000000006,4,1016.0,all_to_all_cct_us,37978.1,0,collective_p4_flow8192kib,47,339c4685a90c8895efad0229af8f25cc2d0fe613fa8cd459bb3c0ab396ca3ea9,cb42a0b2aa22d9233f5eb1cd4e3f275e724a8f170e31e8cf160f08eddab7ae3f,16256,gentle,4/3/2/0
4240,0,42001187,742,1190224,0,0,4096,70136,1142,33292288,0,0,0,0,0,0,0,0,0,0,0,0,0,0,0,0,0,0,0,0,0,0,0,0,0,0,0,0,0,0,0,0,0,0,0,0,0,0,0,0,0,0,0,0,0,0,0,0,0,0,0,0,0,0,0,0,0,0,0,0,0,0,0,0,0,0,0,0,0,0,0,0,7,0,34549174,8,8,8,3859.18,128,0.280031,0.03,0.22,349568,0,1546831,1195662,0,0,0,0,0,0,0,0,0,0,33350696,60571,0,822716,1208966,1259587,50621,0,1266484,0,70833,1195651,0,0,0,207792,656371,1389717,32295294,0,0,0,0,0,0,0,0,0,0,0,0,0,0,0,0,0,0,0,163339,163336,32528797,822766,0,1195662,0,0,0,0,415,8571,1115098,2610296,1,flow_size,/home/user/workspace/csg-htsim/.worktrees/grade-collective-sweep/sim/datacenter/htsim_roce -o /home/user/workspace/csg-htsim/.worktrees/grade-collective-sweep/experiments/n-mrc/output/grade_collective_scale_concurrency_20260726/raw/collective_p4_flow8192kib/sharp/seed_13/logout.dat -tm /home/user/workspace/csg-htsim/.worktrees/grade-collective-sweep/experiments/n-mrc/output/grade_collective_scale_concurrency_20260726/traffic/n128_collective_p4_flow8192kib_seed13.cm -nodes 128 -conns 16256 -tiers 2 -lb grade -linkspeed 400000 -queue_type composite_ecn_lb -host_queue_type prio -mtu 4096 -end 100000 -paths 8 -seed 13 -cc dcqcn_variant -roce_rx_mode sp -roce_sack_bitmap_bits 64 -roce_transport_semantics mrc_exact_bounded -roce_trim_recovery exact -hop_latency 0.5 -switch_latency 0.5 -queue_cv_sample_us 100 -stor_level_weights 8 2 1 0,16256,1,0,0.0,0.0,0.0,16256,8192,16256,38493.4,15773.964352362224,35159.200000000004,38493.4,15773.964352362224,1,15015.75,31858.225000000002,37793.18550000001,35159.200000000004,4,1016.0,all_to_all_cct_us,38493.4,0,collective_p4_flow8192kib,13,339c4685a90c8895efad0229af8f25cc2d0fe613fa8cd459bb3c0ab396ca3ea9,997736135a35503b8a87d598f6f983cd4c6ae9da6424b20ed123368be2b62ca4,16256,sharp,8/2/1/0
3989,0,41530449,757,1120225,0,0,4096,66505,1068,33292288,0,0,0,0,0,0,0,0,0,0,0,0,0,0,0,0,0,0,0,0,0,0,0,0,0,0,0,0,0,0,0,0,0,0,0,0,0,0,0,0,0,0,0,0,0,0,0,0,0,0,0,0,0,0,0,0,0,0,0,0,0,0,0,0,0,0,0,0,0,0,0,0,2,0,34475764,8,8,8,4218.55,128,0.295631,0.04,0.27,349760,0,1953290,1125325,0,0,0,0,0,0,0,0,0,0,33347665,57480,0,1047619,1217888,1267435,49547,0,1192544,0,67235,1125309,0,0,0,241235,732591,1465247,32036691,0,0,0,0,0,0,0,0,0,0,0,0,0,0,0,0,0,0,0,180492,180490,32300838,1047677,0,1125325,0,0,0,0,517,9996,1143639,2585628,1,flow_size,/home/user/workspace/csg-htsim/.worktrees/grade-collective-sweep/sim/datacenter/htsim_roce -o /home/user/workspace/csg-htsim/.worktrees/grade-collective-sweep/experiments/n-mrc/output/grade_collective_scale_concurrency_20260726/raw/collective_p4_flow8192kib/sharp/seed_29/logout.dat -tm /home/user/workspace/csg-htsim/.worktrees/grade-collective-sweep/experiments/n-mrc/output/grade_collective_scale_concurrency_20260726/traffic/n128_collective_p4_flow8192kib_seed29.cm -nodes 128 -conns 16256 -tiers 2 -lb grade -linkspeed 400000 -queue_type composite_ecn_lb -host_queue_type prio -mtu 4096 -end 100000 -paths 8 -seed 29 -cc dcqcn_variant -roce_rx_mode sp -roce_sack_bitmap_bits 64 -roce_transport_semantics mrc_exact_bounded -roce_trim_recovery exact -hop_latency 0.5 -switch_latency 0.5 -queue_cv_sample_us 100 -stor_level_weights 8 2 1 0,16256,1,0,0.0,0.0,0.0,16256,8192,16256,39425.7,15794.30888324311,36092.65000000001,39425.7,15794.30888324311,1,15242.45,31884.425,38390.614000000016,36092.65000000001,4,1016.0,all_to_all_cct_us,39425.7,0,collective_p4_flow8192kib,29,339c4685a90c8895efad0229af8f25cc2d0fe613fa8cd459bb3c0ab396ca3ea9,82de6a0f3a270968b0b2279c68de14ab9285dcfba84686d1d11d8f4ed5482f91,16256,sharp,8/2/1/0
4094,0,41868005,638,1156421,0,0,4096,66967,1134,33292288,0,0,0,0,0,0,0,0,0,0,0,0,0,0,0,0,0,0,0,0,0,0,0,0,0,0,0,0,0,0,0,0,0,0,0,0,0,0,0,0,0,0,0,0,0,0,0,0,0,0,0,0,0,0,0,0,0,0,0,0,0,0,0,0,0,0,0,0,0,0,0,0,5,0,34512550,8,8,8,4083.17,128,0.240103,0.04,0.24,349632,0,1810987,1161689,0,0,0,0,0,0,0,0,0,0,33348090,57932,0,956122,1213582,1263100,49518,0,1229254,0,67576,1161678,0,0,0,225574,692624,1424395,32169957,0,0,0,0,0,0,0,0,0,0,0,0,0,0,0,0,0,0,0,172853,172853,32392740,956172,0,1161689,0,0,0,0,508,9623,1129992,2641839,1,flow_size,/home/user/workspace/csg-htsim/.worktrees/grade-collective-sweep/sim/datacenter/htsim_roce -o /home/user/workspace/csg-htsim/.worktrees/grade-collective-sweep/experiments/n-mrc/output/grade_collective_scale_concurrency_20260726/raw/collective_p4_flow8192kib/sharp/seed_47/logout.dat -tm /home/user/workspace/csg-htsim/.worktrees/grade-collective-sweep/experiments/n-mrc/output/grade_collective_scale_concurrency_20260726/traffic/n128_collective_p4_flow8192kib_seed47.cm -nodes 128 -conns 16256 -tiers 2 -lb grade -linkspeed 400000 -queue_type composite_ecn_lb -host_queue_type prio -mtu 4096 -end 100000 -paths 8 -seed 47 -cc dcqcn_variant -roce_rx_mode sp -roce_sack_bitmap_bits 64 -roce_transport_semantics mrc_exact_bounded -roce_trim_recovery exact -hop_latency 0.5 -switch_latency 0.5 -queue_cv_sample_us 100 -stor_level_weights 8 2 1 0,16256,1,0,0.0,0.0,0.0,16256,8192,16256,38280.5,15538.545522145716,34825.44000000001,38280.5,15538.545522145716,1,14659.75,31628.274999999998,37326.29,34825.44000000001,4,1016.0,all_to_all_cct_us,38280.5,0,collective_p4_flow8192kib,47,339c4685a90c8895efad0229af8f25cc2d0fe613fa8cd459bb3c0ab396ca3ea9,cb42a0b2aa22d9233f5eb1cd4e3f275e724a8f170e31e8cf160f08eddab7ae3f,16256,sharp,8/2/1/0
5051,0,9299038,5735,289005,0,0,4096,51954,3105,2080768,0,0,0,0,0,0,0,0,0,0,0,0,0,0,0,0,0,0,0,0,0,0,0,0,0,0,0,0,0,0,0,0,0,0,0,0,0,0,0,0,0,0,0,0,0,0,0,0,0,0,0,0,0,0,0,0,0,0,0,0,0,0,0,0,0,0,0,0,0,0,0,0,7,0,2418244,8,8,8,1082.36,128,0.395971,0,0.01,349696,0,2022612,298370,0,0,0,0,0,0,0,0,0,0,2104424,28328,0,730265,71687,79991,8304,0,354850,0,57388,297462,0,0,0,209336,487019,368702,1353187,0,0,0,0,0,0,0,0,0,0,0,0,0,0,0,0,0,0,0,41906,41591,1379766,735157,0,298370,0,0,0,0,2514,160142,98774,57488,1,parallel,/home/user/workspace/csg-htsim/.worktrees/grade-collective-sweep/sim/datacenter/htsim_roce -o /home/user/workspace/csg-htsim/.worktrees/grade-collective-sweep/experiments/n-mrc/output/grade_collective_scale_concurrency_20260726/raw/collective_p8_flow512kib/default/seed_13/logout.dat -tm /home/user/workspace/csg-htsim/.worktrees/grade-collective-sweep/experiments/n-mrc/output/grade_collective_scale_concurrency_20260726/traffic/n128_collective_p8_flow512kib_seed13.cm -nodes 128 -conns 16256 -tiers 2 -lb grade -linkspeed 400000 -queue_type composite_ecn_lb -host_queue_type prio -mtu 4096 -end 100000 -paths 8 -seed 13 -cc dcqcn_variant -roce_rx_mode sp -roce_sack_bitmap_bits 64 -roce_transport_semantics mrc_exact_bounded -roce_trim_recovery exact -hop_latency 0.5 -switch_latency 0.5 -queue_cv_sample_us 100 -stor_level_weights 4 2 1 0,16256,1,0,0.0,0.0,0.0,16256,512,16256,2205.73,949.7881431779061,1931.826,2205.73,949.7881431779061,1,945.9535000000001,1816.4225000000001,2061.798600000005,1931.826,8,63.5,all_to_all_cct_us,2205.73,0,collective_p8_flow512kib,13,339c4685a90c8895efad0229af8f25cc2d0fe613fa8cd459bb3c0ab396ca3ea9,609d94a86f33ef2f709a8d9b493c04dc09d7509144e2343a684b4bfac8f33e0f,16256,default,4/2/1/0
5333,0,9657733,5874,300804,0,0,4096,52175,3225,2080768,0,0,0,0,0,0,0,0,0,0,0,0,0,0,0,0,0,0,0,0,0,0,0,0,0,0,0,0,0,0,0,0,0,0,0,0,0,0,0,0,0,0,0,0,0,0,0,0,0,0,0,0,0,0,0,0,0,0,0,0,0,0,0,0,0,0,0,0,0,0,0,0,2,0,2430217,8,8,8,1080.51,128,0.429427,0,0.01,349696,0,2113754,310502,0,0,0,0,0,0,0,0,0,0,2105253,28989,0,768233,71823,80348,8525,0,367410,0,57747,309663,0,0,1,216038,514932,381948,1317299,0,0,0,0,0,0,0,0,0,0,0,0,0,0,0,0,0,0,0,43073,42672,1341981,772909,0,310502,0,0,0,0,2703,165370,98461,51700,1,parallel,/home/user/workspace/csg-htsim/.worktrees/grade-collective-sweep/sim/datacenter/htsim_roce -o /home/user/workspace/csg-htsim/.worktrees/grade-collective-sweep/experiments/n-mrc/output/grade_collective_scale_concurrency_20260726/raw/collective_p8_flow512kib/default/seed_29/logout.dat -tm /home/user/workspace/csg-htsim/.worktrees/grade-collective-sweep/experiments/n-mrc/output/grade_collective_scale_concurrency_20260726/traffic/n128_collective_p8_flow512kib_seed29.cm -nodes 128 -conns 16256 -tiers 2 -lb grade -linkspeed 400000 -queue_type composite_ecn_lb -host_queue_type prio -mtu 4096 -end 100000 -paths 8 -seed 29 -cc dcqcn_variant -roce_rx_mode sp -roce_sack_bitmap_bits 64 -roce_transport_semantics mrc_exact_bounded -roce_trim_recovery exact -hop_latency 0.5 -switch_latency 0.5 -queue_cv_sample_us 100 -stor_level_weights 4 2 1 0,16256,1,0,0.0,0.0,0.0,16256,512,16256,2130.79,956.1279603469491,1926.317,2130.79,956.1279603469491,1,953.8745,1818.5875,1996.867350000001,1926.317,8,63.5,all_to_all_cct_us,2130.79,0,collective_p8_flow512kib,29,339c4685a90c8895efad0229af8f25cc2d0fe613fa8cd459bb3c0ab396ca3ea9,c30a2f66cd886b6cf4cfbe4038daccd78c2dad698e878a20a270e3e554cacd29,16256,default,4/2/1/0
5216,0,9623807,5868,300121,0,0,4096,53065,3207,2080768,0,0,0,0,0,0,0,0,0,0,0,0,0,0,0,0,0,0,0,0,0,0,0,0,0,0,0,0,0,0,0,0,0,0,0,0,0,0,0,0,0,0,0,0,0,0,0,0,0,0,0,0,0,0,0,0,0,0,0,0,0,0,0,0,0,0,0,0,0,0,0,0,5,0,2430404,8,8,8,1111.17,128,0.407468,0,0.01,349760,0,2099095,309841,0,0,0,0,0,0,0,0,0,0,2105291,29232,0,758418,72164,80843,8679,0,367477,0,58628,308849,0,0,0,219555,513611,387755,1309483,0,0,0,0,0,0,0,0,0,0,0,0,0,0,0,0,0,0,0,43765,43514,1352285,763315,0,309841,0,0,0,0,2712,169328,101061,55146,1,parallel,/home/user/workspace/csg-htsim/.worktrees/grade-collective-sweep/sim/datacenter/htsim_roce -o /home/user/workspace/csg-htsim/.worktrees/grade-collective-sweep/experiments/n-mrc/output/grade_collective_scale_concurrency_20260726/raw/collective_p8_flow512kib/default/seed_47/logout.dat -tm /home/user/workspace/csg-htsim/.worktrees/grade-collective-sweep/experiments/n-mrc/output/grade_collective_scale_concurrency_20260726/traffic/n128_collective_p8_flow512kib_seed47.cm -nodes 128 -conns 16256 -tiers 2 -lb grade -linkspeed 400000 -queue_type composite_ecn_lb -host_queue_type prio -mtu 4096 -end 100000 -paths 8 -seed 47 -cc dcqcn_variant -roce_rx_mode sp -roce_sack_bitmap_bits 64 -roce_transport_semantics mrc_exact_bounded -roce_trim_recovery exact -hop_latency 0.5 -switch_latency 0.5 -queue_cv_sample_us 100 -stor_level_weights 4 2 1 0,16256,1,0,0.0,0.0,0.0,16256,512,16256,2089.72,953.0631279835131,1937.7255000000005,2089.72,953.0631279835131,1,947.3945,1825.785,2023.979900000004,1937.7255000000005,8,63.5,all_to_all_cct_us,2089.72,0,collective_p8_flow512kib,47,339c4685a90c8895efad0229af8f25cc2d0fe613fa8cd459bb3c0ab396ca3ea9,e14090e3c7ef9d7b29d1de6be462ae00102ca90a924d17b34ee803df5e0601de,16256,default,4/2/1/0
4594,0,8864282,4898,256821,0,0,4096,52201,2742,2080768,0,0,0,0,0,0,0,0,0,0,0,0,0,0,0,0,0,0,0,0,0,0,0,0,0,0,0,0,0,0,0,0,0,0,0,0,0,0,0,0,0,0,0,0,0,0,0,0,0,0,0,0,0,0,0,0,0,0,0,0,0,0,0,0,0,0,0,0,0,0,0,0,7,0,2386990,8,8,8,1023.36,128,0.443222,0,0.02,349632,0,1918080,265408,0,0,0,0,0,0,0,0,0,0,2104112,27642,0,706106,69682,77098,7416,0,321256,0,56880,264376,0,0,0,202786,626092,359960,1198152,0,0,0,0,0,0,0,0,0,0,0,0,0,0,0,0,0,0,0,40678,40392,1405295,711744,0,265408,0,0,0,0,2424,156214,95897,63064,1,parallel,/home/user/workspace/csg-htsim/.worktrees/grade-collective-sweep/sim/datacenter/htsim_roce -o /home/user/workspace/csg-htsim/.worktrees/grade-collective-sweep/experiments/n-mrc/output/grade_collective_scale_concurrency_20260726/raw/collective_p8_flow512kib/equal/seed_13/logout.dat -tm /home/user/workspace/csg-htsim/.worktrees/grade-collective-sweep/experiments/n-mrc/output/grade_collective_scale_concurrency_20260726/traffic/n128_collective_p8_flow512kib_seed13.cm -nodes 128 -conns 16256 -tiers 2 -lb grade -linkspeed 400000 -queue_type composite_ecn_lb -host_queue_type prio -mtu 4096 -end 100000 -paths 8 -seed 13 -cc dcqcn_variant -roce_rx_mode sp -roce_sack_bitmap_bits 64 -roce_transport_semantics mrc_exact_bounded -roce_trim_recovery exact -hop_latency 0.5 -switch_latency 0.5 -queue_cv_sample_us 100 -stor_level_weights 4 4 4 0,16256,1,0,0.0,0.0,0.0,16256,512,16256,1958.59,905.4389367433521,1831.8795000000002,1958.59,905.4389367433521,1,900.4275,1730.155,1901.8066000000006,1831.8795000000002,8,63.5,all_to_all_cct_us,1958.59,0,collective_p8_flow512kib,13,339c4685a90c8895efad0229af8f25cc2d0fe613fa8cd459bb3c0ab396ca3ea9,609d94a86f33ef2f709a8d9b493c04dc09d7509144e2343a684b4bfac8f33e0f,16256,equal,4/4/4/0
4850,0,9373654,5587,277645,0,0,4096,53589,3038,2080768,0,0,0,0,0,0,0,0,0,0,0,0,0,0,0,0,0,0,0,0,0,0,0,0,0,0,0,0,0,0,0,0,0,0,0,0,0,0,0,0,0,0,0,0,0,0,0,0,0,0,0,0,0,0,0,0,0,0,0,0,0,0,0,0,0,0,0,0,0,0,0,1,2,0,2408741,8,8,8,1119.99,128,0.339048,0,0.02,349696,0,2027172,286801,0,0,0,0,0,0,0,0,0,0,2105688,29539,0,731526,70331,78363,8032,0,344708,0,58908,285800,0,0,1,212385,659743,377851,1158762,0,0,0,0,0,0,0,0,0,0,0,0,0,0,0,0,0,0,0,42856,42588,1380070,736962,0,286801,0,0,0,0,2591,163487,98824,59188,1,parallel,/home/user/workspace/csg-htsim/.worktrees/grade-collective-sweep/sim/datacenter/htsim_roce -o /home/user/workspace/csg-htsim/.worktrees/grade-collective-sweep/experiments/n-mrc/output/grade_collective_scale_concurrency_20260726/raw/collective_p8_flow512kib/equal/seed_29/logout.dat -tm /home/user/workspace/csg-htsim/.worktrees/grade-collective-sweep/experiments/n-mrc/output/grade_collective_scale_concurrency_20260726/traffic/n128_collective_p8_flow512kib_seed29.cm -nodes 128 -conns 16256 -tiers 2 -lb grade -linkspeed 400000 -queue_type composite_ecn_lb -host_queue_type prio -mtu 4096 -end 100000 -paths 8 -seed 29 -cc dcqcn_variant -roce_rx_mode sp -roce_sack_bitmap_bits 64 -roce_transport_semantics mrc_exact_bounded -roce_trim_recovery exact -hop_latency 0.5 -switch_latency 0.5 -queue_cv_sample_us 100 -stor_level_weights 4 4 4 0,16256,1,0,0.0,0.0,0.0,16256,512,16256,2009.63,930.6638364111724,1875.3365000000008,2009.63,930.6638364111724,1,926.596,1772.8825,1947.7043000000033,1875.3365000000008,8,63.5,all_to_all_cct_us,2009.63,0,collective_p8_flow512kib,29,339c4685a90c8895efad0229af8f25cc2d0fe613fa8cd459bb3c0ab396ca3ea9,c30a2f66cd886b6cf4cfbe4038daccd78c2dad698e878a20a270e3e554cacd29,16256,equal,4/4/4/0
4878,0,9097607,6118,272914,0,0,4096,53214,2907,2080768,0,0,0,0,0,0,0,0,0,0,0,0,0,0,0,0,0,0,0,0,0,0,0,0,0,0,0,0,0,0,0,0,0,0,0,0,0,0,0,0,0,0,0,0,0,0,0,0,0,0,0,0,0,0,0,0,0,0,0,0,0,0,0,0,0,0,0,0,0,0,0,0,5,0,2403468,8,8,8,1005.54,128,0.410506,0,0.01,349696,0,1857823,282012,0,0,0,0,0,0,0,0,0,0,2104681,28184,0,680161,70528,78428,7900,0,340030,0,59007,281023,0,0,1,207363,638096,378538,1179471,0,0,0,0,0,0,0,0,0,0,0,0,0,0,0,0,0,0,0,44464,44263,1431673,685262,0,282012,0,0,0,0,2555,159783,103208,65169,1,parallel,/home/user/workspace/csg-htsim/.worktrees/grade-collective-sweep/sim/datacenter/htsim_roce -o /home/user/workspace/csg-htsim/.worktrees/grade-collective-sweep/experiments/n-mrc/output/grade_collective_scale_concurrency_20260726/raw/collective_p8_flow512kib/equal/seed_47/logout.dat -tm /home/user/workspace/csg-htsim/.worktrees/grade-collective-sweep/experiments/n-mrc/output/grade_collective_scale_concurrency_20260726/traffic/n128_collective_p8_flow512kib_seed47.cm -nodes 128 -conns 16256 -tiers 2 -lb grade -linkspeed 400000 -queue_type composite_ecn_lb -host_queue_type prio -mtu 4096 -end 100000 -paths 8 -seed 47 -cc dcqcn_variant -roce_rx_mode sp -roce_sack_bitmap_bits 64 -roce_transport_semantics mrc_exact_bounded -roce_trim_recovery exact -hop_latency 0.5 -switch_latency 0.5 -queue_cv_sample_us 100 -stor_level_weights 4 4 4 0,16256,1,0,0.0,0.0,0.0,16256,512,16256,2014.05,925.4415327571322,1899.565,2014.05,925.4415327571322,1,918.5830000000001,1783.5725,1977.2362500000002,1899.565,8,63.5,all_to_all_cct_us,2014.05,0,collective_p8_flow512kib,47,339c4685a90c8895efad0229af8f25cc2d0fe613fa8cd459bb3c0ab396ca3ea9,e14090e3c7ef9d7b29d1de6be462ae00102ca90a924d17b34ee803df5e0601de,16256,equal,4/4/4/0
5112,0,9339834,5531,279348,0,0,4096,53344,3106,2080768,0,0,0,0,0,0,0,0,0,0,0,0,0,0,0,0,0,0,0,0,0,0,0,0,0,0,0,0,0,0,0,0,0,0,0,0,0,0,0,0,0,0,0,0,0,0,0,0,0,0,0,0,0,0,0,0,0,0,0,0,0,0,0,0,0,0,0,0,0,0,0,2,7,0,2410160,8,8,8,1061.03,128,0.408808,0,0.01,349952,0,1995149,288883,0,0,0,0,0,0,0,0,0,0,2105195,28953,0,724374,71096,79174,8078,0,346440,0,58605,287835,0,0,1,218137,560759,383952,1247312,0,0,0,0,0,0,0,0,0,0,0,0,0,0,0,0,0,0,0,42780,42493,1386919,729586,0,288883,0,0,0,0,2618,170216,99039,58442,1,parallel,/home/user/workspace/csg-htsim/.worktrees/grade-collective-sweep/sim/datacenter/htsim_roce -o /home/user/workspace/csg-htsim/.worktrees/grade-collective-sweep/experiments/n-mrc/output/grade_collective_scale_concurrency_20260726/raw/collective_p8_flow512kib/gentle/seed_13/logout.dat -tm /home/user/workspace/csg-htsim/.worktrees/grade-collective-sweep/experiments/n-mrc/output/grade_collective_scale_concurrency_20260726/traffic/n128_collective_p8_flow512kib_seed13.cm -nodes 128 -conns 16256 -tiers 2 -lb grade -linkspeed 400000 -queue_type composite_ecn_lb -host_queue_type prio -mtu 4096 -end 100000 -paths 8 -seed 13 -cc dcqcn_variant -roce_rx_mode sp -roce_sack_bitmap_bits 64 -roce_transport_semantics mrc_exact_bounded -roce_trim_recovery exact -hop_latency 0.5 -switch_latency 0.5 -queue_cv_sample_us 100 -stor_level_weights 4 3 2 0,16256,1,0,0.0,0.0,0.0,16256,512,16256,2003.78,929.4162464997519,1882.3095000000003,2003.78,929.4162464997519,1,927.0219999999999,1776.0925,1960.0725000000004,1882.3095000000003,8,63.5,all_to_all_cct_us,2003.78,0,collective_p8_flow512kib,13,339c4685a90c8895efad0229af8f25cc2d0fe613fa8cd459bb3c0ab396ca3ea9,609d94a86f33ef2f709a8d9b493c04dc09d7509144e2343a684b4bfac8f33e0f,16256,gentle,4/3/2/0
5179,0,9490453,5348,288533,0,0,4096,53707,3195,2080768,0,0,0,0,0,0,0,0,0,0,0,0,0,0,0,0,0,0,0,0,0,0,0,0,0,0,0,0,0,0,0,0,0,0,0,0,0,0,0,0,0,0,0,0,0,0,0,0,0,0,0,0,0,0,0,0,0,0,0,0,0,0,0,0,0,0,0,0,0,0,0,0,2,0,2419793,8,8,8,1092.4,128,0.366858,0,0.01,349632,0,2076446,298163,0,0,0,0,0,0,0,0,0,0,2105817,29682,0,756837,71025,79308,8283,0,355962,0,58801,297161,0,0,0,219167,580838,392710,1227078,0,0,0,0,0,0,0,0,0,0,0,0,0,0,0,0,0,0,0,42877,42549,1354519,762213,0,298163,0,0,0,0,2678,169597,99523,54886,1,parallel,/home/user/workspace/csg-htsim/.worktrees/grade-collective-sweep/sim/datacenter/htsim_roce -o /home/user/workspace/csg-htsim/.worktrees/grade-collective-sweep/experiments/n-mrc/output/grade_collective_scale_concurrency_20260726/raw/collective_p8_flow512kib/gentle/seed_29/logout.dat -tm /home/user/workspace/csg-htsim/.worktrees/grade-collective-sweep/experiments/n-mrc/output/grade_collective_scale_concurrency_20260726/traffic/n128_collective_p8_flow512kib_seed29.cm -nodes 128 -conns 16256 -tiers 2 -lb grade -linkspeed 400000 -queue_type composite_ecn_lb -host_queue_type prio -mtu 4096 -end 100000 -paths 8 -seed 29 -cc dcqcn_variant -roce_rx_mode sp -roce_sack_bitmap_bits 64 -roce_transport_semantics mrc_exact_bounded -roce_trim_recovery exact -hop_latency 0.5 -switch_latency 0.5 -queue_cv_sample_us 100 -stor_level_weights 4 3 2 0,16256,1,0,0.0,0.0,0.0,16256,512,16256,2007.01,942.3055558686024,1899.3345,2007.01,942.3055558686024,1,939.1485,1794.6350000000002,1963.8860500000003,1899.3345,8,63.5,all_to_all_cct_us,2007.01,0,collective_p8_flow512kib,29,339c4685a90c8895efad0229af8f25cc2d0fe613fa8cd459bb3c0ab396ca3ea9,c30a2f66cd886b6cf4cfbe4038daccd78c2dad698e878a20a270e3e554cacd29,16256,gentle,4/3/2/0
5201,0,9557782,6958,295086,0,0,4096,54195,3304,2080768,0,0,0,0,0,0,0,0,0,0,0,0,0,0,0,0,0,0,0,0,0,0,0,0,0,0,0,0,0,0,0,0,0,0,0,0,0,0,0,0,0,0,0,0,0,0,0,0,0,0,0,0,0,0,0,0,0,0,0,0,0,0,0,0,0,0,0,0,0,0,0,0,5,0,2426136,8,8,8,1088.14,128,0.4433,0,0.01,349696,0,1964785,304949,0,0,0,0,0,0,0,0,0,0,2105361,29003,0,713355,71885,80650,8765,0,364743,0,60781,303962,0,0,1,221160,581660,382516,1240800,0,0,0,0,0,0,0,0,0,0,0,0,0,0,0,0,0,0,0,44791,44563,1398025,718497,0,304949,0,0,0,0,2735,172278,103689,60573,1,parallel,/home/user/workspace/csg-htsim/.worktrees/grade-collective-sweep/sim/datacenter/htsim_roce -o /home/user/workspace/csg-htsim/.worktrees/grade-collective-sweep/experiments/n-mrc/output/grade_collective_scale_concurrency_20260726/raw/collective_p8_flow512kib/gentle/seed_47/logout.dat -tm /home/user/workspace/csg-htsim/.worktrees/grade-collective-sweep/experiments/n-mrc/output/grade_collective_scale_concurrency_20260726/traffic/n128_collective_p8_flow512kib_seed47.cm -nodes 128 -conns 16256 -tiers 2 -lb grade -linkspeed 400000 -queue_type composite_ecn_lb -host_queue_type prio -mtu 4096 -end 100000 -paths 8 -seed 47 -cc dcqcn_variant -roce_rx_mode sp -roce_sack_bitmap_bits 64 -roce_transport_semantics mrc_exact_bounded -roce_trim_recovery exact -hop_latency 0.5 -switch_latency 0.5 -queue_cv_sample_us 100 -stor_level_weights 4 3 2 0,16256,1,0,0.0,0.0,0.0,16256,512,16256,2247.87,946.0885932394156,1971.2040000000004,2247.87,946.0885932394156,1,931.97,1828.8649999999998,2120.540650000001,1971.2040000000004,8,63.5,all_to_all_cct_us,2247.87,0,collective_p8_flow512kib,47,339c4685a90c8895efad0229af8f25cc2d0fe613fa8cd459bb3c0ab396ca3ea9,e14090e3c7ef9d7b29d1de6be462ae00102ca90a924d17b34ee803df5e0601de,16256,gentle,4/3/2/0
5230,0,9529950,6301,309431,0,0,4096,51054,3359,2080768,0,0,0,0,0,0,0,0,0,0,0,0,0,0,0,0,0,0,0,0,0,0,0,0,0,0,0,0,0,0,0,0,0,0,0,0,0,0,0,0,0,0,0,0,0,0,0,0,0,0,0,0,0,0,0,0,0,0,0,0,0,0,0,0,0,0,0,0,0,0,0,0,7,0,2437441,8,8,8,1086.81,128,0.389151,0,0.01,349696,0,2067777,319277,0,0,0,0,0,0,0,0,0,0,2104205,27833,0,745730,72975,81836,8861,0,375374,0,56980,318394,0,0,1,215009,479165,335672,1407595,0,0,0,0,0,0,0,0,0,0,0,0,0,0,0,0,0,0,0,42987,42698,1363490,749999,0,319277,0,0,0,0,2655,164960,97865,52742,1,parallel,/home/user/workspace/csg-htsim/.worktrees/grade-collective-sweep/sim/datacenter/htsim_roce -o /home/user/workspace/csg-htsim/.worktrees/grade-collective-sweep/experiments/n-mrc/output/grade_collective_scale_concurrency_20260726/raw/collective_p8_flow512kib/sharp/seed_13/logout.dat -tm /home/user/workspace/csg-htsim/.worktrees/grade-collective-sweep/experiments/n-mrc/output/grade_collective_scale_concurrency_20260726/traffic/n128_collective_p8_flow512kib_seed13.cm -nodes 128 -conns 16256 -tiers 2 -lb grade -linkspeed 400000 -queue_type composite_ecn_lb -host_queue_type prio -mtu 4096 -end 100000 -paths 8 -seed 13 -cc dcqcn_variant -roce_rx_mode sp -roce_sack_bitmap_bits 64 -roce_transport_semantics mrc_exact_bounded -roce_trim_recovery exact -hop_latency 0.5 -switch_latency 0.5 -queue_cv_sample_us 100 -stor_level_weights 8 2 1 0,16256,1,0,0.0,0.0,0.0,16256,512,16256,2122.21,966.6987966535422,1972.6045000000004,2122.21,966.6987966535422,1,958.4255,1855.3024999999998,2062.7930500000007,1972.6045000000004,8,63.5,all_to_all_cct_us,2122.21,0,collective_p8_flow512kib,13,339c4685a90c8895efad0229af8f25cc2d0fe613fa8cd459bb3c0ab396ca3ea9,609d94a86f33ef2f709a8d9b493c04dc09d7509144e2343a684b4bfac8f33e0f,16256,sharp,8/2/1/0
5275,0,9609642,5868,312092,0,0,4096,51608,3236,2080768,0,0,0,0,0,0,0,0,0,0,0,0,0,0,0,0,0,0,0,0,0,0,0,0,0,0,0,0,0,0,0,0,0,0,0,0,0,0,0,0,0,0,0,0,0,0,0,0,0,0,0,0,0,0,0,0,0,0,0,0,0,0,0,0,0,0,0,0,0,0,0,0,2,0,2440682,8,8,8,1081.21,128,0.374899,0,0.01,349696,0,2137165,321753,0,0,0,0,0,0,0,0,0,0,2105067,28813,0,782774,73079,81985,8906,0,378079,0,57150,320929,0,0,0,211264,495515,346094,1387809,0,0,0,0,0,0,0,0,0,0,0,0,0,0,0,0,0,0,0,43179,42766,1326935,787186,0,321753,0,0,0,0,2687,159464,98607,49261,1,parallel,/home/user/workspace/csg-htsim/.worktrees/grade-collective-sweep/sim/datacenter/htsim_roce -o /home/user/workspace/csg-htsim/.worktrees/grade-collective-sweep/experiments/n-mrc/output/grade_collective_scale_concurrency_20260726/raw/collective_p8_flow512kib/sharp/seed_29/logout.dat -tm /home/user/workspace/csg-htsim/.worktrees/grade-collective-sweep/experiments/n-mrc/output/grade_collective_scale_concurrency_20260726/traffic/n128_collective_p8_flow512kib_seed29.cm -nodes 128 -conns 16256 -tiers 2 -lb grade -linkspeed 400000 -queue_type composite_ecn_lb -host_queue_type prio -mtu 4096 -end 100000 -paths 8 -seed 29 -cc dcqcn_variant -roce_rx_mode sp -roce_sack_bitmap_bits 64 -roce_transport_semantics mrc_exact_bounded -roce_trim_recovery exact -hop_latency 0.5 -switch_latency 0.5 -queue_cv_sample_us 100 -stor_level_weights 8 2 1 0,16256,1,0,0.0,0.0,0.0,16256,512,16256,2108.59,976.96563021038,1973.4405000000004,2108.59,976.96563021038,1,981.2750000000001,1859.7875,2059.225000000001,1973.4405000000004,8,63.5,all_to_all_cct_us,2108.59,0,collective_p8_flow512kib,29,339c4685a90c8895efad0229af8f25cc2d0fe613fa8cd459bb3c0ab396ca3ea9,c30a2f66cd886b6cf4cfbe4038daccd78c2dad698e878a20a270e3e554cacd29,16256,sharp,8/2/1/0
5300,0,9566567,5810,310381,0,0,4096,51879,3107,2080768,0,0,0,0,0,0,0,0,0,0,0,0,0,0,0,0,0,0,0,0,0,0,0,0,0,0,0,0,0,0,0,0,0,0,0,0,0,0,0,0,0,0,0,0,0,0,0,0,0,0,0,0,0,0,0,0,0,0,0,0,0,0,0,0,0,0,0,0,0,0,0,0,5,0,2439388,8,8,8,1147.94,128,0.398849,0,0.01,349696,0,2177753,320044,0,0,0,0,0,0,0,0,0,0,2104812,28766,0,788844,72933,81658,8725,0,376476,0,57404,319072,0,0,1,210818,494159,348282,1386129,0,0,0,0,0,0,0,0,0,0,0,0,0,0,0,0,0,0,0,43365,42959,1320835,793522,0,320044,0,0,0,0,2635,159247,99229,50464,1,parallel,/home/user/workspace/csg-htsim/.worktrees/grade-collective-sweep/sim/datacenter/htsim_roce -o /home/user/workspace/csg-htsim/.worktrees/grade-collective-sweep/experiments/n-mrc/output/grade_collective_scale_concurrency_20260726/raw/collective_p8_flow512kib/sharp/seed_47/logout.dat -tm /home/user/workspace/csg-htsim/.worktrees/grade-collective-sweep/experiments/n-mrc/output/grade_collective_scale_concurrency_20260726/traffic/n128_collective_p8_flow512kib_seed47.cm -nodes 128 -conns 16256 -tiers 2 -lb grade -linkspeed 400000 -queue_type composite_ecn_lb -host_queue_type prio -mtu 4096 -end 100000 -paths 8 -seed 47 -cc dcqcn_variant -roce_rx_mode sp -roce_sack_bitmap_bits 64 -roce_transport_semantics mrc_exact_bounded -roce_trim_recovery exact -hop_latency 0.5 -switch_latency 0.5 -queue_cv_sample_us 100 -stor_level_weights 8 2 1 0,16256,1,0,0.0,0.0,0.0,16256,512,16256,2089.4,970.346318079475,1965.1190000000004,2089.4,970.346318079475,1,967.7470000000001,1852.7450000000001,2040.8925500000018,1965.1190000000004,8,63.5,all_to_all_cct_us,2089.4,0,collective_p8_flow512kib,47,339c4685a90c8895efad0229af8f25cc2d0fe613fa8cd459bb3c0ab396ca3ea9,e14090e3c7ef9d7b29d1de6be462ae00102ca90a924d17b34ee803df5e0601de,16256,sharp,8/2/1/0
