scenario,scheme,time_us,bytes_delta_raw,utilization_cv_raw,mean_queue_fraction_raw,utilization_cv_rolling_median,mean_queue_fraction_rolling_median,in_valid_business_range
asymmetric_p2p_tornado_16mib,mrc,2,2799680,0.0586045596362,0.0136331331224,0.00545414672349,0.0213126249092,1
asymmetric_p2p_tornado_16mib,mrc,4,12559040,0.00545414672349,0.0213126249092,0.00531739790618,0.0223935149437,1
asymmetric_p2p_tornado_16mib,mrc,6,24734784,0.00518064908887,0.0234744049782,0.00518064908887,0.0234744049782,1
asymmetric_p2p_tornado_16mib,mrc,8,25001408,0.00187775110792,0.0258945198946,0.00449016114834,0.0242252793423,1
asymmetric_p2p_tornado_16mib,mrc,10,19183552,0.00449016114834,0.0242252793423,0.00395768720813,0.0258945198946,1
asymmetric_p2p_tornado_16mib,mrc,12,24056704,0.00395768720813,0.0281613372093,0.00296966068069,0.0281613372093,1
asymmetric_p2p_tornado_16mib,mrc,14,24845184,0.00244422622247,0.0292273233103,0.00339368099548,0.0281613372093,1
asymmetric_p2p_tornado_16mib,mrc,16,24812160,0.00296966068069,0.030594936637,0.00321027287319,0.0292273233103,1
asymmetric_p2p_tornado_16mib,mrc,18,20874688,0.00339368099548,0.0275261457576,0.00308882018207,0.0292273233103,1
asymmetric_p2p_tornado_16mib,mrc,20,23699456,0.00321027287319,0.0300796863645,0.00317921625002,0.0290889296421,1
asymmetric_p2p_tornado_16mib,mrc,22,24516672,0.00308882018207,0.0290889296421,0.00321027287319,0.0275261457576,1
asymmetric_p2p_tornado_16mib,mrc,24,24534400,0.00317921625002,0.0258689702943,0.00317921625002,0.0260726573855,1
asymmetric_p2p_tornado_16mib,mrc,26,22396160,0.00333314925272,0.0248093715934,0.00317921625002,0.0258689702943,1
asymmetric_p2p_tornado_16mib,mrc,28,23382208,0.00312854337675,0.0260726573855,0.00333314925272,0.0248093715934,1
asymmetric_p2p_tornado_16mib,mrc,30,24362368,0.00399276582062,0.024670268214,0.00333314925272,0.024670268214,1
asymmetric_p2p_tornado_16mib,mrc,32,24366656,0.00339469234919,0.0226447526799,0.00339469234919,0.0226447526799,1
asymmetric_p2p_tornado_16mib,mrc,34,23512576,0.0031458187524,0.0222537018532,0.00379387708482,0.0225184241007,1
asymmetric_p2p_tornado_16mib,mrc,36,23167808,0.00379387708482,0.0225184241007,0.00379387708482,0.0225141658339,1
asymmetric_p2p_tornado_16mib,mrc,38,24168768,0.00415497407757,0.0225141658339,0.00380158152625,0.0225141658339,1
asymmetric_p2p_tornado_16mib,mrc,40,23896768,0.00380158152625,0.0225127464117,0.00414040782314,0.0225184241007,1
asymmetric_p2p_tornado_16mib,mrc,42,23812416,0.00414040782314,0.0232480071312,0.00415497407757,0.0232480071312,1
asymmetric_p2p_tornado_16mib,mrc,44,23442752,0.00471817527127,0.0237071902253,0.00446136706811,0.0236525424691,1
asymmetric_p2p_tornado_16mib,mrc,46,24158400,0.00458194480091,0.0241628247638,0.00447934278463,0.0237071902253,1
asymmetric_p2p_tornado_16mib,mrc,48,23836096,0.00446136706811,0.0236525424691,0.00458194480091,0.0241628247638,1
asymmetric_p2p_tornado_16mib,mrc,50,23847936,0.00447934278463,0.0254729514898,0.00458194480091,0.0246567837028,1
asymmetric_p2p_tornado_16mib,mrc,52,23724544,0.00517337851217,0.0246567837028,0.00517337851217,0.0254218522892,1
asymmetric_p2p_tornado_16mib,mrc,54,24232256,0.00585388854375,0.0259697492733,0.00567142631617,0.0254218522892,1
asymmetric_p2p_tornado_16mib,mrc,56,23828544,0.00567142631617,0.0254218522892,0.00585388854375,0.0250953851744,1
asymmetric_p2p_tornado_16mib,mrc,58,23908416,0.00676838279902,0.0250953851744,0.00627325344191,0.0250953851744,1
asymmetric_p2p_tornado_16mib,mrc,60,23786368,0.00627325344191,0.0247696277707,0.00629762333371,0.0247696277707,1
asymmetric_p2p_tornado_16mib,mrc,62,24353536,0.00629762333371,0.0247518849927,0.00629762333371,0.0247518849927,1
asymmetric_p2p_tornado_16mib,mrc,64,24056512,0.00646965252754,0.0236113792242,0.00629762333371,0.0237100290698,1
asymmetric_p2p_tornado_16mib,mrc,66,24035328,0.00622339913473,0.0234268543332,0.00646965252754,0.023663897847,1
asymmetric_p2p_tornado_16mib,mrc,68,23824448,0.00731503287711,0.0237100290698,0.00670121531436,0.023663897847,1
asymmetric_p2p_tornado_16mib,mrc,70,24331136,0.00686591206092,0.023663897847,0.00670121531436,0.0237008028252,1
asymmetric_p2p_tornado_16mib,mrc,72,24028928,0.00670121531436,0.0237008028252,0.00686591206092,0.0237100290698,1
asymmetric_p2p_tornado_16mib,mrc,74,23796352,0.00615214936484,0.0238824888717,0.00670121531436,0.0238824888717,1
asymmetric_p2p_tornado_16mib,mrc,76,23959488,0.00706122601804,0.0239683639172,0.0066949161497,0.0239683639172,1
asymmetric_p2p_tornado_16mib,mrc,78,24206656,0.0066949161497,0.024301218432,0.0066949161497,0.0239683639172,1
asymmetric_p2p_tornado_16mib,mrc,80,23878528,0.00656146413339,0.0243998682776,0.00680380466274,0.0242912824764,1
asymmetric_p2p_tornado_16mib,mrc,82,23846144,0.00680380466274,0.0236546716025,0.0066949161497,0.024301218432,1
asymmetric_p2p_tornado_16mib,mrc,84,23941696,0.00737116646441,0.0242912824764,0.00680380466274,0.0243998682776,1
asymmetric_p2p_tornado_16mib,mrc,86,24037952,0.00649987412692,0.0244999375454,0.00732008717632,0.0242912824764,1
asymmetric_p2p_tornado_16mib,mrc,88,23867968,0.00732008717632,0.0247611112373,0.00737116646441,0.0244999375454,1
asymmetric_p2p_tornado_16mib,mrc,90,23836096,0.00763316130044,0.024032947629,0.00743514193652,0.0244999375454,1
asymmetric_p2p_tornado_16mib,mrc,92,23755200,0.00743514193652,0.0248079521711,0.00743514193652,0.024401997411,1
asymmetric_p2p_tornado_16mib,mrc,94,24202752,0.00752135272752,0.0237866778706,0.00743514193652,0.024401997411,1
asymmetric_p2p_tornado_16mib,mrc,96,23799552,0.00715605192352,0.024401997411,0.00743514193652,0.024401997411,1
asymmetric_p2p_tornado_16mib,mrc,98,23671680,0.00740306866112,0.0244985181232,0.00752135272752,0.0237866778706,1
asymmetric_p2p_tornado_16mib,mrc,100,23936192,0.0079958541987,0.0234225960665,0.00741537896412,0.0242146336755,1
asymmetric_p2p_tornado_16mib,mrc,102,24119360,0.00784858637835,0.0227249500363,0.00784858637835,0.0234225960665,1
asymmetric_p2p_tornado_16mib,mrc,104,23630784,0.00741537896412,0.0242146336755,0.00784858637835,0.0230024470839,1
asymmetric_p2p_tornado_16mib,mrc,106,23911808,0.00807571777009,0.0230024470839,0.00784858637835,0.0229172817496,1
asymmetric_p2p_tornado_16mib,mrc,108,23871936,0.00765012444091,0.0229172817496,0.00765012444091,0.0229172817496,1
asymmetric_p2p_tornado_16mib,mrc,110,23875904,0.00799427936791,0.0225886855015,0.00789822340512,0.0229172817496,1
asymmetric_p2p_tornado_16mib,mrc,112,23867584,0.00757582119081,0.0228640534157,0.00789822340512,0.0229172817496,1
asymmetric_p2p_tornado_16mib,mrc,114,23700992,0.00789822340512,0.0238867471384,0.00799427936791,0.0229598644168,1
asymmetric_p2p_tornado_16mib,mrc,116,23829248,0.00841150983953,0.0229598644168,0.00789822340512,0.0231032260629,1
asymmetric_p2p_tornado_16mib,mrc,118,23959872,0.00808788948051,0.0232387808866,0.00808788948051,0.0232387808866,1
asymmetric_p2p_tornado_16mib,mrc,120,23779712,0.00752000080033,0.0231032260629,0.0083430004446,0.0232387808866,1
asymmetric_p2p_tornado_16mib,mrc,122,23577408,0.0083430004446,0.0237519020258,0.00826810860211,0.0232387808866,1
asymmetric_p2p_tornado_16mib,mrc,124,23901632,0.00874804560222,0.0238299702489,0.00826810860211,0.0233324627544,1
asymmetric_p2p_tornado_16mib,mrc,126,23879168,0.00826810860211,0.0232387808866,0.0083430004446,0.0237519020258,1
asymmetric_p2p_tornado_16mib,mrc,128,23670080,0.00784296175104,0.0233324627544,0.00851595860975,0.0238299702489,1
asymmetric_p2p_tornado_16mib,mrc,130,23615296,0.00851595860975,0.0242075365643,0.00851595860975,0.0234609204669,1
asymmetric_p2p_tornado_16mib,mrc,132,23834048,0.00870141279016,0.0246738167696,0.00869634689124,0.0235659577126,1
asymmetric_p2p_tornado_16mib,mrc,134,23770112,0.00869634689124,0.0234609204669,0.00869634689124,0.0235695062682,1
asymmetric_p2p_tornado_16mib,mrc,136,23708032,0.00870894712073,0.0235659577126,0.00870141279016,0.0235695062682,1
asymmetric_p2p_tornado_16mib,mrc,138,23668800,0.00799299114726,0.0235695062682,0.00870894712073,0.0235695062682,1
asymmetric_p2p_tornado_16mib,mrc,140,23766336,0.00887463610928,0.0240357864735,0.00870894712073,0.0235695062682,1
asymmetric_p2p_tornado_16mib,mrc,142,23787840,0.00936616999346,0.0236525424691,0.00853932359881,0.0235695062682,1
asymmetric_p2p_tornado_16mib,mrc,144,23665408,0.0082651845853,0.0230535462845,0.00880046836877,0.0236525424691,1
asymmetric_p2p_tornado_16mib,mrc,146,23744000,0.00853932359881,0.0228697311047,0.00880046836877,0.0236525424691,1
asymmetric_p2p_tornado_16mib,mrc,148,23614656,0.00880046836877,0.0238093886265,0.00880046836877,0.0231053551962,1
asymmetric_p2p_tornado_16mib,mrc,150,23806016,0.00905193263224,0.0237107387809,0.00880046836877,0.0231053551962,1
asymmetric_p2p_tornado_16mib,mrc,152,23559424,0.00903050508745,0.0231053551962,0.00903050508745,0.0231954885084,1
asymmetric_p2p_tornado_16mib,mrc,154,23752448,0.00846688780585,0.0229066360828,0.00905193263224,0.0231954885084,1
asymmetric_p2p_tornado_16mib,mrc,156,23714496,0.00910410530206,0.0231954885084,0.00904573278773,0.0231954885084,1
asymmetric_p2p_tornado_16mib,mrc,158,23694272,0.0094000592951,0.0232359420422,0.00910410530206,0.0231954885084,1
asymmetric_p2p_tornado_16mib,mrc,160,23499904,0.00904573278773,0.0231983273528,0.00910410530206,0.0231954885084,1
asymmetric_p2p_tornado_16mib,mrc,162,23772864,0.00920481772487,0.02305070744,0.00920481772487,0.0231983273528,1
asymmetric_p2p_tornado_16mib,mrc,164,23790528,0.00897660431968,0.0228257290153,0.00920481772487,0.0231983273528,1
asymmetric_p2p_tornado_16mib,mrc,166,23478400,0.00922331057816,0.0235695062682,0.00920481772487,0.02305070744,1
asymmetric_p2p_tornado_16mib,mrc,168,23648768,0.0100426626726,0.023330333621,0.00908255065942,0.0229165720385,1
asymmetric_p2p_tornado_16mib,mrc,170,23687744,0.00905507128372,0.0228612145712,0.00922331057816,0.0229165720385,1
asymmetric_p2p_tornado_16mib,mrc,172,23710400,0.00908255065942,0.0229165720385,0.00942490454757,0.0229165720385,1
asymmetric_p2p_tornado_16mib,mrc,174,23602560,0.00942490454757,0.0228576660156,0.00908255065942,0.0229165720385,1
asymmetric_p2p_tornado_16mib,mrc,176,23587776,0.0103276453292,0.0233345918877,0.00942490454757,0.0230173510174,1
asymmetric_p2p_tornado_16mib,mrc,178,23522432,0.00898990498015,0.0234311125999,0.00942490454757,0.0230173510174,1
asymmetric_p2p_tornado_16mib,mrc,180,23848960,0.00970179102683,0.0230173510174,0.0093184944788,0.0231124523074,1
asymmetric_p2p_tornado_16mib,mrc,182,23627648,0.0093184944788,0.0228668922602,0.0093184944788,0.0230173510174,1
asymmetric_p2p_tornado_16mib,mrc,184,23404608,0.00918116814676,0.0231124523074,0.00934845033676,0.0228668922602,1
asymmetric_p2p_tornado_16mib,mrc,186,23775552,0.00973225367203,0.0223509322765,0.0093184944788,0.0223509322765,1
asymmetric_p2p_tornado_16mib,mrc,188,23772928,0.00934845033676,0.0220422079397,0.00934845033676,0.0223509322765,1
asymmetric_p2p_tornado_16mib,mrc,190,23503232,0.00891391227638,0.0222267328307,0.00956722840703,0.0223509322765,1
asymmetric_p2p_tornado_16mib,mrc,192,23552832,0.00968268915136,0.0229094749273,0.00934845033676,0.0229094749273,1
asymmetric_p2p_tornado_16mib,mrc,194,23671168,0.00956722840703,0.023330333621,0.00956722840703,0.0231025163517,1
asymmetric_p2p_tornado_16mib,mrc,196,23511744,0.00907598071685,0.0238022915153,0.00956722840703,0.023330333621,1
asymmetric_p2p_tornado_16mib,mrc,198,23714304,0.0098521631893,0.0231025163517,0.00956722840703,0.0233331724655,1
asymmetric_p2p_tornado_16mib,mrc,200,23509696,0.00926901746876,0.0233331724655,0.00961059601266,0.0237852584484,1
asymmetric_p2p_tornado_16mib,mrc,202,23531136,0.00961059601266,0.0240230116733,0.00961059601266,0.0233331724655,1
asymmetric_p2p_tornado_16mib,mrc,204,23598720,0.00974811660211,0.0237852584484,0.00943221753203,0.0233331724655,1
asymmetric_p2p_tornado_16mib,mrc,206,23632640,0.00924483484379,0.0232472974201,0.00961059601266,0.0232472974201,1
asymmetric_p2p_tornado_16mib,mrc,208,23479104,0.00943221753203,0.0229023778161,0.0096759212641,0.0229023778161,1
asymmetric_p2p_tornado_16mib,mrc,210,23691136,0.00984507244836,0.0226376555687,0.00959504392308,0.022776758948,1
asymmetric_p2p_tornado_16mib,mrc,212,23606976,0.0096759212641,0.022776758948,0.0096759212641,0.0226376555687,1
asymmetric_p2p_tornado_16mib,mrc,214,23497856,0.00959504392308,0.0224595180778,0.0096759212641,0.0224595180778,1
asymmetric_p2p_tornado_16mib,mrc,216,23550336,0.00991853029829,0.0219953670058,0.0096759212641,0.0224595180778,1
asymmetric_p2p_tornado_16mib,mrc,218,23684544,0.00944743066732,0.0220791129179,0.00991853029829,0.0224595180778,1
asymmetric_p2p_tornado_16mib,mrc,220,23525760,0.0100503018028,0.0229563158612,0.00991853029829,0.0224041606105,1
asymmetric_p2p_tornado_16mib,mrc,222,23563072,0.0103630815034,0.0228576660156,0.0100503018028,0.0228576660156,1
asymmetric_p2p_tornado_16mib,mrc,224,23473600,0.00980588974015,0.0224041606105,0.0100503018028,0.0229563158612,1
asymmetric_p2p_tornado_16mib,mrc,226,23532352,0.0102108684777,0.023324655932,0.00993929522735,0.023324655932,1
asymmetric_p2p_tornado_16mib,mrc,228,23568064,0.00985710435512,0.0235155682231,0.00993929522735,0.0235155682231,1
asymmetric_p2p_tornado_16mib,mrc,230,23516288,0.00993929522735,0.0244410315225,0.00993929522735,0.023604282113,1
asymmetric_p2p_tornado_16mib,mrc,232,23419072,0.0100181636306,0.0236908668695,0.00987384591787,0.0236908668695,1
asymmetric_p2p_tornado_16mib,mrc,234,23490176,0.00987384591787,0.023604282113,0.00993929522735,0.0237547408703,1
asymmetric_p2p_tornado_16mib,mrc,236,23680960,0.00951414224928,0.0237547408703,0.0100181636306,0.0237547408703,1
asymmetric_p2p_tornado_16mib,mrc,238,23423296,0.0106229613368,0.0240322379179,0.00996333934389,0.0240159145621,1
asymmetric_p2p_tornado_16mib,mrc,240,23399424,0.0102030919219,0.0240159145621,0.0100401683445,0.0240159145621,1
asymmetric_p2p_tornado_16mib,mrc,242,23500928,0.00996333934389,0.0242082462754,0.0100401683445,0.0240159145621,1
asymmetric_p2p_tornado_16mib,mrc,244,23627328,0.0100401683445,0.0235049225563,0.0100401683445,0.0235702159793,1
asymmetric_p2p_tornado_16mib,mrc,246,23421952,0.00978420858549,0.0235205362009,0.0100401683445,0.0235205362009,1
asymmetric_p2p_tornado_16mib,mrc,248,23504448,0.0104860123265,0.0235702159793,0.0102204098917,0.0235049225563,1
asymmetric_p2p_tornado_16mib,mrc,250,23502208,0.0104581923158,0.0231025163517,0.0102204098917,0.0231025163517,1
asymmetric_p2p_tornado_16mib,mrc,252,23484224,0.0102204098917,0.0230947095294,0.0104581923158,0.0230947095294,1
asymmetric_p2p_tornado_16mib,mrc,254,23556864,0.0100402051386,0.022817922193,0.0104501768324,0.0230578045512,1
asymmetric_p2p_tornado_16mib,mrc,256,23512512,0.0106318733018,0.0224069994549,0.0104501768324,0.0228576660156,1
asymmetric_p2p_tornado_16mib,mrc,258,23433600,0.0104501768324,0.0230578045512,0.0104501768324,0.022817922193,1
asymmetric_p2p_tornado_16mib,mrc,260,23544704,0.0107471421369,0.0228576660156,0.0104501768324,0.0227334665698,1
asymmetric_p2p_tornado_16mib,mrc,262,23478528,0.0103071331625,0.0227284985919,0.0104501768324,0.0228576660156,1
asymmetric_p2p_tornado_16mib,mrc,264,23409536,0.0100305231282,0.0227334665698,0.0103071331625,0.0228576660156,1
asymmetric_p2p_tornado_16mib,mrc,266,23622144,0.0111151246534,0.0233835619549,0.0103020030263,0.0230492880178,1
asymmetric_p2p_tornado_16mib,mrc,268,23491072,0.0103020030263,0.0230492880178,0.0103020030263,0.0233835619549,1
asymmetric_p2p_tornado_16mib,mrc,270,23348096,0.0100525641763,0.0235986044241,0.0103020030263,0.0233835619549,1
asymmetric_p2p_tornado_16mib,mrc,272,23430784,0.0104316879003,0.0236887377362,0.0103020030263,0.0235986044241,1
asymmetric_p2p_tornado_16mib,mrc,274,23689024,0.0102152493717,0.0231010969295,0.0104316879003,0.0235986044241,1
asymmetric_p2p_tornado_16mib,mrc,276,23229952,0.0106623395592,0.0239328783612,0.0104316879003,0.0234204669331,1
asymmetric_p2p_tornado_16mib,mrc,278,23558528,0.0105927957133,0.0234204669331,0.0102152493717,0.0232025856195,1
asymmetric_p2p_tornado_16mib,mrc,280,23442560,0.00996567553929,0.02285411746,0.0105064445128,0.0232025856195,1
asymmetric_p2p_tornado_16mib,mrc,282,23487616,0.00996771623932,0.0232025856195,0.0105064445128,0.0232018759084,1
asymmetric_p2p_tornado_16mib,mrc,284,23486208,0.0105064445128,0.0226312681686,0.0103399006287,0.0232018759084,1
asymmetric_p2p_tornado_16mib,mrc,286,23431616,0.010677739462,0.0232018759084,0.0103399006287,0.0232018759084,1
asymmetric_p2p_tornado_16mib,mrc,288,23378816,0.0103399006287,0.0235730548238,0.0103399006287,0.02305070744,1
asymmetric_p2p_tornado_16mib,mrc,290,23590144,0.0102983980777,0.02305070744,0.0102983980777,0.02305070744,1
asymmetric_p2p_tornado_16mib,mrc,292,23456128,0.0101653955791,0.0226866256359,0.0102983980777,0.0228746990825,1
asymmetric_p2p_tornado_16mib,mrc,294,23402816,0.010278930339,0.0228746990825,0.0102983980777,0.0228746990825,1
asymmetric_p2p_tornado_16mib,mrc,296,23446144,0.0108949647043,0.0226468818132,0.010278930339,0.0228746990825,1
asymmetric_p2p_tornado_16mib,mrc,298,23506752,0.0105981408211,0.0231408407522,0.0105981408211,0.0231408407522,1
asymmetric_p2p_tornado_16mib,mrc,300,23299968,0.0101666839855,0.0242565066315,0.0108949647043,0.0236866086028,1
asymmetric_p2p_tornado_16mib,mrc,302,23478464,0.0112543603029,0.0236866086028,0.0105981408211,0.0242565066315,1
asymmetric_p2p_tornado_16mib,mrc,304,23400576,0.0112740345546,0.0245375522347,0.0109012579416,0.0243409622547,1
asymmetric_p2p_tornado_16mib,mrc,306,23362880,0.0104951596489,0.0246624613917,0.0109012579416,0.0243409622547,1
asymmetric_p2p_tornado_16mib,mrc,308,23439040,0.0109012579416,0.0243409622547,0.0106869809401,0.0243409622547,1
asymmetric_p2p_tornado_16mib,mrc,310,23491072,0.0105882472925,0.0240620457849,0.0106869809401,0.0240620457849,1
asymmetric_p2p_tornado_16mib,mrc,312,23378560,0.0106869809401,0.0239740416061,0.0109012579416,0.0239740416061,1
asymmetric_p2p_tornado_16mib,mrc,314,23437888,0.0115914644583,0.0236049918241,0.0110029203083,0.0237973235374,1
asymmetric_p2p_tornado_16mib,mrc,316,23372992,0.011095865157,0.0237973235374,0.0110843917367,0.0236049918241,1
asymmetric_p2p_tornado_16mib,mrc,318,23452224,0.0110029203083,0.0228058571039,0.0110843917367,0.0234133698219,1
asymmetric_p2p_tornado_16mib,mrc,320,23408000,0.0110843917367,0.0234133698219,0.0110843917367,0.0234133698219,1
asymmetric_p2p_tornado_16mib,mrc,322,23543936,0.0109369237486,0.0225340377453,0.0110843917367,0.0230925803961,1
asymmetric_p2p_tornado_16mib,mrc,324,23233216,0.0116823964168,0.0234722758448,0.0110843917367,0.0234133698219,1
asymmetric_p2p_tornado_16mib,mrc,326,23485120,0.011113180332,0.0230925803961,0.0111119945803,0.0231827137082,1
asymmetric_p2p_tornado_16mib,mrc,328,23462464,0.0105108354873,0.0234864700672,0.0111119945803,0.0233331724655,1
asymmetric_p2p_tornado_16mib,mrc,330,23423680,0.0111119945803,0.0231827137082,0.0106674401729,0.0233331724655,1
asymmetric_p2p_tornado_16mib,mrc,332,23384320,0.0105307052884,0.0233331724655,0.0106674401729,0.0234261446221,1
asymmetric_p2p_tornado_16mib,mrc,334,23405248,0.0106674401729,0.023622024891,0.0106857163774,0.0233622706214,1
asymmetric_p2p_tornado_16mib,mrc,336,23430144,0.0109109401993,0.0234261446221,0.0106803654925,0.0233622706214,1
asymmetric_p2p_tornado_16mib,mrc,338,23418560,0.0106857163774,0.0233622706214,0.0106803654925,0.0234261446221,1
asymmetric_p2p_tornado_16mib,mrc,340,23455808,0.0106803654925,0.0232302643532,0.0106857163774,0.0234261446221,1
asymmetric_p2p_tornado_16mib,mrc,342,23451648,0.0106660492314,0.0236071209575,0.0106803654925,0.0236071209575,1
asymmetric_p2p_tornado_16mib,mrc,344,23240320,0.0108286797688,0.0240308184956,0.0106803654925,0.0236071209575,1
asymmetric_p2p_tornado_16mib,mrc,346,23473088,0.0105275660392,0.0238420353379,0.0107607220086,0.0236071209575,1
asymmetric_p2p_tornado_16mib,mrc,348,23157184,0.0107607220086,0.01884637877,0.0108286797688,0.01884637877,1
asymmetric_p2p_tornado_16mib,mrc,350,15740672,0.0110983593238,0.0122162574945,0.0110983593238,0.0122162574945,1
asymmetric_p2p_tornado_16mib,mrc,352,5362752,0.0118944141799,0.00947251430778,0.0116434843522,0.00947251430778,1
asymmetric_p2p_tornado_16mib,mrc,354,4585920,0.0116434843522,0.00858111714208,0.0118944141799,0.00858111714208,1
asymmetric_p2p_tornado_16mib,mrc,356,4201664,0.0132468781481,0.00839659225109,0.0132468781481,0.00858040743096,1
asymmetric_p2p_tornado_16mib,mrc,358,4238272,0.0145360574357,0.00848814498547,0.0145360574357,0.00848814498547,1
asymmetric_p2p_tornado_16mib,mrc,360,4390976,0.0150264569571,0.00858040743096,0.0150264569571,0.00844272347384,1
asymmetric_p2p_tornado_16mib,mrc,362,4324288,0.0165515377136,0.00821135764898,0.0165515377136,0.00844272347384,1
asymmetric_p2p_tornado_16mib,mrc,364,4280512,0.0172202707656,0.00844272347384,0.0172202707656,0.00844272347384,1
asymmetric_p2p_tornado_16mib,mrc,366,4225664,0.0199498483682,0.00825748887173,0.0199498483682,0.00825748887173,1
asymmetric_p2p_tornado_16mib,mrc,368,4441408,0.0220983763813,0.00848814498547,0.0220983763813,0.00825748887173,1
asymmetric_p2p_tornado_16mib,mrc,370,4251968,0.0259535673546,0.00825748887173,0.0259535673546,0.00825748887173,1
asymmetric_p2p_tornado_16mib,mrc,372,4352832,0.0290937604944,0.00821135764898,0.0290937604944,0.00834975131722,1
asymmetric_p2p_tornado_16mib,mrc,374,4132416,0.032340994998,0.00834975131722,0.032340994998,0.00834975131722,1
asymmetric_p2p_tornado_16mib,mrc,376,4496384,0.0405822684683,0.00848814498547,0.0405822684683,0.00848814498547,1
asymmetric_p2p_tornado_16mib,mrc,378,4152448,0.0510949224329,0.00899558843568,0.0510949224329,0.00885719476744,1
asymmetric_p2p_tornado_16mib,mrc,380,4318912,0.0545883170572,0.00885719476744,0.0545883170572,0.00899558843568,1
asymmetric_p2p_tornado_16mib,mrc,382,4165504,0.0551843817359,0.0095030318859,0.0547558900133,0.00899558843568,1
asymmetric_p2p_tornado_16mib,mrc,384,4441152,0.0550901015185,0.00899558843568,0.0547558900133,0.00885719476744,1
asymmetric_p2p_tornado_16mib,mrc,386,4219776,0.0547558900133,0.00881106354469,0.0550901015185,0.00885790447856,1
asymmetric_p2p_tornado_16mib,mrc,388,4247936,0.0547490081271,0.00876493232195,0.0550901015185,0.00881106354469,1
asymmetric_p2p_tornado_16mib,mrc,390,4244288,0.0565655260979,0.00885790447856,0.0558863547147,0.00876493232195,1
asymmetric_p2p_tornado_16mib,mrc,392,4440576,0.0558863547147,0.0085818268532,0.0558863547147,0.00867266987645,1
asymmetric_p2p_tornado_16mib,mrc,394,4199744,0.0561582198543,0.00867266987645,0.0559991217595,0.00867266987645,1
asymmetric_p2p_tornado_16mib,mrc,396,4185600,0.0556935273675,0.00867266987645,0.0558863547147,0.00867266987645,1
asymmetric_p2p_tornado_16mib,mrc,398,4315008,0.0559991217595,0.00918011332667,0.0559991217595,0.00918011332667,1
asymmetric_p2p_tornado_16mib,mrc,400,4322944,0.0545342086489,0.00922624454942,0.0556935273675,0.00918153274891,1
asymmetric_p2p_tornado_16mib,mrc,402,4216960,0.0563546625429,0.0092290833939,0.0547638296093,0.00922624454942,1
asymmetric_p2p_tornado_16mib,mrc,404,4183872,0.0546833239767,0.00918153274891,0.0546833239767,0.0092290833939,1
asymmetric_p2p_tornado_16mib,mrc,406,4328320,0.0547638296093,0.00945690066315,0.0547638296093,0.0092290833939,1
asymmetric_p2p_tornado_16mib,mrc,408,4285440,0.0542267195324,0.00955058253089,0.0546833239767,0.00918153274891,1
asymmetric_p2p_tornado_16mib,mrc,410,4296512,0.054792690734,0.00890332599019,0.054601155149,0.00895087663517,1
asymmetric_p2p_tornado_16mib,mrc,412,4121216,0.054601155149,0.00895087663517,0.054601155149,0.00895087663517,1
asymmetric_p2p_tornado_16mib,mrc,414,4386368,0.0539214876468,0.00872022052144,0.054792690734,0.00890332599019,1
asymmetric_p2p_tornado_16mib,mrc,416,4218880,0.0559640431758,0.00913398210392,0.0550734764341,0.00872022052144,1
asymmetric_p2p_tornado_16mib,mrc,418,4301440,0.0550734764341,0.00830362009448,0.0550734764341,0.00830362009448,1
asymmetric_p2p_tornado_16mib,mrc,420,4199488,0.0554856102858,0.00825748887173,0.0550734764341,0.00830362009448,1
asymmetric_p2p_tornado_16mib,mrc,422,4398784,0.0542764688764,0.00816664584847,0.0550734764341,0.00825748887173,1
asymmetric_p2p_tornado_16mib,mrc,424,4211456,0.0547907424933,0.00844201376272,0.0551282936367,0.00825748887173,1
asymmetric_p2p_tornado_16mib,mrc,426,4218688,0.0551282936367,0.00807296398074,0.0551280579454,0.00816664584847,1
asymmetric_p2p_tornado_16mib,mrc,428,4236416,0.0559991217595,0.00862653865371,0.0551280579454,0.00839588253997,1
asymmetric_p2p_tornado_16mib,mrc,430,4448000,0.0551280579454,0.00807296398074,0.0551280579454,0.00839588253997,1
asymmetric_p2p_tornado_16mib,mrc,432,4166784,0.0540049790325,0.00839588253997,0.0547232353686,0.00839659225109,1
asymmetric_p2p_tornado_16mib,mrc,434,4222720,0.0546141256724,0.00839659225109,0.0547232353686,0.00839659225109,1
asymmetric_p2p_tornado_16mib,mrc,436,4306624,0.0547232353686,0.00853427620821,0.0547232353686,0.00853427620821,1
asymmetric_p2p_tornado_16mib,mrc,438,4361152,0.0558918372273,0.00853427620821,0.0551010209648,0.00853427620821,1
asymmetric_p2p_tornado_16mib,mrc,440,4162496,0.0551010209648,0.0087188010992,0.0554585836839,0.0087188010992,1
asymmetric_p2p_tornado_16mib,mrc,442,4217664,0.0554585836839,0.00904171965843,0.0555404518508,0.00881106354469,1
asymmetric_p2p_tornado_16mib,mrc,444,4293248,0.0560828777028,0.00918082303779,0.0554585836839,0.00881106354469,1
asymmetric_p2p_tornado_16mib,mrc,446,4299968,0.0555404518508,0.00881106354469,0.0555404518508,0.00881106354469,1
asymmetric_p2p_tornado_16mib,mrc,448,4183616,0.0539054960391,0.00876706145531,0.0555404518508,0.00881106354469,1
asymmetric_p2p_tornado_16mib,mrc,450,4275072,0.0555945058314,0.00862653865371,0.0551282936367,0.00876706145531,1
asymmetric_p2p_tornado_16mib,mrc,452,4318528,0.0551282936367,0.00885719476744,0.0550260312494,0.00862653865371,1
asymmetric_p2p_tornado_16mib,mrc,454,4283264,0.0538099642851,0.00844414289608,0.0551282936367,0.00844414289608,1
asymmetric_p2p_tornado_16mib,mrc,456,4258496,0.0550260312494,0.00770675304324,0.0551282936367,0.00830362009448,1
asymmetric_p2p_tornado_16mib,mrc,458,4271232,0.055318825862,0.00830362009448,0.055318825862,0.00802683275799,1
asymmetric_p2p_tornado_16mib,mrc,460,4348352,0.0556485073068,0.00756552053052,0.055318825862,0.00802683275799,1
asymmetric_p2p_tornado_16mib,mrc,462,4258368,0.0563546625429,0.00802683275799,0.055318825862,0.00821135764898,1
asymmetric_p2p_tornado_16mib,mrc,464,4204288,0.0551280579454,0.00821135764898,0.0556485073068,0.00821135764898,1
asymmetric_p2p_tornado_16mib,mrc,466,4275136,0.0533647971708,0.00830362009448,0.0551280579454,0.00830362009448,1
asymmetric_p2p_tornado_16mib,mrc,468,4290688,0.0564523309355,0.00844201376272,0.0551280579454,0.00844201376272,1
asymmetric_p2p_tornado_16mib,mrc,470,4270592,0.0543676291544,0.00899558843568,0.0555396240345,0.0087188010992,1
asymmetric_p2p_tornado_16mib,mrc,472,4270528,0.0571160594557,0.0087188010992,0.0564523309355,0.00899558843568,1
asymmetric_p2p_tornado_16mib,mrc,474,4224448,0.0555396240345,0.00913611123728,0.0571160594557,0.00899558843568,1
asymmetric_p2p_tornado_16mib,mrc,476,4253888,0.0573458286867,0.00908785088118,0.0571160594557,0.00908785088118,1
asymmetric_p2p_tornado_16mib,mrc,478,4248896,0.0580321161189,0.00876493232195,0.0573458286867,0.00908785088118,1
asymmetric_p2p_tornado_16mib,mrc,480,4249984,0.0564233861823,0.00913398210392,0.0574755047127,0.00881106354469,1
asymmetric_p2p_tornado_16mib,mrc,482,4115968,0.0574755047127,0.00881106354469,0.0575541126884,0.00876493232195,1
asymmetric_p2p_tornado_16mib,mrc,484,4182528,0.0575541126884,0.00853427620821,0.0575541126884,0.00853427620821,1
asymmetric_p2p_tornado_16mib,mrc,486,3972352,0.058143443637,0.00835188045058,0.058143443637,0.00835188045058,1
asymmetric_p2p_tornado_16mib,mrc,488,4119808,0.0594919563887,0.00751938930778,0.0594919563887,0.00775004542151,1
asymmetric_p2p_tornado_16mib,mrc,490,3870272,0.0614057687688,0.00775004542151,0.0614057687688,0.00751938930778,1
asymmetric_p2p_tornado_16mib,mrc,492,3676992,0.0622318105956,0.00645837118459,0.0622318105956,0.00645837118459,1
asymmetric_p2p_tornado_16mib,mrc,494,3012416,0.0666804393487,0.0054896155069,0.0666804393487,0.0054896155069,1
asymmetric_p2p_tornado_16mib,mrc,496,2853440,0.0712071900052,0.00452085982922,0.0712071900052,0.00452085982922,1
asymmetric_p2p_tornado_16mib,mrc,498,2428800,0.0771069276961,0.00364436659702,0.0771069276961,0.00364436659702,1
asymmetric_p2p_tornado_16mib,mrc,500,2084608,0.081903953469,0.0024449548056,0.081903953469,0.0024449548056,1
asymmetric_p2p_tornado_16mib,mrc,502,1745600,0.084100600103,0.00175298646439,0.084100600103,0.00175298646439,1
asymmetric_p2p_tornado_16mib,mrc,504,1452288,0.0960758574066,0.000691968341206,0.0960758574066,0.000691968341206,1
asymmetric_p2p_tornado_16mib,mrc,506,1136704,0.100205508007,0.00046202193859,0.100205508007,0.00046202193859,1
asymmetric_p2p_tornado_16mib,mrc,508,744832,0.102245343668,0.000230656113735,0.102245343668,0.000230656113735,1
asymmetric_p2p_tornado_16mib,mrc,510,407616,0.108588152577,9.22624454942e-05,0.108588152577,0.000138393668241,1
asymmetric_p2p_tornado_16mib,mrc,512,297088,0.113643465406,0.000138393668241,0.113643465406,9.22624454942e-05,1
asymmetric_p2p_tornado_16mib,mrc,514,254848,0.123578836744,4.61312227471e-05,0.123578836744,9.22624454942e-05,1
asymmetric_p2p_tornado_16mib,mrc,516,270784,0.130572065993,9.22624454942e-05,0.130572065993,9.22624454942e-05,1
asymmetric_p2p_tornado_16mib,mrc,518,207360,0.142141696805,9.22624454942e-05,0.142141696805,9.22624454942e-05,1
asymmetric_p2p_tornado_16mib,mrc,520,137344,0.152584792675,9.22624454942e-05,0.152584792675,9.22624454942e-05,1
asymmetric_p2p_tornado_16mib,mrc,522,123456,0.167536514361,4.61312227471e-05,0.167536514361,4.61312227471e-05,1
asymmetric_p2p_tornado_16mib,mrc,524,18688,0.180247357917,0,0.180247357917,0,1
asymmetric_p2p_tornado_16mib,mrc,526,1600,0.185011099185,0,0.185011099185,0,1
asymmetric_p2p_tornado_16mib,mrc,528,128,0.192445784359,0,0.186669484341,0,1
asymmetric_p2p_tornado_16mib,mrc,530,0,0.202515405128,0,0.192445784359,0,0
asymmetric_p2p_tornado_16mib,mrc,532,0,0.186669484341,0,0.197444127691,0,0
asymmetric_p2p_tornado_16mib,mrc,534,0,0.197680664553,0,0.197680664553,0,0
asymmetric_p2p_tornado_16mib,mrc,536,0,0.197444127691,0,0.197680664553,0,0
asymmetric_p2p_tornado_16mib,mrc,538,0,0.242076711427,0,0.240221470738,0,0
asymmetric_p2p_tornado_16mib,mrc,540,0,0.240221470738,0,0.242076711427,0,0
asymmetric_p2p_tornado_16mib,mrc,542,0,0.329192385827,0,0.293040229623,0,0
asymmetric_p2p_tornado_16mib,mrc,544,0,0.293040229623,0,0.293972367896,0,0
asymmetric_p2p_tornado_16mib,mrc,546,0,0.293972367896,0,0.293972367896,0,0
asymmetric_p2p_tornado_16mib,mrc,548,0,0.774596669241,0,0.293040229623,0,0
asymmetric_p2p_tornado_16mib,mrc,550,0,0,0,0,0,0
asymmetric_p2p_tornado_16mib,mrc,552,0,0,0,0,0,0
asymmetric_p2p_tornado_16mib,mrc,554,0,0,0,0,0,0
asymmetric_p2p_tornado_16mib,mrc,556,0,0,0,0,0,0
asymmetric_p2p_tornado_16mib,mrc,558,0,0,0,0,0,0
asymmetric_p2p_tornado_16mib,mrc,560,0,0,0,0,0,0
asymmetric_p2p_tornado_16mib,mrc,562,0,0,0,0,0,0
asymmetric_p2p_tornado_16mib,mrc,564,0,0,0,0,0,0
asymmetric_p2p_tornado_16mib,mrc,566,0,0,0,0,0,0
asymmetric_p2p_tornado_16mib,mrc,568,0,0,0,0,0,0
asymmetric_p2p_tornado_16mib,mrc,570,0,0,0,0,0,0
asymmetric_p2p_tornado_16mib,mrc,572,0,0,0,0,0,0
asymmetric_p2p_tornado_16mib,mrc,574,0,0,0,0,0,0
asymmetric_p2p_tornado_16mib,mrc,576,0,0,0,0,0,0
asymmetric_p2p_tornado_16mib,mrc,578,0,0,0,0,0,0
asymmetric_p2p_tornado_16mib,mrc,580,0,0,0,0,0,0
asymmetric_p2p_tornado_16mib,mrc,582,0,0,0,0,0,0
asymmetric_p2p_tornado_16mib,mrc,584,0,0,0,0,0,0
asymmetric_p2p_tornado_16mib,mrc,586,0,0,0,0,0,0
asymmetric_p2p_tornado_16mib,mrc,588,0,0,0,0,0,0
asymmetric_p2p_tornado_16mib,mrc,590,0,0,0,0,0,0
asymmetric_p2p_tornado_16mib,mrc,592,0,0,0,0,0,0
asymmetric_p2p_tornado_16mib,mrc,594,0,0,0,0,0,0
asymmetric_p2p_tornado_16mib,mrc,596,0,0,0,0,0,0
asymmetric_p2p_tornado_16mib,mrc,598,0,0,0,0,0,0
asymmetric_p2p_tornado_16mib,mrc,600,0,0,0,0,0,0
asymmetric_p2p_tornado_16mib,mrc,602,0,0,0,0,0,0
asymmetric_p2p_tornado_16mib,mrc,604,0,0,0,0,0,0
asymmetric_p2p_tornado_16mib,mrc,606,0,0,0,0,0,0
asymmetric_p2p_tornado_16mib,mrc,608,0,0,0,0,0,0
asymmetric_p2p_tornado_16mib,mrc,610,0,0,0,0,0,0
asymmetric_p2p_tornado_16mib,mrc,612,0,0,0,0,0,0
asymmetric_p2p_tornado_16mib,mrc,614,0,0,0,0,0,0
asymmetric_p2p_tornado_16mib,mrc,616,0,0,0,0,0,0
asymmetric_p2p_tornado_16mib,mrc,618,0,0,0,0,0,0
asymmetric_p2p_tornado_16mib,mrc,620,0,0,0,0,0,0
asymmetric_p2p_tornado_16mib,mrc,622,0,0,0,0,0,0
asymmetric_p2p_tornado_16mib,mrc,624,0,0,0,0,0,0
asymmetric_p2p_tornado_16mib,mrc,626,0,0,0,0,0,0
asymmetric_p2p_tornado_16mib,mrc,628,0,0,0,0,0,0
asymmetric_p2p_tornado_16mib,mrc,630,0,0,0,0,0,0
asymmetric_p2p_tornado_16mib,mrc,632,0,0,0,0,0,0
asymmetric_p2p_tornado_16mib,mrc,634,0,0,0,0,0,0
asymmetric_p2p_tornado_16mib,mrc,636,0,0,0,0,0,0
asymmetric_p2p_tornado_16mib,mrc,638,0,0,0,0,0,0
asymmetric_p2p_tornado_16mib,mrc,640,0,0,0,0,0,0
asymmetric_p2p_tornado_16mib,mrc,642,0,0,0,0,0,0
asymmetric_p2p_tornado_16mib,mrc,644,0,0,0,0,0,0
asymmetric_p2p_tornado_16mib,mrc,646,0,0,0,0,0,0
asymmetric_p2p_tornado_16mib,mrc,648,0,0,0,0,0,0
asymmetric_p2p_tornado_16mib,mrc,650,0,0,0,0,0,0
asymmetric_p2p_tornado_16mib,mrc,652,0,0,0,0,0,0
asymmetric_p2p_tornado_16mib,mrc,654,0,0,0,0,0,0
asymmetric_p2p_tornado_16mib,mrc,656,0,0,0,0,0,0
asymmetric_p2p_tornado_16mib,mrc,658,0,0,0,0,0,0
asymmetric_p2p_tornado_16mib,mrc,660,0,0,0,0,0,0
asymmetric_p2p_tornado_16mib,mrc,662,0,0,0,0,0,0
asymmetric_p2p_tornado_16mib,mrc,664,0,0,0,0,0,0
asymmetric_p2p_tornado_16mib,mrc,666,0,0,0,0,0,0
asymmetric_p2p_tornado_16mib,mrc,668,0,0,0,0,0,0
asymmetric_p2p_tornado_16mib,mrc,670,0,0,0,0,0,0
asymmetric_p2p_tornado_16mib,mrc,672,0,0,0,0,0,0
asymmetric_p2p_tornado_16mib,mrc,674,0,0,0,0,0,0
asymmetric_p2p_tornado_16mib,mrc,676,0,0,0,0,0,0
asymmetric_p2p_tornado_16mib,mrc,678,0,0,0,0,0,0
asymmetric_p2p_tornado_16mib,mrc,680,0,0,0,0,0,0
asymmetric_p2p_tornado_16mib,mrc,682,0,0,0,0,0,0
asymmetric_p2p_tornado_16mib,mrc,684,0,0,0,0,0,0
asymmetric_p2p_tornado_16mib,mrc,686,0,0,0,0,0,0
asymmetric_p2p_tornado_16mib,mrc,688,0,0,0,0,0,0
asymmetric_p2p_tornado_16mib,mrc,690,0,0,0,0,0,0
asymmetric_p2p_tornado_16mib,mrc,692,0,0,0,0,0,0
asymmetric_p2p_tornado_16mib,mrc,694,0,0,0,0,0,0
asymmetric_p2p_tornado_16mib,mrc,696,0,0,0,0,0,0
asymmetric_p2p_tornado_16mib,mrc,698,0,0,0,0,0,0
asymmetric_p2p_tornado_16mib,mrc,700,0,0,0,0,0,0
asymmetric_p2p_tornado_16mib,mrc,702,0,0,0,0,0,0
asymmetric_p2p_tornado_16mib,mrc,704,0,0,0,0,0,0
asymmetric_p2p_tornado_16mib,mrc,706,0,0,0,0,0,0
asymmetric_p2p_tornado_16mib,mrc,708,0,0,0,0,0,0
asymmetric_p2p_tornado_16mib,mrc,710,0,0,0,0,0,0
asymmetric_p2p_tornado_16mib,mrc,712,0,0,0,0,0,0
asymmetric_p2p_tornado_16mib,mrc,714,0,0,0,0,0,0
asymmetric_p2p_tornado_16mib,mrc,716,0,0,0,0,0,0
asymmetric_p2p_tornado_16mib,mrc,718,0,0,0,0,0,0
asymmetric_p2p_tornado_16mib,mrc,720,0,0,0,0,0,0
asymmetric_p2p_tornado_16mib,mrc,722,0,0,0,0,0,0
asymmetric_p2p_tornado_16mib,mrc,724,0,0,0,0,0,0
asymmetric_p2p_tornado_16mib,mrc,726,0,0,0,0,0,0
asymmetric_p2p_tornado_16mib,mrc,728,0,0,0,0,0,0
asymmetric_p2p_tornado_16mib,mrc,730,0,0,0,0,0,0
asymmetric_p2p_tornado_16mib,mrc,732,0,0,0,0,0,0
asymmetric_p2p_tornado_16mib,mrc,734,0,0,0,0,0,0
asymmetric_p2p_tornado_16mib,mrc,736,0,0,0,0,0,0
asymmetric_p2p_tornado_16mib,mrc,738,0,0,0,0,0,0
asymmetric_p2p_tornado_16mib,mrc,740,0,0,0,0,0,0
asymmetric_p2p_tornado_16mib,mrc,742,0,0,0,0,0,0
asymmetric_p2p_tornado_16mib,mrc,744,0,0,0,0,0,0
asymmetric_p2p_tornado_16mib,mrc,746,0,0,0,0,0,0
asymmetric_p2p_tornado_16mib,mrc,748,0,0,0,0,0,0
asymmetric_p2p_tornado_16mib,mrc,750,0,0,0,0,0,0
asymmetric_p2p_tornado_16mib,mrc,752,0,0,0,0,0,0
asymmetric_p2p_tornado_16mib,mrc,754,0,0,0,0,0,0
asymmetric_p2p_tornado_16mib,mrc,756,0,0,0,0,0,0
asymmetric_p2p_tornado_16mib,mrc,758,0,0,0,0,0,0
asymmetric_p2p_tornado_16mib,mrc,760,0,0,0,0,0,0
asymmetric_p2p_tornado_16mib,mrc,762,0,0,0,0,0,0
asymmetric_p2p_tornado_16mib,mrc,764,0,0,0,0,0,0
asymmetric_p2p_tornado_16mib,mrc,766,0,0,0,0,0,0
asymmetric_p2p_tornado_16mib,mrc,768,0,0,0,0,0,0
asymmetric_p2p_tornado_16mib,mrc,770,0,0,0,0,0,0
asymmetric_p2p_tornado_16mib,mrc,772,0,0,0,0,0,0
asymmetric_p2p_tornado_16mib,mrc,774,0,0,0,0,0,0
asymmetric_p2p_tornado_16mib,mrc,776,0,0,0,0,0,0
asymmetric_p2p_tornado_16mib,mrc,778,0,0,0,0,0,0
asymmetric_p2p_tornado_16mib,mrc,780,0,0,0,0,0,0
asymmetric_p2p_tornado_16mib,mrc,782,0,0,0,0,0,0
asymmetric_p2p_tornado_16mib,mrc,784,0,0,0,0,0,0
asymmetric_p2p_tornado_16mib,mrc,786,0,0,0,0,0,0
asymmetric_p2p_tornado_16mib,mrc,788,0,0,0,0,0,0
asymmetric_p2p_tornado_16mib,mrc,790,0,0,0,0,0,0
asymmetric_p2p_tornado_16mib,mrc,792,0,0,0,0,0,0
asymmetric_p2p_tornado_16mib,mrc,794,0,0,0,0,0,0
asymmetric_p2p_tornado_16mib,mrc,796,0,0,0,0,0,0
asymmetric_p2p_tornado_16mib,mrc,798,0,0,0,0,0,0
asymmetric_p2p_tornado_16mib,mrc,800,0,0,0,0,0,0
asymmetric_p2p_tornado_16mib,mrc,802,0,0,0,0,0,0
asymmetric_p2p_tornado_16mib,mrc,804,0,0,0,0,0,0
asymmetric_p2p_tornado_16mib,mrc,806,0,0,0,0,0,0
asymmetric_p2p_tornado_16mib,mrc,808,0,0,0,0,0,0
asymmetric_p2p_tornado_16mib,mrc,810,0,0,0,0,0,0
asymmetric_p2p_tornado_16mib,mrc,812,0,0,0,0,0,0
asymmetric_p2p_tornado_16mib,mrc,814,0,0,0,0,0,0
asymmetric_p2p_tornado_16mib,mrc,816,0,0,0,0,0,0
asymmetric_p2p_tornado_16mib,mrc,818,0,0,0,0,0,0
asymmetric_p2p_tornado_16mib,mrc,820,0,0,0,0,0,0
asymmetric_p2p_tornado_16mib,mrc,822,0,0,0,0,0,0
asymmetric_p2p_tornado_16mib,mrc,824,0,0,0,0,0,0
asymmetric_p2p_tornado_16mib,mrc,826,0,0,0,0,0,0
asymmetric_p2p_tornado_16mib,mrc,828,0,0,0,0,0,0
asymmetric_p2p_tornado_16mib,mrc,830,0,0,0,0,0,0
asymmetric_p2p_tornado_16mib,mrc,832,0,0,0,0,0,0
asymmetric_p2p_tornado_16mib,mrc,834,0,0,0,0,0,0
asymmetric_p2p_tornado_16mib,mrc,836,0,0,0,0,0,0
asymmetric_p2p_tornado_16mib,mrc,838,0,0,0,0,0,0
asymmetric_p2p_tornado_16mib,mrc,840,0,0,0,0,0,0
asymmetric_p2p_tornado_16mib,mrc,842,0,0,0,0,0,0
asymmetric_p2p_tornado_16mib,mrc,844,0,0,0,0,0,0
asymmetric_p2p_tornado_16mib,mrc,846,0,0,0,0,0,0
asymmetric_p2p_tornado_16mib,mrc,848,0,0,0,0,0,0
asymmetric_p2p_tornado_16mib,mrc,850,0,0,0,0,0,0
asymmetric_p2p_tornado_16mib,mrc,852,0,0,0,0,0,0
asymmetric_p2p_tornado_16mib,mrc,854,0,0,0,0,0,0
asymmetric_p2p_tornado_16mib,mrc,856,0,0,0,0,0,0
asymmetric_p2p_tornado_16mib,mrc,858,0,0,0,0,0,0
asymmetric_p2p_tornado_16mib,mrc,860,0,0,0,0,0,0
asymmetric_p2p_tornado_16mib,mrc,862,0,0,0,0,0,0
asymmetric_p2p_tornado_16mib,mrc,864,0,0,0,0,0,0
asymmetric_p2p_tornado_16mib,mrc,866,0,0,0,0,0,0
asymmetric_p2p_tornado_16mib,mrc,868,0,0,0,0,0,0
asymmetric_p2p_tornado_16mib,mrc,870,0,0,0,0,0,0
asymmetric_p2p_tornado_16mib,mrc,872,0,0,0,0,0,0
asymmetric_p2p_tornado_16mib,mrc,874,0,0,0,0,0,0
asymmetric_p2p_tornado_16mib,mrc,876,0,0,0,0,0,0
asymmetric_p2p_tornado_16mib,mrc,878,0,0,0,0,0,0
asymmetric_p2p_tornado_16mib,mrc,880,0,0,0,0,0,0
asymmetric_p2p_tornado_16mib,mrc,882,0,0,0,0,0,0
asymmetric_p2p_tornado_16mib,mrc,884,0,0,0,0,0,0
asymmetric_p2p_tornado_16mib,mrc,886,0,0,0,0,0,0
asymmetric_p2p_tornado_16mib,mrc,888,0,0,0,0,0,0
asymmetric_p2p_tornado_16mib,mrc,890,0,0,0,0,0,0
asymmetric_p2p_tornado_16mib,mrc,892,0,0,0,0,0,0
asymmetric_p2p_tornado_16mib,mrc,894,0,0,0,0,0,0
asymmetric_p2p_tornado_16mib,mrc,896,0,0,0,0,0,0
asymmetric_p2p_tornado_16mib,mrc,898,0,0,0,0,0,0
asymmetric_p2p_tornado_16mib,mrc,900,0,0,0,0,0,0
asymmetric_p2p_tornado_16mib,mrc,902,0,0,0,0,0,0
asymmetric_p2p_tornado_16mib,mrc,904,0,0,0,0,0,0
asymmetric_p2p_tornado_16mib,mrc,906,0,0,0,0,0,0
asymmetric_p2p_tornado_16mib,mrc,908,0,0,0,0,0,0
asymmetric_p2p_tornado_16mib,mrc,910,0,0,0,0,0,0
asymmetric_p2p_tornado_16mib,mrc,912,0,0,0,0,0,0
asymmetric_p2p_tornado_16mib,mrc,914,0,0,0,0,0,0
asymmetric_p2p_tornado_16mib,mrc,916,0,0,0,0,0,0
asymmetric_p2p_tornado_16mib,mrc,918,0,0,0,0,0,0
asymmetric_p2p_tornado_16mib,mrc,920,0,0,0,0,0,0
asymmetric_p2p_tornado_16mib,mrc,922,0,0,0,0,0,0
asymmetric_p2p_tornado_16mib,mrc,924,0,0,0,0,0,0
asymmetric_p2p_tornado_16mib,mrc,926,0,0,0,0,0,0
asymmetric_p2p_tornado_16mib,mrc,928,0,0,0,0,0,0
asymmetric_p2p_tornado_16mib,mrc,930,0,0,0,0,0,0
asymmetric_p2p_tornado_16mib,mrc,932,0,0,0,0,0,0
asymmetric_p2p_tornado_16mib,mrc,934,0,0,0,0,0,0
asymmetric_p2p_tornado_16mib,mrc,936,0,0,0,0,0,0
asymmetric_p2p_tornado_16mib,mrc,938,0,0,0,0,0,0
asymmetric_p2p_tornado_16mib,mrc,940,0,0,0,0,0,0
asymmetric_p2p_tornado_16mib,mrc,942,0,0,0,0,0,0
asymmetric_p2p_tornado_16mib,mrc,944,0,0,0,0,0,0
asymmetric_p2p_tornado_16mib,mrc,946,0,0,0,0,0,0
asymmetric_p2p_tornado_16mib,mrc,948,0,0,0,0,0,0
asymmetric_p2p_tornado_16mib,mrc,950,0,0,0,0,0,0
asymmetric_p2p_tornado_16mib,mrc,952,0,0,0,0,0,0
asymmetric_p2p_tornado_16mib,mrc,954,0,0,0,0,0,0
asymmetric_p2p_tornado_16mib,mrc,956,0,0,0,0,0,0
asymmetric_p2p_tornado_16mib,mrc,958,0,0,0,0,0,0
asymmetric_p2p_tornado_16mib,mrc,960,0,0,0,0,0,0
asymmetric_p2p_tornado_16mib,mrc,962,0,0,0,0,0,0
asymmetric_p2p_tornado_16mib,mrc,964,0,0,0,0,0,0
asymmetric_p2p_tornado_16mib,mrc,966,0,0,0,0,0,0
asymmetric_p2p_tornado_16mib,mrc,968,0,0,0,0,0,0
asymmetric_p2p_tornado_16mib,mrc,970,0,0,0,0,0,0
asymmetric_p2p_tornado_16mib,mrc,972,0,0,0,0,0,0
asymmetric_p2p_tornado_16mib,mrc,974,0,0,0,0,0,0
asymmetric_p2p_tornado_16mib,mrc,976,0,0,0,0,0,0
asymmetric_p2p_tornado_16mib,mrc,978,0,0,0,0,0,0
asymmetric_p2p_tornado_16mib,mrc,980,0,0,0,0,0,0
asymmetric_p2p_tornado_16mib,mrc,982,0,0,0,0,0,0
asymmetric_p2p_tornado_16mib,mrc,984,0,0,0,0,0,0
asymmetric_p2p_tornado_16mib,mrc,986,0,0,0,0,0,0
asymmetric_p2p_tornado_16mib,mrc,988,0,0,0,0,0,0
asymmetric_p2p_tornado_16mib,mrc,990,0,0,0,0,0,0
asymmetric_p2p_tornado_16mib,mrc,992,0,0,0,0,0,0
asymmetric_p2p_tornado_16mib,mrc,994,0,0,0,0,0,0
asymmetric_p2p_tornado_16mib,mrc,996,0,0,0,0,0,0
asymmetric_p2p_tornado_16mib,mrc,998,0,0,0,0,0,0
asymmetric_p2p_tornado_16mib,mrc,1000,0,0,0,0,0,0
asymmetric_p2p_tornado_16mib,mrc,1002,0,0,0,0,0,0
asymmetric_p2p_tornado_16mib,mrc,1004,0,0,0,0,0,0
asymmetric_p2p_tornado_16mib,mrc,1006,0,0,0,0,0,0
asymmetric_p2p_tornado_16mib,mrc,1008,0,0,0,0,0,0
asymmetric_p2p_tornado_16mib,mrc,1010,0,0,0,0,0,0
asymmetric_p2p_tornado_16mib,mrc,1012,0,0,0,0,0,0
asymmetric_p2p_tornado_16mib,mrc,1014,0,0,0,0,0,0
asymmetric_p2p_tornado_16mib,mrc,1016,0,0,0,0,0,0
asymmetric_p2p_tornado_16mib,mrc,1018,0,0,0,0,0,0
asymmetric_p2p_tornado_16mib,mrc,1020,0,0,0,0,0,0
asymmetric_p2p_tornado_16mib,mrc,1022,0,0,0,0,0,0
asymmetric_p2p_tornado_16mib,mrc,1024,0,0,0,0,0,0
asymmetric_p2p_tornado_16mib,mrc,1026,0,0,0,0,0,0
asymmetric_p2p_tornado_16mib,mrc,1028,0,0,0,0,0,0
asymmetric_p2p_tornado_16mib,mrc,1030,0,0,0,0,0,0
asymmetric_p2p_tornado_16mib,mrc,1032,0,0,0,0,0,0
asymmetric_p2p_tornado_16mib,mrc,1034,0,0,0,0,0,0
asymmetric_p2p_tornado_16mib,mrc,1036,0,0,0,0,0,0
asymmetric_p2p_tornado_16mib,mrc,1038,0,0,0,0,0,0
asymmetric_p2p_tornado_16mib,mrc,1040,0,0,0,0,0,0
asymmetric_p2p_tornado_16mib,mrc,1042,0,0,0,0,0,0
asymmetric_p2p_tornado_16mib,mrc,1044,0,0,0,0,0,0
asymmetric_p2p_tornado_16mib,mrc,1046,0,0,0,0,0,0
asymmetric_p2p_tornado_16mib,mrc,1048,0,0,0,0,0,0
asymmetric_p2p_tornado_16mib,mrc,1050,0,0,0,0,0,0
asymmetric_p2p_tornado_16mib,mrc,1052,0,0,0,0,0,0
asymmetric_p2p_tornado_16mib,mrc,1054,0,0,0,0,0,0
asymmetric_p2p_tornado_16mib,mrc,1056,0,0,0,0,0,0
asymmetric_p2p_tornado_16mib,mrc,1058,0,0,0,0,0,0
asymmetric_p2p_tornado_16mib,mrc,1060,0,0,0,0,0,0
asymmetric_p2p_tornado_16mib,mrc,1062,0,0,0,0,0,0
asymmetric_p2p_tornado_16mib,mrc,1064,0,0,0,0,0,0
asymmetric_p2p_tornado_16mib,mrc,1066,0,0,0,0,0,0
asymmetric_p2p_tornado_16mib,mrc,1068,0,0,0,0,0,0
asymmetric_p2p_tornado_16mib,mrc,1070,0,0,0,0,0,0
asymmetric_p2p_tornado_16mib,mrc,1072,0,0,0,0,0,0
asymmetric_p2p_tornado_16mib,mrc,1074,0,0,0,0,0,0
asymmetric_p2p_tornado_16mib,mrc,1076,0,0,0,0,0,0
asymmetric_p2p_tornado_16mib,mrc,1078,0,0,0,0,0,0
asymmetric_p2p_tornado_16mib,mrc,1080,0,0,0,0,0,0
asymmetric_p2p_tornado_16mib,mrc,1082,0,0,0,0,0,0
asymmetric_p2p_tornado_16mib,mrc,1084,0,0,0,0,0,0
asymmetric_p2p_tornado_16mib,mrc,1086,0,0,0,0,0,0
asymmetric_p2p_tornado_16mib,mrc,1088,0,0,0,0,0,0
asymmetric_p2p_tornado_16mib,mrc,1090,0,0,0,0,0,0
asymmetric_p2p_tornado_16mib,mrc,1092,0,0,0,0,0,0
asymmetric_p2p_tornado_16mib,mrc,1094,0,0,0,0,0,0
asymmetric_p2p_tornado_16mib,mrc,1096,0,0,0,0,0,0
asymmetric_p2p_tornado_16mib,mrc,1098,0,0,0,0,0,0
asymmetric_p2p_tornado_16mib,mrc,1100,0,0,0,0,0,0
asymmetric_p2p_tornado_16mib,mrc,1102,0,0,0,0,0,0
asymmetric_p2p_tornado_16mib,mrc,1104,0,0,0,0,0,0
asymmetric_p2p_tornado_16mib,mrc,1106,0,0,0,0,0,0
asymmetric_p2p_tornado_16mib,mrc,1108,0,0,0,0,0,0
asymmetric_p2p_tornado_16mib,mrc,1110,0,0,0,0,0,0
asymmetric_p2p_tornado_16mib,mrc,1112,0,0,0,0,0,0
asymmetric_p2p_tornado_16mib,mrc,1114,0,0,0,0,0,0
asymmetric_p2p_tornado_16mib,mrc,1116,0,0,0,0,0,0
asymmetric_p2p_tornado_16mib,mrc,1118,0,0,0,0,0,0
asymmetric_p2p_tornado_16mib,mrc,1120,0,0,0,0,0,0
asymmetric_p2p_tornado_16mib,mrc,1122,0,0,0,0,0,0
asymmetric_p2p_tornado_16mib,mrc,1124,0,0,0,0,0,0
asymmetric_p2p_tornado_16mib,mrc,1126,0,0,0,0,0,0
asymmetric_p2p_tornado_16mib,mrc,1128,0,0,0,0,0,0
asymmetric_p2p_tornado_16mib,mrc,1130,0,0,0,0,0,0
asymmetric_p2p_tornado_16mib,mrc,1132,0,0,0,0,0,0
asymmetric_p2p_tornado_16mib,mrc,1134,0,0,0,0,0,0
asymmetric_p2p_tornado_16mib,mrc,1136,0,0,0,0,0,0
asymmetric_p2p_tornado_16mib,mrc,1138,0,0,0,0,0,0
asymmetric_p2p_tornado_16mib,mrc,1140,0,0,0,0,0,0
asymmetric_p2p_tornado_16mib,mrc,1142,0,0,0,0,0,0
asymmetric_p2p_tornado_16mib,mrc,1144,0,0,0,0,0,0
asymmetric_p2p_tornado_16mib,mrc,1146,0,0,0,0,0,0
asymmetric_p2p_tornado_16mib,mrc,1148,0,0,0,0,0,0
asymmetric_p2p_tornado_16mib,mrc,1150,0,0,0,0,0,0
asymmetric_p2p_tornado_16mib,mrc,1152,0,0,0,0,0,0
asymmetric_p2p_tornado_16mib,mrc,1154,0,0,0,0,0,0
asymmetric_p2p_tornado_16mib,mrc,1156,0,0,0,0,0,0
asymmetric_p2p_tornado_16mib,mrc,1158,0,0,0,0,0,0
asymmetric_p2p_tornado_16mib,mrc,1160,0,0,0,0,0,0
asymmetric_p2p_tornado_16mib,mrc,1162,0,0,0,0,0,0
asymmetric_p2p_tornado_16mib,mrc,1164,0,0,0,0,0,0
asymmetric_p2p_tornado_16mib,mrc,1166,0,0,0,0,0,0
asymmetric_p2p_tornado_16mib,mrc,1168,0,0,0,0,0,0
asymmetric_p2p_tornado_16mib,mrc,1170,0,0,0,0,0,0
asymmetric_p2p_tornado_16mib,mrc,1172,0,0,0,0,0,0
asymmetric_p2p_tornado_16mib,mrc,1174,0,0,0,0,0,0
asymmetric_p2p_tornado_16mib,mrc,1176,0,0,0,0,0,0
asymmetric_p2p_tornado_16mib,mrc,1178,0,0,0,0,0,0
asymmetric_p2p_tornado_16mib,mrc,1180,0,0,0,0,0,0
asymmetric_p2p_tornado_16mib,mrc,1182,0,0,0,0,0,0
asymmetric_p2p_tornado_16mib,mrc,1184,0,0,0,0,0,0
asymmetric_p2p_tornado_16mib,mrc,1186,0,0,0,0,0,0
asymmetric_p2p_tornado_16mib,mrc,1188,0,0,0,0,0,0
asymmetric_p2p_tornado_16mib,mrc,1190,0,0,0,0,0,0
asymmetric_p2p_tornado_16mib,mrc,1192,0,0,0,0,0,0
asymmetric_p2p_tornado_16mib,mrc,1194,0,0,0,0,0,0
asymmetric_p2p_tornado_16mib,mrc,1196,0,0,0,0,0,0
asymmetric_p2p_tornado_16mib,mrc,1198,0,0,0,0,0,0
asymmetric_p2p_tornado_16mib,mrc,1200,0,0,0,0,0,0
asymmetric_p2p_tornado_16mib,mrc,1202,0,0,0,0,0,0
asymmetric_p2p_tornado_16mib,mrc,1204,0,0,0,0,0,0
asymmetric_p2p_tornado_16mib,mrc,1206,0,0,0,0,0,0
asymmetric_p2p_tornado_16mib,mrc,1208,0,0,0,0,0,0
asymmetric_p2p_tornado_16mib,mrc,1210,0,0,0,0,0,0
asymmetric_p2p_tornado_16mib,mrc,1212,0,0,0,0,0,0
asymmetric_p2p_tornado_16mib,mrc,1214,0,0,0,0,0,0
asymmetric_p2p_tornado_16mib,mrc,1216,0,0,0,0,0,0
asymmetric_p2p_tornado_16mib,mrc,1218,0,0,0,0,0,0
asymmetric_p2p_tornado_16mib,mrc,1220,0,0,0,0,0,0
asymmetric_p2p_tornado_16mib,mrc,1222,0,0,0,0,0,0
asymmetric_p2p_tornado_16mib,mrc,1224,0,0,0,0,0,0
asymmetric_p2p_tornado_16mib,mrc,1226,0,0,0,0,0,0
asymmetric_p2p_tornado_16mib,mrc,1228,0,0,0,0,0,0
asymmetric_p2p_tornado_16mib,mrc,1230,0,0,0,0,0,0
asymmetric_p2p_tornado_16mib,mrc,1232,0,0,0,0,0,0
asymmetric_p2p_tornado_16mib,mrc,1234,0,0,0,0,0,0
asymmetric_p2p_tornado_16mib,mrc,1236,0,0,0,0,0,0
asymmetric_p2p_tornado_16mib,mrc,1238,0,0,0,0,0,0
asymmetric_p2p_tornado_16mib,mrc,1240,0,0,0,0,0,0
asymmetric_p2p_tornado_16mib,mrc,1242,0,0,0,0,0,0
asymmetric_p2p_tornado_16mib,mrc,1244,0,0,0,0,0,0
asymmetric_p2p_tornado_16mib,mrc,1246,0,0,0,0,0,0
asymmetric_p2p_tornado_16mib,mrc,1248,0,0,0,0,0,0
asymmetric_p2p_tornado_16mib,mrc,1250,0,0,0,0,0,0
asymmetric_p2p_tornado_16mib,mrc,1252,0,0,0,0,0,0
asymmetric_p2p_tornado_16mib,mrc,1254,0,0,0,0,0,0
asymmetric_p2p_tornado_16mib,mrc,1256,0,0,0,0,0,0
asymmetric_p2p_tornado_16mib,mrc,1258,0,0,0,0,0,0
asymmetric_p2p_tornado_16mib,mrc,1260,0,0,0,0,0,0
asymmetric_p2p_tornado_16mib,mrc,1262,0,0,0,0,0,0
asymmetric_p2p_tornado_16mib,mrc,1264,0,0,0,0,0,0
asymmetric_p2p_tornado_16mib,mrc,1266,0,0,0,0,0,0
asymmetric_p2p_tornado_16mib,mrc,1268,0,0,0,0,0,0
asymmetric_p2p_tornado_16mib,mrc,1270,0,0,0,0,0,0
asymmetric_p2p_tornado_16mib,mrc,1272,0,0,0,0,0,0
asymmetric_p2p_tornado_16mib,mrc,1274,0,0,0,0,0,0
asymmetric_p2p_tornado_16mib,mrc,1276,0,0,0,0,0,0
asymmetric_p2p_tornado_16mib,mrc,1278,0,0,0,0,0,0
asymmetric_p2p_tornado_16mib,mrc,1280,0,0,0,0,0,0
asymmetric_p2p_tornado_16mib,mrc,1282,0,0,0,0,0,0
asymmetric_p2p_tornado_16mib,mrc,1284,0,0,0,0,0,0
asymmetric_p2p_tornado_16mib,mrc,1286,0,0,0,0,0,0
asymmetric_p2p_tornado_16mib,mrc,1288,0,0,0,0,0,0
asymmetric_p2p_tornado_16mib,mrc,1290,0,0,0,0,0,0
asymmetric_p2p_tornado_16mib,mrc,1292,0,0,0,0,0,0
asymmetric_p2p_tornado_16mib,mrc,1294,0,0,0,0,0,0
asymmetric_p2p_tornado_16mib,mrc,1296,0,0,0,0,0,0
asymmetric_p2p_tornado_16mib,mrc,1298,0,0,0,0,0,0
asymmetric_p2p_tornado_16mib,mrc,1300,0,0,0,0,0,0
asymmetric_p2p_tornado_16mib,mrc,1302,0,0,0,0,0,0
asymmetric_p2p_tornado_16mib,mrc,1304,0,0,0,0,0,0
asymmetric_p2p_tornado_16mib,mrc,1306,0,0,0,0,0,0
asymmetric_p2p_tornado_16mib,mrc,1308,0,0,0,0,0,0
asymmetric_p2p_tornado_16mib,mrc,1310,0,0,0,0,0,0
asymmetric_p2p_tornado_16mib,mrc,1312,0,0,0,0,0,0
asymmetric_p2p_tornado_16mib,mrc,1314,0,0,0,0,0,0
asymmetric_p2p_tornado_16mib,mrc,1316,0,0,0,0,0,0
asymmetric_p2p_tornado_16mib,mrc,1318,0,0,0,0,0,0
asymmetric_p2p_tornado_16mib,mrc,1320,0,0,0,0,0,0
asymmetric_p2p_tornado_16mib,mrc,1322,0,0,0,0,0,0
asymmetric_p2p_tornado_16mib,mrc,1324,0,0,0,0,0,0
asymmetric_p2p_tornado_16mib,mrc,1326,0,0,0,0,0,0
asymmetric_p2p_tornado_16mib,mrc,1328,0,0,0,0,0,0
asymmetric_p2p_tornado_16mib,mrc,1330,0,0,0,0,0,0
asymmetric_p2p_tornado_16mib,mrc,1332,0,0,0,0,0,0
asymmetric_p2p_tornado_16mib,mrc,1334,0,0,0,0,0,0
asymmetric_p2p_tornado_16mib,mrc,1336,0,0,0,0,0,0
asymmetric_p2p_tornado_16mib,mrc,1338,0,0,0,0,0,0
asymmetric_p2p_tornado_16mib,mrc,1340,0,0,0,0,0,0
asymmetric_p2p_tornado_16mib,mrc,1342,0,0,0,0,0,0
asymmetric_p2p_tornado_16mib,mrc,1344,0,0,0,0,0,0
asymmetric_p2p_tornado_16mib,mrc,1346,0,0,0,0,0,0
asymmetric_p2p_tornado_16mib,mrc,1348,0,0,0,0,0,0
asymmetric_p2p_tornado_16mib,mrc,1350,0,0,0,0,0,0
asymmetric_p2p_tornado_16mib,mrc,1352,0,0,0,0,0,0
asymmetric_p2p_tornado_16mib,mrc,1354,0,0,0,0,0,0
asymmetric_p2p_tornado_16mib,mrc,1356,0,0,0,0,0,0
asymmetric_p2p_tornado_16mib,mrc,1358,0,0,0,0,0,0
asymmetric_p2p_tornado_16mib,mrc,1360,0,0,0,0,0,0
asymmetric_p2p_tornado_16mib,mrc,1362,0,0,0,0,0,0
asymmetric_p2p_tornado_16mib,mrc,1364,0,0,0,0,0,0
asymmetric_p2p_tornado_16mib,mrc,1366,0,0,0,0,0,0
asymmetric_p2p_tornado_16mib,mrc,1368,0,0,0,0,0,0
asymmetric_p2p_tornado_16mib,mrc,1370,0,0,0,0,0,0
asymmetric_p2p_tornado_16mib,mrc,1372,0,0,0,0,0,0
asymmetric_p2p_tornado_16mib,mrc,1374,0,0,0,0,0,0
asymmetric_p2p_tornado_16mib,mrc,1376,0,0,0,0,0,0
asymmetric_p2p_tornado_16mib,mrc,1378,0,0,0,0,0,0
asymmetric_p2p_tornado_16mib,mrc,1380,0,0,0,0,0,0
asymmetric_p2p_tornado_16mib,mrc,1382,0,0,0,0,0,0
asymmetric_p2p_tornado_16mib,mrc,1384,0,0,0,0,0,0
asymmetric_p2p_tornado_16mib,mrc,1386,0,0,0,0,0,0
asymmetric_p2p_tornado_16mib,mrc,1388,0,0,0,0,0,0
asymmetric_p2p_tornado_16mib,mrc,1390,0,0,0,0,0,0
asymmetric_p2p_tornado_16mib,mrc,1392,0,0,0,0,0,0
asymmetric_p2p_tornado_16mib,mrc,1394,0,0,0,0,0,0
asymmetric_p2p_tornado_16mib,mrc,1396,0,0,0,0,0,0
asymmetric_p2p_tornado_16mib,mrc,1398,0,0,0,0,0,0
asymmetric_p2p_tornado_16mib,mrc,1400,0,0,0,0,0,0
asymmetric_p2p_tornado_16mib,mrc,1402,0,0,0,0,0,0
asymmetric_p2p_tornado_16mib,mrc,1404,0,0,0,0,0,0
asymmetric_p2p_tornado_16mib,mrc,1406,0,0,0,0,0,0
asymmetric_p2p_tornado_16mib,mrc,1408,0,0,0,0,0,0
asymmetric_p2p_tornado_16mib,mrc,1410,0,0,0,0,0,0
asymmetric_p2p_tornado_16mib,mrc,1412,0,0,0,0,0,0
asymmetric_p2p_tornado_16mib,mrc,1414,0,0,0,0,0,0
asymmetric_p2p_tornado_16mib,mrc,1416,0,0,0,0,0,0
asymmetric_p2p_tornado_16mib,mrc,1418,0,0,0,0,0,0
asymmetric_p2p_tornado_16mib,mrc,1420,0,0,0,0,0,0
asymmetric_p2p_tornado_16mib,mrc,1422,0,0,0,0,0,0
asymmetric_p2p_tornado_16mib,mrc,1424,0,0,0,0,0,0
asymmetric_p2p_tornado_16mib,mrc,1426,0,0,0,0,0,0
asymmetric_p2p_tornado_16mib,mrc,1428,0,0,0,0,0,0
asymmetric_p2p_tornado_16mib,mrc,1430,0,0,0,0,0,0
asymmetric_p2p_tornado_16mib,mrc,1432,0,0,0,0,0,0
asymmetric_p2p_tornado_16mib,mrc,1434,0,0,0,0,0,0
asymmetric_p2p_tornado_16mib,mrc,1436,0,0,0,0,0,0
asymmetric_p2p_tornado_16mib,mrc,1438,0,0,0,0,0,0
asymmetric_p2p_tornado_16mib,mrc,1440,0,0,0,0,0,0
asymmetric_p2p_tornado_16mib,mrc,1442,0,0,0,0,0,0
asymmetric_p2p_tornado_16mib,mrc,1444,0,0,0,0,0,0
asymmetric_p2p_tornado_16mib,mrc,1446,0,0,0,0,0,0
asymmetric_p2p_tornado_16mib,mrc,1448,0,0,0,0,0,0
asymmetric_p2p_tornado_16mib,mrc,1450,0,0,0,0,0,0
asymmetric_p2p_tornado_16mib,mrc,1452,0,0,0,0,0,0
asymmetric_p2p_tornado_16mib,mrc,1454,0,0,0,0,0,0
asymmetric_p2p_tornado_16mib,mrc,1456,0,0,0,0,0,0
asymmetric_p2p_tornado_16mib,mrc,1458,0,0,0,0,0,0
asymmetric_p2p_tornado_16mib,mrc,1460,0,0,0,0,0,0
asymmetric_p2p_tornado_16mib,mrc,1462,0,0,0,0,0,0
asymmetric_p2p_tornado_16mib,mrc,1464,0,0,0,0,0,0
asymmetric_p2p_tornado_16mib,mrc,1466,0,0,0,0,0,0
asymmetric_p2p_tornado_16mib,mrc,1468,0,0,0,0,0,0
asymmetric_p2p_tornado_16mib,mrc,1470,0,0,0,0,0,0
asymmetric_p2p_tornado_16mib,mrc,1472,0,0,0,0,0,0
asymmetric_p2p_tornado_16mib,mrc,1474,0,0,0,0,0,0
asymmetric_p2p_tornado_16mib,mrc,1476,0,0,0,0,0,0
asymmetric_p2p_tornado_16mib,mrc,1478,0,0,0,0,0,0
asymmetric_p2p_tornado_16mib,mrc,1480,0,0,0,0,0,0
asymmetric_p2p_tornado_16mib,mrc,1482,0,0,0,0,0,0
asymmetric_p2p_tornado_16mib,mrc,1484,0,0,0,0,0,0
asymmetric_p2p_tornado_16mib,mrc,1486,0,0,0,0,0,0
asymmetric_p2p_tornado_16mib,mrc,1488,0,0,0,0,0,0
asymmetric_p2p_tornado_16mib,mrc,1490,0,0,0,0,0,0
asymmetric_p2p_tornado_16mib,mrc,1492,0,0,0,0,0,0
asymmetric_p2p_tornado_16mib,mrc,1494,0,0,0,0,0,0
asymmetric_p2p_tornado_16mib,mrc,1496,0,0,0,0,0,0
asymmetric_p2p_tornado_16mib,mrc,1498,0,0,0,0,0,0
asymmetric_p2p_tornado_16mib,mrc,1500,0,0,0,0,0,0
asymmetric_p2p_tornado_16mib,mrc,1502,0,0,0,0,0,0
asymmetric_p2p_tornado_16mib,mrc,1504,0,0,0,0,0,0
asymmetric_p2p_tornado_16mib,mrc,1506,0,0,0,0,0,0
asymmetric_p2p_tornado_16mib,mrc,1508,0,0,0,0,0,0
asymmetric_p2p_tornado_16mib,mrc,1510,0,0,0,0,0,0
asymmetric_p2p_tornado_16mib,mrc,1512,0,0,0,0,0,0
asymmetric_p2p_tornado_16mib,mrc,1514,0,0,0,0,0,0
asymmetric_p2p_tornado_16mib,mrc,1516,0,0,0,0,0,0
asymmetric_p2p_tornado_16mib,mrc,1518,0,0,0,0,0,0
asymmetric_p2p_tornado_16mib,mrc,1520,0,0,0,0,0,0
asymmetric_p2p_tornado_16mib,mrc,1522,0,0,0,0,0,0
asymmetric_p2p_tornado_16mib,mrc,1524,0,0,0,0,0,0
asymmetric_p2p_tornado_16mib,mrc,1526,0,0,0,0,0,0
asymmetric_p2p_tornado_16mib,mrc,1528,0,0,0,0,0,0
asymmetric_p2p_tornado_16mib,mrc,1530,0,0,0,0,0,0
asymmetric_p2p_tornado_16mib,mrc,1532,0,0,0,0,0,0
asymmetric_p2p_tornado_16mib,mrc,1534,0,0,0,0,0,0
asymmetric_p2p_tornado_16mib,mrc,1536,0,0,0,0,0,0
asymmetric_p2p_tornado_16mib,mrc,1538,0,0,0,0,0,0
asymmetric_p2p_tornado_16mib,mrc,1540,0,0,0,0,0,0
asymmetric_p2p_tornado_16mib,mrc,1542,0,0,0,0,0,0
asymmetric_p2p_tornado_16mib,mrc,1544,0,0,0,0,0,0
asymmetric_p2p_tornado_16mib,mrc,1546,0,0,0,0,0,0
asymmetric_p2p_tornado_16mib,mrc,1548,0,0,0,0,0,0
asymmetric_p2p_tornado_16mib,mrc,1550,0,0,0,0,0,0
asymmetric_p2p_tornado_16mib,mrc,1552,0,0,0,0,0,0
asymmetric_p2p_tornado_16mib,mrc,1554,0,0,0,0,0,0
asymmetric_p2p_tornado_16mib,mrc,1556,0,0,0,0,0,0
asymmetric_p2p_tornado_16mib,mrc,1558,0,0,0,0,0,0
asymmetric_p2p_tornado_16mib,mrc,1560,0,0,0,0,0,0
asymmetric_p2p_tornado_16mib,mrc,1562,0,0,0,0,0,0
asymmetric_p2p_tornado_16mib,mrc,1564,0,0,0,0,0,0
asymmetric_p2p_tornado_16mib,mrc,1566,0,0,0,0,0,0
asymmetric_p2p_tornado_16mib,mrc,1568,0,0,0,0,0,0
asymmetric_p2p_tornado_16mib,mrc,1570,0,0,0,0,0,0
asymmetric_p2p_tornado_16mib,mrc,1572,0,0,0,0,0,0
asymmetric_p2p_tornado_16mib,mrc,1574,0,0,0,0,0,0
asymmetric_p2p_tornado_16mib,mrc,1576,0,0,0,0,0,0
asymmetric_p2p_tornado_16mib,mrc,1578,0,0,0,0,0,0
asymmetric_p2p_tornado_16mib,mrc,1580,0,0,0,0,0,0
asymmetric_p2p_tornado_16mib,mrc,1582,0,0,0,0,0,0
asymmetric_p2p_tornado_16mib,mrc,1584,0,0,0,0,0,0
asymmetric_p2p_tornado_16mib,mrc,1586,0,0,0,0,0,0
asymmetric_p2p_tornado_16mib,mrc,1588,0,0,0,0,0,0
asymmetric_p2p_tornado_16mib,mrc,1590,0,0,0,0,0,0
asymmetric_p2p_tornado_16mib,mrc,1592,0,0,0,0,0,0
asymmetric_p2p_tornado_16mib,mrc,1594,0,0,0,0,0,0
asymmetric_p2p_tornado_16mib,mrc,1596,0,0,0,0,0,0
asymmetric_p2p_tornado_16mib,mrc,1598,0,0,0,0,0,0
asymmetric_p2p_tornado_16mib,mrc,1600,0,0,0,0,0,0
asymmetric_p2p_tornado_16mib,mrc,1602,0,0,0,0,0,0
asymmetric_p2p_tornado_16mib,mrc,1604,0,0,0,0,0,0
asymmetric_p2p_tornado_16mib,mrc,1606,0,0,0,0,0,0
asymmetric_p2p_tornado_16mib,mrc,1608,0,0,0,0,0,0
asymmetric_p2p_tornado_16mib,mrc,1610,0,0,0,0,0,0
asymmetric_p2p_tornado_16mib,mrc,1612,0,0,0,0,0,0
asymmetric_p2p_tornado_16mib,mrc,1614,0,0,0,0,0,0
asymmetric_p2p_tornado_16mib,mrc,1616,0,0,0,0,0,0
asymmetric_p2p_tornado_16mib,mrc,1618,0,0,0,0,0,0
asymmetric_p2p_tornado_16mib,mrc,1620,0,0,0,0,0,0
asymmetric_p2p_tornado_16mib,mrc,1622,0,0,0,0,0,0
asymmetric_p2p_tornado_16mib,mrc,1624,0,0,0,0,0,0
asymmetric_p2p_tornado_16mib,mrc,1626,0,0,0,0,0,0
asymmetric_p2p_tornado_16mib,mrc,1628,0,0,0,0,0,0
asymmetric_p2p_tornado_16mib,mrc,1630,0,0,0,0,0,0
asymmetric_p2p_tornado_16mib,mrc,1632,0,0,0,0,0,0
asymmetric_p2p_tornado_16mib,mrc,1634,0,0,0,0,0,0
asymmetric_p2p_tornado_16mib,mrc,1636,0,0,0,0,0,0
asymmetric_p2p_tornado_16mib,mrc,1638,0,0,0,0,0,0
asymmetric_p2p_tornado_16mib,mrc,1640,0,0,0,0,0,0
asymmetric_p2p_tornado_16mib,mrc,1642,0,0,0,0,0,0
asymmetric_p2p_tornado_16mib,mrc,1644,0,0,0,0,0,0
asymmetric_p2p_tornado_16mib,mrc,1646,0,0,0,0,0,0
asymmetric_p2p_tornado_16mib,mrc,1648,0,0,0,0,0,0
asymmetric_p2p_tornado_16mib,mrc,1650,0,0,0,0,0,0
asymmetric_p2p_tornado_16mib,mrc,1652,0,0,0,0,0,0
asymmetric_p2p_tornado_16mib,mrc,1654,0,0,0,0,0,0
asymmetric_p2p_tornado_16mib,mrc,1656,0,0,0,0,0,0
asymmetric_p2p_tornado_16mib,mrc,1658,0,0,0,0,0,0
asymmetric_p2p_tornado_16mib,mrc,1660,0,0,0,0,0,0
asymmetric_p2p_tornado_16mib,mrc,1662,0,0,0,0,0,0
asymmetric_p2p_tornado_16mib,mrc,1664,0,0,0,0,0,0
asymmetric_p2p_tornado_16mib,mrc,1666,0,0,0,0,0,0
asymmetric_p2p_tornado_16mib,mrc,1668,0,0,0,0,0,0
asymmetric_p2p_tornado_16mib,mrc,1670,0,0,0,0,0,0
asymmetric_p2p_tornado_16mib,mrc,1672,0,0,0,0,0,0
asymmetric_p2p_tornado_16mib,mrc,1674,0,0,0,0,0,0
asymmetric_p2p_tornado_16mib,mrc,1676,0,0,0,0,0,0
asymmetric_p2p_tornado_16mib,mrc,1678,0,0,0,0,0,0
asymmetric_p2p_tornado_16mib,mrc,1680,0,0,0,0,0,0
asymmetric_p2p_tornado_16mib,mrc,1682,0,0,0,0,0,0
asymmetric_p2p_tornado_16mib,mrc,1684,0,0,0,0,0,0
asymmetric_p2p_tornado_16mib,mrc,1686,0,0,0,0,0,0
asymmetric_p2p_tornado_16mib,mrc,1688,0,0,0,0,0,0
asymmetric_p2p_tornado_16mib,mrc,1690,0,0,0,0,0,0
asymmetric_p2p_tornado_16mib,mrc,1692,0,0,0,0,0,0
asymmetric_p2p_tornado_16mib,mrc,1694,0,0,0,0,0,0
asymmetric_p2p_tornado_16mib,mrc,1696,0,0,0,0,0,0
asymmetric_p2p_tornado_16mib,mrc,1698,0,0,0,0,0,0
asymmetric_p2p_tornado_16mib,mrc,1700,0,0,0,0,0,0
asymmetric_p2p_tornado_16mib,mrc,1702,0,0,0,0,0,0
asymmetric_p2p_tornado_16mib,mrc,1704,0,0,0,0,0,0
asymmetric_p2p_tornado_16mib,mrc,1706,0,0,0,0,0,0
asymmetric_p2p_tornado_16mib,mrc,1708,0,0,0,0,0,0
asymmetric_p2p_tornado_16mib,mrc,1710,0,0,0,0,0,0
asymmetric_p2p_tornado_16mib,mrc,1712,0,0,0,0,0,0
asymmetric_p2p_tornado_16mib,mrc,1714,0,0,0,0,0,0
asymmetric_p2p_tornado_16mib,mrc,1716,0,0,0,0,0,0
asymmetric_p2p_tornado_16mib,mrc,1718,0,0,0,0,0,0
asymmetric_p2p_tornado_16mib,mrc,1720,0,0,0,0,0,0
asymmetric_p2p_tornado_16mib,mrc,1722,0,0,0,0,0,0
asymmetric_p2p_tornado_16mib,mrc,1724,0,0,0,0,0,0
asymmetric_p2p_tornado_16mib,mrc,1726,0,0,0,0,0,0
asymmetric_p2p_tornado_16mib,mrc,1728,0,0,0,0,0,0
asymmetric_p2p_tornado_16mib,mrc,1730,0,0,0,0,0,0
asymmetric_p2p_tornado_16mib,mrc,1732,0,0,0,0,0,0
asymmetric_p2p_tornado_16mib,mrc,1734,0,0,0,0,0,0
asymmetric_p2p_tornado_16mib,mrc,1736,0,0,0,0,0,0
asymmetric_p2p_tornado_16mib,mrc,1738,0,0,0,0,0,0
asymmetric_p2p_tornado_16mib,mrc,1740,0,0,0,0,0,0
asymmetric_p2p_tornado_16mib,mrc,1742,0,0,0,0,0,0
asymmetric_p2p_tornado_16mib,mrc,1744,0,0,0,0,0,0
asymmetric_p2p_tornado_16mib,mrc,1746,0,0,0,0,0,0
asymmetric_p2p_tornado_16mib,mrc,1748,0,0,0,0,0,0
asymmetric_p2p_tornado_16mib,mrc,1750,0,0,0,0,0,0
asymmetric_p2p_tornado_16mib,mrc,1752,0,0,0,0,0,0
asymmetric_p2p_tornado_16mib,mrc,1754,0,0,0,0,0,0
asymmetric_p2p_tornado_16mib,mrc,1756,0,0,0,0,0,0
asymmetric_p2p_tornado_16mib,mrc,1758,0,0,0,0,0,0
asymmetric_p2p_tornado_16mib,mrc,1760,0,0,0,0,0,0
asymmetric_p2p_tornado_16mib,mrc,1762,0,0,0,0,0,0
asymmetric_p2p_tornado_16mib,mrc,1764,0,0,0,0,0,0
asymmetric_p2p_tornado_16mib,mrc,1766,0,0,0,0,0,0
asymmetric_p2p_tornado_16mib,mrc,1768,0,0,0,0,0,0
asymmetric_p2p_tornado_16mib,mrc,1770,0,0,0,0,0,0
asymmetric_p2p_tornado_16mib,mrc,1772,0,0,0,0,0,0
asymmetric_p2p_tornado_16mib,mrc,1774,0,0,0,0,0,0
asymmetric_p2p_tornado_16mib,mrc,1776,0,0,0,0,0,0
asymmetric_p2p_tornado_16mib,mrc,1778,0,0,0,0,0,0
asymmetric_p2p_tornado_16mib,mrc,1780,0,0,0,0,0,0
asymmetric_p2p_tornado_16mib,mrc,1782,0,0,0,0,0,0
asymmetric_p2p_tornado_16mib,mrc,1784,0,0,0,0,0,0
asymmetric_p2p_tornado_16mib,mrc,1786,0,0,0,0,0,0
asymmetric_p2p_tornado_16mib,mrc,1788,0,0,0,0,0,0
asymmetric_p2p_tornado_16mib,mrc,1790,0,0,0,0,0,0
asymmetric_p2p_tornado_16mib,mrc,1792,0,0,0,0,0,0
asymmetric_p2p_tornado_16mib,mrc,1794,0,0,0,0,0,0
asymmetric_p2p_tornado_16mib,mrc,1796,0,0,0,0,0,0
asymmetric_p2p_tornado_16mib,mrc,1798,0,0,0,0,0,0
asymmetric_p2p_tornado_16mib,mrc,1800,0,0,0,0,0,0
asymmetric_p2p_tornado_16mib,mrc,1802,0,0,0,0,0,0
asymmetric_p2p_tornado_16mib,mrc,1804,0,0,0,0,0,0
asymmetric_p2p_tornado_16mib,mrc,1806,0,0,0,0,0,0
asymmetric_p2p_tornado_16mib,mrc,1808,0,0,0,0,0,0
asymmetric_p2p_tornado_16mib,mrc,1810,0,0,0,0,0,0
asymmetric_p2p_tornado_16mib,mrc,1812,0,0,0,0,0,0
asymmetric_p2p_tornado_16mib,mrc,1814,0,0,0,0,0,0
asymmetric_p2p_tornado_16mib,mrc,1816,0,0,0,0,0,0
asymmetric_p2p_tornado_16mib,mrc,1818,0,0,0,0,0,0
asymmetric_p2p_tornado_16mib,mrc,1820,0,0,0,0,0,0
asymmetric_p2p_tornado_16mib,mrc,1822,0,0,0,0,0,0
asymmetric_p2p_tornado_16mib,mrc,1824,0,0,0,0,0,0
asymmetric_p2p_tornado_16mib,mrc,1826,0,0,0,0,0,0
asymmetric_p2p_tornado_16mib,mrc,1828,0,0,0,0,0,0
asymmetric_p2p_tornado_16mib,mrc,1830,0,0,0,0,0,0
asymmetric_p2p_tornado_16mib,mrc,1832,0,0,0,0,0,0
asymmetric_p2p_tornado_16mib,mrc,1834,0,0,0,0,0,0
asymmetric_p2p_tornado_16mib,mrc,1836,0,0,0,0,0,0
asymmetric_p2p_tornado_16mib,mrc,1838,0,0,0,0,0,0
asymmetric_p2p_tornado_16mib,mrc,1840,0,0,0,0,0,0
asymmetric_p2p_tornado_16mib,mrc,1842,0,0,0,0,0,0
asymmetric_p2p_tornado_16mib,mrc,1844,0,0,0,0,0,0
asymmetric_p2p_tornado_16mib,mrc,1846,0,0,0,0,0,0
asymmetric_p2p_tornado_16mib,mrc,1848,0,0,0,0,0,0
asymmetric_p2p_tornado_16mib,mrc,1850,0,0,0,0,0,0
asymmetric_p2p_tornado_16mib,mrc,1852,0,0,0,0,0,0
asymmetric_p2p_tornado_16mib,mrc,1854,0,0,0,0,0,0
asymmetric_p2p_tornado_16mib,mrc,1856,0,0,0,0,0,0
asymmetric_p2p_tornado_16mib,mrc,1858,0,0,0,0,0,0
asymmetric_p2p_tornado_16mib,mrc,1860,0,0,0,0,0,0
asymmetric_p2p_tornado_16mib,mrc,1862,0,0,0,0,0,0
asymmetric_p2p_tornado_16mib,mrc,1864,0,0,0,0,0,0
asymmetric_p2p_tornado_16mib,mrc,1866,0,0,0,0,0,0
asymmetric_p2p_tornado_16mib,mrc,1868,0,0,0,0,0,0
asymmetric_p2p_tornado_16mib,mrc,1870,0,0,0,0,0,0
asymmetric_p2p_tornado_16mib,mrc,1872,0,0,0,0,0,0
asymmetric_p2p_tornado_16mib,mrc,1874,0,0,0,0,0,0
asymmetric_p2p_tornado_16mib,mrc,1876,0,0,0,0,0,0
asymmetric_p2p_tornado_16mib,mrc,1878,0,0,0,0,0,0
asymmetric_p2p_tornado_16mib,mrc,1880,0,0,0,0,0,0
asymmetric_p2p_tornado_16mib,mrc,1882,0,0,0,0,0,0
asymmetric_p2p_tornado_16mib,mrc,1884,0,0,0,0,0,0
asymmetric_p2p_tornado_16mib,mrc,1886,0,0,0,0,0,0
asymmetric_p2p_tornado_16mib,mrc,1888,0,0,0,0,0,0
asymmetric_p2p_tornado_16mib,mrc,1890,0,0,0,0,0,0
asymmetric_p2p_tornado_16mib,mrc,1892,0,0,0,0,0,0
asymmetric_p2p_tornado_16mib,mrc,1894,0,0,0,0,0,0
asymmetric_p2p_tornado_16mib,mrc,1896,0,0,0,0,0,0
asymmetric_p2p_tornado_16mib,mrc,1898,0,0,0,0,0,0
asymmetric_p2p_tornado_16mib,mrc,1900,0,0,0,0,0,0
asymmetric_p2p_tornado_16mib,mrc,1902,0,0,0,0,0,0
asymmetric_p2p_tornado_16mib,mrc,1904,0,0,0,0,0,0
asymmetric_p2p_tornado_16mib,mrc,1906,0,0,0,0,0,0
asymmetric_p2p_tornado_16mib,mrc,1908,0,0,0,0,0,0
asymmetric_p2p_tornado_16mib,mrc,1910,0,0,0,0,0,0
asymmetric_p2p_tornado_16mib,mrc,1912,0,0,0,0,0,0
asymmetric_p2p_tornado_16mib,mrc,1914,0,0,0,0,0,0
asymmetric_p2p_tornado_16mib,mrc,1916,0,0,0,0,0,0
asymmetric_p2p_tornado_16mib,mrc,1918,0,0,0,0,0,0
asymmetric_p2p_tornado_16mib,mrc,1920,0,0,0,0,0,0
asymmetric_p2p_tornado_16mib,mrc,1922,0,0,0,0,0,0
asymmetric_p2p_tornado_16mib,mrc,1924,0,0,0,0,0,0
asymmetric_p2p_tornado_16mib,mrc,1926,0,0,0,0,0,0
asymmetric_p2p_tornado_16mib,mrc,1928,0,0,0,0,0,0
asymmetric_p2p_tornado_16mib,mrc,1930,0,0,0,0,0,0
asymmetric_p2p_tornado_16mib,mrc,1932,0,0,0,0,0,0
asymmetric_p2p_tornado_16mib,mrc,1934,0,0,0,0,0,0
asymmetric_p2p_tornado_16mib,mrc,1936,0,0,0,0,0,0
asymmetric_p2p_tornado_16mib,mrc,1938,0,0,0,0,0,0
asymmetric_p2p_tornado_16mib,mrc,1940,0,0,0,0,0,0
asymmetric_p2p_tornado_16mib,mrc,1942,0,0,0,0,0,0
asymmetric_p2p_tornado_16mib,mrc,1944,0,0,0,0,0,0
asymmetric_p2p_tornado_16mib,mrc,1946,0,0,0,0,0,0
asymmetric_p2p_tornado_16mib,mrc,1948,0,0,0,0,0,0
asymmetric_p2p_tornado_16mib,mrc,1950,0,0,0,0,0,0
asymmetric_p2p_tornado_16mib,mrc,1952,0,0,0,0,0,0
asymmetric_p2p_tornado_16mib,mrc,1954,0,0,0,0,0,0
asymmetric_p2p_tornado_16mib,mrc,1956,0,0,0,0,0,0
asymmetric_p2p_tornado_16mib,mrc,1958,0,0,0,0,0,0
asymmetric_p2p_tornado_16mib,mrc,1960,0,0,0,0,0,0
asymmetric_p2p_tornado_16mib,mrc,1962,0,0,0,0,0,0
asymmetric_p2p_tornado_16mib,mrc,1964,0,0,0,0,0,0
asymmetric_p2p_tornado_16mib,mrc,1966,0,0,0,0,0,0
asymmetric_p2p_tornado_16mib,mrc,1968,0,0,0,0,0,0
asymmetric_p2p_tornado_16mib,mrc,1970,0,0,0,0,0,0
asymmetric_p2p_tornado_16mib,mrc,1972,0,0,0,0,0,0
asymmetric_p2p_tornado_16mib,mrc,1974,0,0,0,0,0,0
asymmetric_p2p_tornado_16mib,mrc,1976,0,0,0,0,0,0
asymmetric_p2p_tornado_16mib,mrc,1978,0,0,0,0,0,0
asymmetric_p2p_tornado_16mib,mrc,1980,0,0,0,0,0,0
asymmetric_p2p_tornado_16mib,mrc,1982,0,0,0,0,0,0
asymmetric_p2p_tornado_16mib,mrc,1984,0,0,0,0,0,0
asymmetric_p2p_tornado_16mib,mrc,1986,0,0,0,0,0,0
asymmetric_p2p_tornado_16mib,mrc,1988,0,0,0,0,0,0
asymmetric_p2p_tornado_16mib,mrc,1990,0,0,0,0,0,0
asymmetric_p2p_tornado_16mib,mrc,1992,0,0,0,0,0,0
asymmetric_p2p_tornado_16mib,mrc,1994,0,0,0,0,0,0
asymmetric_p2p_tornado_16mib,mrc,1996,0,0,0,0,0,0
asymmetric_p2p_tornado_16mib,mrc,1998,0,0,0,0,0,0
asymmetric_p2p_tornado_16mib,mrc,2000,0,0,0,0,0,0
asymmetric_p2p_tornado_16mib,mrc,2002,0,0,0,0,0,0
asymmetric_p2p_tornado_16mib,mrc,2004,0,0,0,0,0,0
asymmetric_p2p_tornado_16mib,mrc,2006,0,0,0,0,0,0
asymmetric_p2p_tornado_16mib,mrc,2008,0,0,0,0,0,0
asymmetric_p2p_tornado_16mib,mrc,2010,0,0,0,0,0,0
asymmetric_p2p_tornado_16mib,mrc,2012,0,0,0,0,0,0
asymmetric_p2p_tornado_16mib,mrc,2014,0,0,0,0,0,0
asymmetric_p2p_tornado_16mib,mrc,2016,0,0,0,0,0,0
asymmetric_p2p_tornado_16mib,mrc,2018,0,0,0,0,0,0
asymmetric_p2p_tornado_16mib,mrc,2020,0,0,0,0,0,0
asymmetric_p2p_tornado_16mib,mrc,2022,0,0,0,0,0,0
asymmetric_p2p_tornado_16mib,mrc,2024,0,0,0,0,0,0
asymmetric_p2p_tornado_16mib,mrc,2026,0,0,0,0,0,0
asymmetric_p2p_tornado_16mib,mrc,2028,0,0,0,0,0,0
asymmetric_p2p_tornado_16mib,mrc,2030,0,0,0,0,0,0
asymmetric_p2p_tornado_16mib,mrc,2032,0,0,0,0,0,0
asymmetric_p2p_tornado_16mib,mrc,2034,0,0,0,0,0,0
asymmetric_p2p_tornado_16mib,mrc,2036,0,0,0,0,0,0
asymmetric_p2p_tornado_16mib,mrc,2038,0,0,0,0,0,0
asymmetric_p2p_tornado_16mib,mrc,2040,0,0,0,0,0,0
asymmetric_p2p_tornado_16mib,mrc,2042,0,0,0,0,0,0
asymmetric_p2p_tornado_16mib,mrc,2044,0,0,0,0,0,0
asymmetric_p2p_tornado_16mib,mrc,2046,0,0,0,0,0,0
asymmetric_p2p_tornado_16mib,mrc,2048,0,0,0,0,0,0
asymmetric_p2p_tornado_16mib,mrc,2050,0,0,0,0,0,0
asymmetric_p2p_tornado_16mib,mrc,2052,0,0,0,0,0,0
asymmetric_p2p_tornado_16mib,mrc,2054,0,0,0,0,0,0
asymmetric_p2p_tornado_16mib,mrc,2056,0,0,0,0,0,0
asymmetric_p2p_tornado_16mib,mrc,2058,0,0,0,0,0,0
asymmetric_p2p_tornado_16mib,mrc,2060,0,0,0,0,0,0
asymmetric_p2p_tornado_16mib,mrc,2062,0,0,0,0,0,0
asymmetric_p2p_tornado_16mib,mrc,2064,0,0,0,0,0,0
asymmetric_p2p_tornado_16mib,mrc,2066,0,0,0,0,0,0
asymmetric_p2p_tornado_16mib,mrc,2068,0,0,0,0,0,0
asymmetric_p2p_tornado_16mib,mrc,2070,0,0,0,0,0,0
asymmetric_p2p_tornado_16mib,mrc,2072,0,0,0,0,0,0
asymmetric_p2p_tornado_16mib,mrc,2074,0,0,0,0,0,0
asymmetric_p2p_tornado_16mib,mrc,2076,0,0,0,0,0,0
asymmetric_p2p_tornado_16mib,mrc,2078,0,0,0,0,0,0
asymmetric_p2p_tornado_16mib,mrc,2080,0,0,0,0,0,0
asymmetric_p2p_tornado_16mib,mrc,2082,0,0,0,0,0,0
asymmetric_p2p_tornado_16mib,mrc,2084,0,0,0,0,0,0
asymmetric_p2p_tornado_16mib,mrc,2086,0,0,0,0,0,0
asymmetric_p2p_tornado_16mib,mrc,2088,0,0,0,0,0,0
asymmetric_p2p_tornado_16mib,mrc,2090,0,0,0,0,0,0
asymmetric_p2p_tornado_16mib,mrc,2092,0,0,0,0,0,0
asymmetric_p2p_tornado_16mib,mrc,2094,0,0,0,0,0,0
asymmetric_p2p_tornado_16mib,mrc,2096,0,0,0,0,0,0
asymmetric_p2p_tornado_16mib,mrc,2098,0,0,0,0,0,0
asymmetric_p2p_tornado_16mib,mrc,2100,0,0,0,0,0,0
asymmetric_p2p_tornado_16mib,mrc,2102,0,0,0,0,0,0
asymmetric_p2p_tornado_16mib,mrc,2104,0,0,0,0,0,0
asymmetric_p2p_tornado_16mib,mrc,2106,0,0,0,0,0,0
asymmetric_p2p_tornado_16mib,mrc,2108,0,0,0,0,0,0
asymmetric_p2p_tornado_16mib,mrc,2110,0,0,0,0,0,0
asymmetric_p2p_tornado_16mib,mrc,2112,0,0,0,0,0,0
asymmetric_p2p_tornado_16mib,mrc,2114,0,0,0,0,0,0
asymmetric_p2p_tornado_16mib,mrc,2116,0,0,0,0,0,0
asymmetric_p2p_tornado_16mib,mrc,2118,0,0,0,0,0,0
asymmetric_p2p_tornado_16mib,mrc,2120,0,0,0,0,0,0
asymmetric_p2p_tornado_16mib,mrc,2122,0,0,0,0,0,0
asymmetric_p2p_tornado_16mib,mrc,2124,0,0,0,0,0,0
asymmetric_p2p_tornado_16mib,mrc,2126,0,0,0,0,0,0
asymmetric_p2p_tornado_16mib,mrc,2128,0,0,0,0,0,0
asymmetric_p2p_tornado_16mib,mrc,2130,0,0,0,0,0,0
asymmetric_p2p_tornado_16mib,mrc,2132,0,0,0,0,0,0
asymmetric_p2p_tornado_16mib,mrc,2134,0,0,0,0,0,0
asymmetric_p2p_tornado_16mib,mrc,2136,0,0,0,0,0,0
asymmetric_p2p_tornado_16mib,mrc,2138,0,0,0,0,0,0
asymmetric_p2p_tornado_16mib,mrc,2140,0,0,0,0,0,0
asymmetric_p2p_tornado_16mib,mrc,2142,0,0,0,0,0,0
asymmetric_p2p_tornado_16mib,mrc,2144,0,0,0,0,0,0
asymmetric_p2p_tornado_16mib,mrc,2146,0,0,0,0,0,0
asymmetric_p2p_tornado_16mib,mrc,2148,0,0,0,0,0,0
asymmetric_p2p_tornado_16mib,mrc,2150,0,0,0,0,0,0
asymmetric_p2p_tornado_16mib,mrc,2152,0,0,0,0,0,0
asymmetric_p2p_tornado_16mib,mrc,2154,0,0,0,0,0,0
asymmetric_p2p_tornado_16mib,mrc,2156,0,0,0,0,0,0
asymmetric_p2p_tornado_16mib,mrc,2158,0,0,0,0,0,0
asymmetric_p2p_tornado_16mib,mrc,2160,0,0,0,0,0,0
asymmetric_p2p_tornado_16mib,mrc,2162,0,0,0,0,0,0
asymmetric_p2p_tornado_16mib,mrc,2164,0,0,0,0,0,0
asymmetric_p2p_tornado_16mib,mrc,2166,0,0,0,0,0,0
asymmetric_p2p_tornado_16mib,mrc,2168,0,0,0,0,0,0
asymmetric_p2p_tornado_16mib,mrc,2170,0,0,0,0,0,0
asymmetric_p2p_tornado_16mib,mrc,2172,0,0,0,0,0,0
asymmetric_p2p_tornado_16mib,mrc,2174,0,0,0,0,0,0
asymmetric_p2p_tornado_16mib,mrc,2176,0,0,0,0,0,0
asymmetric_p2p_tornado_16mib,mrc,2178,0,0,0,0,0,0
asymmetric_p2p_tornado_16mib,mrc,2180,0,0,0,0,0,0
asymmetric_p2p_tornado_16mib,mrc,2182,0,0,0,0,0,0
asymmetric_p2p_tornado_16mib,mrc,2184,0,0,0,0,0,0
asymmetric_p2p_tornado_16mib,mrc,2186,0,0,0,0,0,0
asymmetric_p2p_tornado_16mib,mrc,2188,0,0,0,0,0,0
asymmetric_p2p_tornado_16mib,mrc,2190,0,0,0,0,0,0
asymmetric_p2p_tornado_16mib,mrc,2192,0,0,0,0,0,0
asymmetric_p2p_tornado_16mib,mrc,2194,0,0,0,0,0,0
asymmetric_p2p_tornado_16mib,mrc,2196,0,0,0,0,0,0
asymmetric_p2p_tornado_16mib,mrc,2198,0,0,0,0,0,0
asymmetric_p2p_tornado_16mib,mrc,2200,0,0,0,0,0,0
asymmetric_p2p_tornado_16mib,mrc,2202,0,0,0,0,0,0
asymmetric_p2p_tornado_16mib,mrc,2204,0,0,0,0,0,0
asymmetric_p2p_tornado_16mib,mrc,2206,0,0,0,0,0,0
asymmetric_p2p_tornado_16mib,mrc,2208,0,0,0,0,0,0
asymmetric_p2p_tornado_16mib,mrc,2210,0,0,0,0,0,0
asymmetric_p2p_tornado_16mib,mrc,2212,0,0,0,0,0,0
asymmetric_p2p_tornado_16mib,mrc,2214,0,0,0,0,0,0
asymmetric_p2p_tornado_16mib,mrc,2216,0,0,0,0,0,0
asymmetric_p2p_tornado_16mib,mrc,2218,0,0,0,0,0,0
asymmetric_p2p_tornado_16mib,mrc,2220,0,0,0,0,0,0
asymmetric_p2p_tornado_16mib,mrc,2222,0,0,0,0,0,0
asymmetric_p2p_tornado_16mib,mrc,2224,0,0,0,0,0,0
asymmetric_p2p_tornado_16mib,mrc,2226,0,0,0,0,0,0
asymmetric_p2p_tornado_16mib,mrc,2228,0,0,0,0,0,0
asymmetric_p2p_tornado_16mib,mrc,2230,0,0,0,0,0,0
asymmetric_p2p_tornado_16mib,mrc,2232,0,0,0,0,0,0
asymmetric_p2p_tornado_16mib,mrc,2234,0,0,0,0,0,0
asymmetric_p2p_tornado_16mib,mrc,2236,0,0,0,0,0,0
asymmetric_p2p_tornado_16mib,mrc,2238,0,0,0,0,0,0
asymmetric_p2p_tornado_16mib,mrc,2240,0,0,0,0,0,0
asymmetric_p2p_tornado_16mib,mrc,2242,0,0,0,0,0,0
asymmetric_p2p_tornado_16mib,mrc,2244,0,0,0,0,0,0
asymmetric_p2p_tornado_16mib,mrc,2246,0,0,0,0,0,0
asymmetric_p2p_tornado_16mib,mrc,2248,0,0,0,0,0,0
asymmetric_p2p_tornado_16mib,mrc,2250,0,0,0,0,0,0
asymmetric_p2p_tornado_16mib,mrc,2252,0,0,0,0,0,0
asymmetric_p2p_tornado_16mib,mrc,2254,0,0,0,0,0,0
asymmetric_p2p_tornado_16mib,mrc,2256,0,0,0,0,0,0
asymmetric_p2p_tornado_16mib,mrc,2258,0,0,0,0,0,0
asymmetric_p2p_tornado_16mib,mrc,2260,0,0,0,0,0,0
asymmetric_p2p_tornado_16mib,mrc,2262,0,0,0,0,0,0
asymmetric_p2p_tornado_16mib,mrc,2264,0,0,0,0,0,0
asymmetric_p2p_tornado_16mib,mrc,2266,0,0,0,0,0,0
asymmetric_p2p_tornado_16mib,mrc,2268,0,0,0,0,0,0
asymmetric_p2p_tornado_16mib,mrc,2270,0,0,0,0,0,0
asymmetric_p2p_tornado_16mib,mrc,2272,0,0,0,0,0,0
asymmetric_p2p_tornado_16mib,mrc,2274,0,0,0,0,0,0
asymmetric_p2p_tornado_16mib,mrc,2276,0,0,0,0,0,0
asymmetric_p2p_tornado_16mib,mrc,2278,0,0,0,0,0,0
asymmetric_p2p_tornado_16mib,mrc,2280,0,0,0,0,0,0
asymmetric_p2p_tornado_16mib,mrc,2282,0,0,0,0,0,0
asymmetric_p2p_tornado_16mib,mrc,2284,0,0,0,0,0,0
asymmetric_p2p_tornado_16mib,mrc,2286,0,0,0,0,0,0
asymmetric_p2p_tornado_16mib,mrc,2288,0,0,0,0,0,0
asymmetric_p2p_tornado_16mib,mrc,2290,0,0,0,0,0,0
asymmetric_p2p_tornado_16mib,mrc,2292,0,0,0,0,0,0
asymmetric_p2p_tornado_16mib,mrc,2294,0,0,0,0,0,0
asymmetric_p2p_tornado_16mib,mrc,2296,0,0,0,0,0,0
asymmetric_p2p_tornado_16mib,mrc,2298,0,0,0,0,0,0
asymmetric_p2p_tornado_16mib,mrc,2300,0,0,0,0,0,0
asymmetric_p2p_tornado_16mib,mrc,2302,0,0,0,0,0,0
asymmetric_p2p_tornado_16mib,mrc,2304,0,0,0,0,0,0
asymmetric_p2p_tornado_16mib,mrc,2306,0,0,0,0,0,0
asymmetric_p2p_tornado_16mib,mrc,2308,0,0,0,0,0,0
asymmetric_p2p_tornado_16mib,mrc,2310,0,0,0,0,0,0
asymmetric_p2p_tornado_16mib,mrc,2312,0,0,0,0,0,0
asymmetric_p2p_tornado_16mib,mrc,2314,0,0,0,0,0,0
asymmetric_p2p_tornado_16mib,mrc,2316,0,0,0,0,0,0
asymmetric_p2p_tornado_16mib,mrc,2318,0,0,0,0,0,0
asymmetric_p2p_tornado_16mib,mrc,2320,0,0,0,0,0,0
asymmetric_p2p_tornado_16mib,mrc,2322,0,0,0,0,0,0
asymmetric_p2p_tornado_16mib,mrc,2324,0,0,0,0,0,0
asymmetric_p2p_tornado_16mib,mrc,2326,0,0,0,0,0,0
asymmetric_p2p_tornado_16mib,mrc,2328,0,0,0,0,0,0
asymmetric_p2p_tornado_16mib,mrc,2330,0,0,0,0,0,0
asymmetric_p2p_tornado_16mib,mrc,2332,0,0,0,0,0,0
asymmetric_p2p_tornado_16mib,mrc,2334,0,0,0,0,0,0
asymmetric_p2p_tornado_16mib,mrc,2336,0,0,0,0,0,0
asymmetric_p2p_tornado_16mib,mrc,2338,0,0,0,0,0,0
asymmetric_p2p_tornado_16mib,mrc,2340,0,0,0,0,0,0
asymmetric_p2p_tornado_16mib,mrc,2342,0,0,0,0,0,0
asymmetric_p2p_tornado_16mib,mrc,2344,0,0,0,0,0,0
asymmetric_p2p_tornado_16mib,mrc,2346,0,0,0,0,0,0
asymmetric_p2p_tornado_16mib,mrc,2348,0,0,0,0,0,0
asymmetric_p2p_tornado_16mib,mrc,2350,0,0,0,0,0,0
asymmetric_p2p_tornado_16mib,mrc,2352,0,0,0,0,0,0
asymmetric_p2p_tornado_16mib,mrc,2354,0,0,0,0,0,0
asymmetric_p2p_tornado_16mib,mrc,2356,0,0,0,0,0,0
asymmetric_p2p_tornado_16mib,mrc,2358,0,0,0,0,0,0
asymmetric_p2p_tornado_16mib,mrc,2360,0,0,0,0,0,0
asymmetric_p2p_tornado_16mib,mrc,2362,0,0,0,0,0,0
asymmetric_p2p_tornado_16mib,mrc,2364,0,0,0,0,0,0
asymmetric_p2p_tornado_16mib,mrc,2366,0,0,0,0,0,0
asymmetric_p2p_tornado_16mib,mrc,2368,0,0,0,0,0,0
asymmetric_p2p_tornado_16mib,mrc,2370,0,0,0,0,0,0
asymmetric_p2p_tornado_16mib,mrc,2372,0,0,0,0,0,0
asymmetric_p2p_tornado_16mib,mrc,2374,0,0,0,0,0,0
asymmetric_p2p_tornado_16mib,mrc,2376,0,0,0,0,0,0
asymmetric_p2p_tornado_16mib,mrc,2378,0,0,0,0,0,0
asymmetric_p2p_tornado_16mib,mrc,2380,0,0,0,0,0,0
asymmetric_p2p_tornado_16mib,mrc,2382,0,0,0,0,0,0
asymmetric_p2p_tornado_16mib,mrc,2384,0,0,0,0,0,0
asymmetric_p2p_tornado_16mib,mrc,2386,0,0,0,0,0,0
asymmetric_p2p_tornado_16mib,mrc,2388,0,0,0,0,0,0
asymmetric_p2p_tornado_16mib,mrc,2390,0,0,0,0,0,0
asymmetric_p2p_tornado_16mib,mrc,2392,0,0,0,0,0,0
asymmetric_p2p_tornado_16mib,mrc,2394,0,0,0,0,0,0
asymmetric_p2p_tornado_16mib,mrc,2396,0,0,0,0,0,0
asymmetric_p2p_tornado_16mib,mrc,2398,0,0,0,0,0,0
asymmetric_p2p_tornado_16mib,mrc,2400,0,0,0,0,0,0
asymmetric_p2p_tornado_16mib,mrc,2402,0,0,0,0,0,0
asymmetric_p2p_tornado_16mib,mrc,2404,0,0,0,0,0,0
asymmetric_p2p_tornado_16mib,mrc,2406,0,0,0,0,0,0
asymmetric_p2p_tornado_16mib,mrc,2408,0,0,0,0,0,0
asymmetric_p2p_tornado_16mib,mrc,2410,0,0,0,0,0,0
asymmetric_p2p_tornado_16mib,mrc,2412,0,0,0,0,0,0
asymmetric_p2p_tornado_16mib,mrc,2414,0,0,0,0,0,0
asymmetric_p2p_tornado_16mib,mrc,2416,0,0,0,0,0,0
asymmetric_p2p_tornado_16mib,mrc,2418,0,0,0,0,0,0
asymmetric_p2p_tornado_16mib,mrc,2420,0,0,0,0,0,0
asymmetric_p2p_tornado_16mib,mrc,2422,0,0,0,0,0,0
asymmetric_p2p_tornado_16mib,mrc,2424,0,0,0,0,0,0
asymmetric_p2p_tornado_16mib,mrc,2426,0,0,0,0,0,0
asymmetric_p2p_tornado_16mib,mrc,2428,0,0,0,0,0,0
asymmetric_p2p_tornado_16mib,mrc,2430,0,0,0,0,0,0
asymmetric_p2p_tornado_16mib,mrc,2432,0,0,0,0,0,0
asymmetric_p2p_tornado_16mib,mrc,2434,0,0,0,0,0,0
asymmetric_p2p_tornado_16mib,mrc,2436,0,0,0,0,0,0
asymmetric_p2p_tornado_16mib,mrc,2438,0,0,0,0,0,0
asymmetric_p2p_tornado_16mib,mrc,2440,0,0,0,0,0,0
asymmetric_p2p_tornado_16mib,mrc,2442,0,0,0,0,0,0
asymmetric_p2p_tornado_16mib,mrc,2444,0,0,0,0,0,0
asymmetric_p2p_tornado_16mib,mrc,2446,0,0,0,0,0,0
asymmetric_p2p_tornado_16mib,mrc,2448,0,0,0,0,0,0
asymmetric_p2p_tornado_16mib,mrc,2450,0,0,0,0,0,0
asymmetric_p2p_tornado_16mib,mrc,2452,0,0,0,0,0,0
asymmetric_p2p_tornado_16mib,mrc,2454,0,0,0,0,0,0
asymmetric_p2p_tornado_16mib,mrc,2456,0,0,0,0,0,0
asymmetric_p2p_tornado_16mib,mrc,2458,0,0,0,0,0,0
asymmetric_p2p_tornado_16mib,mrc,2460,0,0,0,0,0,0
asymmetric_p2p_tornado_16mib,mrc,2462,0,0,0,0,0,0
asymmetric_p2p_tornado_16mib,mrc,2464,0,0,0,0,0,0
asymmetric_p2p_tornado_16mib,mrc,2466,0,0,0,0,0,0
asymmetric_p2p_tornado_16mib,mrc,2468,0,0,0,0,0,0
asymmetric_p2p_tornado_16mib,mrc,2470,0,0,0,0,0,0
asymmetric_p2p_tornado_16mib,mrc,2472,0,0,0,0,0,0
asymmetric_p2p_tornado_16mib,mrc,2474,0,0,0,0,0,0
asymmetric_p2p_tornado_16mib,mrc,2476,0,0,0,0,0,0
asymmetric_p2p_tornado_16mib,mrc,2478,0,0,0,0,0,0
asymmetric_p2p_tornado_16mib,mrc,2480,0,0,0,0,0,0
asymmetric_p2p_tornado_16mib,mrc,2482,0,0,0,0,0,0
asymmetric_p2p_tornado_16mib,mrc,2484,0,0,0,0,0,0
asymmetric_p2p_tornado_16mib,mrc,2486,0,0,0,0,0,0
asymmetric_p2p_tornado_16mib,mrc,2488,0,0,0,0,0,0
asymmetric_p2p_tornado_16mib,mrc,2490,0,0,0,0,0,0
asymmetric_p2p_tornado_16mib,mrc,2492,0,0,0,0,0,0
asymmetric_p2p_tornado_16mib,mrc,2494,0,0,0,0,0,0
asymmetric_p2p_tornado_16mib,mrc,2496,0,0,0,0,0,0
asymmetric_p2p_tornado_16mib,mrc,2498,0,0,0,0,0,0
asymmetric_p2p_tornado_16mib,mrc,2500,0,0,0,0,0,0
asymmetric_p2p_tornado_16mib,mrc,2502,0,0,0,0,0,0
asymmetric_p2p_tornado_16mib,mrc,2504,0,0,0,0,0,0
asymmetric_p2p_tornado_16mib,mrc,2506,0,0,0,0,0,0
asymmetric_p2p_tornado_16mib,mrc,2508,0,0,0,0,0,0
asymmetric_p2p_tornado_16mib,mrc,2510,0,0,0,0,0,0
asymmetric_p2p_tornado_16mib,mrc,2512,0,0,0,0,0,0
asymmetric_p2p_tornado_16mib,mrc,2514,0,0,0,0,0,0
asymmetric_p2p_tornado_16mib,mrc,2516,0,0,0,0,0,0
asymmetric_p2p_tornado_16mib,mrc,2518,0,0,0,0,0,0
asymmetric_p2p_tornado_16mib,mrc,2520,0,0,0,0,0,0
asymmetric_p2p_tornado_16mib,mrc,2522,0,0,0,0,0,0
asymmetric_p2p_tornado_16mib,mrc,2524,0,0,0,0,0,0
asymmetric_p2p_tornado_16mib,mrc,2526,0,0,0,0,0,0
asymmetric_p2p_tornado_16mib,mrc,2528,0,0,0,0,0,0
asymmetric_p2p_tornado_16mib,mrc,2530,0,0,0,0,0,0
asymmetric_p2p_tornado_16mib,mrc,2532,0,0,0,0,0,0
asymmetric_p2p_tornado_16mib,mrc,2534,0,0,0,0,0,0
asymmetric_p2p_tornado_16mib,mrc,2536,0,0,0,0,0,0
asymmetric_p2p_tornado_16mib,mrc,2538,0,0,0,0,0,0
asymmetric_p2p_tornado_16mib,mrc,2540,0,0,0,0,0,0
asymmetric_p2p_tornado_16mib,mrc,2542,0,0,0,0,0,0
asymmetric_p2p_tornado_16mib,mrc,2544,0,0,0,0,0,0
asymmetric_p2p_tornado_16mib,mrc,2546,0,0,0,0,0,0
asymmetric_p2p_tornado_16mib,mrc,2548,0,0,0,0,0,0
asymmetric_p2p_tornado_16mib,mrc,2550,0,0,0,0,0,0
asymmetric_p2p_tornado_16mib,mrc,2552,0,0,0,0,0,0
asymmetric_p2p_tornado_16mib,mrc,2554,0,0,0,0,0,0
asymmetric_p2p_tornado_16mib,mrc,2556,0,0,0,0,0,0
asymmetric_p2p_tornado_16mib,mrc,2558,0,0,0,0,0,0
asymmetric_p2p_tornado_16mib,mrc,2560,0,0,0,0,0,0
asymmetric_p2p_tornado_16mib,mrc,2562,0,0,0,0,0,0
asymmetric_p2p_tornado_16mib,mrc,2564,0,0,0,0,0,0
asymmetric_p2p_tornado_16mib,mrc,2566,0,0,0,0,0,0
asymmetric_p2p_tornado_16mib,mrc,2568,0,0,0,0,0,0
asymmetric_p2p_tornado_16mib,mrc,2570,0,0,0,0,0,0
asymmetric_p2p_tornado_16mib,mrc,2572,0,0,0,0,0,0
asymmetric_p2p_tornado_16mib,mrc,2574,0,0,0,0,0,0
asymmetric_p2p_tornado_16mib,mrc,2576,0,0,0,0,0,0
asymmetric_p2p_tornado_16mib,mrc,2578,0,0,0,0,0,0
asymmetric_p2p_tornado_16mib,mrc,2580,0,0,0,0,0,0
asymmetric_p2p_tornado_16mib,mrc,2582,0,0,0,0,0,0
asymmetric_p2p_tornado_16mib,mrc,2584,0,0,0,0,0,0
asymmetric_p2p_tornado_16mib,mrc,2586,0,0,0,0,0,0
asymmetric_p2p_tornado_16mib,mrc,2588,0,0,0,0,0,0
asymmetric_p2p_tornado_16mib,mrc,2590,0,0,0,0,0,0
asymmetric_p2p_tornado_16mib,mrc,2592,0,0,0,0,0,0
asymmetric_p2p_tornado_16mib,mrc,2594,0,0,0,0,0,0
asymmetric_p2p_tornado_16mib,mrc,2596,0,0,0,0,0,0
asymmetric_p2p_tornado_16mib,mrc,2598,0,0,0,0,0,0
asymmetric_p2p_tornado_16mib,mrc,2600,0,0,0,0,0,0
asymmetric_p2p_tornado_16mib,mrc,2602,0,0,0,0,0,0
asymmetric_p2p_tornado_16mib,mrc,2604,0,0,0,0,0,0
asymmetric_p2p_tornado_16mib,mrc,2606,0,0,0,0,0,0
asymmetric_p2p_tornado_16mib,mrc,2608,0,0,0,0,0,0
asymmetric_p2p_tornado_16mib,mrc,2610,0,0,0,0,0,0
asymmetric_p2p_tornado_16mib,mrc,2612,0,0,0,0,0,0
asymmetric_p2p_tornado_16mib,mrc,2614,0,0,0,0,0,0
asymmetric_p2p_tornado_16mib,mrc,2616,0,0,0,0,0,0
asymmetric_p2p_tornado_16mib,mrc,2618,0,0,0,0,0,0
asymmetric_p2p_tornado_16mib,mrc,2620,0,0,0,0,0,0
asymmetric_p2p_tornado_16mib,mrc,2622,0,0,0,0,0,0
asymmetric_p2p_tornado_16mib,mrc,2624,0,0,0,0,0,0
asymmetric_p2p_tornado_16mib,mrc,2626,0,0,0,0,0,0
asymmetric_p2p_tornado_16mib,mrc,2628,0,0,0,0,0,0
asymmetric_p2p_tornado_16mib,mrc,2630,0,0,0,0,0,0
asymmetric_p2p_tornado_16mib,mrc,2632,0,0,0,0,0,0
asymmetric_p2p_tornado_16mib,mrc,2634,0,0,0,0,0,0
asymmetric_p2p_tornado_16mib,mrc,2636,0,0,0,0,0,0
asymmetric_p2p_tornado_16mib,mrc,2638,0,0,0,0,0,0
asymmetric_p2p_tornado_16mib,mrc,2640,0,0,0,0,0,0
asymmetric_p2p_tornado_16mib,mrc,2642,0,0,0,0,0,0
asymmetric_p2p_tornado_16mib,mrc,2644,0,0,0,0,0,0
asymmetric_p2p_tornado_16mib,mrc,2646,0,0,0,0,0,0
asymmetric_p2p_tornado_16mib,mrc,2648,0,0,0,0,0,0
asymmetric_p2p_tornado_16mib,mrc,2650,0,0,0,0,0,0
asymmetric_p2p_tornado_16mib,mrc,2652,0,0,0,0,0,0
asymmetric_p2p_tornado_16mib,mrc,2654,0,0,0,0,0,0
asymmetric_p2p_tornado_16mib,mrc,2656,0,0,0,0,0,0
asymmetric_p2p_tornado_16mib,mrc,2658,0,0,0,0,0,0
asymmetric_p2p_tornado_16mib,mrc,2660,0,0,0,0,0,0
asymmetric_p2p_tornado_16mib,mrc,2662,0,0,0,0,0,0
asymmetric_p2p_tornado_16mib,mrc,2664,0,0,0,0,0,0
asymmetric_p2p_tornado_16mib,mrc,2666,0,0,0,0,0,0
asymmetric_p2p_tornado_16mib,mrc,2668,0,0,0,0,0,0
asymmetric_p2p_tornado_16mib,mrc,2670,0,0,0,0,0,0
asymmetric_p2p_tornado_16mib,mrc,2672,0,0,0,0,0,0
asymmetric_p2p_tornado_16mib,mrc,2674,0,0,0,0,0,0
asymmetric_p2p_tornado_16mib,mrc,2676,0,0,0,0,0,0
asymmetric_p2p_tornado_16mib,mrc,2678,0,0,0,0,0,0
asymmetric_p2p_tornado_16mib,mrc,2680,0,0,0,0,0,0
asymmetric_p2p_tornado_16mib,mrc,2682,0,0,0,0,0,0
asymmetric_p2p_tornado_16mib,mrc,2684,0,0,0,0,0,0
asymmetric_p2p_tornado_16mib,mrc,2686,0,0,0,0,0,0
asymmetric_p2p_tornado_16mib,mrc,2688,0,0,0,0,0,0
asymmetric_p2p_tornado_16mib,mrc,2690,0,0,0,0,0,0
asymmetric_p2p_tornado_16mib,mrc,2692,0,0,0,0,0,0
asymmetric_p2p_tornado_16mib,mrc,2694,0,0,0,0,0,0
asymmetric_p2p_tornado_16mib,mrc,2696,0,0,0,0,0,0
asymmetric_p2p_tornado_16mib,mrc,2698,0,0,0,0,0,0
asymmetric_p2p_tornado_16mib,mrc,2700,0,0,0,0,0,0
asymmetric_p2p_tornado_16mib,mrc,2702,0,0,0,0,0,0
asymmetric_p2p_tornado_16mib,mrc,2704,0,0,0,0,0,0
asymmetric_p2p_tornado_16mib,mrc,2706,0,0,0,0,0,0
asymmetric_p2p_tornado_16mib,mrc,2708,0,0,0,0,0,0
asymmetric_p2p_tornado_16mib,mrc,2710,0,0,0,0,0,0
asymmetric_p2p_tornado_16mib,mrc,2712,0,0,0,0,0,0
asymmetric_p2p_tornado_16mib,mrc,2714,0,0,0,0,0,0
asymmetric_p2p_tornado_16mib,mrc,2716,0,0,0,0,0,0
asymmetric_p2p_tornado_16mib,mrc,2718,0,0,0,0,0,0
asymmetric_p2p_tornado_16mib,mrc,2720,0,0,0,0,0,0
asymmetric_p2p_tornado_16mib,mrc,2722,0,0,0,0,0,0
asymmetric_p2p_tornado_16mib,mrc,2724,0,0,0,0,0,0
asymmetric_p2p_tornado_16mib,mrc,2726,0,0,0,0,0,0
asymmetric_p2p_tornado_16mib,mrc,2728,0,0,0,0,0,0
asymmetric_p2p_tornado_16mib,mrc,2730,0,0,0,0,0,0
asymmetric_p2p_tornado_16mib,mrc,2732,0,0,0,0,0,0
asymmetric_p2p_tornado_16mib,mrc,2734,0,0,0,0,0,0
asymmetric_p2p_tornado_16mib,mrc,2736,0,0,0,0,0,0
asymmetric_p2p_tornado_16mib,mrc,2738,0,0,0,0,0,0
asymmetric_p2p_tornado_16mib,mrc,2740,0,0,0,0,0,0
asymmetric_p2p_tornado_16mib,mrc,2742,0,0,0,0,0,0
asymmetric_p2p_tornado_16mib,mrc,2744,0,0,0,0,0,0
asymmetric_p2p_tornado_16mib,mrc,2746,0,0,0,0,0,0
asymmetric_p2p_tornado_16mib,mrc,2748,0,0,0,0,0,0
asymmetric_p2p_tornado_16mib,mrc,2750,0,0,0,0,0,0
asymmetric_p2p_tornado_16mib,mrc,2752,0,0,0,0,0,0
asymmetric_p2p_tornado_16mib,mrc,2754,0,0,0,0,0,0
asymmetric_p2p_tornado_16mib,mrc,2756,0,0,0,0,0,0
asymmetric_p2p_tornado_16mib,mrc,2758,0,0,0,0,0,0
asymmetric_p2p_tornado_16mib,mrc,2760,0,0,0,0,0,0
asymmetric_p2p_tornado_16mib,mrc,2762,0,0,0,0,0,0
asymmetric_p2p_tornado_16mib,mrc,2764,0,0,0,0,0,0
asymmetric_p2p_tornado_16mib,mrc,2766,0,0,0,0,0,0
asymmetric_p2p_tornado_16mib,mrc,2768,0,0,0,0,0,0
asymmetric_p2p_tornado_16mib,mrc,2770,0,0,0,0,0,0
asymmetric_p2p_tornado_16mib,mrc,2772,0,0,0,0,0,0
asymmetric_p2p_tornado_16mib,mrc,2774,0,0,0,0,0,0
asymmetric_p2p_tornado_16mib,mrc,2776,0,0,0,0,0,0
asymmetric_p2p_tornado_16mib,mrc,2778,0,0,0,0,0,0
asymmetric_p2p_tornado_16mib,mrc,2780,0,0,0,0,0,0
asymmetric_p2p_tornado_16mib,mrc,2782,0,0,0,0,0,0
asymmetric_p2p_tornado_16mib,mrc,2784,0,0,0,0,0,0
asymmetric_p2p_tornado_16mib,mrc,2786,0,0,0,0,0,0
asymmetric_p2p_tornado_16mib,mrc,2788,0,0,0,0,0,0
asymmetric_p2p_tornado_16mib,mrc,2790,0,0,0,0,0,0
asymmetric_p2p_tornado_16mib,mrc,2792,0,0,0,0,0,0
asymmetric_p2p_tornado_16mib,mrc,2794,0,0,0,0,0,0
asymmetric_p2p_tornado_16mib,mrc,2796,0,0,0,0,0,0
asymmetric_p2p_tornado_16mib,mrc,2798,0,0,0,0,0,0
asymmetric_p2p_tornado_16mib,mrc,2800,0,0,0,0,0,0
asymmetric_p2p_tornado_16mib,mrc,2802,0,0,0,0,0,0
asymmetric_p2p_tornado_16mib,mrc,2804,0,0,0,0,0,0
asymmetric_p2p_tornado_16mib,mrc,2806,0,0,0,0,0,0
asymmetric_p2p_tornado_16mib,mrc,2808,0,0,0,0,0,0
asymmetric_p2p_tornado_16mib,mrc,2810,0,0,0,0,0,0
asymmetric_p2p_tornado_16mib,mrc,2812,0,0,0,0,0,0
asymmetric_p2p_tornado_16mib,mrc,2814,0,0,0,0,0,0
asymmetric_p2p_tornado_16mib,mrc,2816,0,0,0,0,0,0
asymmetric_p2p_tornado_16mib,mrc,2818,0,0,0,0,0,0
asymmetric_p2p_tornado_16mib,mrc,2820,0,0,0,0,0,0
asymmetric_p2p_tornado_16mib,mrc,2822,0,0,0,0,0,0
asymmetric_p2p_tornado_16mib,mrc,2824,0,0,0,0,0,0
asymmetric_p2p_tornado_16mib,mrc,2826,0,0,0,0,0,0
asymmetric_p2p_tornado_16mib,mrc,2828,0,0,0,0,0,0
asymmetric_p2p_tornado_16mib,mrc,2830,0,0,0,0,0,0
asymmetric_p2p_tornado_16mib,mrc,2832,0,0,0,0,0,0
asymmetric_p2p_tornado_16mib,mrc,2834,0,0,0,0,0,0
asymmetric_p2p_tornado_16mib,mrc,2836,0,0,0,0,0,0
asymmetric_p2p_tornado_16mib,mrc,2838,0,0,0,0,0,0
asymmetric_p2p_tornado_16mib,mrc,2840,0,0,0,0,0,0
asymmetric_p2p_tornado_16mib,mrc,2842,0,0,0,0,0,0
asymmetric_p2p_tornado_16mib,mrc,2844,0,0,0,0,0,0
asymmetric_p2p_tornado_16mib,mrc,2846,0,0,0,0,0,0
asymmetric_p2p_tornado_16mib,mrc,2848,0,0,0,0,0,0
asymmetric_p2p_tornado_16mib,mrc,2850,0,0,0,0,0,0
asymmetric_p2p_tornado_16mib,mrc,2852,0,0,0,0,0,0
asymmetric_p2p_tornado_16mib,mrc,2854,0,0,0,0,0,0
asymmetric_p2p_tornado_16mib,mrc,2856,0,0,0,0,0,0
asymmetric_p2p_tornado_16mib,mrc,2858,0,0,0,0,0,0
asymmetric_p2p_tornado_16mib,mrc,2860,0,0,0,0,0,0
asymmetric_p2p_tornado_16mib,mrc,2862,0,0,0,0,0,0
asymmetric_p2p_tornado_16mib,mrc,2864,0,0,0,0,0,0
asymmetric_p2p_tornado_16mib,mrc,2866,0,0,0,0,0,0
asymmetric_p2p_tornado_16mib,mrc,2868,0,0,0,0,0,0
asymmetric_p2p_tornado_16mib,mrc,2870,0,0,0,0,0,0
asymmetric_p2p_tornado_16mib,mrc,2872,0,0,0,0,0,0
asymmetric_p2p_tornado_16mib,mrc,2874,0,0,0,0,0,0
asymmetric_p2p_tornado_16mib,mrc,2876,0,0,0,0,0,0
asymmetric_p2p_tornado_16mib,mrc,2878,0,0,0,0,0,0
asymmetric_p2p_tornado_16mib,mrc,2880,0,0,0,0,0,0
asymmetric_p2p_tornado_16mib,mrc,2882,0,0,0,0,0,0
asymmetric_p2p_tornado_16mib,mrc,2884,0,0,0,0,0,0
asymmetric_p2p_tornado_16mib,mrc,2886,0,0,0,0,0,0
asymmetric_p2p_tornado_16mib,mrc,2888,0,0,0,0,0,0
asymmetric_p2p_tornado_16mib,mrc,2890,0,0,0,0,0,0
asymmetric_p2p_tornado_16mib,mrc,2892,0,0,0,0,0,0
asymmetric_p2p_tornado_16mib,mrc,2894,0,0,0,0,0,0
asymmetric_p2p_tornado_16mib,mrc,2896,0,0,0,0,0,0
asymmetric_p2p_tornado_16mib,mrc,2898,0,0,0,0,0,0
asymmetric_p2p_tornado_16mib,mrc,2900,0,0,0,0,0,0
asymmetric_p2p_tornado_16mib,mrc,2902,0,0,0,0,0,0
asymmetric_p2p_tornado_16mib,mrc,2904,0,0,0,0,0,0
asymmetric_p2p_tornado_16mib,mrc,2906,0,0,0,0,0,0
asymmetric_p2p_tornado_16mib,mrc,2908,0,0,0,0,0,0
asymmetric_p2p_tornado_16mib,mrc,2910,0,0,0,0,0,0
asymmetric_p2p_tornado_16mib,mrc,2912,0,0,0,0,0,0
asymmetric_p2p_tornado_16mib,mrc,2914,0,0,0,0,0,0
asymmetric_p2p_tornado_16mib,mrc,2916,0,0,0,0,0,0
asymmetric_p2p_tornado_16mib,mrc,2918,0,0,0,0,0,0
asymmetric_p2p_tornado_16mib,mrc,2920,0,0,0,0,0,0
asymmetric_p2p_tornado_16mib,mrc,2922,0,0,0,0,0,0
asymmetric_p2p_tornado_16mib,mrc,2924,0,0,0,0,0,0
asymmetric_p2p_tornado_16mib,mrc,2926,0,0,0,0,0,0
asymmetric_p2p_tornado_16mib,mrc,2928,0,0,0,0,0,0
asymmetric_p2p_tornado_16mib,mrc,2930,0,0,0,0,0,0
asymmetric_p2p_tornado_16mib,mrc,2932,0,0,0,0,0,0
asymmetric_p2p_tornado_16mib,mrc,2934,0,0,0,0,0,0
asymmetric_p2p_tornado_16mib,mrc,2936,0,0,0,0,0,0
asymmetric_p2p_tornado_16mib,mrc,2938,0,0,0,0,0,0
asymmetric_p2p_tornado_16mib,mrc,2940,0,0,0,0,0,0
asymmetric_p2p_tornado_16mib,mrc,2942,0,0,0,0,0,0
asymmetric_p2p_tornado_16mib,mrc,2944,0,0,0,0,0,0
asymmetric_p2p_tornado_16mib,mrc,2946,0,0,0,0,0,0
asymmetric_p2p_tornado_16mib,mrc,2948,0,0,0,0,0,0
asymmetric_p2p_tornado_16mib,mrc,2950,0,0,0,0,0,0
asymmetric_p2p_tornado_16mib,mrc,2952,0,0,0,0,0,0
asymmetric_p2p_tornado_16mib,mrc,2954,0,0,0,0,0,0
asymmetric_p2p_tornado_16mib,mrc,2956,0,0,0,0,0,0
asymmetric_p2p_tornado_16mib,mrc,2958,0,0,0,0,0,0
asymmetric_p2p_tornado_16mib,mrc,2960,0,0,0,0,0,0
asymmetric_p2p_tornado_16mib,mrc,2962,0,0,0,0,0,0
asymmetric_p2p_tornado_16mib,mrc,2964,0,0,0,0,0,0
asymmetric_p2p_tornado_16mib,mrc,2966,0,0,0,0,0,0
asymmetric_p2p_tornado_16mib,mrc,2968,0,0,0,0,0,0
asymmetric_p2p_tornado_16mib,mrc,2970,0,0,0,0,0,0
asymmetric_p2p_tornado_16mib,mrc,2972,0,0,0,0,0,0
asymmetric_p2p_tornado_16mib,mrc,2974,0,0,0,0,0,0
asymmetric_p2p_tornado_16mib,mrc,2976,0,0,0,0,0,0
asymmetric_p2p_tornado_16mib,mrc,2978,0,0,0,0,0,0
asymmetric_p2p_tornado_16mib,mrc,2980,0,0,0,0,0,0
asymmetric_p2p_tornado_16mib,mrc,2982,0,0,0,0,0,0
asymmetric_p2p_tornado_16mib,mrc,2984,0,0,0,0,0,0
asymmetric_p2p_tornado_16mib,mrc,2986,0,0,0,0,0,0
asymmetric_p2p_tornado_16mib,mrc,2988,0,0,0,0,0,0
asymmetric_p2p_tornado_16mib,mrc,2990,0,0,0,0,0,0
asymmetric_p2p_tornado_16mib,mrc,2992,0,0,0,0,0,0
asymmetric_p2p_tornado_16mib,mrc,2994,0,0,0,0,0,0
asymmetric_p2p_tornado_16mib,mrc,2996,0,0,0,0,0,0
asymmetric_p2p_tornado_16mib,mrc,2998,0,0,0,0,0,0
asymmetric_p2p_tornado_16mib,mrc,3000,0,0,0,0,0,0
asymmetric_p2p_tornado_16mib,mrc,3002,0,0,0,0,0,0
asymmetric_p2p_tornado_16mib,mrc,3004,0,0,0,0,0,0
asymmetric_p2p_tornado_16mib,mrc,3006,0,0,0,0,0,0
asymmetric_p2p_tornado_16mib,mrc,3008,0,0,0,0,0,0
asymmetric_p2p_tornado_16mib,mrc,3010,0,0,0,0,0,0
asymmetric_p2p_tornado_16mib,mrc,3012,0,0,0,0,0,0
asymmetric_p2p_tornado_16mib,mrc,3014,0,0,0,0,0,0
asymmetric_p2p_tornado_16mib,mrc,3016,0,0,0,0,0,0
asymmetric_p2p_tornado_16mib,mrc,3018,0,0,0,0,0,0
asymmetric_p2p_tornado_16mib,mrc,3020,0,0,0,0,0,0
asymmetric_p2p_tornado_16mib,mrc,3022,0,0,0,0,0,0
asymmetric_p2p_tornado_16mib,mrc,3024,0,0,0,0,0,0
asymmetric_p2p_tornado_16mib,mrc,3026,0,0,0,0,0,0
asymmetric_p2p_tornado_16mib,mrc,3028,0,0,0,0,0,0
asymmetric_p2p_tornado_16mib,mrc,3030,0,0,0,0,0,0
asymmetric_p2p_tornado_16mib,mrc,3032,0,0,0,0,0,0
asymmetric_p2p_tornado_16mib,mrc,3034,0,0,0,0,0,0
asymmetric_p2p_tornado_16mib,mrc,3036,0,0,0,0,0,0
asymmetric_p2p_tornado_16mib,mrc,3038,0,0,0,0,0,0
asymmetric_p2p_tornado_16mib,mrc,3040,0,0,0,0,0,0
asymmetric_p2p_tornado_16mib,mrc,3042,0,0,0,0,0,0
asymmetric_p2p_tornado_16mib,mrc,3044,0,0,0,0,0,0
asymmetric_p2p_tornado_16mib,mrc,3046,0,0,0,0,0,0
asymmetric_p2p_tornado_16mib,mrc,3048,0,0,0,0,0,0
asymmetric_p2p_tornado_16mib,mrc,3050,0,0,0,0,0,0
asymmetric_p2p_tornado_16mib,mrc,3052,0,0,0,0,0,0
asymmetric_p2p_tornado_16mib,mrc,3054,0,0,0,0,0,0
asymmetric_p2p_tornado_16mib,mrc,3056,0,0,0,0,0,0
asymmetric_p2p_tornado_16mib,mrc,3058,0,0,0,0,0,0
asymmetric_p2p_tornado_16mib,mrc,3060,0,0,0,0,0,0
asymmetric_p2p_tornado_16mib,mrc,3062,0,0,0,0,0,0
asymmetric_p2p_tornado_16mib,mrc,3064,0,0,0,0,0,0
asymmetric_p2p_tornado_16mib,mrc,3066,0,0,0,0,0,0
asymmetric_p2p_tornado_16mib,mrc,3068,0,0,0,0,0,0
asymmetric_p2p_tornado_16mib,mrc,3070,0,0,0,0,0,0
asymmetric_p2p_tornado_16mib,mrc,3072,0,0,0,0,0,0
asymmetric_p2p_tornado_16mib,mrc,3074,0,0,0,0,0,0
asymmetric_p2p_tornado_16mib,mrc,3076,0,0,0,0,0,0
asymmetric_p2p_tornado_16mib,mrc,3078,0,0,0,0,0,0
asymmetric_p2p_tornado_16mib,mrc,3080,0,0,0,0,0,0
asymmetric_p2p_tornado_16mib,mrc,3082,0,0,0,0,0,0
asymmetric_p2p_tornado_16mib,mrc,3084,0,0,0,0,0,0
asymmetric_p2p_tornado_16mib,mrc,3086,0,0,0,0,0,0
asymmetric_p2p_tornado_16mib,mrc,3088,0,0,0,0,0,0
asymmetric_p2p_tornado_16mib,mrc,3090,0,0,0,0,0,0
asymmetric_p2p_tornado_16mib,mrc,3092,0,0,0,0,0,0
asymmetric_p2p_tornado_16mib,mrc,3094,0,0,0,0,0,0
asymmetric_p2p_tornado_16mib,mrc,3096,0,0,0,0,0,0
asymmetric_p2p_tornado_16mib,mrc,3098,0,0,0,0,0,0
asymmetric_p2p_tornado_16mib,mrc,3100,0,0,0,0,0,0
asymmetric_p2p_tornado_16mib,mrc,3102,0,0,0,0,0,0
asymmetric_p2p_tornado_16mib,mrc,3104,0,0,0,0,0,0
asymmetric_p2p_tornado_16mib,mrc,3106,0,0,0,0,0,0
asymmetric_p2p_tornado_16mib,mrc,3108,0,0,0,0,0,0
asymmetric_p2p_tornado_16mib,mrc,3110,0,0,0,0,0,0
asymmetric_p2p_tornado_16mib,mrc,3112,0,0,0,0,0,0
asymmetric_p2p_tornado_16mib,mrc,3114,0,0,0,0,0,0
asymmetric_p2p_tornado_16mib,mrc,3116,0,0,0,0,0,0
asymmetric_p2p_tornado_16mib,mrc,3118,0,0,0,0,0,0
asymmetric_p2p_tornado_16mib,mrc,3120,0,0,0,0,0,0
asymmetric_p2p_tornado_16mib,mrc,3122,0,0,0,0,0,0
asymmetric_p2p_tornado_16mib,mrc,3124,0,0,0,0,0,0
asymmetric_p2p_tornado_16mib,mrc,3126,0,0,0,0,0,0
asymmetric_p2p_tornado_16mib,mrc,3128,0,0,0,0,0,0
asymmetric_p2p_tornado_16mib,mrc,3130,0,0,0,0,0,0
asymmetric_p2p_tornado_16mib,mrc,3132,0,0,0,0,0,0
asymmetric_p2p_tornado_16mib,mrc,3134,0,0,0,0,0,0
asymmetric_p2p_tornado_16mib,mrc,3136,0,0,0,0,0,0
asymmetric_p2p_tornado_16mib,mrc,3138,0,0,0,0,0,0
asymmetric_p2p_tornado_16mib,mrc,3140,0,0,0,0,0,0
asymmetric_p2p_tornado_16mib,mrc,3142,0,0,0,0,0,0
asymmetric_p2p_tornado_16mib,mrc,3144,0,0,0,0,0,0
asymmetric_p2p_tornado_16mib,mrc,3146,0,0,0,0,0,0
asymmetric_p2p_tornado_16mib,mrc,3148,0,0,0,0,0,0
asymmetric_p2p_tornado_16mib,mrc,3150,0,0,0,0,0,0
asymmetric_p2p_tornado_16mib,mrc,3152,0,0,0,0,0,0
asymmetric_p2p_tornado_16mib,mrc,3154,0,0,0,0,0,0
asymmetric_p2p_tornado_16mib,mrc,3156,0,0,0,0,0,0
asymmetric_p2p_tornado_16mib,mrc,3158,0,0,0,0,0,0
asymmetric_p2p_tornado_16mib,mrc,3160,0,0,0,0,0,0
asymmetric_p2p_tornado_16mib,mrc,3162,0,0,0,0,0,0
asymmetric_p2p_tornado_16mib,mrc,3164,0,0,0,0,0,0
asymmetric_p2p_tornado_16mib,mrc,3166,0,0,0,0,0,0
asymmetric_p2p_tornado_16mib,mrc,3168,0,0,0,0,0,0
asymmetric_p2p_tornado_16mib,mrc,3170,0,0,0,0,0,0
asymmetric_p2p_tornado_16mib,mrc,3172,0,0,0,0,0,0
asymmetric_p2p_tornado_16mib,mrc,3174,0,0,0,0,0,0
asymmetric_p2p_tornado_16mib,mrc,3176,0,0,0,0,0,0
asymmetric_p2p_tornado_16mib,mrc,3178,0,0,0,0,0,0
asymmetric_p2p_tornado_16mib,mrc,3180,0,0,0,0,0,0
asymmetric_p2p_tornado_16mib,mrc,3182,0,0,0,0,0,0
asymmetric_p2p_tornado_16mib,mrc,3184,0,0,0,0,0,0
asymmetric_p2p_tornado_16mib,mrc,3186,0,0,0,0,0,0
asymmetric_p2p_tornado_16mib,mrc,3188,0,0,0,0,0,0
asymmetric_p2p_tornado_16mib,mrc,3190,0,0,0,0,0,0
asymmetric_p2p_tornado_16mib,mrc,3192,0,0,0,0,0,0
asymmetric_p2p_tornado_16mib,mrc,3194,0,0,0,0,0,0
asymmetric_p2p_tornado_16mib,mrc,3196,0,0,0,0,0,0
asymmetric_p2p_tornado_16mib,mrc,3198,0,0,0,0,0,0
asymmetric_p2p_tornado_16mib,mrc,3200,0,0,0,0,0,0
asymmetric_p2p_tornado_16mib,mrc,3202,0,0,0,0,0,0
asymmetric_p2p_tornado_16mib,mrc,3204,0,0,0,0,0,0
asymmetric_p2p_tornado_16mib,mrc,3206,0,0,0,0,0,0
asymmetric_p2p_tornado_16mib,mrc,3208,0,0,0,0,0,0
asymmetric_p2p_tornado_16mib,mrc,3210,0,0,0,0,0,0
asymmetric_p2p_tornado_16mib,mrc,3212,0,0,0,0,0,0
asymmetric_p2p_tornado_16mib,mrc,3214,0,0,0,0,0,0
asymmetric_p2p_tornado_16mib,mrc,3216,0,0,0,0,0,0
asymmetric_p2p_tornado_16mib,mrc,3218,0,0,0,0,0,0
asymmetric_p2p_tornado_16mib,mrc,3220,0,0,0,0,0,0
asymmetric_p2p_tornado_16mib,mrc,3222,0,0,0,0,0,0
asymmetric_p2p_tornado_16mib,mrc,3224,0,0,0,0,0,0
asymmetric_p2p_tornado_16mib,mrc,3226,0,0,0,0,0,0
asymmetric_p2p_tornado_16mib,mrc,3228,0,0,0,0,0,0
asymmetric_p2p_tornado_16mib,mrc,3230,0,0,0,0,0,0
asymmetric_p2p_tornado_16mib,mrc,3232,0,0,0,0,0,0
asymmetric_p2p_tornado_16mib,mrc,3234,0,0,0,0,0,0
asymmetric_p2p_tornado_16mib,mrc,3236,0,0,0,0,0,0
asymmetric_p2p_tornado_16mib,mrc,3238,0,0,0,0,0,0
asymmetric_p2p_tornado_16mib,mrc,3240,0,0,0,0,0,0
asymmetric_p2p_tornado_16mib,mrc,3242,0,0,0,0,0,0
asymmetric_p2p_tornado_16mib,mrc,3244,0,0,0,0,0,0
asymmetric_p2p_tornado_16mib,mrc,3246,0,0,0,0,0,0
asymmetric_p2p_tornado_16mib,mrc,3248,0,0,0,0,0,0
asymmetric_p2p_tornado_16mib,mrc,3250,0,0,0,0,0,0
asymmetric_p2p_tornado_16mib,mrc,3252,0,0,0,0,0,0
asymmetric_p2p_tornado_16mib,mrc,3254,0,0,0,0,0,0
asymmetric_p2p_tornado_16mib,mrc,3256,0,0,0,0,0,0
asymmetric_p2p_tornado_16mib,mrc,3258,0,0,0,0,0,0
asymmetric_p2p_tornado_16mib,mrc,3260,0,0,0,0,0,0
asymmetric_p2p_tornado_16mib,mrc,3262,0,0,0,0,0,0
asymmetric_p2p_tornado_16mib,mrc,3264,0,0,0,0,0,0
asymmetric_p2p_tornado_16mib,mrc,3266,0,0,0,0,0,0
asymmetric_p2p_tornado_16mib,mrc,3268,0,0,0,0,0,0
asymmetric_p2p_tornado_16mib,mrc,3270,0,0,0,0,0,0
asymmetric_p2p_tornado_16mib,mrc,3272,0,0,0,0,0,0
asymmetric_p2p_tornado_16mib,mrc,3274,0,0,0,0,0,0
asymmetric_p2p_tornado_16mib,mrc,3276,0,0,0,0,0,0
asymmetric_p2p_tornado_16mib,mrc,3278,0,0,0,0,0,0
asymmetric_p2p_tornado_16mib,mrc,3280,0,0,0,0,0,0
asymmetric_p2p_tornado_16mib,mrc,3282,0,0,0,0,0,0
asymmetric_p2p_tornado_16mib,mrc,3284,0,0,0,0,0,0
asymmetric_p2p_tornado_16mib,mrc,3286,0,0,0,0,0,0
asymmetric_p2p_tornado_16mib,mrc,3288,0,0,0,0,0,0
asymmetric_p2p_tornado_16mib,mrc,3290,0,0,0,0,0,0
asymmetric_p2p_tornado_16mib,mrc,3292,0,0,0,0,0,0
asymmetric_p2p_tornado_16mib,mrc,3294,0,0,0,0,0,0
asymmetric_p2p_tornado_16mib,mrc,3296,0,0,0,0,0,0
asymmetric_p2p_tornado_16mib,mrc,3298,0,0,0,0,0,0
asymmetric_p2p_tornado_16mib,mrc,3300,0,0,0,0,0,0
asymmetric_p2p_tornado_16mib,mrc,3302,0,0,0,0,0,0
asymmetric_p2p_tornado_16mib,mrc,3304,0,0,0,0,0,0
asymmetric_p2p_tornado_16mib,mrc,3306,0,0,0,0,0,0
asymmetric_p2p_tornado_16mib,mrc,3308,0,0,0,0,0,0
asymmetric_p2p_tornado_16mib,mrc,3310,0,0,0,0,0,0
asymmetric_p2p_tornado_16mib,mrc,3312,0,0,0,0,0,0
asymmetric_p2p_tornado_16mib,mrc,3314,0,0,0,0,0,0
asymmetric_p2p_tornado_16mib,mrc,3316,0,0,0,0,0,0
asymmetric_p2p_tornado_16mib,mrc,3318,0,0,0,0,0,0
asymmetric_p2p_tornado_16mib,mrc,3320,0,0,0,0,0,0
asymmetric_p2p_tornado_16mib,mrc,3322,0,0,0,0,0,0
asymmetric_p2p_tornado_16mib,mrc,3324,0,0,0,0,0,0
asymmetric_p2p_tornado_16mib,mrc,3326,0,0,0,0,0,0
asymmetric_p2p_tornado_16mib,mrc,3328,0,0,0,0,0,0
asymmetric_p2p_tornado_16mib,mrc,3330,0,0,0,0,0,0
asymmetric_p2p_tornado_16mib,mrc,3332,0,0,0,0,0,0
asymmetric_p2p_tornado_16mib,mrc,3334,0,0,0,0,0,0
asymmetric_p2p_tornado_16mib,mrc,3336,0,0,0,0,0,0
asymmetric_p2p_tornado_16mib,mrc,3338,0,0,0,0,0,0
asymmetric_p2p_tornado_16mib,mrc,3340,0,0,0,0,0,0
asymmetric_p2p_tornado_16mib,mrc,3342,0,0,0,0,0,0
asymmetric_p2p_tornado_16mib,mrc,3344,0,0,0,0,0,0
asymmetric_p2p_tornado_16mib,mrc,3346,0,0,0,0,0,0
asymmetric_p2p_tornado_16mib,mrc,3348,0,0,0,0,0,0
asymmetric_p2p_tornado_16mib,mrc,3350,0,0,0,0,0,0
asymmetric_p2p_tornado_16mib,mrc,3352,0,0,0,0,0,0
asymmetric_p2p_tornado_16mib,mrc,3354,0,0,0,0,0,0
asymmetric_p2p_tornado_16mib,mrc,3356,0,0,0,0,0,0
asymmetric_p2p_tornado_16mib,mrc,3358,0,0,0,0,0,0
asymmetric_p2p_tornado_16mib,mrc,3360,0,0,0,0,0,0
asymmetric_p2p_tornado_16mib,mrc,3362,0,0,0,0,0,0
asymmetric_p2p_tornado_16mib,mrc,3364,0,0,0,0,0,0
asymmetric_p2p_tornado_16mib,mrc,3366,0,0,0,0,0,0
asymmetric_p2p_tornado_16mib,mrc,3368,0,0,0,0,0,0
asymmetric_p2p_tornado_16mib,mrc,3370,0,0,0,0,0,0
asymmetric_p2p_tornado_16mib,mrc,3372,0,0,0,0,0,0
asymmetric_p2p_tornado_16mib,mrc,3374,0,0,0,0,0,0
asymmetric_p2p_tornado_16mib,mrc,3376,0,0,0,0,0,0
asymmetric_p2p_tornado_16mib,mrc,3378,0,0,0,0,0,0
asymmetric_p2p_tornado_16mib,mrc,3380,0,0,0,0,0,0
asymmetric_p2p_tornado_16mib,mrc,3382,0,0,0,0,0,0
asymmetric_p2p_tornado_16mib,mrc,3384,0,0,0,0,0,0
asymmetric_p2p_tornado_16mib,mrc,3386,0,0,0,0,0,0
asymmetric_p2p_tornado_16mib,mrc,3388,0,0,0,0,0,0
asymmetric_p2p_tornado_16mib,mrc,3390,0,0,0,0,0,0
asymmetric_p2p_tornado_16mib,mrc,3392,0,0,0,0,0,0
asymmetric_p2p_tornado_16mib,mrc,3394,0,0,0,0,0,0
asymmetric_p2p_tornado_16mib,mrc,3396,0,0,0,0,0,0
asymmetric_p2p_tornado_16mib,mrc,3398,0,0,0,0,0,0
asymmetric_p2p_tornado_16mib,mrc,3400,0,0,0,0,0,0
asymmetric_p2p_tornado_16mib,mrc,3402,0,0,0,0,0,0
asymmetric_p2p_tornado_16mib,mrc,3404,0,0,0,0,0,0
asymmetric_p2p_tornado_16mib,mrc,3406,0,0,0,0,0,0
asymmetric_p2p_tornado_16mib,mrc,3408,0,0,0,0,0,0
asymmetric_p2p_tornado_16mib,mrc,3410,0,0,0,0,0,0
asymmetric_p2p_tornado_16mib,mrc,3412,0,0,0,0,0,0
asymmetric_p2p_tornado_16mib,mrc,3414,0,0,0,0,0,0
asymmetric_p2p_tornado_16mib,mrc,3416,0,0,0,0,0,0
asymmetric_p2p_tornado_16mib,mrc,3418,0,0,0,0,0,0
asymmetric_p2p_tornado_16mib,mrc,3420,0,0,0,0,0,0
asymmetric_p2p_tornado_16mib,mrc,3422,0,0,0,0,0,0
asymmetric_p2p_tornado_16mib,mrc,3424,0,0,0,0,0,0
asymmetric_p2p_tornado_16mib,mrc,3426,0,0,0,0,0,0
asymmetric_p2p_tornado_16mib,mrc,3428,0,0,0,0,0,0
asymmetric_p2p_tornado_16mib,mrc,3430,0,0,0,0,0,0
asymmetric_p2p_tornado_16mib,mrc,3432,0,0,0,0,0,0
asymmetric_p2p_tornado_16mib,mrc,3434,0,0,0,0,0,0
asymmetric_p2p_tornado_16mib,mrc,3436,0,0,0,0,0,0
asymmetric_p2p_tornado_16mib,mrc,3438,0,0,0,0,0,0
asymmetric_p2p_tornado_16mib,mrc,3440,0,0,0,0,0,0
asymmetric_p2p_tornado_16mib,mrc,3442,0,0,0,0,0,0
asymmetric_p2p_tornado_16mib,mrc,3444,0,0,0,0,0,0
asymmetric_p2p_tornado_16mib,mrc,3446,0,0,0,0,0,0
asymmetric_p2p_tornado_16mib,mrc,3448,0,0,0,0,0,0
asymmetric_p2p_tornado_16mib,mrc,3450,0,0,0,0,0,0
asymmetric_p2p_tornado_16mib,mrc,3452,0,0,0,0,0,0
asymmetric_p2p_tornado_16mib,mrc,3454,0,0,0,0,0,0
asymmetric_p2p_tornado_16mib,mrc,3456,0,0,0,0,0,0
asymmetric_p2p_tornado_16mib,mrc,3458,0,0,0,0,0,0
asymmetric_p2p_tornado_16mib,mrc,3460,0,0,0,0,0,0
asymmetric_p2p_tornado_16mib,mrc,3462,0,0,0,0,0,0
asymmetric_p2p_tornado_16mib,mrc,3464,0,0,0,0,0,0
asymmetric_p2p_tornado_16mib,mrc,3466,0,0,0,0,0,0
asymmetric_p2p_tornado_16mib,mrc,3468,0,0,0,0,0,0
asymmetric_p2p_tornado_16mib,mrc,3470,0,0,0,0,0,0
asymmetric_p2p_tornado_16mib,mrc,3472,0,0,0,0,0,0
asymmetric_p2p_tornado_16mib,mrc,3474,0,0,0,0,0,0
asymmetric_p2p_tornado_16mib,mrc,3476,0,0,0,0,0,0
asymmetric_p2p_tornado_16mib,mrc,3478,0,0,0,0,0,0
asymmetric_p2p_tornado_16mib,mrc,3480,0,0,0,0,0,0
asymmetric_p2p_tornado_16mib,mrc,3482,0,0,0,0,0,0
asymmetric_p2p_tornado_16mib,mrc,3484,0,0,0,0,0,0
asymmetric_p2p_tornado_16mib,mrc,3486,0,0,0,0,0,0
asymmetric_p2p_tornado_16mib,mrc,3488,0,0,0,0,0,0
asymmetric_p2p_tornado_16mib,mrc,3490,0,0,0,0,0,0
asymmetric_p2p_tornado_16mib,mrc,3492,0,0,0,0,0,0
asymmetric_p2p_tornado_16mib,mrc,3494,0,0,0,0,0,0
asymmetric_p2p_tornado_16mib,mrc,3496,0,0,0,0,0,0
asymmetric_p2p_tornado_16mib,mrc,3498,0,0,0,0,0,0
asymmetric_p2p_tornado_16mib,mrc,3500,0,0,0,0,0,0
asymmetric_p2p_tornado_16mib,mrc,3502,0,0,0,0,0,0
asymmetric_p2p_tornado_16mib,mrc,3504,0,0,0,0,0,0
asymmetric_p2p_tornado_16mib,mrc,3506,0,0,0,0,0,0
asymmetric_p2p_tornado_16mib,mrc,3508,0,0,0,0,0,0
asymmetric_p2p_tornado_16mib,mrc,3510,0,0,0,0,0,0
asymmetric_p2p_tornado_16mib,mrc,3512,0,0,0,0,0,0
asymmetric_p2p_tornado_16mib,mrc,3514,0,0,0,0,0,0
asymmetric_p2p_tornado_16mib,mrc,3516,0,0,0,0,0,0
asymmetric_p2p_tornado_16mib,mrc,3518,0,0,0,0,0,0
asymmetric_p2p_tornado_16mib,mrc,3520,0,0,0,0,0,0
asymmetric_p2p_tornado_16mib,mrc,3522,0,0,0,0,0,0
asymmetric_p2p_tornado_16mib,mrc,3524,0,0,0,0,0,0
asymmetric_p2p_tornado_16mib,mrc,3526,0,0,0,0,0,0
asymmetric_p2p_tornado_16mib,mrc,3528,0,0,0,0,0,0
asymmetric_p2p_tornado_16mib,mrc,3530,0,0,0,0,0,0
asymmetric_p2p_tornado_16mib,mrc,3532,0,0,0,0,0,0
asymmetric_p2p_tornado_16mib,mrc,3534,0,0,0,0,0,0
asymmetric_p2p_tornado_16mib,mrc,3536,0,0,0,0,0,0
asymmetric_p2p_tornado_16mib,mrc,3538,0,0,0,0,0,0
asymmetric_p2p_tornado_16mib,mrc,3540,0,0,0,0,0,0
asymmetric_p2p_tornado_16mib,mrc,3542,0,0,0,0,0,0
asymmetric_p2p_tornado_16mib,mrc,3544,0,0,0,0,0,0
asymmetric_p2p_tornado_16mib,mrc,3546,0,0,0,0,0,0
asymmetric_p2p_tornado_16mib,mrc,3548,0,0,0,0,0,0
asymmetric_p2p_tornado_16mib,mrc,3550,0,0,0,0,0,0
asymmetric_p2p_tornado_16mib,mrc,3552,0,0,0,0,0,0
asymmetric_p2p_tornado_16mib,mrc,3554,0,0,0,0,0,0
asymmetric_p2p_tornado_16mib,mrc,3556,0,0,0,0,0,0
asymmetric_p2p_tornado_16mib,mrc,3558,0,0,0,0,0,0
asymmetric_p2p_tornado_16mib,mrc,3560,0,0,0,0,0,0
asymmetric_p2p_tornado_16mib,mrc,3562,0,0,0,0,0,0
asymmetric_p2p_tornado_16mib,mrc,3564,0,0,0,0,0,0
asymmetric_p2p_tornado_16mib,mrc,3566,0,0,0,0,0,0
asymmetric_p2p_tornado_16mib,mrc,3568,0,0,0,0,0,0
asymmetric_p2p_tornado_16mib,mrc,3570,0,0,0,0,0,0
asymmetric_p2p_tornado_16mib,mrc,3572,0,0,0,0,0,0
asymmetric_p2p_tornado_16mib,mrc,3574,0,0,0,0,0,0
asymmetric_p2p_tornado_16mib,mrc,3576,0,0,0,0,0,0
asymmetric_p2p_tornado_16mib,mrc,3578,0,0,0,0,0,0
asymmetric_p2p_tornado_16mib,mrc,3580,0,0,0,0,0,0
asymmetric_p2p_tornado_16mib,mrc,3582,0,0,0,0,0,0
asymmetric_p2p_tornado_16mib,mrc,3584,0,0,0,0,0,0
asymmetric_p2p_tornado_16mib,mrc,3586,0,0,0,0,0,0
asymmetric_p2p_tornado_16mib,mrc,3588,0,0,0,0,0,0
asymmetric_p2p_tornado_16mib,mrc,3590,0,0,0,0,0,0
asymmetric_p2p_tornado_16mib,mrc,3592,0,0,0,0,0,0
asymmetric_p2p_tornado_16mib,mrc,3594,0,0,0,0,0,0
asymmetric_p2p_tornado_16mib,mrc,3596,0,0,0,0,0,0
asymmetric_p2p_tornado_16mib,mrc,3598,0,0,0,0,0,0
asymmetric_p2p_tornado_16mib,mrc,3600,0,0,0,0,0,0
asymmetric_p2p_tornado_16mib,mrc,3602,0,0,0,0,0,0
asymmetric_p2p_tornado_16mib,mrc,3604,0,0,0,0,0,0
asymmetric_p2p_tornado_16mib,mrc,3606,0,0,0,0,0,0
asymmetric_p2p_tornado_16mib,mrc,3608,0,0,0,0,0,0
asymmetric_p2p_tornado_16mib,mrc,3610,0,0,0,0,0,0
asymmetric_p2p_tornado_16mib,mrc,3612,0,0,0,0,0,0
asymmetric_p2p_tornado_16mib,mrc,3614,0,0,0,0,0,0
asymmetric_p2p_tornado_16mib,mrc,3616,0,0,0,0,0,0
asymmetric_p2p_tornado_16mib,mrc,3618,0,0,0,0,0,0
asymmetric_p2p_tornado_16mib,mrc,3620,0,0,0,0,0,0
asymmetric_p2p_tornado_16mib,mrc,3622,0,0,0,0,0,0
asymmetric_p2p_tornado_16mib,mrc,3624,0,0,0,0,0,0
asymmetric_p2p_tornado_16mib,mrc,3626,0,0,0,0,0,0
asymmetric_p2p_tornado_16mib,mrc,3628,0,0,0,0,0,0
asymmetric_p2p_tornado_16mib,mrc,3630,0,0,0,0,0,0
asymmetric_p2p_tornado_16mib,mrc,3632,0,0,0,0,0,0
asymmetric_p2p_tornado_16mib,mrc,3634,0,0,0,0,0,0
asymmetric_p2p_tornado_16mib,mrc,3636,0,0,0,0,0,0
asymmetric_p2p_tornado_16mib,mrc,3638,0,0,0,0,0,0
asymmetric_p2p_tornado_16mib,mrc,3640,0,0,0,0,0,0
asymmetric_p2p_tornado_16mib,mrc,3642,0,0,0,0,0,0
asymmetric_p2p_tornado_16mib,mrc,3644,0,0,0,0,0,0
asymmetric_p2p_tornado_16mib,mrc,3646,0,0,0,0,0,0
asymmetric_p2p_tornado_16mib,mrc,3648,0,0,0,0,0,0
asymmetric_p2p_tornado_16mib,mrc,3650,0,0,0,0,0,0
asymmetric_p2p_tornado_16mib,mrc,3652,0,0,0,0,0,0
asymmetric_p2p_tornado_16mib,mrc,3654,0,0,0,0,0,0
asymmetric_p2p_tornado_16mib,mrc,3656,0,0,0,0,0,0
asymmetric_p2p_tornado_16mib,mrc,3658,0,0,0,0,0,0
asymmetric_p2p_tornado_16mib,mrc,3660,0,0,0,0,0,0
asymmetric_p2p_tornado_16mib,mrc,3662,0,0,0,0,0,0
asymmetric_p2p_tornado_16mib,mrc,3664,0,0,0,0,0,0
asymmetric_p2p_tornado_16mib,mrc,3666,0,0,0,0,0,0
asymmetric_p2p_tornado_16mib,mrc,3668,0,0,0,0,0,0
asymmetric_p2p_tornado_16mib,mrc,3670,0,0,0,0,0,0
asymmetric_p2p_tornado_16mib,mrc,3672,0,0,0,0,0,0
asymmetric_p2p_tornado_16mib,mrc,3674,0,0,0,0,0,0
asymmetric_p2p_tornado_16mib,mrc,3676,0,0,0,0,0,0
asymmetric_p2p_tornado_16mib,mrc,3678,0,0,0,0,0,0
asymmetric_p2p_tornado_16mib,mrc,3680,0,0,0,0,0,0
asymmetric_p2p_tornado_16mib,mrc,3682,0,0,0,0,0,0
asymmetric_p2p_tornado_16mib,mrc,3684,0,0,0,0,0,0
asymmetric_p2p_tornado_16mib,mrc,3686,0,0,0,0,0,0
asymmetric_p2p_tornado_16mib,mrc,3688,0,0,0,0,0,0
asymmetric_p2p_tornado_16mib,mrc,3690,0,0,0,0,0,0
asymmetric_p2p_tornado_16mib,mrc,3692,0,0,0,0,0,0
asymmetric_p2p_tornado_16mib,mrc,3694,0,0,0,0,0,0
asymmetric_p2p_tornado_16mib,mrc,3696,0,0,0,0,0,0
asymmetric_p2p_tornado_16mib,mrc,3698,0,0,0,0,0,0
asymmetric_p2p_tornado_16mib,mrc,3700,0,0,0,0,0,0
asymmetric_p2p_tornado_16mib,mrc,3702,0,0,0,0,0,0
asymmetric_p2p_tornado_16mib,mrc,3704,0,0,0,0,0,0
asymmetric_p2p_tornado_16mib,mrc,3706,0,0,0,0,0,0
asymmetric_p2p_tornado_16mib,mrc,3708,0,0,0,0,0,0
asymmetric_p2p_tornado_16mib,mrc,3710,0,0,0,0,0,0
asymmetric_p2p_tornado_16mib,mrc,3712,0,0,0,0,0,0
asymmetric_p2p_tornado_16mib,mrc,3714,0,0,0,0,0,0
asymmetric_p2p_tornado_16mib,mrc,3716,0,0,0,0,0,0
asymmetric_p2p_tornado_16mib,mrc,3718,0,0,0,0,0,0
asymmetric_p2p_tornado_16mib,mrc,3720,0,0,0,0,0,0
asymmetric_p2p_tornado_16mib,mrc,3722,0,0,0,0,0,0
asymmetric_p2p_tornado_16mib,mrc,3724,0,0,0,0,0,0
asymmetric_p2p_tornado_16mib,mrc,3726,0,0,0,0,0,0
asymmetric_p2p_tornado_16mib,mrc,3728,0,0,0,0,0,0
asymmetric_p2p_tornado_16mib,mrc,3730,0,0,0,0,0,0
asymmetric_p2p_tornado_16mib,mrc,3732,0,0,0,0,0,0
asymmetric_p2p_tornado_16mib,mrc,3734,0,0,0,0,0,0
asymmetric_p2p_tornado_16mib,mrc,3736,0,0,0,0,0,0
asymmetric_p2p_tornado_16mib,mrc,3738,0,0,0,0,0,0
asymmetric_p2p_tornado_16mib,mrc,3740,0,0,0,0,0,0
asymmetric_p2p_tornado_16mib,mrc,3742,0,0,0,0,0,0
asymmetric_p2p_tornado_16mib,mrc,3744,0,0,0,0,0,0
asymmetric_p2p_tornado_16mib,mrc,3746,0,0,0,0,0,0
asymmetric_p2p_tornado_16mib,mrc,3748,0,0,0,0,0,0
asymmetric_p2p_tornado_16mib,mrc,3750,0,0,0,0,0,0
asymmetric_p2p_tornado_16mib,mrc,3752,0,0,0,0,0,0
asymmetric_p2p_tornado_16mib,mrc,3754,0,0,0,0,0,0
asymmetric_p2p_tornado_16mib,mrc,3756,0,0,0,0,0,0
asymmetric_p2p_tornado_16mib,mrc,3758,0,0,0,0,0,0
asymmetric_p2p_tornado_16mib,mrc,3760,0,0,0,0,0,0
asymmetric_p2p_tornado_16mib,mrc,3762,0,0,0,0,0,0
asymmetric_p2p_tornado_16mib,mrc,3764,0,0,0,0,0,0
asymmetric_p2p_tornado_16mib,mrc,3766,0,0,0,0,0,0
asymmetric_p2p_tornado_16mib,mrc,3768,0,0,0,0,0,0
asymmetric_p2p_tornado_16mib,mrc,3770,0,0,0,0,0,0
asymmetric_p2p_tornado_16mib,mrc,3772,0,0,0,0,0,0
asymmetric_p2p_tornado_16mib,mrc,3774,0,0,0,0,0,0
asymmetric_p2p_tornado_16mib,mrc,3776,0,0,0,0,0,0
asymmetric_p2p_tornado_16mib,mrc,3778,0,0,0,0,0,0
asymmetric_p2p_tornado_16mib,mrc,3780,0,0,0,0,0,0
asymmetric_p2p_tornado_16mib,mrc,3782,0,0,0,0,0,0
asymmetric_p2p_tornado_16mib,mrc,3784,0,0,0,0,0,0
asymmetric_p2p_tornado_16mib,mrc,3786,0,0,0,0,0,0
asymmetric_p2p_tornado_16mib,mrc,3788,0,0,0,0,0,0
asymmetric_p2p_tornado_16mib,mrc,3790,0,0,0,0,0,0
asymmetric_p2p_tornado_16mib,mrc,3792,0,0,0,0,0,0
asymmetric_p2p_tornado_16mib,mrc,3794,0,0,0,0,0,0
asymmetric_p2p_tornado_16mib,mrc,3796,0,0,0,0,0,0
asymmetric_p2p_tornado_16mib,mrc,3798,0,0,0,0,0,0
asymmetric_p2p_tornado_16mib,mrc,3800,0,0,0,0,0,0
asymmetric_p2p_tornado_16mib,mrc,3802,0,0,0,0,0,0
asymmetric_p2p_tornado_16mib,mrc,3804,0,0,0,0,0,0
asymmetric_p2p_tornado_16mib,mrc,3806,0,0,0,0,0,0
asymmetric_p2p_tornado_16mib,mrc,3808,0,0,0,0,0,0
asymmetric_p2p_tornado_16mib,mrc,3810,0,0,0,0,0,0
asymmetric_p2p_tornado_16mib,mrc,3812,0,0,0,0,0,0
asymmetric_p2p_tornado_16mib,mrc,3814,0,0,0,0,0,0
asymmetric_p2p_tornado_16mib,mrc,3816,0,0,0,0,0,0
asymmetric_p2p_tornado_16mib,mrc,3818,0,0,0,0,0,0
asymmetric_p2p_tornado_16mib,mrc,3820,0,0,0,0,0,0
asymmetric_p2p_tornado_16mib,mrc,3822,0,0,0,0,0,0
asymmetric_p2p_tornado_16mib,mrc,3824,0,0,0,0,0,0
asymmetric_p2p_tornado_16mib,mrc,3826,0,0,0,0,0,0
asymmetric_p2p_tornado_16mib,mrc,3828,0,0,0,0,0,0
asymmetric_p2p_tornado_16mib,mrc,3830,0,0,0,0,0,0
asymmetric_p2p_tornado_16mib,mrc,3832,0,0,0,0,0,0
asymmetric_p2p_tornado_16mib,mrc,3834,0,0,0,0,0,0
asymmetric_p2p_tornado_16mib,mrc,3836,0,0,0,0,0,0
asymmetric_p2p_tornado_16mib,mrc,3838,0,0,0,0,0,0
asymmetric_p2p_tornado_16mib,mrc,3840,0,0,0,0,0,0
asymmetric_p2p_tornado_16mib,mrc,3842,0,0,0,0,0,0
asymmetric_p2p_tornado_16mib,mrc,3844,0,0,0,0,0,0
asymmetric_p2p_tornado_16mib,mrc,3846,0,0,0,0,0,0
asymmetric_p2p_tornado_16mib,mrc,3848,0,0,0,0,0,0
asymmetric_p2p_tornado_16mib,mrc,3850,0,0,0,0,0,0
asymmetric_p2p_tornado_16mib,mrc,3852,0,0,0,0,0,0
asymmetric_p2p_tornado_16mib,mrc,3854,0,0,0,0,0,0
asymmetric_p2p_tornado_16mib,mrc,3856,0,0,0,0,0,0
asymmetric_p2p_tornado_16mib,mrc,3858,0,0,0,0,0,0
asymmetric_p2p_tornado_16mib,mrc,3860,0,0,0,0,0,0
asymmetric_p2p_tornado_16mib,mrc,3862,0,0,0,0,0,0
asymmetric_p2p_tornado_16mib,mrc,3864,0,0,0,0,0,0
asymmetric_p2p_tornado_16mib,mrc,3866,0,0,0,0,0,0
asymmetric_p2p_tornado_16mib,mrc,3868,0,0,0,0,0,0
asymmetric_p2p_tornado_16mib,mrc,3870,0,0,0,0,0,0
asymmetric_p2p_tornado_16mib,mrc,3872,0,0,0,0,0,0
asymmetric_p2p_tornado_16mib,mrc,3874,0,0,0,0,0,0
asymmetric_p2p_tornado_16mib,mrc,3876,0,0,0,0,0,0
asymmetric_p2p_tornado_16mib,mrc,3878,0,0,0,0,0,0
asymmetric_p2p_tornado_16mib,mrc,3880,0,0,0,0,0,0
asymmetric_p2p_tornado_16mib,mrc,3882,0,0,0,0,0,0
asymmetric_p2p_tornado_16mib,mrc,3884,0,0,0,0,0,0
asymmetric_p2p_tornado_16mib,mrc,3886,0,0,0,0,0,0
asymmetric_p2p_tornado_16mib,mrc,3888,0,0,0,0,0,0
asymmetric_p2p_tornado_16mib,mrc,3890,0,0,0,0,0,0
asymmetric_p2p_tornado_16mib,mrc,3892,0,0,0,0,0,0
asymmetric_p2p_tornado_16mib,mrc,3894,0,0,0,0,0,0
asymmetric_p2p_tornado_16mib,mrc,3896,0,0,0,0,0,0
asymmetric_p2p_tornado_16mib,mrc,3898,0,0,0,0,0,0
asymmetric_p2p_tornado_16mib,mrc,3900,0,0,0,0,0,0
asymmetric_p2p_tornado_16mib,mrc,3902,0,0,0,0,0,0
asymmetric_p2p_tornado_16mib,mrc,3904,0,0,0,0,0,0
asymmetric_p2p_tornado_16mib,mrc,3906,0,0,0,0,0,0
asymmetric_p2p_tornado_16mib,mrc,3908,0,0,0,0,0,0
asymmetric_p2p_tornado_16mib,mrc,3910,0,0,0,0,0,0
asymmetric_p2p_tornado_16mib,mrc,3912,0,0,0,0,0,0
asymmetric_p2p_tornado_16mib,mrc,3914,0,0,0,0,0,0
asymmetric_p2p_tornado_16mib,mrc,3916,0,0,0,0,0,0
asymmetric_p2p_tornado_16mib,mrc,3918,0,0,0,0,0,0
asymmetric_p2p_tornado_16mib,mrc,3920,0,0,0,0,0,0
asymmetric_p2p_tornado_16mib,mrc,3922,0,0,0,0,0,0
asymmetric_p2p_tornado_16mib,mrc,3924,0,0,0,0,0,0
asymmetric_p2p_tornado_16mib,mrc,3926,0,0,0,0,0,0
asymmetric_p2p_tornado_16mib,mrc,3928,0,0,0,0,0,0
asymmetric_p2p_tornado_16mib,mrc,3930,0,0,0,0,0,0
asymmetric_p2p_tornado_16mib,mrc,3932,0,0,0,0,0,0
asymmetric_p2p_tornado_16mib,mrc,3934,0,0,0,0,0,0
asymmetric_p2p_tornado_16mib,mrc,3936,0,0,0,0,0,0
asymmetric_p2p_tornado_16mib,mrc,3938,0,0,0,0,0,0
asymmetric_p2p_tornado_16mib,mrc,3940,0,0,0,0,0,0
asymmetric_p2p_tornado_16mib,mrc,3942,0,0,0,0,0,0
asymmetric_p2p_tornado_16mib,mrc,3944,0,0,0,0,0,0
asymmetric_p2p_tornado_16mib,mrc,3946,0,0,0,0,0,0
asymmetric_p2p_tornado_16mib,mrc,3948,0,0,0,0,0,0
asymmetric_p2p_tornado_16mib,mrc,3950,0,0,0,0,0,0
asymmetric_p2p_tornado_16mib,mrc,3952,0,0,0,0,0,0
asymmetric_p2p_tornado_16mib,mrc,3954,0,0,0,0,0,0
asymmetric_p2p_tornado_16mib,mrc,3956,0,0,0,0,0,0
asymmetric_p2p_tornado_16mib,mrc,3958,0,0,0,0,0,0
asymmetric_p2p_tornado_16mib,mrc,3960,0,0,0,0,0,0
asymmetric_p2p_tornado_16mib,mrc,3962,0,0,0,0,0,0
asymmetric_p2p_tornado_16mib,mrc,3964,0,0,0,0,0,0
asymmetric_p2p_tornado_16mib,mrc,3966,0,0,0,0,0,0
asymmetric_p2p_tornado_16mib,mrc,3968,0,0,0,0,0,0
asymmetric_p2p_tornado_16mib,mrc,3970,0,0,0,0,0,0
asymmetric_p2p_tornado_16mib,mrc,3972,0,0,0,0,0,0
asymmetric_p2p_tornado_16mib,mrc,3974,0,0,0,0,0,0
asymmetric_p2p_tornado_16mib,mrc,3976,0,0,0,0,0,0
asymmetric_p2p_tornado_16mib,mrc,3978,0,0,0,0,0,0
asymmetric_p2p_tornado_16mib,mrc,3980,0,0,0,0,0,0
asymmetric_p2p_tornado_16mib,mrc,3982,0,0,0,0,0,0
asymmetric_p2p_tornado_16mib,mrc,3984,0,0,0,0,0,0
asymmetric_p2p_tornado_16mib,mrc,3986,0,0,0,0,0,0
asymmetric_p2p_tornado_16mib,mrc,3988,0,0,0,0,0,0
asymmetric_p2p_tornado_16mib,mrc,3990,0,0,0,0,0,0
asymmetric_p2p_tornado_16mib,mrc,3992,0,0,0,0,0,0
asymmetric_p2p_tornado_16mib,mrc,3994,0,0,0,0,0,0
asymmetric_p2p_tornado_16mib,mrc,3996,0,0,0,0,0,0
asymmetric_p2p_tornado_16mib,mrc,3998,0,0,0,0,0,0
asymmetric_p2p_tornado_16mib,mrc,4000,0,0,0,0,0,0
asymmetric_p2p_tornado_16mib,mrc,4002,0,0,0,0,0,0
asymmetric_p2p_tornado_16mib,mrc,4004,0,0,0,0,0,0
asymmetric_p2p_tornado_16mib,mrc,4006,0,0,0,0,0,0
asymmetric_p2p_tornado_16mib,mrc,4008,0,0,0,0,0,0
asymmetric_p2p_tornado_16mib,mrc,4010,0,0,0,0,0,0
asymmetric_p2p_tornado_16mib,mrc,4012,0,0,0,0,0,0
asymmetric_p2p_tornado_16mib,mrc,4014,0,0,0,0,0,0
asymmetric_p2p_tornado_16mib,mrc,4016,0,0,0,0,0,0
asymmetric_p2p_tornado_16mib,mrc,4018,0,0,0,0,0,0
asymmetric_p2p_tornado_16mib,mrc,4020,0,0,0,0,0,0
asymmetric_p2p_tornado_16mib,mrc,4022,0,0,0,0,0,0
asymmetric_p2p_tornado_16mib,mrc,4024,0,0,0,0,0,0
asymmetric_p2p_tornado_16mib,mrc,4026,0,0,0,0,0,0
asymmetric_p2p_tornado_16mib,mrc,4028,0,0,0,0,0,0
asymmetric_p2p_tornado_16mib,mrc,4030,0,0,0,0,0,0
asymmetric_p2p_tornado_16mib,mrc,4032,0,0,0,0,0,0
asymmetric_p2p_tornado_16mib,mrc,4034,0,0,0,0,0,0
asymmetric_p2p_tornado_16mib,mrc,4036,0,0,0,0,0,0
asymmetric_p2p_tornado_16mib,mrc,4038,0,0,0,0,0,0
asymmetric_p2p_tornado_16mib,mrc,4040,0,0,0,0,0,0
asymmetric_p2p_tornado_16mib,mrc,4042,0,0,0,0,0,0
asymmetric_p2p_tornado_16mib,mrc,4044,0,0,0,0,0,0
asymmetric_p2p_tornado_16mib,mrc,4046,0,0,0,0,0,0
asymmetric_p2p_tornado_16mib,mrc,4048,0,0,0,0,0,0
asymmetric_p2p_tornado_16mib,mrc,4050,0,0,0,0,0,0
asymmetric_p2p_tornado_16mib,mrc,4052,0,0,0,0,0,0
asymmetric_p2p_tornado_16mib,mrc,4054,0,0,0,0,0,0
asymmetric_p2p_tornado_16mib,mrc,4056,0,0,0,0,0,0
asymmetric_p2p_tornado_16mib,mrc,4058,0,0,0,0,0,0
asymmetric_p2p_tornado_16mib,mrc,4060,0,0,0,0,0,0
asymmetric_p2p_tornado_16mib,mrc,4062,0,0,0,0,0,0
asymmetric_p2p_tornado_16mib,mrc,4064,0,0,0,0,0,0
asymmetric_p2p_tornado_16mib,mrc,4066,0,0,0,0,0,0
asymmetric_p2p_tornado_16mib,mrc,4068,0,0,0,0,0,0
asymmetric_p2p_tornado_16mib,mrc,4070,0,0,0,0,0,0
asymmetric_p2p_tornado_16mib,mrc,4072,0,0,0,0,0,0
asymmetric_p2p_tornado_16mib,mrc,4074,0,0,0,0,0,0
asymmetric_p2p_tornado_16mib,mrc,4076,0,0,0,0,0,0
asymmetric_p2p_tornado_16mib,mrc,4078,0,0,0,0,0,0
asymmetric_p2p_tornado_16mib,mrc,4080,0,0,0,0,0,0
asymmetric_p2p_tornado_16mib,mrc,4082,0,0,0,0,0,0
asymmetric_p2p_tornado_16mib,mrc,4084,0,0,0,0,0,0
asymmetric_p2p_tornado_16mib,mrc,4086,0,0,0,0,0,0
asymmetric_p2p_tornado_16mib,mrc,4088,0,0,0,0,0,0
asymmetric_p2p_tornado_16mib,mrc,4090,0,0,0,0,0,0
asymmetric_p2p_tornado_16mib,mrc,4092,0,0,0,0,0,0
asymmetric_p2p_tornado_16mib,mrc,4094,0,0,0,0,0,0
asymmetric_p2p_tornado_16mib,mrc,4096,0,0,0,0,0,0
asymmetric_p2p_tornado_16mib,mrc,4098,0,0,0,0,0,0
asymmetric_p2p_tornado_16mib,mrc,4100,0,0,0,0,0,0
asymmetric_p2p_tornado_16mib,mrc,4102,0,0,0,0,0,0
asymmetric_p2p_tornado_16mib,mrc,4104,0,0,0,0,0,0
asymmetric_p2p_tornado_16mib,mrc,4106,0,0,0,0,0,0
asymmetric_p2p_tornado_16mib,mrc,4108,0,0,0,0,0,0
asymmetric_p2p_tornado_16mib,mrc,4110,0,0,0,0,0,0
asymmetric_p2p_tornado_16mib,mrc,4112,0,0,0,0,0,0
asymmetric_p2p_tornado_16mib,mrc,4114,0,0,0,0,0,0
asymmetric_p2p_tornado_16mib,mrc,4116,0,0,0,0,0,0
asymmetric_p2p_tornado_16mib,mrc,4118,0,0,0,0,0,0
asymmetric_p2p_tornado_16mib,mrc,4120,0,0,0,0,0,0
asymmetric_p2p_tornado_16mib,mrc,4122,0,0,0,0,0,0
asymmetric_p2p_tornado_16mib,mrc,4124,0,0,0,0,0,0
asymmetric_p2p_tornado_16mib,mrc,4126,0,0,0,0,0,0
asymmetric_p2p_tornado_16mib,mrc,4128,0,0,0,0,0,0
asymmetric_p2p_tornado_16mib,mrc,4130,0,0,0,0,0,0
asymmetric_p2p_tornado_16mib,mrc,4132,0,0,0,0,0,0
asymmetric_p2p_tornado_16mib,mrc,4134,0,0,0,0,0,0
asymmetric_p2p_tornado_16mib,mrc,4136,0,0,0,0,0,0
asymmetric_p2p_tornado_16mib,mrc,4138,0,0,0,0,0,0
asymmetric_p2p_tornado_16mib,mrc,4140,0,0,0,0,0,0
asymmetric_p2p_tornado_16mib,mrc,4142,0,0,0,0,0,0
asymmetric_p2p_tornado_16mib,mrc,4144,0,0,0,0,0,0
asymmetric_p2p_tornado_16mib,mrc,4146,0,0,0,0,0,0
asymmetric_p2p_tornado_16mib,mrc,4148,0,0,0,0,0,0
asymmetric_p2p_tornado_16mib,mrc,4150,0,0,0,0,0,0
asymmetric_p2p_tornado_16mib,mrc,4152,0,0,0,0,0,0
asymmetric_p2p_tornado_16mib,mrc,4154,0,0,0,0,0,0
asymmetric_p2p_tornado_16mib,mrc,4156,0,0,0,0,0,0
asymmetric_p2p_tornado_16mib,mrc,4158,0,0,0,0,0,0
asymmetric_p2p_tornado_16mib,mrc,4160,0,0,0,0,0,0
asymmetric_p2p_tornado_16mib,mrc,4162,0,0,0,0,0,0
asymmetric_p2p_tornado_16mib,mrc,4164,0,0,0,0,0,0
asymmetric_p2p_tornado_16mib,mrc,4166,0,0,0,0,0,0
asymmetric_p2p_tornado_16mib,mrc,4168,0,0,0,0,0,0
asymmetric_p2p_tornado_16mib,mrc,4170,0,0,0,0,0,0
asymmetric_p2p_tornado_16mib,mrc,4172,0,0,0,0,0,0
asymmetric_p2p_tornado_16mib,mrc,4174,0,0,0,0,0,0
asymmetric_p2p_tornado_16mib,mrc,4176,0,0,0,0,0,0
asymmetric_p2p_tornado_16mib,mrc,4178,0,0,0,0,0,0
asymmetric_p2p_tornado_16mib,mrc,4180,0,0,0,0,0,0
asymmetric_p2p_tornado_16mib,mrc,4182,0,0,0,0,0,0
asymmetric_p2p_tornado_16mib,mrc,4184,0,0,0,0,0,0
asymmetric_p2p_tornado_16mib,mrc,4186,0,0,0,0,0,0
asymmetric_p2p_tornado_16mib,mrc,4188,0,0,0,0,0,0
asymmetric_p2p_tornado_16mib,mrc,4190,0,0,0,0,0,0
asymmetric_p2p_tornado_16mib,mrc,4192,0,0,0,0,0,0
asymmetric_p2p_tornado_16mib,mrc,4194,0,0,0,0,0,0
asymmetric_p2p_tornado_16mib,mrc,4196,0,0,0,0,0,0
asymmetric_p2p_tornado_16mib,mrc,4198,0,0,0,0,0,0
asymmetric_p2p_tornado_16mib,mrc,4200,0,0,0,0,0,0
asymmetric_p2p_tornado_16mib,mrc,4202,0,0,0,0,0,0
asymmetric_p2p_tornado_16mib,mrc,4204,0,0,0,0,0,0
asymmetric_p2p_tornado_16mib,mrc,4206,0,0,0,0,0,0
asymmetric_p2p_tornado_16mib,mrc,4208,0,0,0,0,0,0
asymmetric_p2p_tornado_16mib,mrc,4210,0,0,0,0,0,0
asymmetric_p2p_tornado_16mib,mrc,4212,0,0,0,0,0,0
asymmetric_p2p_tornado_16mib,mrc,4214,0,0,0,0,0,0
asymmetric_p2p_tornado_16mib,mrc,4216,0,0,0,0,0,0
asymmetric_p2p_tornado_16mib,mrc,4218,0,0,0,0,0,0
asymmetric_p2p_tornado_16mib,mrc,4220,0,0,0,0,0,0
asymmetric_p2p_tornado_16mib,mrc,4222,0,0,0,0,0,0
asymmetric_p2p_tornado_16mib,mrc,4224,0,0,0,0,0,0
asymmetric_p2p_tornado_16mib,mrc,4226,0,0,0,0,0,0
asymmetric_p2p_tornado_16mib,mrc,4228,0,0,0,0,0,0
asymmetric_p2p_tornado_16mib,mrc,4230,0,0,0,0,0,0
asymmetric_p2p_tornado_16mib,mrc,4232,0,0,0,0,0,0
asymmetric_p2p_tornado_16mib,mrc,4234,0,0,0,0,0,0
asymmetric_p2p_tornado_16mib,mrc,4236,0,0,0,0,0,0
asymmetric_p2p_tornado_16mib,mrc,4238,0,0,0,0,0,0
asymmetric_p2p_tornado_16mib,mrc,4240,0,0,0,0,0,0
asymmetric_p2p_tornado_16mib,mrc,4242,0,0,0,0,0,0
asymmetric_p2p_tornado_16mib,mrc,4244,0,0,0,0,0,0
asymmetric_p2p_tornado_16mib,mrc,4246,0,0,0,0,0,0
asymmetric_p2p_tornado_16mib,mrc,4248,0,0,0,0,0,0
asymmetric_p2p_tornado_16mib,mrc,4250,0,0,0,0,0,0
asymmetric_p2p_tornado_16mib,mrc,4252,0,0,0,0,0,0
asymmetric_p2p_tornado_16mib,mrc,4254,0,0,0,0,0,0
asymmetric_p2p_tornado_16mib,mrc,4256,0,0,0,0,0,0
asymmetric_p2p_tornado_16mib,mrc,4258,0,0,0,0,0,0
asymmetric_p2p_tornado_16mib,mrc,4260,0,0,0,0,0,0
asymmetric_p2p_tornado_16mib,mrc,4262,0,0,0,0,0,0
asymmetric_p2p_tornado_16mib,mrc,4264,0,0,0,0,0,0
asymmetric_p2p_tornado_16mib,mrc,4266,0,0,0,0,0,0
asymmetric_p2p_tornado_16mib,mrc,4268,0,0,0,0,0,0
asymmetric_p2p_tornado_16mib,mrc,4270,0,0,0,0,0,0
asymmetric_p2p_tornado_16mib,mrc,4272,0,0,0,0,0,0
asymmetric_p2p_tornado_16mib,mrc,4274,0,0,0,0,0,0
asymmetric_p2p_tornado_16mib,mrc,4276,0,0,0,0,0,0
asymmetric_p2p_tornado_16mib,mrc,4278,0,0,0,0,0,0
asymmetric_p2p_tornado_16mib,mrc,4280,0,0,0,0,0,0
asymmetric_p2p_tornado_16mib,mrc,4282,0,0,0,0,0,0
asymmetric_p2p_tornado_16mib,mrc,4284,0,0,0,0,0,0
asymmetric_p2p_tornado_16mib,mrc,4286,0,0,0,0,0,0
asymmetric_p2p_tornado_16mib,mrc,4288,0,0,0,0,0,0
asymmetric_p2p_tornado_16mib,mrc,4290,0,0,0,0,0,0
asymmetric_p2p_tornado_16mib,mrc,4292,0,0,0,0,0,0
asymmetric_p2p_tornado_16mib,mrc,4294,0,0,0,0,0,0
asymmetric_p2p_tornado_16mib,mrc,4296,0,0,0,0,0,0
asymmetric_p2p_tornado_16mib,mrc,4298,0,0,0,0,0,0
asymmetric_p2p_tornado_16mib,mrc,4300,0,0,0,0,0,0
asymmetric_p2p_tornado_16mib,mrc,4302,0,0,0,0,0,0
asymmetric_p2p_tornado_16mib,mrc,4304,0,0,0,0,0,0
asymmetric_p2p_tornado_16mib,mrc,4306,0,0,0,0,0,0
asymmetric_p2p_tornado_16mib,mrc,4308,0,0,0,0,0,0
asymmetric_p2p_tornado_16mib,mrc,4310,0,0,0,0,0,0
asymmetric_p2p_tornado_16mib,mrc,4312,0,0,0,0,0,0
asymmetric_p2p_tornado_16mib,mrc,4314,0,0,0,0,0,0
asymmetric_p2p_tornado_16mib,mrc,4316,0,0,0,0,0,0
asymmetric_p2p_tornado_16mib,mrc,4318,0,0,0,0,0,0
asymmetric_p2p_tornado_16mib,mrc,4320,0,0,0,0,0,0
asymmetric_p2p_tornado_16mib,mrc,4322,0,0,0,0,0,0
asymmetric_p2p_tornado_16mib,mrc,4324,0,0,0,0,0,0
asymmetric_p2p_tornado_16mib,mrc,4326,0,0,0,0,0,0
asymmetric_p2p_tornado_16mib,mrc,4328,0,0,0,0,0,0
asymmetric_p2p_tornado_16mib,mrc,4330,0,0,0,0,0,0
asymmetric_p2p_tornado_16mib,mrc,4332,0,0,0,0,0,0
asymmetric_p2p_tornado_16mib,mrc,4334,0,0,0,0,0,0
asymmetric_p2p_tornado_16mib,mrc,4336,0,0,0,0,0,0
asymmetric_p2p_tornado_16mib,mrc,4338,0,0,0,0,0,0
asymmetric_p2p_tornado_16mib,mrc,4340,0,0,0,0,0,0
asymmetric_p2p_tornado_16mib,mrc,4342,0,0,0,0,0,0
asymmetric_p2p_tornado_16mib,mrc,4344,0,0,0,0,0,0
asymmetric_p2p_tornado_16mib,mrc,4346,0,0,0,0,0,0
asymmetric_p2p_tornado_16mib,mrc,4348,0,0,0,0,0,0
asymmetric_p2p_tornado_16mib,mrc,4350,0,0,0,0,0,0
asymmetric_p2p_tornado_16mib,mrc,4352,0,0,0,0,0,0
asymmetric_p2p_tornado_16mib,mrc,4354,0,0,0,0,0,0
asymmetric_p2p_tornado_16mib,mrc,4356,0,0,0,0,0,0
asymmetric_p2p_tornado_16mib,mrc,4358,0,0,0,0,0,0
asymmetric_p2p_tornado_16mib,mrc,4360,0,0,0,0,0,0
asymmetric_p2p_tornado_16mib,mrc,4362,0,0,0,0,0,0
asymmetric_p2p_tornado_16mib,mrc,4364,0,0,0,0,0,0
asymmetric_p2p_tornado_16mib,mrc,4366,0,0,0,0,0,0
asymmetric_p2p_tornado_16mib,mrc,4368,0,0,0,0,0,0
asymmetric_p2p_tornado_16mib,mrc,4370,0,0,0,0,0,0
asymmetric_p2p_tornado_16mib,mrc,4372,0,0,0,0,0,0
asymmetric_p2p_tornado_16mib,mrc,4374,0,0,0,0,0,0
asymmetric_p2p_tornado_16mib,mrc,4376,0,0,0,0,0,0
asymmetric_p2p_tornado_16mib,mrc,4378,0,0,0,0,0,0
asymmetric_p2p_tornado_16mib,mrc,4380,0,0,0,0,0,0
asymmetric_p2p_tornado_16mib,mrc,4382,0,0,0,0,0,0
asymmetric_p2p_tornado_16mib,mrc,4384,0,0,0,0,0,0
asymmetric_p2p_tornado_16mib,mrc,4386,0,0,0,0,0,0
asymmetric_p2p_tornado_16mib,mrc,4388,0,0,0,0,0,0
asymmetric_p2p_tornado_16mib,mrc,4390,0,0,0,0,0,0
asymmetric_p2p_tornado_16mib,mrc,4392,0,0,0,0,0,0
asymmetric_p2p_tornado_16mib,mrc,4394,0,0,0,0,0,0
asymmetric_p2p_tornado_16mib,mrc,4396,0,0,0,0,0,0
asymmetric_p2p_tornado_16mib,mrc,4398,0,0,0,0,0,0
asymmetric_p2p_tornado_16mib,mrc,4400,0,0,0,0,0,0
asymmetric_p2p_tornado_16mib,mrc,4402,0,0,0,0,0,0
asymmetric_p2p_tornado_16mib,mrc,4404,0,0,0,0,0,0
asymmetric_p2p_tornado_16mib,mrc,4406,0,0,0,0,0,0
asymmetric_p2p_tornado_16mib,mrc,4408,0,0,0,0,0,0
asymmetric_p2p_tornado_16mib,mrc,4410,0,0,0,0,0,0
asymmetric_p2p_tornado_16mib,mrc,4412,0,0,0,0,0,0
asymmetric_p2p_tornado_16mib,mrc,4414,0,0,0,0,0,0
asymmetric_p2p_tornado_16mib,mrc,4416,0,0,0,0,0,0
asymmetric_p2p_tornado_16mib,mrc,4418,0,0,0,0,0,0
asymmetric_p2p_tornado_16mib,mrc,4420,0,0,0,0,0,0
asymmetric_p2p_tornado_16mib,mrc,4422,0,0,0,0,0,0
asymmetric_p2p_tornado_16mib,mrc,4424,0,0,0,0,0,0
asymmetric_p2p_tornado_16mib,mrc,4426,0,0,0,0,0,0
asymmetric_p2p_tornado_16mib,mrc,4428,0,0,0,0,0,0
asymmetric_p2p_tornado_16mib,mrc,4430,0,0,0,0,0,0
asymmetric_p2p_tornado_16mib,mrc,4432,0,0,0,0,0,0
asymmetric_p2p_tornado_16mib,mrc,4434,0,0,0,0,0,0
asymmetric_p2p_tornado_16mib,mrc,4436,0,0,0,0,0,0
asymmetric_p2p_tornado_16mib,mrc,4438,0,0,0,0,0,0
asymmetric_p2p_tornado_16mib,mrc,4440,0,0,0,0,0,0
asymmetric_p2p_tornado_16mib,mrc,4442,0,0,0,0,0,0
asymmetric_p2p_tornado_16mib,mrc,4444,0,0,0,0,0,0
asymmetric_p2p_tornado_16mib,mrc,4446,0,0,0,0,0,0
asymmetric_p2p_tornado_16mib,mrc,4448,0,0,0,0,0,0
asymmetric_p2p_tornado_16mib,mrc,4450,0,0,0,0,0,0
asymmetric_p2p_tornado_16mib,mrc,4452,0,0,0,0,0,0
asymmetric_p2p_tornado_16mib,mrc,4454,0,0,0,0,0,0
asymmetric_p2p_tornado_16mib,mrc,4456,0,0,0,0,0,0
asymmetric_p2p_tornado_16mib,mrc,4458,0,0,0,0,0,0
asymmetric_p2p_tornado_16mib,mrc,4460,0,0,0,0,0,0
asymmetric_p2p_tornado_16mib,mrc,4462,0,0,0,0,0,0
asymmetric_p2p_tornado_16mib,mrc,4464,0,0,0,0,0,0
asymmetric_p2p_tornado_16mib,mrc,4466,0,0,0,0,0,0
asymmetric_p2p_tornado_16mib,mrc,4468,0,0,0,0,0,0
asymmetric_p2p_tornado_16mib,mrc,4470,0,0,0,0,0,0
asymmetric_p2p_tornado_16mib,mrc,4472,0,0,0,0,0,0
asymmetric_p2p_tornado_16mib,mrc,4474,0,0,0,0,0,0
asymmetric_p2p_tornado_16mib,mrc,4476,0,0,0,0,0,0
asymmetric_p2p_tornado_16mib,mrc,4478,0,0,0,0,0,0
asymmetric_p2p_tornado_16mib,mrc,4480,0,0,0,0,0,0
asymmetric_p2p_tornado_16mib,mrc,4482,0,0,0,0,0,0
asymmetric_p2p_tornado_16mib,mrc,4484,0,0,0,0,0,0
asymmetric_p2p_tornado_16mib,mrc,4486,0,0,0,0,0,0
asymmetric_p2p_tornado_16mib,mrc,4488,0,0,0,0,0,0
asymmetric_p2p_tornado_16mib,mrc,4490,0,0,0,0,0,0
asymmetric_p2p_tornado_16mib,mrc,4492,0,0,0,0,0,0
asymmetric_p2p_tornado_16mib,mrc,4494,0,0,0,0,0,0
asymmetric_p2p_tornado_16mib,mrc,4496,0,0,0,0,0,0
asymmetric_p2p_tornado_16mib,mrc,4498,0,0,0,0,0,0
asymmetric_p2p_tornado_16mib,mrc,4500,0,0,0,0,0,0
asymmetric_p2p_tornado_16mib,mrc,4502,0,0,0,0,0,0
asymmetric_p2p_tornado_16mib,mrc,4504,0,0,0,0,0,0
asymmetric_p2p_tornado_16mib,mrc,4506,0,0,0,0,0,0
asymmetric_p2p_tornado_16mib,mrc,4508,0,0,0,0,0,0
asymmetric_p2p_tornado_16mib,mrc,4510,0,0,0,0,0,0
asymmetric_p2p_tornado_16mib,mrc,4512,0,0,0,0,0,0
asymmetric_p2p_tornado_16mib,mrc,4514,0,0,0,0,0,0
asymmetric_p2p_tornado_16mib,mrc,4516,0,0,0,0,0,0
asymmetric_p2p_tornado_16mib,mrc,4518,0,0,0,0,0,0
asymmetric_p2p_tornado_16mib,mrc,4520,0,0,0,0,0,0
asymmetric_p2p_tornado_16mib,mrc,4522,0,0,0,0,0,0
asymmetric_p2p_tornado_16mib,mrc,4524,0,0,0,0,0,0
asymmetric_p2p_tornado_16mib,mrc,4526,0,0,0,0,0,0
asymmetric_p2p_tornado_16mib,mrc,4528,0,0,0,0,0,0
asymmetric_p2p_tornado_16mib,mrc,4530,0,0,0,0,0,0
asymmetric_p2p_tornado_16mib,mrc,4532,0,0,0,0,0,0
asymmetric_p2p_tornado_16mib,mrc,4534,0,0,0,0,0,0
asymmetric_p2p_tornado_16mib,mrc,4536,0,0,0,0,0,0
asymmetric_p2p_tornado_16mib,mrc,4538,0,0,0,0,0,0
asymmetric_p2p_tornado_16mib,mrc,4540,0,0,0,0,0,0
asymmetric_p2p_tornado_16mib,mrc,4542,0,0,0,0,0,0
asymmetric_p2p_tornado_16mib,mrc,4544,0,0,0,0,0,0
asymmetric_p2p_tornado_16mib,mrc,4546,0,0,0,0,0,0
asymmetric_p2p_tornado_16mib,mrc,4548,0,0,0,0,0,0
asymmetric_p2p_tornado_16mib,mrc,4550,0,0,0,0,0,0
asymmetric_p2p_tornado_16mib,mrc,4552,0,0,0,0,0,0
asymmetric_p2p_tornado_16mib,mrc,4554,0,0,0,0,0,0
asymmetric_p2p_tornado_16mib,mrc,4556,0,0,0,0,0,0
asymmetric_p2p_tornado_16mib,mrc,4558,0,0,0,0,0,0
asymmetric_p2p_tornado_16mib,mrc,4560,0,0,0,0,0,0
asymmetric_p2p_tornado_16mib,mrc,4562,0,0,0,0,0,0
asymmetric_p2p_tornado_16mib,mrc,4564,0,0,0,0,0,0
asymmetric_p2p_tornado_16mib,mrc,4566,0,0,0,0,0,0
asymmetric_p2p_tornado_16mib,mrc,4568,0,0,0,0,0,0
asymmetric_p2p_tornado_16mib,mrc,4570,0,0,0,0,0,0
asymmetric_p2p_tornado_16mib,mrc,4572,0,0,0,0,0,0
asymmetric_p2p_tornado_16mib,mrc,4574,0,0,0,0,0,0
asymmetric_p2p_tornado_16mib,mrc,4576,0,0,0,0,0,0
asymmetric_p2p_tornado_16mib,mrc,4578,0,0,0,0,0,0
asymmetric_p2p_tornado_16mib,mrc,4580,0,0,0,0,0,0
asymmetric_p2p_tornado_16mib,mrc,4582,0,0,0,0,0,0
asymmetric_p2p_tornado_16mib,mrc,4584,0,0,0,0,0,0
asymmetric_p2p_tornado_16mib,mrc,4586,0,0,0,0,0,0
asymmetric_p2p_tornado_16mib,mrc,4588,0,0,0,0,0,0
asymmetric_p2p_tornado_16mib,mrc,4590,0,0,0,0,0,0
asymmetric_p2p_tornado_16mib,mrc,4592,0,0,0,0,0,0
asymmetric_p2p_tornado_16mib,mrc,4594,0,0,0,0,0,0
asymmetric_p2p_tornado_16mib,mrc,4596,0,0,0,0,0,0
asymmetric_p2p_tornado_16mib,mrc,4598,0,0,0,0,0,0
asymmetric_p2p_tornado_16mib,mrc,4600,0,0,0,0,0,0
asymmetric_p2p_tornado_16mib,mrc,4602,0,0,0,0,0,0
asymmetric_p2p_tornado_16mib,mrc,4604,0,0,0,0,0,0
asymmetric_p2p_tornado_16mib,mrc,4606,0,0,0,0,0,0
asymmetric_p2p_tornado_16mib,mrc,4608,0,0,0,0,0,0
asymmetric_p2p_tornado_16mib,mrc,4610,0,0,0,0,0,0
asymmetric_p2p_tornado_16mib,mrc,4612,0,0,0,0,0,0
asymmetric_p2p_tornado_16mib,mrc,4614,0,0,0,0,0,0
asymmetric_p2p_tornado_16mib,mrc,4616,0,0,0,0,0,0
asymmetric_p2p_tornado_16mib,mrc,4618,0,0,0,0,0,0
asymmetric_p2p_tornado_16mib,mrc,4620,0,0,0,0,0,0
asymmetric_p2p_tornado_16mib,mrc,4622,0,0,0,0,0,0
asymmetric_p2p_tornado_16mib,mrc,4624,0,0,0,0,0,0
asymmetric_p2p_tornado_16mib,mrc,4626,0,0,0,0,0,0
asymmetric_p2p_tornado_16mib,mrc,4628,0,0,0,0,0,0
asymmetric_p2p_tornado_16mib,mrc,4630,0,0,0,0,0,0
asymmetric_p2p_tornado_16mib,mrc,4632,0,0,0,0,0,0
asymmetric_p2p_tornado_16mib,mrc,4634,0,0,0,0,0,0
asymmetric_p2p_tornado_16mib,mrc,4636,0,0,0,0,0,0
asymmetric_p2p_tornado_16mib,mrc,4638,0,0,0,0,0,0
asymmetric_p2p_tornado_16mib,mrc,4640,0,0,0,0,0,0
asymmetric_p2p_tornado_16mib,mrc,4642,0,0,0,0,0,0
asymmetric_p2p_tornado_16mib,mrc,4644,0,0,0,0,0,0
asymmetric_p2p_tornado_16mib,mrc,4646,0,0,0,0,0,0
asymmetric_p2p_tornado_16mib,mrc,4648,0,0,0,0,0,0
asymmetric_p2p_tornado_16mib,mrc,4650,0,0,0,0,0,0
asymmetric_p2p_tornado_16mib,mrc,4652,0,0,0,0,0,0
asymmetric_p2p_tornado_16mib,mrc,4654,0,0,0,0,0,0
asymmetric_p2p_tornado_16mib,mrc,4656,0,0,0,0,0,0
asymmetric_p2p_tornado_16mib,mrc,4658,0,0,0,0,0,0
asymmetric_p2p_tornado_16mib,mrc,4660,0,0,0,0,0,0
asymmetric_p2p_tornado_16mib,mrc,4662,0,0,0,0,0,0
asymmetric_p2p_tornado_16mib,mrc,4664,0,0,0,0,0,0
asymmetric_p2p_tornado_16mib,mrc,4666,0,0,0,0,0,0
asymmetric_p2p_tornado_16mib,mrc,4668,0,0,0,0,0,0
asymmetric_p2p_tornado_16mib,mrc,4670,0,0,0,0,0,0
asymmetric_p2p_tornado_16mib,mrc,4672,0,0,0,0,0,0
asymmetric_p2p_tornado_16mib,mrc,4674,0,0,0,0,0,0
asymmetric_p2p_tornado_16mib,mrc,4676,0,0,0,0,0,0
asymmetric_p2p_tornado_16mib,mrc,4678,0,0,0,0,0,0
asymmetric_p2p_tornado_16mib,mrc,4680,0,0,0,0,0,0
asymmetric_p2p_tornado_16mib,mrc,4682,0,0,0,0,0,0
asymmetric_p2p_tornado_16mib,mrc,4684,0,0,0,0,0,0
asymmetric_p2p_tornado_16mib,mrc,4686,0,0,0,0,0,0
asymmetric_p2p_tornado_16mib,mrc,4688,0,0,0,0,0,0
asymmetric_p2p_tornado_16mib,mrc,4690,0,0,0,0,0,0
asymmetric_p2p_tornado_16mib,mrc,4692,0,0,0,0,0,0
asymmetric_p2p_tornado_16mib,mrc,4694,0,0,0,0,0,0
asymmetric_p2p_tornado_16mib,mrc,4696,0,0,0,0,0,0
asymmetric_p2p_tornado_16mib,mrc,4698,0,0,0,0,0,0
asymmetric_p2p_tornado_16mib,mrc,4700,0,0,0,0,0,0
asymmetric_p2p_tornado_16mib,mrc,4702,0,0,0,0,0,0
asymmetric_p2p_tornado_16mib,mrc,4704,0,0,0,0,0,0
asymmetric_p2p_tornado_16mib,mrc,4706,0,0,0,0,0,0
asymmetric_p2p_tornado_16mib,mrc,4708,0,0,0,0,0,0
asymmetric_p2p_tornado_16mib,mrc,4710,0,0,0,0,0,0
asymmetric_p2p_tornado_16mib,mrc,4712,0,0,0,0,0,0
asymmetric_p2p_tornado_16mib,mrc,4714,0,0,0,0,0,0
asymmetric_p2p_tornado_16mib,mrc,4716,0,0,0,0,0,0
asymmetric_p2p_tornado_16mib,mrc,4718,0,0,0,0,0,0
asymmetric_p2p_tornado_16mib,mrc,4720,0,0,0,0,0,0
asymmetric_p2p_tornado_16mib,mrc,4722,0,0,0,0,0,0
asymmetric_p2p_tornado_16mib,mrc,4724,0,0,0,0,0,0
asymmetric_p2p_tornado_16mib,mrc,4726,0,0,0,0,0,0
asymmetric_p2p_tornado_16mib,mrc,4728,0,0,0,0,0,0
asymmetric_p2p_tornado_16mib,mrc,4730,0,0,0,0,0,0
asymmetric_p2p_tornado_16mib,mrc,4732,0,0,0,0,0,0
asymmetric_p2p_tornado_16mib,mrc,4734,0,0,0,0,0,0
asymmetric_p2p_tornado_16mib,mrc,4736,0,0,0,0,0,0
asymmetric_p2p_tornado_16mib,mrc,4738,0,0,0,0,0,0
asymmetric_p2p_tornado_16mib,mrc,4740,0,0,0,0,0,0
asymmetric_p2p_tornado_16mib,mrc,4742,0,0,0,0,0,0
asymmetric_p2p_tornado_16mib,mrc,4744,0,0,0,0,0,0
asymmetric_p2p_tornado_16mib,mrc,4746,0,0,0,0,0,0
asymmetric_p2p_tornado_16mib,mrc,4748,0,0,0,0,0,0
asymmetric_p2p_tornado_16mib,mrc,4750,0,0,0,0,0,0
asymmetric_p2p_tornado_16mib,mrc,4752,0,0,0,0,0,0
asymmetric_p2p_tornado_16mib,mrc,4754,0,0,0,0,0,0
asymmetric_p2p_tornado_16mib,mrc,4756,0,0,0,0,0,0
asymmetric_p2p_tornado_16mib,mrc,4758,0,0,0,0,0,0
asymmetric_p2p_tornado_16mib,mrc,4760,0,0,0,0,0,0
asymmetric_p2p_tornado_16mib,mrc,4762,0,0,0,0,0,0
asymmetric_p2p_tornado_16mib,mrc,4764,0,0,0,0,0,0
asymmetric_p2p_tornado_16mib,mrc,4766,0,0,0,0,0,0
asymmetric_p2p_tornado_16mib,mrc,4768,0,0,0,0,0,0
asymmetric_p2p_tornado_16mib,mrc,4770,0,0,0,0,0,0
asymmetric_p2p_tornado_16mib,mrc,4772,0,0,0,0,0,0
asymmetric_p2p_tornado_16mib,mrc,4774,0,0,0,0,0,0
asymmetric_p2p_tornado_16mib,mrc,4776,0,0,0,0,0,0
asymmetric_p2p_tornado_16mib,mrc,4778,0,0,0,0,0,0
asymmetric_p2p_tornado_16mib,mrc,4780,0,0,0,0,0,0
asymmetric_p2p_tornado_16mib,mrc,4782,0,0,0,0,0,0
asymmetric_p2p_tornado_16mib,mrc,4784,0,0,0,0,0,0
asymmetric_p2p_tornado_16mib,mrc,4786,0,0,0,0,0,0
asymmetric_p2p_tornado_16mib,mrc,4788,0,0,0,0,0,0
asymmetric_p2p_tornado_16mib,mrc,4790,0,0,0,0,0,0
asymmetric_p2p_tornado_16mib,mrc,4792,0,0,0,0,0,0
asymmetric_p2p_tornado_16mib,mrc,4794,0,0,0,0,0,0
asymmetric_p2p_tornado_16mib,mrc,4796,0,0,0,0,0,0
asymmetric_p2p_tornado_16mib,mrc,4798,0,0,0,0,0,0
asymmetric_p2p_tornado_16mib,mrc,4800,0,0,0,0,0,0
asymmetric_p2p_tornado_16mib,mrc,4802,0,0,0,0,0,0
asymmetric_p2p_tornado_16mib,mrc,4804,0,0,0,0,0,0
asymmetric_p2p_tornado_16mib,mrc,4806,0,0,0,0,0,0
asymmetric_p2p_tornado_16mib,mrc,4808,0,0,0,0,0,0
asymmetric_p2p_tornado_16mib,mrc,4810,0,0,0,0,0,0
asymmetric_p2p_tornado_16mib,mrc,4812,0,0,0,0,0,0
asymmetric_p2p_tornado_16mib,mrc,4814,0,0,0,0,0,0
asymmetric_p2p_tornado_16mib,mrc,4816,0,0,0,0,0,0
asymmetric_p2p_tornado_16mib,mrc,4818,0,0,0,0,0,0
asymmetric_p2p_tornado_16mib,mrc,4820,0,0,0,0,0,0
asymmetric_p2p_tornado_16mib,mrc,4822,0,0,0,0,0,0
asymmetric_p2p_tornado_16mib,mrc,4824,0,0,0,0,0,0
asymmetric_p2p_tornado_16mib,mrc,4826,0,0,0,0,0,0
asymmetric_p2p_tornado_16mib,mrc,4828,0,0,0,0,0,0
asymmetric_p2p_tornado_16mib,mrc,4830,0,0,0,0,0,0
asymmetric_p2p_tornado_16mib,mrc,4832,0,0,0,0,0,0
asymmetric_p2p_tornado_16mib,mrc,4834,0,0,0,0,0,0
asymmetric_p2p_tornado_16mib,mrc,4836,0,0,0,0,0,0
asymmetric_p2p_tornado_16mib,mrc,4838,0,0,0,0,0,0
asymmetric_p2p_tornado_16mib,mrc,4840,0,0,0,0,0,0
asymmetric_p2p_tornado_16mib,mrc,4842,0,0,0,0,0,0
asymmetric_p2p_tornado_16mib,mrc,4844,0,0,0,0,0,0
asymmetric_p2p_tornado_16mib,mrc,4846,0,0,0,0,0,0
asymmetric_p2p_tornado_16mib,mrc,4848,0,0,0,0,0,0
asymmetric_p2p_tornado_16mib,mrc,4850,0,0,0,0,0,0
asymmetric_p2p_tornado_16mib,mrc,4852,0,0,0,0,0,0
asymmetric_p2p_tornado_16mib,mrc,4854,0,0,0,0,0,0
asymmetric_p2p_tornado_16mib,mrc,4856,0,0,0,0,0,0
asymmetric_p2p_tornado_16mib,mrc,4858,0,0,0,0,0,0
asymmetric_p2p_tornado_16mib,mrc,4860,0,0,0,0,0,0
asymmetric_p2p_tornado_16mib,mrc,4862,0,0,0,0,0,0
asymmetric_p2p_tornado_16mib,mrc,4864,0,0,0,0,0,0
asymmetric_p2p_tornado_16mib,mrc,4866,0,0,0,0,0,0
asymmetric_p2p_tornado_16mib,mrc,4868,0,0,0,0,0,0
asymmetric_p2p_tornado_16mib,mrc,4870,0,0,0,0,0,0
asymmetric_p2p_tornado_16mib,mrc,4872,0,0,0,0,0,0
asymmetric_p2p_tornado_16mib,mrc,4874,0,0,0,0,0,0
asymmetric_p2p_tornado_16mib,mrc,4876,0,0,0,0,0,0
asymmetric_p2p_tornado_16mib,mrc,4878,0,0,0,0,0,0
asymmetric_p2p_tornado_16mib,mrc,4880,0,0,0,0,0,0
asymmetric_p2p_tornado_16mib,mrc,4882,0,0,0,0,0,0
asymmetric_p2p_tornado_16mib,mrc,4884,0,0,0,0,0,0
asymmetric_p2p_tornado_16mib,mrc,4886,0,0,0,0,0,0
asymmetric_p2p_tornado_16mib,mrc,4888,0,0,0,0,0,0
asymmetric_p2p_tornado_16mib,mrc,4890,0,0,0,0,0,0
asymmetric_p2p_tornado_16mib,mrc,4892,0,0,0,0,0,0
asymmetric_p2p_tornado_16mib,mrc,4894,0,0,0,0,0,0
asymmetric_p2p_tornado_16mib,mrc,4896,0,0,0,0,0,0
asymmetric_p2p_tornado_16mib,mrc,4898,0,0,0,0,0,0
asymmetric_p2p_tornado_16mib,mrc,4900,0,0,0,0,0,0
asymmetric_p2p_tornado_16mib,mrc,4902,0,0,0,0,0,0
asymmetric_p2p_tornado_16mib,mrc,4904,0,0,0,0,0,0
asymmetric_p2p_tornado_16mib,mrc,4906,0,0,0,0,0,0
asymmetric_p2p_tornado_16mib,mrc,4908,0,0,0,0,0,0
asymmetric_p2p_tornado_16mib,mrc,4910,0,0,0,0,0,0
asymmetric_p2p_tornado_16mib,mrc,4912,0,0,0,0,0,0
asymmetric_p2p_tornado_16mib,mrc,4914,0,0,0,0,0,0
asymmetric_p2p_tornado_16mib,mrc,4916,0,0,0,0,0,0
asymmetric_p2p_tornado_16mib,mrc,4918,0,0,0,0,0,0
asymmetric_p2p_tornado_16mib,mrc,4920,0,0,0,0,0,0
asymmetric_p2p_tornado_16mib,mrc,4922,0,0,0,0,0,0
asymmetric_p2p_tornado_16mib,mrc,4924,0,0,0,0,0,0
asymmetric_p2p_tornado_16mib,mrc,4926,0,0,0,0,0,0
asymmetric_p2p_tornado_16mib,mrc,4928,0,0,0,0,0,0
asymmetric_p2p_tornado_16mib,mrc,4930,0,0,0,0,0,0
asymmetric_p2p_tornado_16mib,mrc,4932,0,0,0,0,0,0
asymmetric_p2p_tornado_16mib,mrc,4934,0,0,0,0,0,0
asymmetric_p2p_tornado_16mib,mrc,4936,0,0,0,0,0,0
asymmetric_p2p_tornado_16mib,mrc,4938,0,0,0,0,0,0
asymmetric_p2p_tornado_16mib,mrc,4940,0,0,0,0,0,0
asymmetric_p2p_tornado_16mib,mrc,4942,0,0,0,0,0,0
asymmetric_p2p_tornado_16mib,mrc,4944,0,0,0,0,0,0
asymmetric_p2p_tornado_16mib,mrc,4946,0,0,0,0,0,0
asymmetric_p2p_tornado_16mib,mrc,4948,0,0,0,0,0,0
asymmetric_p2p_tornado_16mib,mrc,4950,0,0,0,0,0,0
asymmetric_p2p_tornado_16mib,mrc,4952,0,0,0,0,0,0
asymmetric_p2p_tornado_16mib,mrc,4954,0,0,0,0,0,0
asymmetric_p2p_tornado_16mib,mrc,4956,0,0,0,0,0,0
asymmetric_p2p_tornado_16mib,mrc,4958,0,0,0,0,0,0
asymmetric_p2p_tornado_16mib,mrc,4960,0,0,0,0,0,0
asymmetric_p2p_tornado_16mib,mrc,4962,0,0,0,0,0,0
asymmetric_p2p_tornado_16mib,mrc,4964,0,0,0,0,0,0
asymmetric_p2p_tornado_16mib,mrc,4966,0,0,0,0,0,0
asymmetric_p2p_tornado_16mib,mrc,4968,0,0,0,0,0,0
asymmetric_p2p_tornado_16mib,mrc,4970,0,0,0,0,0,0
asymmetric_p2p_tornado_16mib,mrc,4972,0,0,0,0,0,0
asymmetric_p2p_tornado_16mib,mrc,4974,0,0,0,0,0,0
asymmetric_p2p_tornado_16mib,mrc,4976,0,0,0,0,0,0
asymmetric_p2p_tornado_16mib,mrc,4978,0,0,0,0,0,0
asymmetric_p2p_tornado_16mib,mrc,4980,0,0,0,0,0,0
asymmetric_p2p_tornado_16mib,mrc,4982,0,0,0,0,0,0
asymmetric_p2p_tornado_16mib,mrc,4984,0,0,0,0,0,0
asymmetric_p2p_tornado_16mib,mrc,4986,0,0,0,0,0,0
asymmetric_p2p_tornado_16mib,mrc,4988,0,0,0,0,0,0
asymmetric_p2p_tornado_16mib,mrc,4990,0,0,0,0,0,0
asymmetric_p2p_tornado_16mib,mrc,4992,0,0,0,0,0,0
asymmetric_p2p_tornado_16mib,mrc,4994,0,0,0,0,0,0
asymmetric_p2p_tornado_16mib,mrc,4996,0,0,0,0,0,0
asymmetric_p2p_tornado_16mib,mrc,4998,0,0,0,0,0,0
asymmetric_p2p_tornado_16mib,mrc,5000,0,0,0,0,0,0
asymmetric_p2p_tornado_16mib,mrc,5002,0,0,0,0,0,0
asymmetric_p2p_tornado_16mib,mrc,5004,0,0,0,0,0,0
asymmetric_p2p_tornado_16mib,mrc,5006,0,0,0,0,0,0
asymmetric_p2p_tornado_16mib,mrc,5008,0,0,0,0,0,0
asymmetric_p2p_tornado_16mib,mrc,5010,0,0,0,0,0,0
asymmetric_p2p_tornado_16mib,mrc,5012,0,0,0,0,0,0
asymmetric_p2p_tornado_16mib,mrc,5014,0,0,0,0,0,0
asymmetric_p2p_tornado_16mib,mrc,5016,0,0,0,0,0,0
asymmetric_p2p_tornado_16mib,mrc,5018,0,0,0,0,0,0
asymmetric_p2p_tornado_16mib,mrc,5020,0,0,0,0,0,0
asymmetric_p2p_tornado_16mib,mrc,5022,0,0,0,0,0,0
asymmetric_p2p_tornado_16mib,mrc,5024,0,0,0,0,0,0
asymmetric_p2p_tornado_16mib,mrc,5026,0,0,0,0,0,0
asymmetric_p2p_tornado_16mib,mrc,5028,0,0,0,0,0,0
asymmetric_p2p_tornado_16mib,mrc,5030,0,0,0,0,0,0
asymmetric_p2p_tornado_16mib,mrc,5032,0,0,0,0,0,0
asymmetric_p2p_tornado_16mib,mrc,5034,0,0,0,0,0,0
asymmetric_p2p_tornado_16mib,mrc,5036,0,0,0,0,0,0
asymmetric_p2p_tornado_16mib,mrc,5038,0,0,0,0,0,0
asymmetric_p2p_tornado_16mib,mrc,5040,0,0,0,0,0,0
asymmetric_p2p_tornado_16mib,mrc,5042,0,0,0,0,0,0
asymmetric_p2p_tornado_16mib,mrc,5044,0,0,0,0,0,0
asymmetric_p2p_tornado_16mib,mrc,5046,0,0,0,0,0,0
asymmetric_p2p_tornado_16mib,mrc,5048,0,0,0,0,0,0
asymmetric_p2p_tornado_16mib,mrc,5050,0,0,0,0,0,0
asymmetric_p2p_tornado_16mib,mrc,5052,0,0,0,0,0,0
asymmetric_p2p_tornado_16mib,mrc,5054,0,0,0,0,0,0
asymmetric_p2p_tornado_16mib,mrc,5056,0,0,0,0,0,0
asymmetric_p2p_tornado_16mib,mrc,5058,0,0,0,0,0,0
asymmetric_p2p_tornado_16mib,mrc,5060,0,0,0,0,0,0
asymmetric_p2p_tornado_16mib,mrc,5062,0,0,0,0,0,0
asymmetric_p2p_tornado_16mib,mrc,5064,0,0,0,0,0,0
asymmetric_p2p_tornado_16mib,mrc,5066,0,0,0,0,0,0
asymmetric_p2p_tornado_16mib,mrc,5068,0,0,0,0,0,0
asymmetric_p2p_tornado_16mib,mrc,5070,0,0,0,0,0,0
asymmetric_p2p_tornado_16mib,mrc,5072,0,0,0,0,0,0
asymmetric_p2p_tornado_16mib,mrc,5074,0,0,0,0,0,0
asymmetric_p2p_tornado_16mib,mrc,5076,0,0,0,0,0,0
asymmetric_p2p_tornado_16mib,mrc,5078,0,0,0,0,0,0
asymmetric_p2p_tornado_16mib,mrc,5080,0,0,0,0,0,0
asymmetric_p2p_tornado_16mib,mrc,5082,0,0,0,0,0,0
asymmetric_p2p_tornado_16mib,mrc,5084,0,0,0,0,0,0
asymmetric_p2p_tornado_16mib,mrc,5086,0,0,0,0,0,0
asymmetric_p2p_tornado_16mib,mrc,5088,0,0,0,0,0,0
asymmetric_p2p_tornado_16mib,mrc,5090,0,0,0,0,0,0
asymmetric_p2p_tornado_16mib,mrc,5092,0,0,0,0,0,0
asymmetric_p2p_tornado_16mib,mrc,5094,0,0,0,0,0,0
asymmetric_p2p_tornado_16mib,mrc,5096,0,0,0,0,0,0
asymmetric_p2p_tornado_16mib,mrc,5098,0,0,0,0,0,0
asymmetric_p2p_tornado_16mib,mrc,5100,0,0,0,0,0,0
asymmetric_p2p_tornado_16mib,mrc,5102,0,0,0,0,0,0
asymmetric_p2p_tornado_16mib,mrc,5104,0,0,0,0,0,0
asymmetric_p2p_tornado_16mib,mrc,5106,0,0,0,0,0,0
asymmetric_p2p_tornado_16mib,mrc,5108,0,0,0,0,0,0
asymmetric_p2p_tornado_16mib,mrc,5110,0,0,0,0,0,0
asymmetric_p2p_tornado_16mib,mrc,5112,0,0,0,0,0,0
asymmetric_p2p_tornado_16mib,mrc,5114,0,0,0,0,0,0
asymmetric_p2p_tornado_16mib,mrc,5116,0,0,0,0,0,0
asymmetric_p2p_tornado_16mib,mrc,5118,0,0,0,0,0,0
asymmetric_p2p_tornado_16mib,mrc,5120,0,0,0,0,0,0
asymmetric_p2p_tornado_16mib,mrc,5122,0,0,0,0,0,0
asymmetric_p2p_tornado_16mib,mrc,5124,0,0,0,0,0,0
asymmetric_p2p_tornado_16mib,mrc,5126,0,0,0,0,0,0
asymmetric_p2p_tornado_16mib,mrc,5128,0,0,0,0,0,0
asymmetric_p2p_tornado_16mib,mrc,5130,0,0,0,0,0,0
asymmetric_p2p_tornado_16mib,mrc,5132,0,0,0,0,0,0
asymmetric_p2p_tornado_16mib,mrc,5134,0,0,0,0,0,0
asymmetric_p2p_tornado_16mib,mrc,5136,0,0,0,0,0,0
asymmetric_p2p_tornado_16mib,mrc,5138,0,0,0,0,0,0
asymmetric_p2p_tornado_16mib,mrc,5140,0,0,0,0,0,0
asymmetric_p2p_tornado_16mib,mrc,5142,0,0,0,0,0,0
asymmetric_p2p_tornado_16mib,mrc,5144,0,0,0,0,0,0
asymmetric_p2p_tornado_16mib,mrc,5146,0,0,0,0,0,0
asymmetric_p2p_tornado_16mib,mrc,5148,0,0,0,0,0,0
asymmetric_p2p_tornado_16mib,mrc,5150,0,0,0,0,0,0
asymmetric_p2p_tornado_16mib,mrc,5152,0,0,0,0,0,0
asymmetric_p2p_tornado_16mib,mrc,5154,0,0,0,0,0,0
asymmetric_p2p_tornado_16mib,mrc,5156,0,0,0,0,0,0
asymmetric_p2p_tornado_16mib,mrc,5158,0,0,0,0,0,0
asymmetric_p2p_tornado_16mib,mrc,5160,0,0,0,0,0,0
asymmetric_p2p_tornado_16mib,mrc,5162,0,0,0,0,0,0
asymmetric_p2p_tornado_16mib,mrc,5164,0,0,0,0,0,0
asymmetric_p2p_tornado_16mib,mrc,5166,0,0,0,0,0,0
asymmetric_p2p_tornado_16mib,mrc,5168,0,0,0,0,0,0
asymmetric_p2p_tornado_16mib,mrc,5170,0,0,0,0,0,0
asymmetric_p2p_tornado_16mib,mrc,5172,0,0,0,0,0,0
asymmetric_p2p_tornado_16mib,mrc,5174,0,0,0,0,0,0
asymmetric_p2p_tornado_16mib,mrc,5176,0,0,0,0,0,0
asymmetric_p2p_tornado_16mib,mrc,5178,0,0,0,0,0,0
asymmetric_p2p_tornado_16mib,mrc,5180,0,0,0,0,0,0
asymmetric_p2p_tornado_16mib,mrc,5182,0,0,0,0,0,0
asymmetric_p2p_tornado_16mib,mrc,5184,0,0,0,0,0,0
asymmetric_p2p_tornado_16mib,mrc,5186,0,0,0,0,0,0
asymmetric_p2p_tornado_16mib,mrc,5188,0,0,0,0,0,0
asymmetric_p2p_tornado_16mib,mrc,5190,0,0,0,0,0,0
asymmetric_p2p_tornado_16mib,mrc,5192,0,0,0,0,0,0
asymmetric_p2p_tornado_16mib,mrc,5194,0,0,0,0,0,0
asymmetric_p2p_tornado_16mib,mrc,5196,0,0,0,0,0,0
asymmetric_p2p_tornado_16mib,mrc,5198,0,0,0,0,0,0
asymmetric_p2p_tornado_16mib,mrc,5200,0,0,0,0,0,0
asymmetric_p2p_tornado_16mib,mrc,5202,0,0,0,0,0,0
asymmetric_p2p_tornado_16mib,mrc,5204,0,0,0,0,0,0
asymmetric_p2p_tornado_16mib,mrc,5206,0,0,0,0,0,0
asymmetric_p2p_tornado_16mib,mrc,5208,0,0,0,0,0,0
asymmetric_p2p_tornado_16mib,mrc,5210,0,0,0,0,0,0
asymmetric_p2p_tornado_16mib,mrc,5212,0,0,0,0,0,0
asymmetric_p2p_tornado_16mib,mrc,5214,0,0,0,0,0,0
asymmetric_p2p_tornado_16mib,mrc,5216,0,0,0,0,0,0
asymmetric_p2p_tornado_16mib,mrc,5218,0,0,0,0,0,0
asymmetric_p2p_tornado_16mib,mrc,5220,0,0,0,0,0,0
asymmetric_p2p_tornado_16mib,mrc,5222,0,0,0,0,0,0
asymmetric_p2p_tornado_16mib,mrc,5224,0,0,0,0,0,0
asymmetric_p2p_tornado_16mib,mrc,5226,0,0,0,0,0,0
asymmetric_p2p_tornado_16mib,mrc,5228,0,0,0,0,0,0
asymmetric_p2p_tornado_16mib,mrc,5230,0,0,0,0,0,0
asymmetric_p2p_tornado_16mib,mrc,5232,0,0,0,0,0,0
asymmetric_p2p_tornado_16mib,mrc,5234,0,0,0,0,0,0
asymmetric_p2p_tornado_16mib,mrc,5236,0,0,0,0,0,0
asymmetric_p2p_tornado_16mib,mrc,5238,0,0,0,0,0,0
asymmetric_p2p_tornado_16mib,mrc,5240,0,0,0,0,0,0
asymmetric_p2p_tornado_16mib,mrc,5242,0,0,0,0,0,0
asymmetric_p2p_tornado_16mib,mrc,5244,0,0,0,0,0,0
asymmetric_p2p_tornado_16mib,mrc,5246,0,0,0,0,0,0
asymmetric_p2p_tornado_16mib,mrc,5248,0,0,0,0,0,0
asymmetric_p2p_tornado_16mib,mrc,5250,0,0,0,0,0,0
asymmetric_p2p_tornado_16mib,mrc,5252,0,0,0,0,0,0
asymmetric_p2p_tornado_16mib,mrc,5254,0,0,0,0,0,0
asymmetric_p2p_tornado_16mib,mrc,5256,0,0,0,0,0,0
asymmetric_p2p_tornado_16mib,mrc,5258,0,0,0,0,0,0
asymmetric_p2p_tornado_16mib,mrc,5260,0,0,0,0,0,0
asymmetric_p2p_tornado_16mib,mrc,5262,0,0,0,0,0,0
asymmetric_p2p_tornado_16mib,mrc,5264,0,0,0,0,0,0
asymmetric_p2p_tornado_16mib,mrc,5266,0,0,0,0,0,0
asymmetric_p2p_tornado_16mib,mrc,5268,0,0,0,0,0,0
asymmetric_p2p_tornado_16mib,mrc,5270,0,0,0,0,0,0
asymmetric_p2p_tornado_16mib,mrc,5272,0,0,0,0,0,0
asymmetric_p2p_tornado_16mib,mrc,5274,0,0,0,0,0,0
asymmetric_p2p_tornado_16mib,mrc,5276,0,0,0,0,0,0
asymmetric_p2p_tornado_16mib,mrc,5278,0,0,0,0,0,0
asymmetric_p2p_tornado_16mib,mrc,5280,0,0,0,0,0,0
asymmetric_p2p_tornado_16mib,mrc,5282,0,0,0,0,0,0
asymmetric_p2p_tornado_16mib,mrc,5284,0,0,0,0,0,0
asymmetric_p2p_tornado_16mib,mrc,5286,0,0,0,0,0,0
asymmetric_p2p_tornado_16mib,mrc,5288,0,0,0,0,0,0
asymmetric_p2p_tornado_16mib,mrc,5290,0,0,0,0,0,0
asymmetric_p2p_tornado_16mib,mrc,5292,0,0,0,0,0,0
asymmetric_p2p_tornado_16mib,mrc,5294,0,0,0,0,0,0
asymmetric_p2p_tornado_16mib,mrc,5296,0,0,0,0,0,0
asymmetric_p2p_tornado_16mib,mrc,5298,0,0,0,0,0,0
asymmetric_p2p_tornado_16mib,mrc,5300,0,0,0,0,0,0
asymmetric_p2p_tornado_16mib,mrc,5302,0,0,0,0,0,0
asymmetric_p2p_tornado_16mib,mrc,5304,0,0,0,0,0,0
asymmetric_p2p_tornado_16mib,mrc,5306,0,0,0,0,0,0
asymmetric_p2p_tornado_16mib,mrc,5308,0,0,0,0,0,0
asymmetric_p2p_tornado_16mib,mrc,5310,0,0,0,0,0,0
asymmetric_p2p_tornado_16mib,mrc,5312,0,0,0,0,0,0
asymmetric_p2p_tornado_16mib,mrc,5314,0,0,0,0,0,0
asymmetric_p2p_tornado_16mib,mrc,5316,0,0,0,0,0,0
asymmetric_p2p_tornado_16mib,mrc,5318,0,0,0,0,0,0
asymmetric_p2p_tornado_16mib,mrc,5320,0,0,0,0,0,0
asymmetric_p2p_tornado_16mib,mrc,5322,0,0,0,0,0,0
asymmetric_p2p_tornado_16mib,mrc,5324,0,0,0,0,0,0
asymmetric_p2p_tornado_16mib,mrc,5326,0,0,0,0,0,0
asymmetric_p2p_tornado_16mib,mrc,5328,0,0,0,0,0,0
asymmetric_p2p_tornado_16mib,mrc,5330,0,0,0,0,0,0
asymmetric_p2p_tornado_16mib,mrc,5332,0,0,0,0,0,0
asymmetric_p2p_tornado_16mib,mrc,5334,0,0,0,0,0,0
asymmetric_p2p_tornado_16mib,mrc,5336,0,0,0,0,0,0
asymmetric_p2p_tornado_16mib,mrc,5338,0,0,0,0,0,0
asymmetric_p2p_tornado_16mib,mrc,5340,0,0,0,0,0,0
asymmetric_p2p_tornado_16mib,mrc,5342,0,0,0,0,0,0
asymmetric_p2p_tornado_16mib,mrc,5344,0,0,0,0,0,0
asymmetric_p2p_tornado_16mib,mrc,5346,0,0,0,0,0,0
asymmetric_p2p_tornado_16mib,mrc,5348,0,0,0,0,0,0
asymmetric_p2p_tornado_16mib,mrc,5350,0,0,0,0,0,0
asymmetric_p2p_tornado_16mib,mrc,5352,0,0,0,0,0,0
asymmetric_p2p_tornado_16mib,mrc,5354,0,0,0,0,0,0
asymmetric_p2p_tornado_16mib,mrc,5356,0,0,0,0,0,0
asymmetric_p2p_tornado_16mib,mrc,5358,0,0,0,0,0,0
asymmetric_p2p_tornado_16mib,mrc,5360,0,0,0,0,0,0
asymmetric_p2p_tornado_16mib,mrc,5362,0,0,0,0,0,0
asymmetric_p2p_tornado_16mib,mrc,5364,0,0,0,0,0,0
asymmetric_p2p_tornado_16mib,mrc,5366,0,0,0,0,0,0
asymmetric_p2p_tornado_16mib,mrc,5368,0,0,0,0,0,0
asymmetric_p2p_tornado_16mib,mrc,5370,0,0,0,0,0,0
asymmetric_p2p_tornado_16mib,mrc,5372,0,0,0,0,0,0
asymmetric_p2p_tornado_16mib,mrc,5374,0,0,0,0,0,0
asymmetric_p2p_tornado_16mib,mrc,5376,0,0,0,0,0,0
asymmetric_p2p_tornado_16mib,mrc,5378,0,0,0,0,0,0
asymmetric_p2p_tornado_16mib,mrc,5380,0,0,0,0,0,0
asymmetric_p2p_tornado_16mib,mrc,5382,0,0,0,0,0,0
asymmetric_p2p_tornado_16mib,mrc,5384,0,0,0,0,0,0
asymmetric_p2p_tornado_16mib,mrc,5386,0,0,0,0,0,0
asymmetric_p2p_tornado_16mib,mrc,5388,0,0,0,0,0,0
asymmetric_p2p_tornado_16mib,mrc,5390,0,0,0,0,0,0
asymmetric_p2p_tornado_16mib,mrc,5392,0,0,0,0,0,0
asymmetric_p2p_tornado_16mib,mrc,5394,0,0,0,0,0,0
asymmetric_p2p_tornado_16mib,mrc,5396,0,0,0,0,0,0
asymmetric_p2p_tornado_16mib,mrc,5398,0,0,0,0,0,0
asymmetric_p2p_tornado_16mib,mrc,5400,0,0,0,0,0,0
asymmetric_p2p_tornado_16mib,mrc,5402,0,0,0,0,0,0
asymmetric_p2p_tornado_16mib,mrc,5404,0,0,0,0,0,0
asymmetric_p2p_tornado_16mib,mrc,5406,0,0,0,0,0,0
asymmetric_p2p_tornado_16mib,mrc,5408,0,0,0,0,0,0
asymmetric_p2p_tornado_16mib,mrc,5410,0,0,0,0,0,0
asymmetric_p2p_tornado_16mib,mrc,5412,0,0,0,0,0,0
asymmetric_p2p_tornado_16mib,mrc,5414,0,0,0,0,0,0
asymmetric_p2p_tornado_16mib,mrc,5416,0,0,0,0,0,0
asymmetric_p2p_tornado_16mib,mrc,5418,0,0,0,0,0,0
asymmetric_p2p_tornado_16mib,mrc,5420,0,0,0,0,0,0
asymmetric_p2p_tornado_16mib,mrc,5422,0,0,0,0,0,0
asymmetric_p2p_tornado_16mib,mrc,5424,0,0,0,0,0,0
asymmetric_p2p_tornado_16mib,mrc,5426,0,0,0,0,0,0
asymmetric_p2p_tornado_16mib,mrc,5428,0,0,0,0,0,0
asymmetric_p2p_tornado_16mib,mrc,5430,0,0,0,0,0,0
asymmetric_p2p_tornado_16mib,mrc,5432,0,0,0,0,0,0
asymmetric_p2p_tornado_16mib,mrc,5434,0,0,0,0,0,0
asymmetric_p2p_tornado_16mib,mrc,5436,0,0,0,0,0,0
asymmetric_p2p_tornado_16mib,mrc,5438,0,0,0,0,0,0
asymmetric_p2p_tornado_16mib,mrc,5440,0,0,0,0,0,0
asymmetric_p2p_tornado_16mib,mrc,5442,0,0,0,0,0,0
asymmetric_p2p_tornado_16mib,mrc,5444,0,0,0,0,0,0
asymmetric_p2p_tornado_16mib,mrc,5446,0,0,0,0,0,0
asymmetric_p2p_tornado_16mib,mrc,5448,0,0,0,0,0,0
asymmetric_p2p_tornado_16mib,mrc,5450,0,0,0,0,0,0
asymmetric_p2p_tornado_16mib,mrc,5452,0,0,0,0,0,0
asymmetric_p2p_tornado_16mib,mrc,5454,0,0,0,0,0,0
asymmetric_p2p_tornado_16mib,mrc,5456,0,0,0,0,0,0
asymmetric_p2p_tornado_16mib,mrc,5458,0,0,0,0,0,0
asymmetric_p2p_tornado_16mib,mrc,5460,0,0,0,0,0,0
asymmetric_p2p_tornado_16mib,mrc,5462,0,0,0,0,0,0
asymmetric_p2p_tornado_16mib,mrc,5464,0,0,0,0,0,0
asymmetric_p2p_tornado_16mib,mrc,5466,0,0,0,0,0,0
asymmetric_p2p_tornado_16mib,mrc,5468,0,0,0,0,0,0
asymmetric_p2p_tornado_16mib,mrc,5470,0,0,0,0,0,0
asymmetric_p2p_tornado_16mib,mrc,5472,0,0,0,0,0,0
asymmetric_p2p_tornado_16mib,mrc,5474,0,0,0,0,0,0
asymmetric_p2p_tornado_16mib,mrc,5476,0,0,0,0,0,0
asymmetric_p2p_tornado_16mib,mrc,5478,0,0,0,0,0,0
asymmetric_p2p_tornado_16mib,mrc,5480,0,0,0,0,0,0
asymmetric_p2p_tornado_16mib,mrc,5482,0,0,0,0,0,0
asymmetric_p2p_tornado_16mib,mrc,5484,0,0,0,0,0,0
asymmetric_p2p_tornado_16mib,mrc,5486,0,0,0,0,0,0
asymmetric_p2p_tornado_16mib,mrc,5488,0,0,0,0,0,0
asymmetric_p2p_tornado_16mib,mrc,5490,0,0,0,0,0,0
asymmetric_p2p_tornado_16mib,mrc,5492,0,0,0,0,0,0
asymmetric_p2p_tornado_16mib,mrc,5494,0,0,0,0,0,0
asymmetric_p2p_tornado_16mib,mrc,5496,0,0,0,0,0,0
asymmetric_p2p_tornado_16mib,mrc,5498,0,0,0,0,0,0
asymmetric_p2p_tornado_16mib,mrc,5500,0,0,0,0,0,0
asymmetric_p2p_tornado_16mib,mrc,5502,0,0,0,0,0,0
asymmetric_p2p_tornado_16mib,mrc,5504,0,0,0,0,0,0
asymmetric_p2p_tornado_16mib,mrc,5506,0,0,0,0,0,0
asymmetric_p2p_tornado_16mib,mrc,5508,0,0,0,0,0,0
asymmetric_p2p_tornado_16mib,mrc,5510,0,0,0,0,0,0
asymmetric_p2p_tornado_16mib,mrc,5512,0,0,0,0,0,0
asymmetric_p2p_tornado_16mib,mrc,5514,0,0,0,0,0,0
asymmetric_p2p_tornado_16mib,mrc,5516,0,0,0,0,0,0
asymmetric_p2p_tornado_16mib,mrc,5518,0,0,0,0,0,0
asymmetric_p2p_tornado_16mib,mrc,5520,0,0,0,0,0,0
asymmetric_p2p_tornado_16mib,mrc,5522,0,0,0,0,0,0
asymmetric_p2p_tornado_16mib,mrc,5524,0,0,0,0,0,0
asymmetric_p2p_tornado_16mib,mrc,5526,0,0,0,0,0,0
asymmetric_p2p_tornado_16mib,mrc,5528,0,0,0,0,0,0
asymmetric_p2p_tornado_16mib,mrc,5530,0,0,0,0,0,0
asymmetric_p2p_tornado_16mib,mrc,5532,0,0,0,0,0,0
asymmetric_p2p_tornado_16mib,mrc,5534,0,0,0,0,0,0
asymmetric_p2p_tornado_16mib,mrc,5536,0,0,0,0,0,0
asymmetric_p2p_tornado_16mib,mrc,5538,0,0,0,0,0,0
asymmetric_p2p_tornado_16mib,mrc,5540,0,0,0,0,0,0
asymmetric_p2p_tornado_16mib,mrc,5542,0,0,0,0,0,0
asymmetric_p2p_tornado_16mib,mrc,5544,0,0,0,0,0,0
asymmetric_p2p_tornado_16mib,mrc,5546,0,0,0,0,0,0
asymmetric_p2p_tornado_16mib,mrc,5548,0,0,0,0,0,0
asymmetric_p2p_tornado_16mib,mrc,5550,0,0,0,0,0,0
asymmetric_p2p_tornado_16mib,mrc,5552,0,0,0,0,0,0
asymmetric_p2p_tornado_16mib,mrc,5554,0,0,0,0,0,0
asymmetric_p2p_tornado_16mib,mrc,5556,0,0,0,0,0,0
asymmetric_p2p_tornado_16mib,mrc,5558,0,0,0,0,0,0
asymmetric_p2p_tornado_16mib,mrc,5560,0,0,0,0,0,0
asymmetric_p2p_tornado_16mib,mrc,5562,0,0,0,0,0,0
asymmetric_p2p_tornado_16mib,mrc,5564,0,0,0,0,0,0
asymmetric_p2p_tornado_16mib,mrc,5566,0,0,0,0,0,0
asymmetric_p2p_tornado_16mib,mrc,5568,0,0,0,0,0,0
asymmetric_p2p_tornado_16mib,mrc,5570,0,0,0,0,0,0
asymmetric_p2p_tornado_16mib,mrc,5572,0,0,0,0,0,0
asymmetric_p2p_tornado_16mib,mrc,5574,0,0,0,0,0,0
asymmetric_p2p_tornado_16mib,mrc,5576,0,0,0,0,0,0
asymmetric_p2p_tornado_16mib,mrc,5578,0,0,0,0,0,0
asymmetric_p2p_tornado_16mib,mrc,5580,0,0,0,0,0,0
asymmetric_p2p_tornado_16mib,mrc,5582,0,0,0,0,0,0
asymmetric_p2p_tornado_16mib,mrc,5584,0,0,0,0,0,0
asymmetric_p2p_tornado_16mib,mrc,5586,0,0,0,0,0,0
asymmetric_p2p_tornado_16mib,mrc,5588,0,0,0,0,0,0
asymmetric_p2p_tornado_16mib,mrc,5590,0,0,0,0,0,0
asymmetric_p2p_tornado_16mib,mrc,5592,0,0,0,0,0,0
asymmetric_p2p_tornado_16mib,mrc,5594,0,0,0,0,0,0
asymmetric_p2p_tornado_16mib,mrc,5596,0,0,0,0,0,0
asymmetric_p2p_tornado_16mib,mrc,5598,0,0,0,0,0,0
asymmetric_p2p_tornado_16mib,mrc,5600,0,0,0,0,0,0
asymmetric_p2p_tornado_16mib,mrc,5602,0,0,0,0,0,0
asymmetric_p2p_tornado_16mib,mrc,5604,0,0,0,0,0,0
asymmetric_p2p_tornado_16mib,mrc,5606,0,0,0,0,0,0
asymmetric_p2p_tornado_16mib,mrc,5608,0,0,0,0,0,0
asymmetric_p2p_tornado_16mib,mrc,5610,0,0,0,0,0,0
asymmetric_p2p_tornado_16mib,mrc,5612,0,0,0,0,0,0
asymmetric_p2p_tornado_16mib,mrc,5614,0,0,0,0,0,0
asymmetric_p2p_tornado_16mib,mrc,5616,0,0,0,0,0,0
asymmetric_p2p_tornado_16mib,mrc,5618,0,0,0,0,0,0
asymmetric_p2p_tornado_16mib,mrc,5620,0,0,0,0,0,0
asymmetric_p2p_tornado_16mib,mrc,5622,0,0,0,0,0,0
asymmetric_p2p_tornado_16mib,mrc,5624,0,0,0,0,0,0
asymmetric_p2p_tornado_16mib,mrc,5626,0,0,0,0,0,0
asymmetric_p2p_tornado_16mib,mrc,5628,0,0,0,0,0,0
asymmetric_p2p_tornado_16mib,mrc,5630,0,0,0,0,0,0
asymmetric_p2p_tornado_16mib,mrc,5632,0,0,0,0,0,0
asymmetric_p2p_tornado_16mib,mrc,5634,0,0,0,0,0,0
asymmetric_p2p_tornado_16mib,mrc,5636,0,0,0,0,0,0
asymmetric_p2p_tornado_16mib,mrc,5638,0,0,0,0,0,0
asymmetric_p2p_tornado_16mib,mrc,5640,0,0,0,0,0,0
asymmetric_p2p_tornado_16mib,mrc,5642,0,0,0,0,0,0
asymmetric_p2p_tornado_16mib,mrc,5644,0,0,0,0,0,0
asymmetric_p2p_tornado_16mib,mrc,5646,0,0,0,0,0,0
asymmetric_p2p_tornado_16mib,mrc,5648,0,0,0,0,0,0
asymmetric_p2p_tornado_16mib,mrc,5650,0,0,0,0,0,0
asymmetric_p2p_tornado_16mib,mrc,5652,0,0,0,0,0,0
asymmetric_p2p_tornado_16mib,mrc,5654,0,0,0,0,0,0
asymmetric_p2p_tornado_16mib,mrc,5656,0,0,0,0,0,0
asymmetric_p2p_tornado_16mib,mrc,5658,0,0,0,0,0,0
asymmetric_p2p_tornado_16mib,mrc,5660,0,0,0,0,0,0
asymmetric_p2p_tornado_16mib,mrc,5662,0,0,0,0,0,0
asymmetric_p2p_tornado_16mib,mrc,5664,0,0,0,0,0,0
asymmetric_p2p_tornado_16mib,mrc,5666,0,0,0,0,0,0
asymmetric_p2p_tornado_16mib,mrc,5668,0,0,0,0,0,0
asymmetric_p2p_tornado_16mib,mrc,5670,0,0,0,0,0,0
asymmetric_p2p_tornado_16mib,mrc,5672,0,0,0,0,0,0
asymmetric_p2p_tornado_16mib,mrc,5674,0,0,0,0,0,0
asymmetric_p2p_tornado_16mib,mrc,5676,0,0,0,0,0,0
asymmetric_p2p_tornado_16mib,mrc,5678,0,0,0,0,0,0
asymmetric_p2p_tornado_16mib,mrc,5680,0,0,0,0,0,0
asymmetric_p2p_tornado_16mib,mrc,5682,0,0,0,0,0,0
asymmetric_p2p_tornado_16mib,mrc,5684,0,0,0,0,0,0
asymmetric_p2p_tornado_16mib,mrc,5686,0,0,0,0,0,0
asymmetric_p2p_tornado_16mib,mrc,5688,0,0,0,0,0,0
asymmetric_p2p_tornado_16mib,mrc,5690,0,0,0,0,0,0
asymmetric_p2p_tornado_16mib,mrc,5692,0,0,0,0,0,0
asymmetric_p2p_tornado_16mib,mrc,5694,0,0,0,0,0,0
asymmetric_p2p_tornado_16mib,mrc,5696,0,0,0,0,0,0
asymmetric_p2p_tornado_16mib,mrc,5698,0,0,0,0,0,0
asymmetric_p2p_tornado_16mib,mrc,5700,0,0,0,0,0,0
asymmetric_p2p_tornado_16mib,mrc,5702,0,0,0,0,0,0
asymmetric_p2p_tornado_16mib,mrc,5704,0,0,0,0,0,0
asymmetric_p2p_tornado_16mib,mrc,5706,0,0,0,0,0,0
asymmetric_p2p_tornado_16mib,mrc,5708,0,0,0,0,0,0
asymmetric_p2p_tornado_16mib,mrc,5710,0,0,0,0,0,0
asymmetric_p2p_tornado_16mib,mrc,5712,0,0,0,0,0,0
asymmetric_p2p_tornado_16mib,mrc,5714,0,0,0,0,0,0
asymmetric_p2p_tornado_16mib,mrc,5716,0,0,0,0,0,0
asymmetric_p2p_tornado_16mib,mrc,5718,0,0,0,0,0,0
asymmetric_p2p_tornado_16mib,mrc,5720,0,0,0,0,0,0
asymmetric_p2p_tornado_16mib,mrc,5722,0,0,0,0,0,0
asymmetric_p2p_tornado_16mib,mrc,5724,0,0,0,0,0,0
asymmetric_p2p_tornado_16mib,mrc,5726,0,0,0,0,0,0
asymmetric_p2p_tornado_16mib,mrc,5728,0,0,0,0,0,0
asymmetric_p2p_tornado_16mib,mrc,5730,0,0,0,0,0,0
asymmetric_p2p_tornado_16mib,mrc,5732,0,0,0,0,0,0
asymmetric_p2p_tornado_16mib,mrc,5734,0,0,0,0,0,0
asymmetric_p2p_tornado_16mib,mrc,5736,0,0,0,0,0,0
asymmetric_p2p_tornado_16mib,mrc,5738,0,0,0,0,0,0
asymmetric_p2p_tornado_16mib,mrc,5740,0,0,0,0,0,0
asymmetric_p2p_tornado_16mib,mrc,5742,0,0,0,0,0,0
asymmetric_p2p_tornado_16mib,mrc,5744,0,0,0,0,0,0
asymmetric_p2p_tornado_16mib,mrc,5746,0,0,0,0,0,0
asymmetric_p2p_tornado_16mib,mrc,5748,0,0,0,0,0,0
asymmetric_p2p_tornado_16mib,mrc,5750,0,0,0,0,0,0
asymmetric_p2p_tornado_16mib,mrc,5752,0,0,0,0,0,0
asymmetric_p2p_tornado_16mib,mrc,5754,0,0,0,0,0,0
asymmetric_p2p_tornado_16mib,mrc,5756,0,0,0,0,0,0
asymmetric_p2p_tornado_16mib,mrc,5758,0,0,0,0,0,0
asymmetric_p2p_tornado_16mib,mrc,5760,0,0,0,0,0,0
asymmetric_p2p_tornado_16mib,mrc,5762,0,0,0,0,0,0
asymmetric_p2p_tornado_16mib,mrc,5764,0,0,0,0,0,0
asymmetric_p2p_tornado_16mib,mrc,5766,0,0,0,0,0,0
asymmetric_p2p_tornado_16mib,mrc,5768,0,0,0,0,0,0
asymmetric_p2p_tornado_16mib,mrc,5770,0,0,0,0,0,0
asymmetric_p2p_tornado_16mib,mrc,5772,0,0,0,0,0,0
asymmetric_p2p_tornado_16mib,mrc,5774,0,0,0,0,0,0
asymmetric_p2p_tornado_16mib,mrc,5776,0,0,0,0,0,0
asymmetric_p2p_tornado_16mib,mrc,5778,0,0,0,0,0,0
asymmetric_p2p_tornado_16mib,mrc,5780,0,0,0,0,0,0
asymmetric_p2p_tornado_16mib,mrc,5782,0,0,0,0,0,0
asymmetric_p2p_tornado_16mib,mrc,5784,0,0,0,0,0,0
asymmetric_p2p_tornado_16mib,mrc,5786,0,0,0,0,0,0
asymmetric_p2p_tornado_16mib,mrc,5788,0,0,0,0,0,0
asymmetric_p2p_tornado_16mib,mrc,5790,0,0,0,0,0,0
asymmetric_p2p_tornado_16mib,mrc,5792,0,0,0,0,0,0
asymmetric_p2p_tornado_16mib,mrc,5794,0,0,0,0,0,0
asymmetric_p2p_tornado_16mib,mrc,5796,0,0,0,0,0,0
asymmetric_p2p_tornado_16mib,mrc,5798,0,0,0,0,0,0
asymmetric_p2p_tornado_16mib,mrc,5800,0,0,0,0,0,0
asymmetric_p2p_tornado_16mib,mrc,5802,0,0,0,0,0,0
asymmetric_p2p_tornado_16mib,mrc,5804,0,0,0,0,0,0
asymmetric_p2p_tornado_16mib,mrc,5806,0,0,0,0,0,0
asymmetric_p2p_tornado_16mib,mrc,5808,0,0,0,0,0,0
asymmetric_p2p_tornado_16mib,mrc,5810,0,0,0,0,0,0
asymmetric_p2p_tornado_16mib,mrc,5812,0,0,0,0,0,0
asymmetric_p2p_tornado_16mib,mrc,5814,0,0,0,0,0,0
asymmetric_p2p_tornado_16mib,mrc,5816,0,0,0,0,0,0
asymmetric_p2p_tornado_16mib,mrc,5818,0,0,0,0,0,0
asymmetric_p2p_tornado_16mib,mrc,5820,0,0,0,0,0,0
asymmetric_p2p_tornado_16mib,mrc,5822,0,0,0,0,0,0
asymmetric_p2p_tornado_16mib,mrc,5824,0,0,0,0,0,0
asymmetric_p2p_tornado_16mib,mrc,5826,0,0,0,0,0,0
asymmetric_p2p_tornado_16mib,mrc,5828,0,0,0,0,0,0
asymmetric_p2p_tornado_16mib,mrc,5830,0,0,0,0,0,0
asymmetric_p2p_tornado_16mib,mrc,5832,0,0,0,0,0,0
asymmetric_p2p_tornado_16mib,mrc,5834,0,0,0,0,0,0
asymmetric_p2p_tornado_16mib,mrc,5836,0,0,0,0,0,0
asymmetric_p2p_tornado_16mib,mrc,5838,0,0,0,0,0,0
asymmetric_p2p_tornado_16mib,mrc,5840,0,0,0,0,0,0
asymmetric_p2p_tornado_16mib,mrc,5842,0,0,0,0,0,0
asymmetric_p2p_tornado_16mib,mrc,5844,0,0,0,0,0,0
asymmetric_p2p_tornado_16mib,mrc,5846,0,0,0,0,0,0
asymmetric_p2p_tornado_16mib,mrc,5848,0,0,0,0,0,0
asymmetric_p2p_tornado_16mib,mrc,5850,0,0,0,0,0,0
asymmetric_p2p_tornado_16mib,mrc,5852,0,0,0,0,0,0
asymmetric_p2p_tornado_16mib,mrc,5854,0,0,0,0,0,0
asymmetric_p2p_tornado_16mib,mrc,5856,0,0,0,0,0,0
asymmetric_p2p_tornado_16mib,mrc,5858,0,0,0,0,0,0
asymmetric_p2p_tornado_16mib,mrc,5860,0,0,0,0,0,0
asymmetric_p2p_tornado_16mib,mrc,5862,0,0,0,0,0,0
asymmetric_p2p_tornado_16mib,mrc,5864,0,0,0,0,0,0
asymmetric_p2p_tornado_16mib,mrc,5866,0,0,0,0,0,0
asymmetric_p2p_tornado_16mib,mrc,5868,0,0,0,0,0,0
asymmetric_p2p_tornado_16mib,mrc,5870,0,0,0,0,0,0
asymmetric_p2p_tornado_16mib,mrc,5872,0,0,0,0,0,0
asymmetric_p2p_tornado_16mib,mrc,5874,0,0,0,0,0,0
asymmetric_p2p_tornado_16mib,mrc,5876,0,0,0,0,0,0
asymmetric_p2p_tornado_16mib,mrc,5878,0,0,0,0,0,0
asymmetric_p2p_tornado_16mib,mrc,5880,0,0,0,0,0,0
asymmetric_p2p_tornado_16mib,mrc,5882,0,0,0,0,0,0
asymmetric_p2p_tornado_16mib,mrc,5884,0,0,0,0,0,0
asymmetric_p2p_tornado_16mib,mrc,5886,0,0,0,0,0,0
asymmetric_p2p_tornado_16mib,mrc,5888,0,0,0,0,0,0
asymmetric_p2p_tornado_16mib,mrc,5890,0,0,0,0,0,0
asymmetric_p2p_tornado_16mib,mrc,5892,0,0,0,0,0,0
asymmetric_p2p_tornado_16mib,mrc,5894,0,0,0,0,0,0
asymmetric_p2p_tornado_16mib,mrc,5896,0,0,0,0,0,0
asymmetric_p2p_tornado_16mib,mrc,5898,0,0,0,0,0,0
asymmetric_p2p_tornado_16mib,mrc,5900,0,0,0,0,0,0
asymmetric_p2p_tornado_16mib,mrc,5902,0,0,0,0,0,0
asymmetric_p2p_tornado_16mib,mrc,5904,0,0,0,0,0,0
asymmetric_p2p_tornado_16mib,mrc,5906,0,0,0,0,0,0
asymmetric_p2p_tornado_16mib,mrc,5908,0,0,0,0,0,0
asymmetric_p2p_tornado_16mib,mrc,5910,0,0,0,0,0,0
asymmetric_p2p_tornado_16mib,mrc,5912,0,0,0,0,0,0
asymmetric_p2p_tornado_16mib,mrc,5914,0,0,0,0,0,0
asymmetric_p2p_tornado_16mib,mrc,5916,0,0,0,0,0,0
asymmetric_p2p_tornado_16mib,mrc,5918,0,0,0,0,0,0
asymmetric_p2p_tornado_16mib,mrc,5920,0,0,0,0,0,0
asymmetric_p2p_tornado_16mib,mrc,5922,0,0,0,0,0,0
asymmetric_p2p_tornado_16mib,mrc,5924,0,0,0,0,0,0
asymmetric_p2p_tornado_16mib,mrc,5926,0,0,0,0,0,0
asymmetric_p2p_tornado_16mib,mrc,5928,0,0,0,0,0,0
asymmetric_p2p_tornado_16mib,mrc,5930,0,0,0,0,0,0
asymmetric_p2p_tornado_16mib,mrc,5932,0,0,0,0,0,0
asymmetric_p2p_tornado_16mib,mrc,5934,0,0,0,0,0,0
asymmetric_p2p_tornado_16mib,mrc,5936,0,0,0,0,0,0
asymmetric_p2p_tornado_16mib,mrc,5938,0,0,0,0,0,0
asymmetric_p2p_tornado_16mib,mrc,5940,0,0,0,0,0,0
asymmetric_p2p_tornado_16mib,mrc,5942,0,0,0,0,0,0
asymmetric_p2p_tornado_16mib,mrc,5944,0,0,0,0,0,0
asymmetric_p2p_tornado_16mib,mrc,5946,0,0,0,0,0,0
asymmetric_p2p_tornado_16mib,mrc,5948,0,0,0,0,0,0
asymmetric_p2p_tornado_16mib,mrc,5950,0,0,0,0,0,0
asymmetric_p2p_tornado_16mib,mrc,5952,0,0,0,0,0,0
asymmetric_p2p_tornado_16mib,mrc,5954,0,0,0,0,0,0
asymmetric_p2p_tornado_16mib,mrc,5956,0,0,0,0,0,0
asymmetric_p2p_tornado_16mib,mrc,5958,0,0,0,0,0,0
asymmetric_p2p_tornado_16mib,mrc,5960,0,0,0,0,0,0
asymmetric_p2p_tornado_16mib,mrc,5962,0,0,0,0,0,0
asymmetric_p2p_tornado_16mib,mrc,5964,0,0,0,0,0,0
asymmetric_p2p_tornado_16mib,mrc,5966,0,0,0,0,0,0
asymmetric_p2p_tornado_16mib,mrc,5968,0,0,0,0,0,0
asymmetric_p2p_tornado_16mib,mrc,5970,0,0,0,0,0,0
asymmetric_p2p_tornado_16mib,mrc,5972,0,0,0,0,0,0
asymmetric_p2p_tornado_16mib,mrc,5974,0,0,0,0,0,0
asymmetric_p2p_tornado_16mib,mrc,5976,0,0,0,0,0,0
asymmetric_p2p_tornado_16mib,mrc,5978,0,0,0,0,0,0
asymmetric_p2p_tornado_16mib,mrc,5980,0,0,0,0,0,0
asymmetric_p2p_tornado_16mib,mrc,5982,0,0,0,0,0,0
asymmetric_p2p_tornado_16mib,mrc,5984,0,0,0,0,0,0
asymmetric_p2p_tornado_16mib,mrc,5986,0,0,0,0,0,0
asymmetric_p2p_tornado_16mib,mrc,5988,0,0,0,0,0,0
asymmetric_p2p_tornado_16mib,mrc,5990,0,0,0,0,0,0
asymmetric_p2p_tornado_16mib,mrc,5992,0,0,0,0,0,0
asymmetric_p2p_tornado_16mib,mrc,5994,0,0,0,0,0,0
asymmetric_p2p_tornado_16mib,mrc,5996,0,0,0,0,0,0
asymmetric_p2p_tornado_16mib,mrc,5998,0,0,0,0,0,0
asymmetric_p2p_tornado_16mib,mrc,6000,0,0,0,0,0,0
asymmetric_p2p_tornado_16mib,mrc,6002,0,0,0,0,0,0
asymmetric_p2p_tornado_16mib,mrc,6004,0,0,0,0,0,0
asymmetric_p2p_tornado_16mib,mrc,6006,0,0,0,0,0,0
asymmetric_p2p_tornado_16mib,mrc,6008,0,0,0,0,0,0
asymmetric_p2p_tornado_16mib,mrc,6010,0,0,0,0,0,0
asymmetric_p2p_tornado_16mib,mrc,6012,0,0,0,0,0,0
asymmetric_p2p_tornado_16mib,mrc,6014,0,0,0,0,0,0
asymmetric_p2p_tornado_16mib,mrc,6016,0,0,0,0,0,0
asymmetric_p2p_tornado_16mib,mrc,6018,0,0,0,0,0,0
asymmetric_p2p_tornado_16mib,mrc,6020,0,0,0,0,0,0
asymmetric_p2p_tornado_16mib,mrc,6022,0,0,0,0,0,0
asymmetric_p2p_tornado_16mib,mrc,6024,0,0,0,0,0,0
asymmetric_p2p_tornado_16mib,mrc,6026,0,0,0,0,0,0
asymmetric_p2p_tornado_16mib,mrc,6028,0,0,0,0,0,0
asymmetric_p2p_tornado_16mib,mrc,6030,0,0,0,0,0,0
asymmetric_p2p_tornado_16mib,mrc,6032,0,0,0,0,0,0
asymmetric_p2p_tornado_16mib,mrc,6034,0,0,0,0,0,0
asymmetric_p2p_tornado_16mib,mrc,6036,0,0,0,0,0,0
asymmetric_p2p_tornado_16mib,mrc,6038,0,0,0,0,0,0
asymmetric_p2p_tornado_16mib,mrc,6040,0,0,0,0,0,0
asymmetric_p2p_tornado_16mib,mrc,6042,0,0,0,0,0,0
asymmetric_p2p_tornado_16mib,mrc,6044,0,0,0,0,0,0
asymmetric_p2p_tornado_16mib,mrc,6046,0,0,0,0,0,0
asymmetric_p2p_tornado_16mib,mrc,6048,0,0,0,0,0,0
asymmetric_p2p_tornado_16mib,mrc,6050,0,0,0,0,0,0
asymmetric_p2p_tornado_16mib,mrc,6052,0,0,0,0,0,0
asymmetric_p2p_tornado_16mib,mrc,6054,0,0,0,0,0,0
asymmetric_p2p_tornado_16mib,mrc,6056,0,0,0,0,0,0
asymmetric_p2p_tornado_16mib,mrc,6058,0,0,0,0,0,0
asymmetric_p2p_tornado_16mib,mrc,6060,0,0,0,0,0,0
asymmetric_p2p_tornado_16mib,mrc,6062,0,0,0,0,0,0
asymmetric_p2p_tornado_16mib,mrc,6064,0,0,0,0,0,0
asymmetric_p2p_tornado_16mib,mrc,6066,0,0,0,0,0,0
asymmetric_p2p_tornado_16mib,mrc,6068,0,0,0,0,0,0
asymmetric_p2p_tornado_16mib,mrc,6070,0,0,0,0,0,0
asymmetric_p2p_tornado_16mib,mrc,6072,0,0,0,0,0,0
asymmetric_p2p_tornado_16mib,mrc,6074,0,0,0,0,0,0
asymmetric_p2p_tornado_16mib,mrc,6076,0,0,0,0,0,0
asymmetric_p2p_tornado_16mib,mrc,6078,0,0,0,0,0,0
asymmetric_p2p_tornado_16mib,mrc,6080,0,0,0,0,0,0
asymmetric_p2p_tornado_16mib,mrc,6082,0,0,0,0,0,0
asymmetric_p2p_tornado_16mib,mrc,6084,0,0,0,0,0,0
asymmetric_p2p_tornado_16mib,mrc,6086,0,0,0,0,0,0
asymmetric_p2p_tornado_16mib,mrc,6088,0,0,0,0,0,0
asymmetric_p2p_tornado_16mib,mrc,6090,0,0,0,0,0,0
asymmetric_p2p_tornado_16mib,mrc,6092,0,0,0,0,0,0
asymmetric_p2p_tornado_16mib,mrc,6094,0,0,0,0,0,0
asymmetric_p2p_tornado_16mib,mrc,6096,0,0,0,0,0,0
asymmetric_p2p_tornado_16mib,mrc,6098,0,0,0,0,0,0
asymmetric_p2p_tornado_16mib,mrc,6100,0,0,0,0,0,0
asymmetric_p2p_tornado_16mib,mrc,6102,0,0,0,0,0,0
asymmetric_p2p_tornado_16mib,mrc,6104,0,0,0,0,0,0
asymmetric_p2p_tornado_16mib,mrc,6106,0,0,0,0,0,0
asymmetric_p2p_tornado_16mib,mrc,6108,0,0,0,0,0,0
asymmetric_p2p_tornado_16mib,mrc,6110,0,0,0,0,0,0
asymmetric_p2p_tornado_16mib,mrc,6112,0,0,0,0,0,0
asymmetric_p2p_tornado_16mib,mrc,6114,0,0,0,0,0,0
asymmetric_p2p_tornado_16mib,mrc,6116,0,0,0,0,0,0
asymmetric_p2p_tornado_16mib,mrc,6118,0,0,0,0,0,0
asymmetric_p2p_tornado_16mib,mrc,6120,0,0,0,0,0,0
asymmetric_p2p_tornado_16mib,mrc,6122,0,0,0,0,0,0
asymmetric_p2p_tornado_16mib,mrc,6124,0,0,0,0,0,0
asymmetric_p2p_tornado_16mib,mrc,6126,0,0,0,0,0,0
asymmetric_p2p_tornado_16mib,mrc,6128,0,0,0,0,0,0
asymmetric_p2p_tornado_16mib,mrc,6130,0,0,0,0,0,0
asymmetric_p2p_tornado_16mib,mrc,6132,0,0,0,0,0,0
asymmetric_p2p_tornado_16mib,mrc,6134,0,0,0,0,0,0
asymmetric_p2p_tornado_16mib,mrc,6136,0,0,0,0,0,0
asymmetric_p2p_tornado_16mib,mrc,6138,0,0,0,0,0,0
asymmetric_p2p_tornado_16mib,mrc,6140,0,0,0,0,0,0
asymmetric_p2p_tornado_16mib,mrc,6142,0,0,0,0,0,0
asymmetric_p2p_tornado_16mib,mrc,6144,0,0,0,0,0,0
asymmetric_p2p_tornado_16mib,mrc,6146,0,0,0,0,0,0
asymmetric_p2p_tornado_16mib,mrc,6148,0,0,0,0,0,0
asymmetric_p2p_tornado_16mib,mrc,6150,0,0,0,0,0,0
asymmetric_p2p_tornado_16mib,mrc,6152,0,0,0,0,0,0
asymmetric_p2p_tornado_16mib,mrc,6154,0,0,0,0,0,0
asymmetric_p2p_tornado_16mib,mrc,6156,0,0,0,0,0,0
asymmetric_p2p_tornado_16mib,mrc,6158,0,0,0,0,0,0
asymmetric_p2p_tornado_16mib,mrc,6160,0,0,0,0,0,0
asymmetric_p2p_tornado_16mib,mrc,6162,0,0,0,0,0,0
asymmetric_p2p_tornado_16mib,mrc,6164,0,0,0,0,0,0
asymmetric_p2p_tornado_16mib,mrc,6166,0,0,0,0,0,0
asymmetric_p2p_tornado_16mib,mrc,6168,0,0,0,0,0,0
asymmetric_p2p_tornado_16mib,mrc,6170,0,0,0,0,0,0
asymmetric_p2p_tornado_16mib,mrc,6172,0,0,0,0,0,0
asymmetric_p2p_tornado_16mib,mrc,6174,0,0,0,0,0,0
asymmetric_p2p_tornado_16mib,mrc,6176,0,0,0,0,0,0
asymmetric_p2p_tornado_16mib,mrc,6178,0,0,0,0,0,0
asymmetric_p2p_tornado_16mib,mrc,6180,0,0,0,0,0,0
asymmetric_p2p_tornado_16mib,mrc,6182,0,0,0,0,0,0
asymmetric_p2p_tornado_16mib,mrc,6184,0,0,0,0,0,0
asymmetric_p2p_tornado_16mib,mrc,6186,0,0,0,0,0,0
asymmetric_p2p_tornado_16mib,mrc,6188,0,0,0,0,0,0
asymmetric_p2p_tornado_16mib,mrc,6190,0,0,0,0,0,0
asymmetric_p2p_tornado_16mib,mrc,6192,0,0,0,0,0,0
asymmetric_p2p_tornado_16mib,mrc,6194,0,0,0,0,0,0
asymmetric_p2p_tornado_16mib,mrc,6196,0,0,0,0,0,0
asymmetric_p2p_tornado_16mib,mrc,6198,0,0,0,0,0,0
asymmetric_p2p_tornado_16mib,mrc,6200,0,0,0,0,0,0
asymmetric_p2p_tornado_16mib,mrc,6202,0,0,0,0,0,0
asymmetric_p2p_tornado_16mib,mrc,6204,0,0,0,0,0,0
asymmetric_p2p_tornado_16mib,mrc,6206,0,0,0,0,0,0
asymmetric_p2p_tornado_16mib,mrc,6208,0,0,0,0,0,0
asymmetric_p2p_tornado_16mib,mrc,6210,0,0,0,0,0,0
asymmetric_p2p_tornado_16mib,mrc,6212,0,0,0,0,0,0
asymmetric_p2p_tornado_16mib,mrc,6214,0,0,0,0,0,0
asymmetric_p2p_tornado_16mib,mrc,6216,0,0,0,0,0,0
asymmetric_p2p_tornado_16mib,mrc,6218,0,0,0,0,0,0
asymmetric_p2p_tornado_16mib,mrc,6220,0,0,0,0,0,0
asymmetric_p2p_tornado_16mib,mrc,6222,0,0,0,0,0,0
asymmetric_p2p_tornado_16mib,mrc,6224,0,0,0,0,0,0
asymmetric_p2p_tornado_16mib,mrc,6226,0,0,0,0,0,0
asymmetric_p2p_tornado_16mib,mrc,6228,0,0,0,0,0,0
asymmetric_p2p_tornado_16mib,mrc,6230,0,0,0,0,0,0
asymmetric_p2p_tornado_16mib,mrc,6232,0,0,0,0,0,0
asymmetric_p2p_tornado_16mib,mrc,6234,0,0,0,0,0,0
asymmetric_p2p_tornado_16mib,mrc,6236,0,0,0,0,0,0
asymmetric_p2p_tornado_16mib,mrc,6238,0,0,0,0,0,0
asymmetric_p2p_tornado_16mib,mrc,6240,0,0,0,0,0,0
asymmetric_p2p_tornado_16mib,mrc,6242,0,0,0,0,0,0
asymmetric_p2p_tornado_16mib,mrc,6244,0,0,0,0,0,0
asymmetric_p2p_tornado_16mib,mrc,6246,0,0,0,0,0,0
asymmetric_p2p_tornado_16mib,mrc,6248,0,0,0,0,0,0
asymmetric_p2p_tornado_16mib,mrc,6250,0,0,0,0,0,0
asymmetric_p2p_tornado_16mib,mrc,6252,0,0,0,0,0,0
asymmetric_p2p_tornado_16mib,mrc,6254,0,0,0,0,0,0
asymmetric_p2p_tornado_16mib,mrc,6256,0,0,0,0,0,0
asymmetric_p2p_tornado_16mib,mrc,6258,0,0,0,0,0,0
asymmetric_p2p_tornado_16mib,mrc,6260,0,0,0,0,0,0
asymmetric_p2p_tornado_16mib,mrc,6262,0,0,0,0,0,0
asymmetric_p2p_tornado_16mib,mrc,6264,0,0,0,0,0,0
asymmetric_p2p_tornado_16mib,mrc,6266,0,0,0,0,0,0
asymmetric_p2p_tornado_16mib,mrc,6268,0,0,0,0,0,0
asymmetric_p2p_tornado_16mib,mrc,6270,0,0,0,0,0,0
asymmetric_p2p_tornado_16mib,mrc,6272,0,0,0,0,0,0
asymmetric_p2p_tornado_16mib,mrc,6274,0,0,0,0,0,0
asymmetric_p2p_tornado_16mib,mrc,6276,0,0,0,0,0,0
asymmetric_p2p_tornado_16mib,mrc,6278,0,0,0,0,0,0
asymmetric_p2p_tornado_16mib,mrc,6280,0,0,0,0,0,0
asymmetric_p2p_tornado_16mib,mrc,6282,0,0,0,0,0,0
asymmetric_p2p_tornado_16mib,mrc,6284,0,0,0,0,0,0
asymmetric_p2p_tornado_16mib,mrc,6286,0,0,0,0,0,0
asymmetric_p2p_tornado_16mib,mrc,6288,0,0,0,0,0,0
asymmetric_p2p_tornado_16mib,mrc,6290,0,0,0,0,0,0
asymmetric_p2p_tornado_16mib,mrc,6292,0,0,0,0,0,0
asymmetric_p2p_tornado_16mib,mrc,6294,0,0,0,0,0,0
asymmetric_p2p_tornado_16mib,mrc,6296,0,0,0,0,0,0
asymmetric_p2p_tornado_16mib,mrc,6298,0,0,0,0,0,0
asymmetric_p2p_tornado_16mib,mrc,6300,0,0,0,0,0,0
asymmetric_p2p_tornado_16mib,mrc,6302,0,0,0,0,0,0
asymmetric_p2p_tornado_16mib,mrc,6304,0,0,0,0,0,0
asymmetric_p2p_tornado_16mib,mrc,6306,0,0,0,0,0,0
asymmetric_p2p_tornado_16mib,mrc,6308,0,0,0,0,0,0
asymmetric_p2p_tornado_16mib,mrc,6310,0,0,0,0,0,0
asymmetric_p2p_tornado_16mib,mrc,6312,0,0,0,0,0,0
asymmetric_p2p_tornado_16mib,mrc,6314,0,0,0,0,0,0
asymmetric_p2p_tornado_16mib,mrc,6316,0,0,0,0,0,0
asymmetric_p2p_tornado_16mib,mrc,6318,0,0,0,0,0,0
asymmetric_p2p_tornado_16mib,mrc,6320,0,0,0,0,0,0
asymmetric_p2p_tornado_16mib,mrc,6322,0,0,0,0,0,0
asymmetric_p2p_tornado_16mib,mrc,6324,0,0,0,0,0,0
asymmetric_p2p_tornado_16mib,mrc,6326,0,0,0,0,0,0
asymmetric_p2p_tornado_16mib,mrc,6328,0,0,0,0,0,0
asymmetric_p2p_tornado_16mib,mrc,6330,0,0,0,0,0,0
asymmetric_p2p_tornado_16mib,mrc,6332,0,0,0,0,0,0
asymmetric_p2p_tornado_16mib,mrc,6334,0,0,0,0,0,0
asymmetric_p2p_tornado_16mib,mrc,6336,0,0,0,0,0,0
asymmetric_p2p_tornado_16mib,mrc,6338,0,0,0,0,0,0
asymmetric_p2p_tornado_16mib,mrc,6340,0,0,0,0,0,0
asymmetric_p2p_tornado_16mib,mrc,6342,0,0,0,0,0,0
asymmetric_p2p_tornado_16mib,mrc,6344,0,0,0,0,0,0
asymmetric_p2p_tornado_16mib,mrc,6346,0,0,0,0,0,0
asymmetric_p2p_tornado_16mib,mrc,6348,0,0,0,0,0,0
asymmetric_p2p_tornado_16mib,mrc,6350,0,0,0,0,0,0
asymmetric_p2p_tornado_16mib,mrc,6352,0,0,0,0,0,0
asymmetric_p2p_tornado_16mib,mrc,6354,0,0,0,0,0,0
asymmetric_p2p_tornado_16mib,mrc,6356,0,0,0,0,0,0
asymmetric_p2p_tornado_16mib,mrc,6358,0,0,0,0,0,0
asymmetric_p2p_tornado_16mib,mrc,6360,0,0,0,0,0,0
asymmetric_p2p_tornado_16mib,mrc,6362,0,0,0,0,0,0
asymmetric_p2p_tornado_16mib,mrc,6364,0,0,0,0,0,0
asymmetric_p2p_tornado_16mib,mrc,6366,0,0,0,0,0,0
asymmetric_p2p_tornado_16mib,mrc,6368,0,0,0,0,0,0
asymmetric_p2p_tornado_16mib,mrc,6370,0,0,0,0,0,0
asymmetric_p2p_tornado_16mib,mrc,6372,0,0,0,0,0,0
asymmetric_p2p_tornado_16mib,mrc,6374,0,0,0,0,0,0
asymmetric_p2p_tornado_16mib,mrc,6376,0,0,0,0,0,0
asymmetric_p2p_tornado_16mib,mrc,6378,0,0,0,0,0,0
asymmetric_p2p_tornado_16mib,mrc,6380,0,0,0,0,0,0
asymmetric_p2p_tornado_16mib,mrc,6382,0,0,0,0,0,0
asymmetric_p2p_tornado_16mib,mrc,6384,0,0,0,0,0,0
asymmetric_p2p_tornado_16mib,mrc,6386,0,0,0,0,0,0
asymmetric_p2p_tornado_16mib,mrc,6388,0,0,0,0,0,0
asymmetric_p2p_tornado_16mib,mrc,6390,0,0,0,0,0,0
asymmetric_p2p_tornado_16mib,mrc,6392,0,0,0,0,0,0
asymmetric_p2p_tornado_16mib,mrc,6394,0,0,0,0,0,0
asymmetric_p2p_tornado_16mib,mrc,6396,0,0,0,0,0,0
asymmetric_p2p_tornado_16mib,mrc,6398,0,0,0,0,0,0
asymmetric_p2p_tornado_16mib,mrc,6400,0,0,0,0,0,0
asymmetric_p2p_tornado_16mib,mrc,6402,0,0,0,0,0,0
asymmetric_p2p_tornado_16mib,mrc,6404,0,0,0,0,0,0
asymmetric_p2p_tornado_16mib,mrc,6406,0,0,0,0,0,0
asymmetric_p2p_tornado_16mib,mrc,6408,0,0,0,0,0,0
asymmetric_p2p_tornado_16mib,mrc,6410,0,0,0,0,0,0
asymmetric_p2p_tornado_16mib,mrc,6412,0,0,0,0,0,0
asymmetric_p2p_tornado_16mib,mrc,6414,0,0,0,0,0,0
asymmetric_p2p_tornado_16mib,mrc,6416,0,0,0,0,0,0
asymmetric_p2p_tornado_16mib,mrc,6418,0,0,0,0,0,0
asymmetric_p2p_tornado_16mib,mrc,6420,0,0,0,0,0,0
asymmetric_p2p_tornado_16mib,mrc,6422,0,0,0,0,0,0
asymmetric_p2p_tornado_16mib,mrc,6424,0,0,0,0,0,0
asymmetric_p2p_tornado_16mib,mrc,6426,0,0,0,0,0,0
asymmetric_p2p_tornado_16mib,mrc,6428,0,0,0,0,0,0
asymmetric_p2p_tornado_16mib,mrc,6430,0,0,0,0,0,0
asymmetric_p2p_tornado_16mib,mrc,6432,0,0,0,0,0,0
asymmetric_p2p_tornado_16mib,mrc,6434,0,0,0,0,0,0
asymmetric_p2p_tornado_16mib,mrc,6436,0,0,0,0,0,0
asymmetric_p2p_tornado_16mib,mrc,6438,0,0,0,0,0,0
asymmetric_p2p_tornado_16mib,mrc,6440,0,0,0,0,0,0
asymmetric_p2p_tornado_16mib,mrc,6442,0,0,0,0,0,0
asymmetric_p2p_tornado_16mib,mrc,6444,0,0,0,0,0,0
asymmetric_p2p_tornado_16mib,mrc,6446,0,0,0,0,0,0
asymmetric_p2p_tornado_16mib,mrc,6448,0,0,0,0,0,0
asymmetric_p2p_tornado_16mib,mrc,6450,0,0,0,0,0,0
asymmetric_p2p_tornado_16mib,mrc,6452,0,0,0,0,0,0
asymmetric_p2p_tornado_16mib,mrc,6454,0,0,0,0,0,0
asymmetric_p2p_tornado_16mib,mrc,6456,0,0,0,0,0,0
asymmetric_p2p_tornado_16mib,mrc,6458,0,0,0,0,0,0
asymmetric_p2p_tornado_16mib,mrc,6460,0,0,0,0,0,0
asymmetric_p2p_tornado_16mib,mrc,6462,0,0,0,0,0,0
asymmetric_p2p_tornado_16mib,mrc,6464,0,0,0,0,0,0
asymmetric_p2p_tornado_16mib,mrc,6466,0,0,0,0,0,0
asymmetric_p2p_tornado_16mib,mrc,6468,0,0,0,0,0,0
asymmetric_p2p_tornado_16mib,mrc,6470,0,0,0,0,0,0
asymmetric_p2p_tornado_16mib,mrc,6472,0,0,0,0,0,0
asymmetric_p2p_tornado_16mib,mrc,6474,0,0,0,0,0,0
asymmetric_p2p_tornado_16mib,mrc,6476,0,0,0,0,0,0
asymmetric_p2p_tornado_16mib,mrc,6478,0,0,0,0,0,0
asymmetric_p2p_tornado_16mib,mrc,6480,0,0,0,0,0,0
asymmetric_p2p_tornado_16mib,mrc,6482,0,0,0,0,0,0
asymmetric_p2p_tornado_16mib,mrc,6484,0,0,0,0,0,0
asymmetric_p2p_tornado_16mib,mrc,6486,0,0,0,0,0,0
asymmetric_p2p_tornado_16mib,mrc,6488,0,0,0,0,0,0
asymmetric_p2p_tornado_16mib,mrc,6490,0,0,0,0,0,0
asymmetric_p2p_tornado_16mib,mrc,6492,0,0,0,0,0,0
asymmetric_p2p_tornado_16mib,mrc,6494,0,0,0,0,0,0
asymmetric_p2p_tornado_16mib,mrc,6496,0,0,0,0,0,0
asymmetric_p2p_tornado_16mib,mrc,6498,0,0,0,0,0,0
asymmetric_p2p_tornado_16mib,mrc,6500,0,0,0,0,0,0
asymmetric_p2p_tornado_16mib,mrc,6502,0,0,0,0,0,0
asymmetric_p2p_tornado_16mib,mrc,6504,0,0,0,0,0,0
asymmetric_p2p_tornado_16mib,mrc,6506,0,0,0,0,0,0
asymmetric_p2p_tornado_16mib,mrc,6508,0,0,0,0,0,0
asymmetric_p2p_tornado_16mib,mrc,6510,0,0,0,0,0,0
asymmetric_p2p_tornado_16mib,mrc,6512,0,0,0,0,0,0
asymmetric_p2p_tornado_16mib,mrc,6514,0,0,0,0,0,0
asymmetric_p2p_tornado_16mib,mrc,6516,0,0,0,0,0,0
asymmetric_p2p_tornado_16mib,mrc,6518,0,0,0,0,0,0
asymmetric_p2p_tornado_16mib,mrc,6520,0,0,0,0,0,0
asymmetric_p2p_tornado_16mib,mrc,6522,0,0,0,0,0,0
asymmetric_p2p_tornado_16mib,mrc,6524,0,0,0,0,0,0
asymmetric_p2p_tornado_16mib,mrc,6526,0,0,0,0,0,0
asymmetric_p2p_tornado_16mib,mrc,6528,0,0,0,0,0,0
asymmetric_p2p_tornado_16mib,mrc,6530,0,0,0,0,0,0
asymmetric_p2p_tornado_16mib,mrc,6532,0,0,0,0,0,0
asymmetric_p2p_tornado_16mib,mrc,6534,0,0,0,0,0,0
asymmetric_p2p_tornado_16mib,mrc,6536,0,0,0,0,0,0
asymmetric_p2p_tornado_16mib,mrc,6538,0,0,0,0,0,0
asymmetric_p2p_tornado_16mib,mrc,6540,0,0,0,0,0,0
asymmetric_p2p_tornado_16mib,mrc,6542,0,0,0,0,0,0
asymmetric_p2p_tornado_16mib,mrc,6544,0,0,0,0,0,0
asymmetric_p2p_tornado_16mib,mrc,6546,0,0,0,0,0,0
asymmetric_p2p_tornado_16mib,mrc,6548,0,0,0,0,0,0
asymmetric_p2p_tornado_16mib,mrc,6550,0,0,0,0,0,0
asymmetric_p2p_tornado_16mib,mrc,6552,0,0,0,0,0,0
asymmetric_p2p_tornado_16mib,mrc,6554,0,0,0,0,0,0
asymmetric_p2p_tornado_16mib,mrc,6556,0,0,0,0,0,0
asymmetric_p2p_tornado_16mib,mrc,6558,0,0,0,0,0,0
asymmetric_p2p_tornado_16mib,mrc,6560,0,0,0,0,0,0
asymmetric_p2p_tornado_16mib,mrc,6562,0,0,0,0,0,0
asymmetric_p2p_tornado_16mib,mrc,6564,0,0,0,0,0,0
asymmetric_p2p_tornado_16mib,mrc,6566,0,0,0,0,0,0
asymmetric_p2p_tornado_16mib,mrc,6568,0,0,0,0,0,0
asymmetric_p2p_tornado_16mib,mrc,6570,0,0,0,0,0,0
asymmetric_p2p_tornado_16mib,mrc,6572,0,0,0,0,0,0
asymmetric_p2p_tornado_16mib,mrc,6574,0,0,0,0,0,0
asymmetric_p2p_tornado_16mib,mrc,6576,0,0,0,0,0,0
asymmetric_p2p_tornado_16mib,mrc,6578,0,0,0,0,0,0
asymmetric_p2p_tornado_16mib,mrc,6580,0,0,0,0,0,0
asymmetric_p2p_tornado_16mib,mrc,6582,0,0,0,0,0,0
asymmetric_p2p_tornado_16mib,mrc,6584,0,0,0,0,0,0
asymmetric_p2p_tornado_16mib,mrc,6586,0,0,0,0,0,0
asymmetric_p2p_tornado_16mib,mrc,6588,0,0,0,0,0,0
asymmetric_p2p_tornado_16mib,mrc,6590,0,0,0,0,0,0
asymmetric_p2p_tornado_16mib,mrc,6592,0,0,0,0,0,0
asymmetric_p2p_tornado_16mib,mrc,6594,0,0,0,0,0,0
asymmetric_p2p_tornado_16mib,mrc,6596,0,0,0,0,0,0
asymmetric_p2p_tornado_16mib,mrc,6598,0,0,0,0,0,0
asymmetric_p2p_tornado_16mib,mrc,6600,0,0,0,0,0,0
asymmetric_p2p_tornado_16mib,mrc,6602,0,0,0,0,0,0
asymmetric_p2p_tornado_16mib,mrc,6604,0,0,0,0,0,0
asymmetric_p2p_tornado_16mib,mrc,6606,0,0,0,0,0,0
asymmetric_p2p_tornado_16mib,mrc,6608,0,0,0,0,0,0
asymmetric_p2p_tornado_16mib,mrc,6610,0,0,0,0,0,0
asymmetric_p2p_tornado_16mib,mrc,6612,0,0,0,0,0,0
asymmetric_p2p_tornado_16mib,mrc,6614,0,0,0,0,0,0
asymmetric_p2p_tornado_16mib,mrc,6616,0,0,0,0,0,0
asymmetric_p2p_tornado_16mib,mrc,6618,0,0,0,0,0,0
asymmetric_p2p_tornado_16mib,mrc,6620,0,0,0,0,0,0
asymmetric_p2p_tornado_16mib,mrc,6622,0,0,0,0,0,0
asymmetric_p2p_tornado_16mib,mrc,6624,0,0,0,0,0,0
asymmetric_p2p_tornado_16mib,mrc,6626,0,0,0,0,0,0
asymmetric_p2p_tornado_16mib,mrc,6628,0,0,0,0,0,0
asymmetric_p2p_tornado_16mib,mrc,6630,0,0,0,0,0,0
asymmetric_p2p_tornado_16mib,mrc,6632,0,0,0,0,0,0
asymmetric_p2p_tornado_16mib,mrc,6634,0,0,0,0,0,0
asymmetric_p2p_tornado_16mib,mrc,6636,0,0,0,0,0,0
asymmetric_p2p_tornado_16mib,mrc,6638,0,0,0,0,0,0
asymmetric_p2p_tornado_16mib,mrc,6640,0,0,0,0,0,0
asymmetric_p2p_tornado_16mib,mrc,6642,0,0,0,0,0,0
asymmetric_p2p_tornado_16mib,mrc,6644,0,0,0,0,0,0
asymmetric_p2p_tornado_16mib,mrc,6646,0,0,0,0,0,0
asymmetric_p2p_tornado_16mib,mrc,6648,0,0,0,0,0,0
asymmetric_p2p_tornado_16mib,mrc,6650,0,0,0,0,0,0
asymmetric_p2p_tornado_16mib,mrc,6652,0,0,0,0,0,0
asymmetric_p2p_tornado_16mib,mrc,6654,0,0,0,0,0,0
asymmetric_p2p_tornado_16mib,mrc,6656,0,0,0,0,0,0
asymmetric_p2p_tornado_16mib,mrc,6658,0,0,0,0,0,0
asymmetric_p2p_tornado_16mib,mrc,6660,0,0,0,0,0,0
asymmetric_p2p_tornado_16mib,mrc,6662,0,0,0,0,0,0
asymmetric_p2p_tornado_16mib,mrc,6664,0,0,0,0,0,0
asymmetric_p2p_tornado_16mib,mrc,6666,0,0,0,0,0,0
asymmetric_p2p_tornado_16mib,mrc,6668,0,0,0,0,0,0
asymmetric_p2p_tornado_16mib,mrc,6670,0,0,0,0,0,0
asymmetric_p2p_tornado_16mib,mrc,6672,0,0,0,0,0,0
asymmetric_p2p_tornado_16mib,mrc,6674,0,0,0,0,0,0
asymmetric_p2p_tornado_16mib,mrc,6676,0,0,0,0,0,0
asymmetric_p2p_tornado_16mib,mrc,6678,0,0,0,0,0,0
asymmetric_p2p_tornado_16mib,mrc,6680,0,0,0,0,0,0
asymmetric_p2p_tornado_16mib,mrc,6682,0,0,0,0,0,0
asymmetric_p2p_tornado_16mib,mrc,6684,0,0,0,0,0,0
asymmetric_p2p_tornado_16mib,mrc,6686,0,0,0,0,0,0
asymmetric_p2p_tornado_16mib,mrc,6688,0,0,0,0,0,0
asymmetric_p2p_tornado_16mib,mrc,6690,0,0,0,0,0,0
asymmetric_p2p_tornado_16mib,mrc,6692,0,0,0,0,0,0
asymmetric_p2p_tornado_16mib,mrc,6694,0,0,0,0,0,0
asymmetric_p2p_tornado_16mib,mrc,6696,0,0,0,0,0,0
asymmetric_p2p_tornado_16mib,mrc,6698,0,0,0,0,0,0
asymmetric_p2p_tornado_16mib,mrc,6700,0,0,0,0,0,0
asymmetric_p2p_tornado_16mib,mrc,6702,0,0,0,0,0,0
asymmetric_p2p_tornado_16mib,mrc,6704,0,0,0,0,0,0
asymmetric_p2p_tornado_16mib,mrc,6706,0,0,0,0,0,0
asymmetric_p2p_tornado_16mib,mrc,6708,0,0,0,0,0,0
asymmetric_p2p_tornado_16mib,mrc,6710,0,0,0,0,0,0
asymmetric_p2p_tornado_16mib,mrc,6712,0,0,0,0,0,0
asymmetric_p2p_tornado_16mib,mrc,6714,0,0,0,0,0,0
asymmetric_p2p_tornado_16mib,mrc,6716,0,0,0,0,0,0
asymmetric_p2p_tornado_16mib,mrc,6718,0,0,0,0,0,0
asymmetric_p2p_tornado_16mib,mrc,6720,0,0,0,0,0,0
asymmetric_p2p_tornado_16mib,mrc,6722,0,0,0,0,0,0
asymmetric_p2p_tornado_16mib,mrc,6724,0,0,0,0,0,0
asymmetric_p2p_tornado_16mib,mrc,6726,0,0,0,0,0,0
asymmetric_p2p_tornado_16mib,mrc,6728,0,0,0,0,0,0
asymmetric_p2p_tornado_16mib,mrc,6730,0,0,0,0,0,0
asymmetric_p2p_tornado_16mib,mrc,6732,0,0,0,0,0,0
asymmetric_p2p_tornado_16mib,mrc,6734,0,0,0,0,0,0
asymmetric_p2p_tornado_16mib,mrc,6736,0,0,0,0,0,0
asymmetric_p2p_tornado_16mib,mrc,6738,0,0,0,0,0,0
asymmetric_p2p_tornado_16mib,mrc,6740,0,0,0,0,0,0
asymmetric_p2p_tornado_16mib,mrc,6742,0,0,0,0,0,0
asymmetric_p2p_tornado_16mib,mrc,6744,0,0,0,0,0,0
asymmetric_p2p_tornado_16mib,mrc,6746,0,0,0,0,0,0
asymmetric_p2p_tornado_16mib,mrc,6748,0,0,0,0,0,0
asymmetric_p2p_tornado_16mib,mrc,6750,0,0,0,0,0,0
asymmetric_p2p_tornado_16mib,mrc,6752,0,0,0,0,0,0
asymmetric_p2p_tornado_16mib,mrc,6754,0,0,0,0,0,0
asymmetric_p2p_tornado_16mib,mrc,6756,0,0,0,0,0,0
asymmetric_p2p_tornado_16mib,mrc,6758,0,0,0,0,0,0
asymmetric_p2p_tornado_16mib,mrc,6760,0,0,0,0,0,0
asymmetric_p2p_tornado_16mib,mrc,6762,0,0,0,0,0,0
asymmetric_p2p_tornado_16mib,mrc,6764,0,0,0,0,0,0
asymmetric_p2p_tornado_16mib,mrc,6766,0,0,0,0,0,0
asymmetric_p2p_tornado_16mib,mrc,6768,0,0,0,0,0,0
asymmetric_p2p_tornado_16mib,mrc,6770,0,0,0,0,0,0
asymmetric_p2p_tornado_16mib,mrc,6772,0,0,0,0,0,0
asymmetric_p2p_tornado_16mib,mrc,6774,0,0,0,0,0,0
asymmetric_p2p_tornado_16mib,mrc,6776,0,0,0,0,0,0
asymmetric_p2p_tornado_16mib,mrc,6778,0,0,0,0,0,0
asymmetric_p2p_tornado_16mib,mrc,6780,0,0,0,0,0,0
asymmetric_p2p_tornado_16mib,mrc,6782,0,0,0,0,0,0
asymmetric_p2p_tornado_16mib,mrc,6784,0,0,0,0,0,0
asymmetric_p2p_tornado_16mib,mrc,6786,0,0,0,0,0,0
asymmetric_p2p_tornado_16mib,mrc,6788,0,0,0,0,0,0
asymmetric_p2p_tornado_16mib,mrc,6790,0,0,0,0,0,0
asymmetric_p2p_tornado_16mib,mrc,6792,0,0,0,0,0,0
asymmetric_p2p_tornado_16mib,mrc,6794,0,0,0,0,0,0
asymmetric_p2p_tornado_16mib,mrc,6796,0,0,0,0,0,0
asymmetric_p2p_tornado_16mib,mrc,6798,0,0,0,0,0,0
asymmetric_p2p_tornado_16mib,mrc,6800,0,0,0,0,0,0
asymmetric_p2p_tornado_16mib,mrc,6802,0,0,0,0,0,0
asymmetric_p2p_tornado_16mib,mrc,6804,0,0,0,0,0,0
asymmetric_p2p_tornado_16mib,mrc,6806,0,0,0,0,0,0
asymmetric_p2p_tornado_16mib,mrc,6808,0,0,0,0,0,0
asymmetric_p2p_tornado_16mib,mrc,6810,0,0,0,0,0,0
asymmetric_p2p_tornado_16mib,mrc,6812,0,0,0,0,0,0
asymmetric_p2p_tornado_16mib,mrc,6814,0,0,0,0,0,0
asymmetric_p2p_tornado_16mib,mrc,6816,0,0,0,0,0,0
asymmetric_p2p_tornado_16mib,mrc,6818,0,0,0,0,0,0
asymmetric_p2p_tornado_16mib,mrc,6820,0,0,0,0,0,0
asymmetric_p2p_tornado_16mib,mrc,6822,0,0,0,0,0,0
asymmetric_p2p_tornado_16mib,mrc,6824,0,0,0,0,0,0
asymmetric_p2p_tornado_16mib,mrc,6826,0,0,0,0,0,0
asymmetric_p2p_tornado_16mib,mrc,6828,0,0,0,0,0,0
asymmetric_p2p_tornado_16mib,mrc,6830,0,0,0,0,0,0
asymmetric_p2p_tornado_16mib,mrc,6832,0,0,0,0,0,0
asymmetric_p2p_tornado_16mib,mrc,6834,0,0,0,0,0,0
asymmetric_p2p_tornado_16mib,mrc,6836,0,0,0,0,0,0
asymmetric_p2p_tornado_16mib,mrc,6838,0,0,0,0,0,0
asymmetric_p2p_tornado_16mib,mrc,6840,0,0,0,0,0,0
asymmetric_p2p_tornado_16mib,mrc,6842,0,0,0,0,0,0
asymmetric_p2p_tornado_16mib,mrc,6844,0,0,0,0,0,0
asymmetric_p2p_tornado_16mib,mrc,6846,0,0,0,0,0,0
asymmetric_p2p_tornado_16mib,mrc,6848,0,0,0,0,0,0
asymmetric_p2p_tornado_16mib,mrc,6850,0,0,0,0,0,0
asymmetric_p2p_tornado_16mib,mrc,6852,0,0,0,0,0,0
asymmetric_p2p_tornado_16mib,mrc,6854,0,0,0,0,0,0
asymmetric_p2p_tornado_16mib,mrc,6856,0,0,0,0,0,0
asymmetric_p2p_tornado_16mib,mrc,6858,0,0,0,0,0,0
asymmetric_p2p_tornado_16mib,mrc,6860,0,0,0,0,0,0
asymmetric_p2p_tornado_16mib,mrc,6862,0,0,0,0,0,0
asymmetric_p2p_tornado_16mib,mrc,6864,0,0,0,0,0,0
asymmetric_p2p_tornado_16mib,mrc,6866,0,0,0,0,0,0
asymmetric_p2p_tornado_16mib,mrc,6868,0,0,0,0,0,0
asymmetric_p2p_tornado_16mib,mrc,6870,0,0,0,0,0,0
asymmetric_p2p_tornado_16mib,mrc,6872,0,0,0,0,0,0
asymmetric_p2p_tornado_16mib,mrc,6874,0,0,0,0,0,0
asymmetric_p2p_tornado_16mib,mrc,6876,0,0,0,0,0,0
asymmetric_p2p_tornado_16mib,mrc,6878,0,0,0,0,0,0
asymmetric_p2p_tornado_16mib,mrc,6880,0,0,0,0,0,0
asymmetric_p2p_tornado_16mib,mrc,6882,0,0,0,0,0,0
asymmetric_p2p_tornado_16mib,mrc,6884,0,0,0,0,0,0
asymmetric_p2p_tornado_16mib,mrc,6886,0,0,0,0,0,0
asymmetric_p2p_tornado_16mib,mrc,6888,0,0,0,0,0,0
asymmetric_p2p_tornado_16mib,mrc,6890,0,0,0,0,0,0
asymmetric_p2p_tornado_16mib,mrc,6892,0,0,0,0,0,0
asymmetric_p2p_tornado_16mib,mrc,6894,0,0,0,0,0,0
asymmetric_p2p_tornado_16mib,mrc,6896,0,0,0,0,0,0
asymmetric_p2p_tornado_16mib,mrc,6898,0,0,0,0,0,0
asymmetric_p2p_tornado_16mib,mrc,6900,0,0,0,0,0,0
asymmetric_p2p_tornado_16mib,mrc,6902,0,0,0,0,0,0
asymmetric_p2p_tornado_16mib,mrc,6904,0,0,0,0,0,0
asymmetric_p2p_tornado_16mib,mrc,6906,0,0,0,0,0,0
asymmetric_p2p_tornado_16mib,mrc,6908,0,0,0,0,0,0
asymmetric_p2p_tornado_16mib,mrc,6910,0,0,0,0,0,0
asymmetric_p2p_tornado_16mib,mrc,6912,0,0,0,0,0,0
asymmetric_p2p_tornado_16mib,mrc,6914,0,0,0,0,0,0
asymmetric_p2p_tornado_16mib,mrc,6916,0,0,0,0,0,0
asymmetric_p2p_tornado_16mib,mrc,6918,0,0,0,0,0,0
asymmetric_p2p_tornado_16mib,mrc,6920,0,0,0,0,0,0
asymmetric_p2p_tornado_16mib,mrc,6922,0,0,0,0,0,0
asymmetric_p2p_tornado_16mib,mrc,6924,0,0,0,0,0,0
asymmetric_p2p_tornado_16mib,mrc,6926,0,0,0,0,0,0
asymmetric_p2p_tornado_16mib,mrc,6928,0,0,0,0,0,0
asymmetric_p2p_tornado_16mib,mrc,6930,0,0,0,0,0,0
asymmetric_p2p_tornado_16mib,mrc,6932,0,0,0,0,0,0
asymmetric_p2p_tornado_16mib,mrc,6934,0,0,0,0,0,0
asymmetric_p2p_tornado_16mib,mrc,6936,0,0,0,0,0,0
asymmetric_p2p_tornado_16mib,mrc,6938,0,0,0,0,0,0
asymmetric_p2p_tornado_16mib,mrc,6940,0,0,0,0,0,0
asymmetric_p2p_tornado_16mib,mrc,6942,0,0,0,0,0,0
asymmetric_p2p_tornado_16mib,mrc,6944,0,0,0,0,0,0
asymmetric_p2p_tornado_16mib,mrc,6946,0,0,0,0,0,0
asymmetric_p2p_tornado_16mib,mrc,6948,0,0,0,0,0,0
asymmetric_p2p_tornado_16mib,mrc,6950,0,0,0,0,0,0
asymmetric_p2p_tornado_16mib,mrc,6952,0,0,0,0,0,0
asymmetric_p2p_tornado_16mib,mrc,6954,0,0,0,0,0,0
asymmetric_p2p_tornado_16mib,mrc,6956,0,0,0,0,0,0
asymmetric_p2p_tornado_16mib,mrc,6958,0,0,0,0,0,0
asymmetric_p2p_tornado_16mib,mrc,6960,0,0,0,0,0,0
asymmetric_p2p_tornado_16mib,mrc,6962,0,0,0,0,0,0
asymmetric_p2p_tornado_16mib,mrc,6964,0,0,0,0,0,0
asymmetric_p2p_tornado_16mib,mrc,6966,0,0,0,0,0,0
asymmetric_p2p_tornado_16mib,mrc,6968,0,0,0,0,0,0
asymmetric_p2p_tornado_16mib,mrc,6970,0,0,0,0,0,0
asymmetric_p2p_tornado_16mib,mrc,6972,0,0,0,0,0,0
asymmetric_p2p_tornado_16mib,mrc,6974,0,0,0,0,0,0
asymmetric_p2p_tornado_16mib,mrc,6976,0,0,0,0,0,0
asymmetric_p2p_tornado_16mib,mrc,6978,0,0,0,0,0,0
asymmetric_p2p_tornado_16mib,mrc,6980,0,0,0,0,0,0
asymmetric_p2p_tornado_16mib,mrc,6982,0,0,0,0,0,0
asymmetric_p2p_tornado_16mib,mrc,6984,0,0,0,0,0,0
asymmetric_p2p_tornado_16mib,mrc,6986,0,0,0,0,0,0
asymmetric_p2p_tornado_16mib,mrc,6988,0,0,0,0,0,0
asymmetric_p2p_tornado_16mib,mrc,6990,0,0,0,0,0,0
asymmetric_p2p_tornado_16mib,mrc,6992,0,0,0,0,0,0
asymmetric_p2p_tornado_16mib,mrc,6994,0,0,0,0,0,0
asymmetric_p2p_tornado_16mib,mrc,6996,0,0,0,0,0,0
asymmetric_p2p_tornado_16mib,mrc,6998,0,0,0,0,0,0
asymmetric_p2p_tornado_16mib,mrc,7000,0,0,0,0,0,0
asymmetric_p2p_tornado_16mib,mrc,7002,0,0,0,0,0,0
asymmetric_p2p_tornado_16mib,mrc,7004,0,0,0,0,0,0
asymmetric_p2p_tornado_16mib,mrc,7006,0,0,0,0,0,0
asymmetric_p2p_tornado_16mib,mrc,7008,0,0,0,0,0,0
asymmetric_p2p_tornado_16mib,mrc,7010,0,0,0,0,0,0
asymmetric_p2p_tornado_16mib,mrc,7012,0,0,0,0,0,0
asymmetric_p2p_tornado_16mib,mrc,7014,0,0,0,0,0,0
asymmetric_p2p_tornado_16mib,mrc,7016,0,0,0,0,0,0
asymmetric_p2p_tornado_16mib,mrc,7018,0,0,0,0,0,0
asymmetric_p2p_tornado_16mib,mrc,7020,0,0,0,0,0,0
asymmetric_p2p_tornado_16mib,mrc,7022,0,0,0,0,0,0
asymmetric_p2p_tornado_16mib,mrc,7024,0,0,0,0,0,0
asymmetric_p2p_tornado_16mib,mrc,7026,0,0,0,0,0,0
asymmetric_p2p_tornado_16mib,mrc,7028,0,0,0,0,0,0
asymmetric_p2p_tornado_16mib,mrc,7030,0,0,0,0,0,0
asymmetric_p2p_tornado_16mib,mrc,7032,0,0,0,0,0,0
asymmetric_p2p_tornado_16mib,mrc,7034,0,0,0,0,0,0
asymmetric_p2p_tornado_16mib,mrc,7036,0,0,0,0,0,0
asymmetric_p2p_tornado_16mib,mrc,7038,0,0,0,0,0,0
asymmetric_p2p_tornado_16mib,mrc,7040,0,0,0,0,0,0
asymmetric_p2p_tornado_16mib,mrc,7042,0,0,0,0,0,0
asymmetric_p2p_tornado_16mib,mrc,7044,0,0,0,0,0,0
asymmetric_p2p_tornado_16mib,mrc,7046,0,0,0,0,0,0
asymmetric_p2p_tornado_16mib,mrc,7048,0,0,0,0,0,0
asymmetric_p2p_tornado_16mib,mrc,7050,0,0,0,0,0,0
asymmetric_p2p_tornado_16mib,mrc,7052,0,0,0,0,0,0
asymmetric_p2p_tornado_16mib,mrc,7054,0,0,0,0,0,0
asymmetric_p2p_tornado_16mib,mrc,7056,0,0,0,0,0,0
asymmetric_p2p_tornado_16mib,mrc,7058,0,0,0,0,0,0
asymmetric_p2p_tornado_16mib,mrc,7060,0,0,0,0,0,0
asymmetric_p2p_tornado_16mib,mrc,7062,0,0,0,0,0,0
asymmetric_p2p_tornado_16mib,mrc,7064,0,0,0,0,0,0
asymmetric_p2p_tornado_16mib,mrc,7066,0,0,0,0,0,0
asymmetric_p2p_tornado_16mib,mrc,7068,0,0,0,0,0,0
asymmetric_p2p_tornado_16mib,mrc,7070,0,0,0,0,0,0
asymmetric_p2p_tornado_16mib,mrc,7072,0,0,0,0,0,0
asymmetric_p2p_tornado_16mib,mrc,7074,0,0,0,0,0,0
asymmetric_p2p_tornado_16mib,mrc,7076,0,0,0,0,0,0
asymmetric_p2p_tornado_16mib,mrc,7078,0,0,0,0,0,0
asymmetric_p2p_tornado_16mib,mrc,7080,0,0,0,0,0,0
asymmetric_p2p_tornado_16mib,mrc,7082,0,0,0,0,0,0
asymmetric_p2p_tornado_16mib,mrc,7084,0,0,0,0,0,0
asymmetric_p2p_tornado_16mib,mrc,7086,0,0,0,0,0,0
asymmetric_p2p_tornado_16mib,mrc,7088,0,0,0,0,0,0
asymmetric_p2p_tornado_16mib,mrc,7090,0,0,0,0,0,0
asymmetric_p2p_tornado_16mib,mrc,7092,0,0,0,0,0,0
asymmetric_p2p_tornado_16mib,mrc,7094,0,0,0,0,0,0
asymmetric_p2p_tornado_16mib,mrc,7096,0,0,0,0,0,0
asymmetric_p2p_tornado_16mib,mrc,7098,0,0,0,0,0,0
asymmetric_p2p_tornado_16mib,mrc,7100,0,0,0,0,0,0
asymmetric_p2p_tornado_16mib,mrc,7102,0,0,0,0,0,0
asymmetric_p2p_tornado_16mib,mrc,7104,0,0,0,0,0,0
asymmetric_p2p_tornado_16mib,mrc,7106,0,0,0,0,0,0
asymmetric_p2p_tornado_16mib,mrc,7108,0,0,0,0,0,0
asymmetric_p2p_tornado_16mib,mrc,7110,0,0,0,0,0,0
asymmetric_p2p_tornado_16mib,mrc,7112,0,0,0,0,0,0
asymmetric_p2p_tornado_16mib,mrc,7114,0,0,0,0,0,0
asymmetric_p2p_tornado_16mib,mrc,7116,0,0,0,0,0,0
asymmetric_p2p_tornado_16mib,mrc,7118,0,0,0,0,0,0
asymmetric_p2p_tornado_16mib,mrc,7120,0,0,0,0,0,0
asymmetric_p2p_tornado_16mib,mrc,7122,0,0,0,0,0,0
asymmetric_p2p_tornado_16mib,mrc,7124,0,0,0,0,0,0
asymmetric_p2p_tornado_16mib,mrc,7126,0,0,0,0,0,0
asymmetric_p2p_tornado_16mib,mrc,7128,0,0,0,0,0,0
asymmetric_p2p_tornado_16mib,mrc,7130,0,0,0,0,0,0
asymmetric_p2p_tornado_16mib,mrc,7132,0,0,0,0,0,0
asymmetric_p2p_tornado_16mib,mrc,7134,0,0,0,0,0,0
asymmetric_p2p_tornado_16mib,mrc,7136,0,0,0,0,0,0
asymmetric_p2p_tornado_16mib,mrc,7138,0,0,0,0,0,0
asymmetric_p2p_tornado_16mib,mrc,7140,0,0,0,0,0,0
asymmetric_p2p_tornado_16mib,mrc,7142,0,0,0,0,0,0
asymmetric_p2p_tornado_16mib,mrc,7144,0,0,0,0,0,0
asymmetric_p2p_tornado_16mib,mrc,7146,0,0,0,0,0,0
asymmetric_p2p_tornado_16mib,mrc,7148,0,0,0,0,0,0
asymmetric_p2p_tornado_16mib,mrc,7150,0,0,0,0,0,0
asymmetric_p2p_tornado_16mib,mrc,7152,0,0,0,0,0,0
asymmetric_p2p_tornado_16mib,mrc,7154,0,0,0,0,0,0
asymmetric_p2p_tornado_16mib,mrc,7156,0,0,0,0,0,0
asymmetric_p2p_tornado_16mib,mrc,7158,0,0,0,0,0,0
asymmetric_p2p_tornado_16mib,mrc,7160,0,0,0,0,0,0
asymmetric_p2p_tornado_16mib,mrc,7162,0,0,0,0,0,0
asymmetric_p2p_tornado_16mib,mrc,7164,0,0,0,0,0,0
asymmetric_p2p_tornado_16mib,mrc,7166,0,0,0,0,0,0
asymmetric_p2p_tornado_16mib,mrc,7168,0,0,0,0,0,0
asymmetric_p2p_tornado_16mib,mrc,7170,0,0,0,0,0,0
asymmetric_p2p_tornado_16mib,mrc,7172,0,0,0,0,0,0
asymmetric_p2p_tornado_16mib,mrc,7174,0,0,0,0,0,0
asymmetric_p2p_tornado_16mib,mrc,7176,0,0,0,0,0,0
asymmetric_p2p_tornado_16mib,mrc,7178,0,0,0,0,0,0
asymmetric_p2p_tornado_16mib,mrc,7180,0,0,0,0,0,0
asymmetric_p2p_tornado_16mib,mrc,7182,0,0,0,0,0,0
asymmetric_p2p_tornado_16mib,mrc,7184,0,0,0,0,0,0
asymmetric_p2p_tornado_16mib,mrc,7186,0,0,0,0,0,0
asymmetric_p2p_tornado_16mib,mrc,7188,0,0,0,0,0,0
asymmetric_p2p_tornado_16mib,mrc,7190,0,0,0,0,0,0
asymmetric_p2p_tornado_16mib,mrc,7192,0,0,0,0,0,0
asymmetric_p2p_tornado_16mib,mrc,7194,0,0,0,0,0,0
asymmetric_p2p_tornado_16mib,mrc,7196,0,0,0,0,0,0
asymmetric_p2p_tornado_16mib,mrc,7198,0,0,0,0,0,0
asymmetric_p2p_tornado_16mib,mrc,7200,0,0,0,0,0,0
asymmetric_p2p_tornado_16mib,mrc,7202,0,0,0,0,0,0
asymmetric_p2p_tornado_16mib,mrc,7204,0,0,0,0,0,0
asymmetric_p2p_tornado_16mib,mrc,7206,0,0,0,0,0,0
asymmetric_p2p_tornado_16mib,mrc,7208,0,0,0,0,0,0
asymmetric_p2p_tornado_16mib,mrc,7210,0,0,0,0,0,0
asymmetric_p2p_tornado_16mib,mrc,7212,0,0,0,0,0,0
asymmetric_p2p_tornado_16mib,mrc,7214,0,0,0,0,0,0
asymmetric_p2p_tornado_16mib,mrc,7216,0,0,0,0,0,0
asymmetric_p2p_tornado_16mib,mrc,7218,0,0,0,0,0,0
asymmetric_p2p_tornado_16mib,mrc,7220,0,0,0,0,0,0
asymmetric_p2p_tornado_16mib,mrc,7222,0,0,0,0,0,0
asymmetric_p2p_tornado_16mib,mrc,7224,0,0,0,0,0,0
asymmetric_p2p_tornado_16mib,mrc,7226,0,0,0,0,0,0
asymmetric_p2p_tornado_16mib,mrc,7228,0,0,0,0,0,0
asymmetric_p2p_tornado_16mib,mrc,7230,0,0,0,0,0,0
asymmetric_p2p_tornado_16mib,mrc,7232,0,0,0,0,0,0
asymmetric_p2p_tornado_16mib,mrc,7234,0,0,0,0,0,0
asymmetric_p2p_tornado_16mib,mrc,7236,0,0,0,0,0,0
asymmetric_p2p_tornado_16mib,mrc,7238,0,0,0,0,0,0
asymmetric_p2p_tornado_16mib,mrc,7240,0,0,0,0,0,0
asymmetric_p2p_tornado_16mib,mrc,7242,0,0,0,0,0,0
asymmetric_p2p_tornado_16mib,mrc,7244,0,0,0,0,0,0
asymmetric_p2p_tornado_16mib,mrc,7246,0,0,0,0,0,0
asymmetric_p2p_tornado_16mib,mrc,7248,0,0,0,0,0,0
asymmetric_p2p_tornado_16mib,mrc,7250,0,0,0,0,0,0
asymmetric_p2p_tornado_16mib,mrc,7252,0,0,0,0,0,0
asymmetric_p2p_tornado_16mib,mrc,7254,0,0,0,0,0,0
asymmetric_p2p_tornado_16mib,mrc,7256,0,0,0,0,0,0
asymmetric_p2p_tornado_16mib,mrc,7258,0,0,0,0,0,0
asymmetric_p2p_tornado_16mib,mrc,7260,0,0,0,0,0,0
asymmetric_p2p_tornado_16mib,mrc,7262,0,0,0,0,0,0
asymmetric_p2p_tornado_16mib,mrc,7264,0,0,0,0,0,0
asymmetric_p2p_tornado_16mib,mrc,7266,0,0,0,0,0,0
asymmetric_p2p_tornado_16mib,mrc,7268,0,0,0,0,0,0
asymmetric_p2p_tornado_16mib,mrc,7270,0,0,0,0,0,0
asymmetric_p2p_tornado_16mib,mrc,7272,0,0,0,0,0,0
asymmetric_p2p_tornado_16mib,mrc,7274,0,0,0,0,0,0
asymmetric_p2p_tornado_16mib,mrc,7276,0,0,0,0,0,0
asymmetric_p2p_tornado_16mib,mrc,7278,0,0,0,0,0,0
asymmetric_p2p_tornado_16mib,mrc,7280,0,0,0,0,0,0
asymmetric_p2p_tornado_16mib,mrc,7282,0,0,0,0,0,0
asymmetric_p2p_tornado_16mib,mrc,7284,0,0,0,0,0,0
asymmetric_p2p_tornado_16mib,mrc,7286,0,0,0,0,0,0
asymmetric_p2p_tornado_16mib,mrc,7288,0,0,0,0,0,0
asymmetric_p2p_tornado_16mib,mrc,7290,0,0,0,0,0,0
asymmetric_p2p_tornado_16mib,mrc,7292,0,0,0,0,0,0
asymmetric_p2p_tornado_16mib,mrc,7294,0,0,0,0,0,0
asymmetric_p2p_tornado_16mib,mrc,7296,0,0,0,0,0,0
asymmetric_p2p_tornado_16mib,mrc,7298,0,0,0,0,0,0
asymmetric_p2p_tornado_16mib,mrc,7300,0,0,0,0,0,0
asymmetric_p2p_tornado_16mib,mrc,7302,0,0,0,0,0,0
asymmetric_p2p_tornado_16mib,mrc,7304,0,0,0,0,0,0
asymmetric_p2p_tornado_16mib,mrc,7306,0,0,0,0,0,0
asymmetric_p2p_tornado_16mib,mrc,7308,0,0,0,0,0,0
asymmetric_p2p_tornado_16mib,mrc,7310,0,0,0,0,0,0
asymmetric_p2p_tornado_16mib,mrc,7312,0,0,0,0,0,0
asymmetric_p2p_tornado_16mib,mrc,7314,0,0,0,0,0,0
asymmetric_p2p_tornado_16mib,mrc,7316,0,0,0,0,0,0
asymmetric_p2p_tornado_16mib,mrc,7318,0,0,0,0,0,0
asymmetric_p2p_tornado_16mib,mrc,7320,0,0,0,0,0,0
asymmetric_p2p_tornado_16mib,mrc,7322,0,0,0,0,0,0
asymmetric_p2p_tornado_16mib,mrc,7324,0,0,0,0,0,0
asymmetric_p2p_tornado_16mib,mrc,7326,0,0,0,0,0,0
asymmetric_p2p_tornado_16mib,mrc,7328,0,0,0,0,0,0
asymmetric_p2p_tornado_16mib,mrc,7330,0,0,0,0,0,0
asymmetric_p2p_tornado_16mib,mrc,7332,0,0,0,0,0,0
asymmetric_p2p_tornado_16mib,mrc,7334,0,0,0,0,0,0
asymmetric_p2p_tornado_16mib,mrc,7336,0,0,0,0,0,0
asymmetric_p2p_tornado_16mib,mrc,7338,0,0,0,0,0,0
asymmetric_p2p_tornado_16mib,mrc,7340,0,0,0,0,0,0
asymmetric_p2p_tornado_16mib,mrc,7342,0,0,0,0,0,0
asymmetric_p2p_tornado_16mib,mrc,7344,0,0,0,0,0,0
asymmetric_p2p_tornado_16mib,mrc,7346,0,0,0,0,0,0
asymmetric_p2p_tornado_16mib,mrc,7348,0,0,0,0,0,0
asymmetric_p2p_tornado_16mib,mrc,7350,0,0,0,0,0,0
asymmetric_p2p_tornado_16mib,mrc,7352,0,0,0,0,0,0
asymmetric_p2p_tornado_16mib,mrc,7354,0,0,0,0,0,0
asymmetric_p2p_tornado_16mib,mrc,7356,0,0,0,0,0,0
asymmetric_p2p_tornado_16mib,mrc,7358,0,0,0,0,0,0
asymmetric_p2p_tornado_16mib,mrc,7360,0,0,0,0,0,0
asymmetric_p2p_tornado_16mib,mrc,7362,0,0,0,0,0,0
asymmetric_p2p_tornado_16mib,mrc,7364,0,0,0,0,0,0
asymmetric_p2p_tornado_16mib,mrc,7366,0,0,0,0,0,0
asymmetric_p2p_tornado_16mib,mrc,7368,0,0,0,0,0,0
asymmetric_p2p_tornado_16mib,mrc,7370,0,0,0,0,0,0
asymmetric_p2p_tornado_16mib,mrc,7372,0,0,0,0,0,0
asymmetric_p2p_tornado_16mib,mrc,7374,0,0,0,0,0,0
asymmetric_p2p_tornado_16mib,mrc,7376,0,0,0,0,0,0
asymmetric_p2p_tornado_16mib,mrc,7378,0,0,0,0,0,0
asymmetric_p2p_tornado_16mib,mrc,7380,0,0,0,0,0,0
asymmetric_p2p_tornado_16mib,mrc,7382,0,0,0,0,0,0
asymmetric_p2p_tornado_16mib,mrc,7384,0,0,0,0,0,0
asymmetric_p2p_tornado_16mib,mrc,7386,0,0,0,0,0,0
asymmetric_p2p_tornado_16mib,mrc,7388,0,0,0,0,0,0
asymmetric_p2p_tornado_16mib,mrc,7390,0,0,0,0,0,0
asymmetric_p2p_tornado_16mib,mrc,7392,0,0,0,0,0,0
asymmetric_p2p_tornado_16mib,mrc,7394,0,0,0,0,0,0
asymmetric_p2p_tornado_16mib,mrc,7396,0,0,0,0,0,0
asymmetric_p2p_tornado_16mib,mrc,7398,0,0,0,0,0,0
asymmetric_p2p_tornado_16mib,mrc,7400,0,0,0,0,0,0
asymmetric_p2p_tornado_16mib,mrc,7402,0,0,0,0,0,0
asymmetric_p2p_tornado_16mib,mrc,7404,0,0,0,0,0,0
asymmetric_p2p_tornado_16mib,mrc,7406,0,0,0,0,0,0
asymmetric_p2p_tornado_16mib,mrc,7408,0,0,0,0,0,0
asymmetric_p2p_tornado_16mib,mrc,7410,0,0,0,0,0,0
asymmetric_p2p_tornado_16mib,mrc,7412,0,0,0,0,0,0
asymmetric_p2p_tornado_16mib,mrc,7414,0,0,0,0,0,0
asymmetric_p2p_tornado_16mib,mrc,7416,0,0,0,0,0,0
asymmetric_p2p_tornado_16mib,mrc,7418,0,0,0,0,0,0
asymmetric_p2p_tornado_16mib,mrc,7420,0,0,0,0,0,0
asymmetric_p2p_tornado_16mib,mrc,7422,0,0,0,0,0,0
asymmetric_p2p_tornado_16mib,mrc,7424,0,0,0,0,0,0
asymmetric_p2p_tornado_16mib,mrc,7426,0,0,0,0,0,0
asymmetric_p2p_tornado_16mib,mrc,7428,0,0,0,0,0,0
asymmetric_p2p_tornado_16mib,mrc,7430,0,0,0,0,0,0
asymmetric_p2p_tornado_16mib,mrc,7432,0,0,0,0,0,0
asymmetric_p2p_tornado_16mib,mrc,7434,0,0,0,0,0,0
asymmetric_p2p_tornado_16mib,mrc,7436,0,0,0,0,0,0
asymmetric_p2p_tornado_16mib,mrc,7438,0,0,0,0,0,0
asymmetric_p2p_tornado_16mib,mrc,7440,0,0,0,0,0,0
asymmetric_p2p_tornado_16mib,mrc,7442,0,0,0,0,0,0
asymmetric_p2p_tornado_16mib,mrc,7444,0,0,0,0,0,0
asymmetric_p2p_tornado_16mib,mrc,7446,0,0,0,0,0,0
asymmetric_p2p_tornado_16mib,mrc,7448,0,0,0,0,0,0
asymmetric_p2p_tornado_16mib,mrc,7450,0,0,0,0,0,0
asymmetric_p2p_tornado_16mib,mrc,7452,0,0,0,0,0,0
asymmetric_p2p_tornado_16mib,mrc,7454,0,0,0,0,0,0
asymmetric_p2p_tornado_16mib,mrc,7456,0,0,0,0,0,0
asymmetric_p2p_tornado_16mib,mrc,7458,0,0,0,0,0,0
asymmetric_p2p_tornado_16mib,mrc,7460,0,0,0,0,0,0
asymmetric_p2p_tornado_16mib,mrc,7462,0,0,0,0,0,0
asymmetric_p2p_tornado_16mib,mrc,7464,0,0,0,0,0,0
asymmetric_p2p_tornado_16mib,mrc,7466,0,0,0,0,0,0
asymmetric_p2p_tornado_16mib,mrc,7468,0,0,0,0,0,0
asymmetric_p2p_tornado_16mib,mrc,7470,0,0,0,0,0,0
asymmetric_p2p_tornado_16mib,mrc,7472,0,0,0,0,0,0
asymmetric_p2p_tornado_16mib,mrc,7474,0,0,0,0,0,0
asymmetric_p2p_tornado_16mib,mrc,7476,0,0,0,0,0,0
asymmetric_p2p_tornado_16mib,mrc,7478,0,0,0,0,0,0
asymmetric_p2p_tornado_16mib,mrc,7480,0,0,0,0,0,0
asymmetric_p2p_tornado_16mib,mrc,7482,0,0,0,0,0,0
asymmetric_p2p_tornado_16mib,mrc,7484,0,0,0,0,0,0
asymmetric_p2p_tornado_16mib,mrc,7486,0,0,0,0,0,0
asymmetric_p2p_tornado_16mib,mrc,7488,0,0,0,0,0,0
asymmetric_p2p_tornado_16mib,mrc,7490,0,0,0,0,0,0
asymmetric_p2p_tornado_16mib,mrc,7492,0,0,0,0,0,0
asymmetric_p2p_tornado_16mib,mrc,7494,0,0,0,0,0,0
asymmetric_p2p_tornado_16mib,mrc,7496,0,0,0,0,0,0
asymmetric_p2p_tornado_16mib,mrc,7498,0,0,0,0,0,0
asymmetric_p2p_tornado_16mib,mrc,7500,0,0,0,0,0,0
asymmetric_p2p_tornado_16mib,mrc,7502,0,0,0,0,0,0
asymmetric_p2p_tornado_16mib,mrc,7504,0,0,0,0,0,0
asymmetric_p2p_tornado_16mib,mrc,7506,0,0,0,0,0,0
asymmetric_p2p_tornado_16mib,mrc,7508,0,0,0,0,0,0
asymmetric_p2p_tornado_16mib,mrc,7510,0,0,0,0,0,0
asymmetric_p2p_tornado_16mib,mrc,7512,0,0,0,0,0,0
asymmetric_p2p_tornado_16mib,mrc,7514,0,0,0,0,0,0
asymmetric_p2p_tornado_16mib,mrc,7516,0,0,0,0,0,0
asymmetric_p2p_tornado_16mib,mrc,7518,0,0,0,0,0,0
asymmetric_p2p_tornado_16mib,mrc,7520,0,0,0,0,0,0
asymmetric_p2p_tornado_16mib,mrc,7522,0,0,0,0,0,0
asymmetric_p2p_tornado_16mib,mrc,7524,0,0,0,0,0,0
asymmetric_p2p_tornado_16mib,mrc,7526,0,0,0,0,0,0
asymmetric_p2p_tornado_16mib,mrc,7528,0,0,0,0,0,0
asymmetric_p2p_tornado_16mib,mrc,7530,0,0,0,0,0,0
asymmetric_p2p_tornado_16mib,mrc,7532,0,0,0,0,0,0
asymmetric_p2p_tornado_16mib,mrc,7534,0,0,0,0,0,0
asymmetric_p2p_tornado_16mib,mrc,7536,0,0,0,0,0,0
asymmetric_p2p_tornado_16mib,mrc,7538,0,0,0,0,0,0
asymmetric_p2p_tornado_16mib,mrc,7540,0,0,0,0,0,0
asymmetric_p2p_tornado_16mib,mrc,7542,0,0,0,0,0,0
asymmetric_p2p_tornado_16mib,mrc,7544,0,0,0,0,0,0
asymmetric_p2p_tornado_16mib,mrc,7546,0,0,0,0,0,0
asymmetric_p2p_tornado_16mib,mrc,7548,0,0,0,0,0,0
asymmetric_p2p_tornado_16mib,mrc,7550,0,0,0,0,0,0
asymmetric_p2p_tornado_16mib,mrc,7552,0,0,0,0,0,0
asymmetric_p2p_tornado_16mib,mrc,7554,0,0,0,0,0,0
asymmetric_p2p_tornado_16mib,mrc,7556,0,0,0,0,0,0
asymmetric_p2p_tornado_16mib,mrc,7558,0,0,0,0,0,0
asymmetric_p2p_tornado_16mib,mrc,7560,0,0,0,0,0,0
asymmetric_p2p_tornado_16mib,mrc,7562,0,0,0,0,0,0
asymmetric_p2p_tornado_16mib,mrc,7564,0,0,0,0,0,0
asymmetric_p2p_tornado_16mib,mrc,7566,0,0,0,0,0,0
asymmetric_p2p_tornado_16mib,mrc,7568,0,0,0,0,0,0
asymmetric_p2p_tornado_16mib,mrc,7570,0,0,0,0,0,0
asymmetric_p2p_tornado_16mib,mrc,7572,0,0,0,0,0,0
asymmetric_p2p_tornado_16mib,mrc,7574,0,0,0,0,0,0
asymmetric_p2p_tornado_16mib,mrc,7576,0,0,0,0,0,0
asymmetric_p2p_tornado_16mib,mrc,7578,0,0,0,0,0,0
asymmetric_p2p_tornado_16mib,mrc,7580,0,0,0,0,0,0
asymmetric_p2p_tornado_16mib,mrc,7582,0,0,0,0,0,0
asymmetric_p2p_tornado_16mib,mrc,7584,0,0,0,0,0,0
asymmetric_p2p_tornado_16mib,mrc,7586,0,0,0,0,0,0
asymmetric_p2p_tornado_16mib,mrc,7588,0,0,0,0,0,0
asymmetric_p2p_tornado_16mib,mrc,7590,0,0,0,0,0,0
asymmetric_p2p_tornado_16mib,mrc,7592,0,0,0,0,0,0
asymmetric_p2p_tornado_16mib,mrc,7594,0,0,0,0,0,0
asymmetric_p2p_tornado_16mib,mrc,7596,0,0,0,0,0,0
asymmetric_p2p_tornado_16mib,mrc,7598,0,0,0,0,0,0
asymmetric_p2p_tornado_16mib,mrc,7600,0,0,0,0,0,0
asymmetric_p2p_tornado_16mib,mrc,7602,0,0,0,0,0,0
asymmetric_p2p_tornado_16mib,mrc,7604,0,0,0,0,0,0
asymmetric_p2p_tornado_16mib,mrc,7606,0,0,0,0,0,0
asymmetric_p2p_tornado_16mib,mrc,7608,0,0,0,0,0,0
asymmetric_p2p_tornado_16mib,mrc,7610,0,0,0,0,0,0
asymmetric_p2p_tornado_16mib,mrc,7612,0,0,0,0,0,0
asymmetric_p2p_tornado_16mib,mrc,7614,0,0,0,0,0,0
asymmetric_p2p_tornado_16mib,mrc,7616,0,0,0,0,0,0
asymmetric_p2p_tornado_16mib,mrc,7618,0,0,0,0,0,0
asymmetric_p2p_tornado_16mib,mrc,7620,0,0,0,0,0,0
asymmetric_p2p_tornado_16mib,mrc,7622,0,0,0,0,0,0
asymmetric_p2p_tornado_16mib,mrc,7624,0,0,0,0,0,0
asymmetric_p2p_tornado_16mib,mrc,7626,0,0,0,0,0,0
asymmetric_p2p_tornado_16mib,mrc,7628,0,0,0,0,0,0
asymmetric_p2p_tornado_16mib,mrc,7630,0,0,0,0,0,0
asymmetric_p2p_tornado_16mib,mrc,7632,0,0,0,0,0,0
asymmetric_p2p_tornado_16mib,mrc,7634,0,0,0,0,0,0
asymmetric_p2p_tornado_16mib,mrc,7636,0,0,0,0,0,0
asymmetric_p2p_tornado_16mib,mrc,7638,0,0,0,0,0,0
asymmetric_p2p_tornado_16mib,mrc,7640,0,0,0,0,0,0
asymmetric_p2p_tornado_16mib,mrc,7642,0,0,0,0,0,0
asymmetric_p2p_tornado_16mib,mrc,7644,0,0,0,0,0,0
asymmetric_p2p_tornado_16mib,mrc,7646,0,0,0,0,0,0
asymmetric_p2p_tornado_16mib,mrc,7648,0,0,0,0,0,0
asymmetric_p2p_tornado_16mib,mrc,7650,0,0,0,0,0,0
asymmetric_p2p_tornado_16mib,mrc,7652,0,0,0,0,0,0
asymmetric_p2p_tornado_16mib,mrc,7654,0,0,0,0,0,0
asymmetric_p2p_tornado_16mib,mrc,7656,0,0,0,0,0,0
asymmetric_p2p_tornado_16mib,mrc,7658,0,0,0,0,0,0
asymmetric_p2p_tornado_16mib,mrc,7660,0,0,0,0,0,0
asymmetric_p2p_tornado_16mib,mrc,7662,0,0,0,0,0,0
asymmetric_p2p_tornado_16mib,mrc,7664,0,0,0,0,0,0
asymmetric_p2p_tornado_16mib,mrc,7666,0,0,0,0,0,0
asymmetric_p2p_tornado_16mib,mrc,7668,0,0,0,0,0,0
asymmetric_p2p_tornado_16mib,mrc,7670,0,0,0,0,0,0
asymmetric_p2p_tornado_16mib,mrc,7672,0,0,0,0,0,0
asymmetric_p2p_tornado_16mib,mrc,7674,0,0,0,0,0,0
asymmetric_p2p_tornado_16mib,mrc,7676,0,0,0,0,0,0
asymmetric_p2p_tornado_16mib,mrc,7678,0,0,0,0,0,0
asymmetric_p2p_tornado_16mib,mrc,7680,0,0,0,0,0,0
asymmetric_p2p_tornado_16mib,mrc,7682,0,0,0,0,0,0
asymmetric_p2p_tornado_16mib,mrc,7684,0,0,0,0,0,0
asymmetric_p2p_tornado_16mib,mrc,7686,0,0,0,0,0,0
asymmetric_p2p_tornado_16mib,mrc,7688,0,0,0,0,0,0
asymmetric_p2p_tornado_16mib,mrc,7690,0,0,0,0,0,0
asymmetric_p2p_tornado_16mib,mrc,7692,0,0,0,0,0,0
asymmetric_p2p_tornado_16mib,mrc,7694,0,0,0,0,0,0
asymmetric_p2p_tornado_16mib,mrc,7696,0,0,0,0,0,0
asymmetric_p2p_tornado_16mib,mrc,7698,0,0,0,0,0,0
asymmetric_p2p_tornado_16mib,mrc,7700,0,0,0,0,0,0
asymmetric_p2p_tornado_16mib,mrc,7702,0,0,0,0,0,0
asymmetric_p2p_tornado_16mib,mrc,7704,0,0,0,0,0,0
asymmetric_p2p_tornado_16mib,mrc,7706,0,0,0,0,0,0
asymmetric_p2p_tornado_16mib,mrc,7708,0,0,0,0,0,0
asymmetric_p2p_tornado_16mib,mrc,7710,0,0,0,0,0,0
asymmetric_p2p_tornado_16mib,mrc,7712,0,0,0,0,0,0
asymmetric_p2p_tornado_16mib,mrc,7714,0,0,0,0,0,0
asymmetric_p2p_tornado_16mib,mrc,7716,0,0,0,0,0,0
asymmetric_p2p_tornado_16mib,mrc,7718,0,0,0,0,0,0
asymmetric_p2p_tornado_16mib,mrc,7720,0,0,0,0,0,0
asymmetric_p2p_tornado_16mib,mrc,7722,0,0,0,0,0,0
asymmetric_p2p_tornado_16mib,mrc,7724,0,0,0,0,0,0
asymmetric_p2p_tornado_16mib,mrc,7726,0,0,0,0,0,0
asymmetric_p2p_tornado_16mib,mrc,7728,0,0,0,0,0,0
asymmetric_p2p_tornado_16mib,mrc,7730,0,0,0,0,0,0
asymmetric_p2p_tornado_16mib,mrc,7732,0,0,0,0,0,0
asymmetric_p2p_tornado_16mib,mrc,7734,0,0,0,0,0,0
asymmetric_p2p_tornado_16mib,mrc,7736,0,0,0,0,0,0
asymmetric_p2p_tornado_16mib,mrc,7738,0,0,0,0,0,0
asymmetric_p2p_tornado_16mib,mrc,7740,0,0,0,0,0,0
asymmetric_p2p_tornado_16mib,mrc,7742,0,0,0,0,0,0
asymmetric_p2p_tornado_16mib,mrc,7744,0,0,0,0,0,0
asymmetric_p2p_tornado_16mib,mrc,7746,0,0,0,0,0,0
asymmetric_p2p_tornado_16mib,mrc,7748,0,0,0,0,0,0
asymmetric_p2p_tornado_16mib,mrc,7750,0,0,0,0,0,0
asymmetric_p2p_tornado_16mib,mrc,7752,0,0,0,0,0,0
asymmetric_p2p_tornado_16mib,mrc,7754,0,0,0,0,0,0
asymmetric_p2p_tornado_16mib,mrc,7756,0,0,0,0,0,0
asymmetric_p2p_tornado_16mib,mrc,7758,0,0,0,0,0,0
asymmetric_p2p_tornado_16mib,mrc,7760,0,0,0,0,0,0
asymmetric_p2p_tornado_16mib,mrc,7762,0,0,0,0,0,0
asymmetric_p2p_tornado_16mib,mrc,7764,0,0,0,0,0,0
asymmetric_p2p_tornado_16mib,mrc,7766,0,0,0,0,0,0
asymmetric_p2p_tornado_16mib,mrc,7768,0,0,0,0,0,0
asymmetric_p2p_tornado_16mib,mrc,7770,0,0,0,0,0,0
asymmetric_p2p_tornado_16mib,mrc,7772,0,0,0,0,0,0
asymmetric_p2p_tornado_16mib,mrc,7774,0,0,0,0,0,0
asymmetric_p2p_tornado_16mib,mrc,7776,0,0,0,0,0,0
asymmetric_p2p_tornado_16mib,mrc,7778,0,0,0,0,0,0
asymmetric_p2p_tornado_16mib,mrc,7780,0,0,0,0,0,0
asymmetric_p2p_tornado_16mib,mrc,7782,0,0,0,0,0,0
asymmetric_p2p_tornado_16mib,mrc,7784,0,0,0,0,0,0
asymmetric_p2p_tornado_16mib,mrc,7786,0,0,0,0,0,0
asymmetric_p2p_tornado_16mib,mrc,7788,0,0,0,0,0,0
asymmetric_p2p_tornado_16mib,mrc,7790,0,0,0,0,0,0
asymmetric_p2p_tornado_16mib,mrc,7792,0,0,0,0,0,0
asymmetric_p2p_tornado_16mib,mrc,7794,0,0,0,0,0,0
asymmetric_p2p_tornado_16mib,mrc,7796,0,0,0,0,0,0
asymmetric_p2p_tornado_16mib,mrc,7798,0,0,0,0,0,0
asymmetric_p2p_tornado_16mib,mrc,7800,0,0,0,0,0,0
asymmetric_p2p_tornado_16mib,mrc,7802,0,0,0,0,0,0
asymmetric_p2p_tornado_16mib,mrc,7804,0,0,0,0,0,0
asymmetric_p2p_tornado_16mib,mrc,7806,0,0,0,0,0,0
asymmetric_p2p_tornado_16mib,mrc,7808,0,0,0,0,0,0
asymmetric_p2p_tornado_16mib,mrc,7810,0,0,0,0,0,0
asymmetric_p2p_tornado_16mib,mrc,7812,0,0,0,0,0,0
asymmetric_p2p_tornado_16mib,mrc,7814,0,0,0,0,0,0
asymmetric_p2p_tornado_16mib,mrc,7816,0,0,0,0,0,0
asymmetric_p2p_tornado_16mib,mrc,7818,0,0,0,0,0,0
asymmetric_p2p_tornado_16mib,mrc,7820,0,0,0,0,0,0
asymmetric_p2p_tornado_16mib,mrc,7822,0,0,0,0,0,0
asymmetric_p2p_tornado_16mib,mrc,7824,0,0,0,0,0,0
asymmetric_p2p_tornado_16mib,mrc,7826,0,0,0,0,0,0
asymmetric_p2p_tornado_16mib,mrc,7828,0,0,0,0,0,0
asymmetric_p2p_tornado_16mib,mrc,7830,0,0,0,0,0,0
asymmetric_p2p_tornado_16mib,mrc,7832,0,0,0,0,0,0
asymmetric_p2p_tornado_16mib,mrc,7834,0,0,0,0,0,0
asymmetric_p2p_tornado_16mib,mrc,7836,0,0,0,0,0,0
asymmetric_p2p_tornado_16mib,mrc,7838,0,0,0,0,0,0
asymmetric_p2p_tornado_16mib,mrc,7840,0,0,0,0,0,0
asymmetric_p2p_tornado_16mib,mrc,7842,0,0,0,0,0,0
asymmetric_p2p_tornado_16mib,mrc,7844,0,0,0,0,0,0
asymmetric_p2p_tornado_16mib,mrc,7846,0,0,0,0,0,0
asymmetric_p2p_tornado_16mib,mrc,7848,0,0,0,0,0,0
asymmetric_p2p_tornado_16mib,mrc,7850,0,0,0,0,0,0
asymmetric_p2p_tornado_16mib,mrc,7852,0,0,0,0,0,0
asymmetric_p2p_tornado_16mib,mrc,7854,0,0,0,0,0,0
asymmetric_p2p_tornado_16mib,mrc,7856,0,0,0,0,0,0
asymmetric_p2p_tornado_16mib,mrc,7858,0,0,0,0,0,0
asymmetric_p2p_tornado_16mib,mrc,7860,0,0,0,0,0,0
asymmetric_p2p_tornado_16mib,mrc,7862,0,0,0,0,0,0
asymmetric_p2p_tornado_16mib,mrc,7864,0,0,0,0,0,0
asymmetric_p2p_tornado_16mib,mrc,7866,0,0,0,0,0,0
asymmetric_p2p_tornado_16mib,mrc,7868,0,0,0,0,0,0
asymmetric_p2p_tornado_16mib,mrc,7870,0,0,0,0,0,0
asymmetric_p2p_tornado_16mib,mrc,7872,0,0,0,0,0,0
asymmetric_p2p_tornado_16mib,mrc,7874,0,0,0,0,0,0
asymmetric_p2p_tornado_16mib,mrc,7876,0,0,0,0,0,0
asymmetric_p2p_tornado_16mib,mrc,7878,0,0,0,0,0,0
asymmetric_p2p_tornado_16mib,mrc,7880,0,0,0,0,0,0
asymmetric_p2p_tornado_16mib,mrc,7882,0,0,0,0,0,0
asymmetric_p2p_tornado_16mib,mrc,7884,0,0,0,0,0,0
asymmetric_p2p_tornado_16mib,mrc,7886,0,0,0,0,0,0
asymmetric_p2p_tornado_16mib,mrc,7888,0,0,0,0,0,0
asymmetric_p2p_tornado_16mib,mrc,7890,0,0,0,0,0,0
asymmetric_p2p_tornado_16mib,mrc,7892,0,0,0,0,0,0
asymmetric_p2p_tornado_16mib,mrc,7894,0,0,0,0,0,0
asymmetric_p2p_tornado_16mib,mrc,7896,0,0,0,0,0,0
asymmetric_p2p_tornado_16mib,mrc,7898,0,0,0,0,0,0
asymmetric_p2p_tornado_16mib,mrc,7900,0,0,0,0,0,0
asymmetric_p2p_tornado_16mib,mrc,7902,0,0,0,0,0,0
asymmetric_p2p_tornado_16mib,mrc,7904,0,0,0,0,0,0
asymmetric_p2p_tornado_16mib,mrc,7906,0,0,0,0,0,0
asymmetric_p2p_tornado_16mib,mrc,7908,0,0,0,0,0,0
asymmetric_p2p_tornado_16mib,mrc,7910,0,0,0,0,0,0
asymmetric_p2p_tornado_16mib,mrc,7912,0,0,0,0,0,0
asymmetric_p2p_tornado_16mib,mrc,7914,0,0,0,0,0,0
asymmetric_p2p_tornado_16mib,mrc,7916,0,0,0,0,0,0
asymmetric_p2p_tornado_16mib,mrc,7918,0,0,0,0,0,0
asymmetric_p2p_tornado_16mib,mrc,7920,0,0,0,0,0,0
asymmetric_p2p_tornado_16mib,mrc,7922,0,0,0,0,0,0
asymmetric_p2p_tornado_16mib,mrc,7924,0,0,0,0,0,0
asymmetric_p2p_tornado_16mib,mrc,7926,0,0,0,0,0,0
asymmetric_p2p_tornado_16mib,mrc,7928,0,0,0,0,0,0
asymmetric_p2p_tornado_16mib,mrc,7930,0,0,0,0,0,0
asymmetric_p2p_tornado_16mib,mrc,7932,0,0,0,0,0,0
asymmetric_p2p_tornado_16mib,mrc,7934,0,0,0,0,0,0
asymmetric_p2p_tornado_16mib,mrc,7936,0,0,0,0,0,0
asymmetric_p2p_tornado_16mib,mrc,7938,0,0,0,0,0,0
asymmetric_p2p_tornado_16mib,mrc,7940,0,0,0,0,0,0
asymmetric_p2p_tornado_16mib,mrc,7942,0,0,0,0,0,0
asymmetric_p2p_tornado_16mib,mrc,7944,0,0,0,0,0,0
asymmetric_p2p_tornado_16mib,mrc,7946,0,0,0,0,0,0
asymmetric_p2p_tornado_16mib,mrc,7948,0,0,0,0,0,0
asymmetric_p2p_tornado_16mib,mrc,7950,0,0,0,0,0,0
asymmetric_p2p_tornado_16mib,mrc,7952,0,0,0,0,0,0
asymmetric_p2p_tornado_16mib,mrc,7954,0,0,0,0,0,0
asymmetric_p2p_tornado_16mib,mrc,7956,0,0,0,0,0,0
asymmetric_p2p_tornado_16mib,mrc,7958,0,0,0,0,0,0
asymmetric_p2p_tornado_16mib,mrc,7960,0,0,0,0,0,0
asymmetric_p2p_tornado_16mib,mrc,7962,0,0,0,0,0,0
asymmetric_p2p_tornado_16mib,mrc,7964,0,0,0,0,0,0
asymmetric_p2p_tornado_16mib,mrc,7966,0,0,0,0,0,0
asymmetric_p2p_tornado_16mib,mrc,7968,0,0,0,0,0,0
asymmetric_p2p_tornado_16mib,mrc,7970,0,0,0,0,0,0
asymmetric_p2p_tornado_16mib,mrc,7972,0,0,0,0,0,0
asymmetric_p2p_tornado_16mib,mrc,7974,0,0,0,0,0,0
asymmetric_p2p_tornado_16mib,mrc,7976,0,0,0,0,0,0
asymmetric_p2p_tornado_16mib,mrc,7978,0,0,0,0,0,0
asymmetric_p2p_tornado_16mib,mrc,7980,0,0,0,0,0,0
asymmetric_p2p_tornado_16mib,mrc,7982,0,0,0,0,0,0
asymmetric_p2p_tornado_16mib,mrc,7984,0,0,0,0,0,0
asymmetric_p2p_tornado_16mib,mrc,7986,0,0,0,0,0,0
asymmetric_p2p_tornado_16mib,mrc,7988,0,0,0,0,0,0
asymmetric_p2p_tornado_16mib,mrc,7990,0,0,0,0,0,0
asymmetric_p2p_tornado_16mib,mrc,7992,0,0,0,0,0,0
asymmetric_p2p_tornado_16mib,mrc,7994,0,0,0,0,0,0
asymmetric_p2p_tornado_16mib,mrc,7996,0,0,0,0,0,0
asymmetric_p2p_tornado_16mib,mrc,7998,0,0,0,0,0,0
asymmetric_p2p_tornado_16mib,mrc,8000,0,0,0,0,0,0
asymmetric_p2p_tornado_16mib,mrc,8002,0,0,0,0,0,0
asymmetric_p2p_tornado_16mib,mrc,8004,0,0,0,0,0,0
asymmetric_p2p_tornado_16mib,mrc,8006,0,0,0,0,0,0
asymmetric_p2p_tornado_16mib,mrc,8008,0,0,0,0,0,0
asymmetric_p2p_tornado_16mib,mrc,8010,0,0,0,0,0,0
asymmetric_p2p_tornado_16mib,mrc,8012,0,0,0,0,0,0
asymmetric_p2p_tornado_16mib,mrc,8014,0,0,0,0,0,0
asymmetric_p2p_tornado_16mib,mrc,8016,0,0,0,0,0,0
asymmetric_p2p_tornado_16mib,mrc,8018,0,0,0,0,0,0
asymmetric_p2p_tornado_16mib,mrc,8020,0,0,0,0,0,0
asymmetric_p2p_tornado_16mib,mrc,8022,0,0,0,0,0,0
asymmetric_p2p_tornado_16mib,mrc,8024,0,0,0,0,0,0
asymmetric_p2p_tornado_16mib,mrc,8026,0,0,0,0,0,0
asymmetric_p2p_tornado_16mib,mrc,8028,0,0,0,0,0,0
asymmetric_p2p_tornado_16mib,mrc,8030,0,0,0,0,0,0
asymmetric_p2p_tornado_16mib,mrc,8032,0,0,0,0,0,0
asymmetric_p2p_tornado_16mib,mrc,8034,0,0,0,0,0,0
asymmetric_p2p_tornado_16mib,mrc,8036,0,0,0,0,0,0
asymmetric_p2p_tornado_16mib,mrc,8038,0,0,0,0,0,0
asymmetric_p2p_tornado_16mib,mrc,8040,0,0,0,0,0,0
asymmetric_p2p_tornado_16mib,mrc,8042,0,0,0,0,0,0
asymmetric_p2p_tornado_16mib,mrc,8044,0,0,0,0,0,0
asymmetric_p2p_tornado_16mib,mrc,8046,0,0,0,0,0,0
asymmetric_p2p_tornado_16mib,mrc,8048,0,0,0,0,0,0
asymmetric_p2p_tornado_16mib,mrc,8050,0,0,0,0,0,0
asymmetric_p2p_tornado_16mib,mrc,8052,0,0,0,0,0,0
asymmetric_p2p_tornado_16mib,mrc,8054,0,0,0,0,0,0
asymmetric_p2p_tornado_16mib,mrc,8056,0,0,0,0,0,0
asymmetric_p2p_tornado_16mib,mrc,8058,0,0,0,0,0,0
asymmetric_p2p_tornado_16mib,mrc,8060,0,0,0,0,0,0
asymmetric_p2p_tornado_16mib,mrc,8062,0,0,0,0,0,0
asymmetric_p2p_tornado_16mib,mrc,8064,0,0,0,0,0,0
asymmetric_p2p_tornado_16mib,mrc,8066,0,0,0,0,0,0
asymmetric_p2p_tornado_16mib,mrc,8068,0,0,0,0,0,0
asymmetric_p2p_tornado_16mib,mrc,8070,0,0,0,0,0,0
asymmetric_p2p_tornado_16mib,mrc,8072,0,0,0,0,0,0
asymmetric_p2p_tornado_16mib,mrc,8074,0,0,0,0,0,0
asymmetric_p2p_tornado_16mib,mrc,8076,0,0,0,0,0,0
asymmetric_p2p_tornado_16mib,mrc,8078,0,0,0,0,0,0
asymmetric_p2p_tornado_16mib,mrc,8080,0,0,0,0,0,0
asymmetric_p2p_tornado_16mib,mrc,8082,0,0,0,0,0,0
asymmetric_p2p_tornado_16mib,mrc,8084,0,0,0,0,0,0
asymmetric_p2p_tornado_16mib,mrc,8086,0,0,0,0,0,0
asymmetric_p2p_tornado_16mib,mrc,8088,0,0,0,0,0,0
asymmetric_p2p_tornado_16mib,mrc,8090,0,0,0,0,0,0
asymmetric_p2p_tornado_16mib,mrc,8092,0,0,0,0,0,0
asymmetric_p2p_tornado_16mib,mrc,8094,0,0,0,0,0,0
asymmetric_p2p_tornado_16mib,mrc,8096,0,0,0,0,0,0
asymmetric_p2p_tornado_16mib,mrc,8098,0,0,0,0,0,0
asymmetric_p2p_tornado_16mib,mrc,8100,0,0,0,0,0,0
asymmetric_p2p_tornado_16mib,mrc,8102,0,0,0,0,0,0
asymmetric_p2p_tornado_16mib,mrc,8104,0,0,0,0,0,0
asymmetric_p2p_tornado_16mib,mrc,8106,0,0,0,0,0,0
asymmetric_p2p_tornado_16mib,mrc,8108,0,0,0,0,0,0
asymmetric_p2p_tornado_16mib,mrc,8110,0,0,0,0,0,0
asymmetric_p2p_tornado_16mib,mrc,8112,0,0,0,0,0,0
asymmetric_p2p_tornado_16mib,mrc,8114,0,0,0,0,0,0
asymmetric_p2p_tornado_16mib,mrc,8116,0,0,0,0,0,0
asymmetric_p2p_tornado_16mib,mrc,8118,0,0,0,0,0,0
asymmetric_p2p_tornado_16mib,mrc,8120,0,0,0,0,0,0
asymmetric_p2p_tornado_16mib,mrc,8122,0,0,0,0,0,0
asymmetric_p2p_tornado_16mib,mrc,8124,0,0,0,0,0,0
asymmetric_p2p_tornado_16mib,mrc,8126,0,0,0,0,0,0
asymmetric_p2p_tornado_16mib,mrc,8128,0,0,0,0,0,0
asymmetric_p2p_tornado_16mib,mrc,8130,0,0,0,0,0,0
asymmetric_p2p_tornado_16mib,mrc,8132,0,0,0,0,0,0
asymmetric_p2p_tornado_16mib,mrc,8134,0,0,0,0,0,0
asymmetric_p2p_tornado_16mib,mrc,8136,0,0,0,0,0,0
asymmetric_p2p_tornado_16mib,mrc,8138,0,0,0,0,0,0
asymmetric_p2p_tornado_16mib,mrc,8140,0,0,0,0,0,0
asymmetric_p2p_tornado_16mib,mrc,8142,0,0,0,0,0,0
asymmetric_p2p_tornado_16mib,mrc,8144,0,0,0,0,0,0
asymmetric_p2p_tornado_16mib,mrc,8146,0,0,0,0,0,0
asymmetric_p2p_tornado_16mib,mrc,8148,0,0,0,0,0,0
asymmetric_p2p_tornado_16mib,mrc,8150,0,0,0,0,0,0
asymmetric_p2p_tornado_16mib,mrc,8152,0,0,0,0,0,0
asymmetric_p2p_tornado_16mib,mrc,8154,0,0,0,0,0,0
asymmetric_p2p_tornado_16mib,mrc,8156,0,0,0,0,0,0
asymmetric_p2p_tornado_16mib,mrc,8158,0,0,0,0,0,0
asymmetric_p2p_tornado_16mib,mrc,8160,0,0,0,0,0,0
asymmetric_p2p_tornado_16mib,mrc,8162,0,0,0,0,0,0
asymmetric_p2p_tornado_16mib,mrc,8164,0,0,0,0,0,0
asymmetric_p2p_tornado_16mib,mrc,8166,0,0,0,0,0,0
asymmetric_p2p_tornado_16mib,mrc,8168,0,0,0,0,0,0
asymmetric_p2p_tornado_16mib,mrc,8170,0,0,0,0,0,0
asymmetric_p2p_tornado_16mib,mrc,8172,0,0,0,0,0,0
asymmetric_p2p_tornado_16mib,mrc,8174,0,0,0,0,0,0
asymmetric_p2p_tornado_16mib,mrc,8176,0,0,0,0,0,0
asymmetric_p2p_tornado_16mib,mrc,8178,0,0,0,0,0,0
asymmetric_p2p_tornado_16mib,mrc,8180,0,0,0,0,0,0
asymmetric_p2p_tornado_16mib,mrc,8182,0,0,0,0,0,0
asymmetric_p2p_tornado_16mib,mrc,8184,0,0,0,0,0,0
asymmetric_p2p_tornado_16mib,mrc,8186,0,0,0,0,0,0
asymmetric_p2p_tornado_16mib,mrc,8188,0,0,0,0,0,0
asymmetric_p2p_tornado_16mib,mrc,8190,0,0,0,0,0,0
asymmetric_p2p_tornado_16mib,mrc,8192,0,0,0,0,0,0
asymmetric_p2p_tornado_16mib,mrc,8194,0,0,0,0,0,0
asymmetric_p2p_tornado_16mib,mrc,8196,0,0,0,0,0,0
asymmetric_p2p_tornado_16mib,mrc,8198,0,0,0,0,0,0
asymmetric_p2p_tornado_16mib,mrc,8200,0,0,0,0,0,0
asymmetric_p2p_tornado_16mib,mrc,8202,0,0,0,0,0,0
asymmetric_p2p_tornado_16mib,mrc,8204,0,0,0,0,0,0
asymmetric_p2p_tornado_16mib,mrc,8206,0,0,0,0,0,0
asymmetric_p2p_tornado_16mib,mrc,8208,0,0,0,0,0,0
asymmetric_p2p_tornado_16mib,mrc,8210,0,0,0,0,0,0
asymmetric_p2p_tornado_16mib,mrc,8212,0,0,0,0,0,0
asymmetric_p2p_tornado_16mib,mrc,8214,0,0,0,0,0,0
asymmetric_p2p_tornado_16mib,mrc,8216,0,0,0,0,0,0
asymmetric_p2p_tornado_16mib,mrc,8218,0,0,0,0,0,0
asymmetric_p2p_tornado_16mib,mrc,8220,0,0,0,0,0,0
asymmetric_p2p_tornado_16mib,mrc,8222,0,0,0,0,0,0
asymmetric_p2p_tornado_16mib,mrc,8224,0,0,0,0,0,0
asymmetric_p2p_tornado_16mib,mrc,8226,0,0,0,0,0,0
asymmetric_p2p_tornado_16mib,mrc,8228,0,0,0,0,0,0
asymmetric_p2p_tornado_16mib,mrc,8230,0,0,0,0,0,0
asymmetric_p2p_tornado_16mib,mrc,8232,0,0,0,0,0,0
asymmetric_p2p_tornado_16mib,mrc,8234,0,0,0,0,0,0
asymmetric_p2p_tornado_16mib,mrc,8236,0,0,0,0,0,0
asymmetric_p2p_tornado_16mib,mrc,8238,0,0,0,0,0,0
asymmetric_p2p_tornado_16mib,mrc,8240,0,0,0,0,0,0
asymmetric_p2p_tornado_16mib,mrc,8242,0,0,0,0,0,0
asymmetric_p2p_tornado_16mib,mrc,8244,0,0,0,0,0,0
asymmetric_p2p_tornado_16mib,mrc,8246,0,0,0,0,0,0
asymmetric_p2p_tornado_16mib,mrc,8248,0,0,0,0,0,0
asymmetric_p2p_tornado_16mib,mrc,8250,0,0,0,0,0,0
asymmetric_p2p_tornado_16mib,mrc,8252,0,0,0,0,0,0
asymmetric_p2p_tornado_16mib,mrc,8254,0,0,0,0,0,0
asymmetric_p2p_tornado_16mib,mrc,8256,0,0,0,0,0,0
asymmetric_p2p_tornado_16mib,mrc,8258,0,0,0,0,0,0
asymmetric_p2p_tornado_16mib,mrc,8260,0,0,0,0,0,0
asymmetric_p2p_tornado_16mib,mrc,8262,0,0,0,0,0,0
asymmetric_p2p_tornado_16mib,mrc,8264,0,0,0,0,0,0
asymmetric_p2p_tornado_16mib,mrc,8266,0,0,0,0,0,0
asymmetric_p2p_tornado_16mib,mrc,8268,0,0,0,0,0,0
asymmetric_p2p_tornado_16mib,mrc,8270,0,0,0,0,0,0
asymmetric_p2p_tornado_16mib,mrc,8272,0,0,0,0,0,0
asymmetric_p2p_tornado_16mib,mrc,8274,0,0,0,0,0,0
asymmetric_p2p_tornado_16mib,mrc,8276,0,0,0,0,0,0
asymmetric_p2p_tornado_16mib,mrc,8278,0,0,0,0,0,0
asymmetric_p2p_tornado_16mib,mrc,8280,0,0,0,0,0,0
asymmetric_p2p_tornado_16mib,mrc,8282,0,0,0,0,0,0
asymmetric_p2p_tornado_16mib,mrc,8284,0,0,0,0,0,0
asymmetric_p2p_tornado_16mib,mrc,8286,0,0,0,0,0,0
asymmetric_p2p_tornado_16mib,mrc,8288,0,0,0,0,0,0
asymmetric_p2p_tornado_16mib,mrc,8290,0,0,0,0,0,0
asymmetric_p2p_tornado_16mib,mrc,8292,0,0,0,0,0,0
asymmetric_p2p_tornado_16mib,mrc,8294,0,0,0,0,0,0
asymmetric_p2p_tornado_16mib,mrc,8296,0,0,0,0,0,0
asymmetric_p2p_tornado_16mib,mrc,8298,0,0,0,0,0,0
asymmetric_p2p_tornado_16mib,mrc,8300,0,0,0,0,0,0
asymmetric_p2p_tornado_16mib,mrc,8302,0,0,0,0,0,0
asymmetric_p2p_tornado_16mib,mrc,8304,0,0,0,0,0,0
asymmetric_p2p_tornado_16mib,mrc,8306,0,0,0,0,0,0
asymmetric_p2p_tornado_16mib,mrc,8308,0,0,0,0,0,0
asymmetric_p2p_tornado_16mib,mrc,8310,0,0,0,0,0,0
asymmetric_p2p_tornado_16mib,mrc,8312,0,0,0,0,0,0
asymmetric_p2p_tornado_16mib,mrc,8314,0,0,0,0,0,0
asymmetric_p2p_tornado_16mib,mrc,8316,0,0,0,0,0,0
asymmetric_p2p_tornado_16mib,mrc,8318,0,0,0,0,0,0
asymmetric_p2p_tornado_16mib,mrc,8320,0,0,0,0,0,0
asymmetric_p2p_tornado_16mib,mrc,8322,0,0,0,0,0,0
asymmetric_p2p_tornado_16mib,mrc,8324,0,0,0,0,0,0
asymmetric_p2p_tornado_16mib,mrc,8326,0,0,0,0,0,0
asymmetric_p2p_tornado_16mib,mrc,8328,0,0,0,0,0,0
asymmetric_p2p_tornado_16mib,mrc,8330,0,0,0,0,0,0
asymmetric_p2p_tornado_16mib,mrc,8332,0,0,0,0,0,0
asymmetric_p2p_tornado_16mib,mrc,8334,0,0,0,0,0,0
asymmetric_p2p_tornado_16mib,mrc,8336,0,0,0,0,0,0
asymmetric_p2p_tornado_16mib,mrc,8338,0,0,0,0,0,0
asymmetric_p2p_tornado_16mib,mrc,8340,0,0,0,0,0,0
asymmetric_p2p_tornado_16mib,mrc,8342,0,0,0,0,0,0
asymmetric_p2p_tornado_16mib,mrc,8344,0,0,0,0,0,0
asymmetric_p2p_tornado_16mib,mrc,8346,0,0,0,0,0,0
asymmetric_p2p_tornado_16mib,mrc,8348,0,0,0,0,0,0
asymmetric_p2p_tornado_16mib,mrc,8350,0,0,0,0,0,0
asymmetric_p2p_tornado_16mib,mrc,8352,0,0,0,0,0,0
asymmetric_p2p_tornado_16mib,mrc,8354,0,0,0,0,0,0
asymmetric_p2p_tornado_16mib,mrc,8356,0,0,0,0,0,0
asymmetric_p2p_tornado_16mib,mrc,8358,0,0,0,0,0,0
asymmetric_p2p_tornado_16mib,mrc,8360,0,0,0,0,0,0
asymmetric_p2p_tornado_16mib,mrc,8362,0,0,0,0,0,0
asymmetric_p2p_tornado_16mib,mrc,8364,0,0,0,0,0,0
asymmetric_p2p_tornado_16mib,mrc,8366,0,0,0,0,0,0
asymmetric_p2p_tornado_16mib,mrc,8368,0,0,0,0,0,0
asymmetric_p2p_tornado_16mib,mrc,8370,0,0,0,0,0,0
asymmetric_p2p_tornado_16mib,mrc,8372,0,0,0,0,0,0
asymmetric_p2p_tornado_16mib,mrc,8374,0,0,0,0,0,0
asymmetric_p2p_tornado_16mib,mrc,8376,0,0,0,0,0,0
asymmetric_p2p_tornado_16mib,mrc,8378,0,0,0,0,0,0
asymmetric_p2p_tornado_16mib,mrc,8380,0,0,0,0,0,0
asymmetric_p2p_tornado_16mib,mrc,8382,0,0,0,0,0,0
asymmetric_p2p_tornado_16mib,mrc,8384,0,0,0,0,0,0
asymmetric_p2p_tornado_16mib,mrc,8386,0,0,0,0,0,0
asymmetric_p2p_tornado_16mib,mrc,8388,0,0,0,0,0,0
asymmetric_p2p_tornado_16mib,mrc,8390,0,0,0,0,0,0
asymmetric_p2p_tornado_16mib,mrc,8392,0,0,0,0,0,0
asymmetric_p2p_tornado_16mib,mrc,8394,0,0,0,0,0,0
asymmetric_p2p_tornado_16mib,mrc,8396,0,0,0,0,0,0
asymmetric_p2p_tornado_16mib,mrc,8398,0,0,0,0,0,0
asymmetric_p2p_tornado_16mib,mrc,8400,0,0,0,0,0,0
asymmetric_p2p_tornado_16mib,mrc,8402,0,0,0,0,0,0
asymmetric_p2p_tornado_16mib,mrc,8404,0,0,0,0,0,0
asymmetric_p2p_tornado_16mib,mrc,8406,0,0,0,0,0,0
asymmetric_p2p_tornado_16mib,mrc,8408,0,0,0,0,0,0
asymmetric_p2p_tornado_16mib,mrc,8410,0,0,0,0,0,0
asymmetric_p2p_tornado_16mib,mrc,8412,0,0,0,0,0,0
asymmetric_p2p_tornado_16mib,mrc,8414,0,0,0,0,0,0
asymmetric_p2p_tornado_16mib,mrc,8416,0,0,0,0,0,0
asymmetric_p2p_tornado_16mib,mrc,8418,0,0,0,0,0,0
asymmetric_p2p_tornado_16mib,mrc,8420,0,0,0,0,0,0
asymmetric_p2p_tornado_16mib,mrc,8422,0,0,0,0,0,0
asymmetric_p2p_tornado_16mib,mrc,8424,0,0,0,0,0,0
asymmetric_p2p_tornado_16mib,mrc,8426,0,0,0,0,0,0
asymmetric_p2p_tornado_16mib,mrc,8428,0,0,0,0,0,0
asymmetric_p2p_tornado_16mib,mrc,8430,0,0,0,0,0,0
asymmetric_p2p_tornado_16mib,mrc,8432,0,0,0,0,0,0
asymmetric_p2p_tornado_16mib,mrc,8434,0,0,0,0,0,0
asymmetric_p2p_tornado_16mib,mrc,8436,0,0,0,0,0,0
asymmetric_p2p_tornado_16mib,mrc,8438,0,0,0,0,0,0
asymmetric_p2p_tornado_16mib,mrc,8440,0,0,0,0,0,0
asymmetric_p2p_tornado_16mib,mrc,8442,0,0,0,0,0,0
asymmetric_p2p_tornado_16mib,mrc,8444,0,0,0,0,0,0
asymmetric_p2p_tornado_16mib,mrc,8446,0,0,0,0,0,0
asymmetric_p2p_tornado_16mib,mrc,8448,0,0,0,0,0,0
asymmetric_p2p_tornado_16mib,mrc,8450,0,0,0,0,0,0
asymmetric_p2p_tornado_16mib,mrc,8452,0,0,0,0,0,0
asymmetric_p2p_tornado_16mib,mrc,8454,0,0,0,0,0,0
asymmetric_p2p_tornado_16mib,mrc,8456,0,0,0,0,0,0
asymmetric_p2p_tornado_16mib,mrc,8458,0,0,0,0,0,0
asymmetric_p2p_tornado_16mib,mrc,8460,0,0,0,0,0,0
asymmetric_p2p_tornado_16mib,mrc,8462,0,0,0,0,0,0
asymmetric_p2p_tornado_16mib,mrc,8464,0,0,0,0,0,0
asymmetric_p2p_tornado_16mib,mrc,8466,0,0,0,0,0,0
asymmetric_p2p_tornado_16mib,mrc,8468,0,0,0,0,0,0
asymmetric_p2p_tornado_16mib,mrc,8470,0,0,0,0,0,0
asymmetric_p2p_tornado_16mib,mrc,8472,0,0,0,0,0,0
asymmetric_p2p_tornado_16mib,mrc,8474,0,0,0,0,0,0
asymmetric_p2p_tornado_16mib,mrc,8476,0,0,0,0,0,0
asymmetric_p2p_tornado_16mib,mrc,8478,0,0,0,0,0,0
asymmetric_p2p_tornado_16mib,mrc,8480,0,0,0,0,0,0
asymmetric_p2p_tornado_16mib,mrc,8482,0,0,0,0,0,0
asymmetric_p2p_tornado_16mib,mrc,8484,0,0,0,0,0,0
asymmetric_p2p_tornado_16mib,mrc,8486,0,0,0,0,0,0
asymmetric_p2p_tornado_16mib,mrc,8488,0,0,0,0,0,0
asymmetric_p2p_tornado_16mib,mrc,8490,0,0,0,0,0,0
asymmetric_p2p_tornado_16mib,mrc,8492,0,0,0,0,0,0
asymmetric_p2p_tornado_16mib,mrc,8494,0,0,0,0,0,0
asymmetric_p2p_tornado_16mib,mrc,8496,0,0,0,0,0,0
asymmetric_p2p_tornado_16mib,mrc,8498,0,0,0,0,0,0
asymmetric_p2p_tornado_16mib,mrc,8500,0,0,0,0,0,0
asymmetric_p2p_tornado_16mib,mrc,8502,0,0,0,0,0,0
asymmetric_p2p_tornado_16mib,mrc,8504,0,0,0,0,0,0
asymmetric_p2p_tornado_16mib,mrc,8506,0,0,0,0,0,0
asymmetric_p2p_tornado_16mib,mrc,8508,0,0,0,0,0,0
asymmetric_p2p_tornado_16mib,mrc,8510,0,0,0,0,0,0
asymmetric_p2p_tornado_16mib,mrc,8512,0,0,0,0,0,0
asymmetric_p2p_tornado_16mib,mrc,8514,0,0,0,0,0,0
asymmetric_p2p_tornado_16mib,mrc,8516,0,0,0,0,0,0
asymmetric_p2p_tornado_16mib,mrc,8518,0,0,0,0,0,0
asymmetric_p2p_tornado_16mib,mrc,8520,0,0,0,0,0,0
asymmetric_p2p_tornado_16mib,mrc,8522,0,0,0,0,0,0
asymmetric_p2p_tornado_16mib,mrc,8524,0,0,0,0,0,0
asymmetric_p2p_tornado_16mib,mrc,8526,0,0,0,0,0,0
asymmetric_p2p_tornado_16mib,mrc,8528,0,0,0,0,0,0
asymmetric_p2p_tornado_16mib,mrc,8530,0,0,0,0,0,0
asymmetric_p2p_tornado_16mib,mrc,8532,0,0,0,0,0,0
asymmetric_p2p_tornado_16mib,mrc,8534,0,0,0,0,0,0
asymmetric_p2p_tornado_16mib,mrc,8536,0,0,0,0,0,0
asymmetric_p2p_tornado_16mib,mrc,8538,0,0,0,0,0,0
asymmetric_p2p_tornado_16mib,mrc,8540,0,0,0,0,0,0
asymmetric_p2p_tornado_16mib,mrc,8542,0,0,0,0,0,0
asymmetric_p2p_tornado_16mib,mrc,8544,0,0,0,0,0,0
asymmetric_p2p_tornado_16mib,mrc,8546,0,0,0,0,0,0
asymmetric_p2p_tornado_16mib,mrc,8548,0,0,0,0,0,0
asymmetric_p2p_tornado_16mib,mrc,8550,0,0,0,0,0,0
asymmetric_p2p_tornado_16mib,mrc,8552,0,0,0,0,0,0
asymmetric_p2p_tornado_16mib,mrc,8554,0,0,0,0,0,0
asymmetric_p2p_tornado_16mib,mrc,8556,0,0,0,0,0,0
asymmetric_p2p_tornado_16mib,mrc,8558,0,0,0,0,0,0
asymmetric_p2p_tornado_16mib,mrc,8560,0,0,0,0,0,0
asymmetric_p2p_tornado_16mib,mrc,8562,0,0,0,0,0,0
asymmetric_p2p_tornado_16mib,mrc,8564,0,0,0,0,0,0
asymmetric_p2p_tornado_16mib,mrc,8566,0,0,0,0,0,0
asymmetric_p2p_tornado_16mib,mrc,8568,0,0,0,0,0,0
asymmetric_p2p_tornado_16mib,mrc,8570,0,0,0,0,0,0
asymmetric_p2p_tornado_16mib,mrc,8572,0,0,0,0,0,0
asymmetric_p2p_tornado_16mib,mrc,8574,0,0,0,0,0,0
asymmetric_p2p_tornado_16mib,mrc,8576,0,0,0,0,0,0
asymmetric_p2p_tornado_16mib,mrc,8578,0,0,0,0,0,0
asymmetric_p2p_tornado_16mib,mrc,8580,0,0,0,0,0,0
asymmetric_p2p_tornado_16mib,mrc,8582,0,0,0,0,0,0
asymmetric_p2p_tornado_16mib,mrc,8584,0,0,0,0,0,0
asymmetric_p2p_tornado_16mib,mrc,8586,0,0,0,0,0,0
asymmetric_p2p_tornado_16mib,mrc,8588,0,0,0,0,0,0
asymmetric_p2p_tornado_16mib,mrc,8590,0,0,0,0,0,0
asymmetric_p2p_tornado_16mib,mrc,8592,0,0,0,0,0,0
asymmetric_p2p_tornado_16mib,mrc,8594,0,0,0,0,0,0
asymmetric_p2p_tornado_16mib,mrc,8596,0,0,0,0,0,0
asymmetric_p2p_tornado_16mib,mrc,8598,0,0,0,0,0,0
asymmetric_p2p_tornado_16mib,mrc,8600,0,0,0,0,0,0
asymmetric_p2p_tornado_16mib,mrc,8602,0,0,0,0,0,0
asymmetric_p2p_tornado_16mib,mrc,8604,0,0,0,0,0,0
asymmetric_p2p_tornado_16mib,mrc,8606,0,0,0,0,0,0
asymmetric_p2p_tornado_16mib,mrc,8608,0,0,0,0,0,0
asymmetric_p2p_tornado_16mib,mrc,8610,0,0,0,0,0,0
asymmetric_p2p_tornado_16mib,mrc,8612,0,0,0,0,0,0
asymmetric_p2p_tornado_16mib,mrc,8614,0,0,0,0,0,0
asymmetric_p2p_tornado_16mib,mrc,8616,0,0,0,0,0,0
asymmetric_p2p_tornado_16mib,mrc,8618,0,0,0,0,0,0
asymmetric_p2p_tornado_16mib,mrc,8620,0,0,0,0,0,0
asymmetric_p2p_tornado_16mib,mrc,8622,0,0,0,0,0,0
asymmetric_p2p_tornado_16mib,mrc,8624,0,0,0,0,0,0
asymmetric_p2p_tornado_16mib,mrc,8626,0,0,0,0,0,0
asymmetric_p2p_tornado_16mib,mrc,8628,0,0,0,0,0,0
asymmetric_p2p_tornado_16mib,mrc,8630,0,0,0,0,0,0
asymmetric_p2p_tornado_16mib,mrc,8632,0,0,0,0,0,0
asymmetric_p2p_tornado_16mib,mrc,8634,0,0,0,0,0,0
asymmetric_p2p_tornado_16mib,mrc,8636,0,0,0,0,0,0
asymmetric_p2p_tornado_16mib,mrc,8638,0,0,0,0,0,0
asymmetric_p2p_tornado_16mib,mrc,8640,0,0,0,0,0,0
asymmetric_p2p_tornado_16mib,mrc,8642,0,0,0,0,0,0
asymmetric_p2p_tornado_16mib,mrc,8644,0,0,0,0,0,0
asymmetric_p2p_tornado_16mib,mrc,8646,0,0,0,0,0,0
asymmetric_p2p_tornado_16mib,mrc,8648,0,0,0,0,0,0
asymmetric_p2p_tornado_16mib,mrc,8650,0,0,0,0,0,0
asymmetric_p2p_tornado_16mib,mrc,8652,0,0,0,0,0,0
asymmetric_p2p_tornado_16mib,mrc,8654,0,0,0,0,0,0
asymmetric_p2p_tornado_16mib,mrc,8656,0,0,0,0,0,0
asymmetric_p2p_tornado_16mib,mrc,8658,0,0,0,0,0,0
asymmetric_p2p_tornado_16mib,mrc,8660,0,0,0,0,0,0
asymmetric_p2p_tornado_16mib,mrc,8662,0,0,0,0,0,0
asymmetric_p2p_tornado_16mib,mrc,8664,0,0,0,0,0,0
asymmetric_p2p_tornado_16mib,mrc,8666,0,0,0,0,0,0
asymmetric_p2p_tornado_16mib,mrc,8668,0,0,0,0,0,0
asymmetric_p2p_tornado_16mib,mrc,8670,0,0,0,0,0,0
asymmetric_p2p_tornado_16mib,mrc,8672,0,0,0,0,0,0
asymmetric_p2p_tornado_16mib,mrc,8674,0,0,0,0,0,0
asymmetric_p2p_tornado_16mib,mrc,8676,0,0,0,0,0,0
asymmetric_p2p_tornado_16mib,mrc,8678,0,0,0,0,0,0
asymmetric_p2p_tornado_16mib,mrc,8680,0,0,0,0,0,0
asymmetric_p2p_tornado_16mib,mrc,8682,0,0,0,0,0,0
asymmetric_p2p_tornado_16mib,mrc,8684,0,0,0,0,0,0
asymmetric_p2p_tornado_16mib,mrc,8686,0,0,0,0,0,0
asymmetric_p2p_tornado_16mib,mrc,8688,0,0,0,0,0,0
asymmetric_p2p_tornado_16mib,mrc,8690,0,0,0,0,0,0
asymmetric_p2p_tornado_16mib,mrc,8692,0,0,0,0,0,0
asymmetric_p2p_tornado_16mib,mrc,8694,0,0,0,0,0,0
asymmetric_p2p_tornado_16mib,mrc,8696,0,0,0,0,0,0
asymmetric_p2p_tornado_16mib,mrc,8698,0,0,0,0,0,0
asymmetric_p2p_tornado_16mib,mrc,8700,0,0,0,0,0,0
asymmetric_p2p_tornado_16mib,mrc,8702,0,0,0,0,0,0
asymmetric_p2p_tornado_16mib,mrc,8704,0,0,0,0,0,0
asymmetric_p2p_tornado_16mib,mrc,8706,0,0,0,0,0,0
asymmetric_p2p_tornado_16mib,mrc,8708,0,0,0,0,0,0
asymmetric_p2p_tornado_16mib,mrc,8710,0,0,0,0,0,0
asymmetric_p2p_tornado_16mib,mrc,8712,0,0,0,0,0,0
asymmetric_p2p_tornado_16mib,mrc,8714,0,0,0,0,0,0
asymmetric_p2p_tornado_16mib,mrc,8716,0,0,0,0,0,0
asymmetric_p2p_tornado_16mib,mrc,8718,0,0,0,0,0,0
asymmetric_p2p_tornado_16mib,mrc,8720,0,0,0,0,0,0
asymmetric_p2p_tornado_16mib,mrc,8722,0,0,0,0,0,0
asymmetric_p2p_tornado_16mib,mrc,8724,0,0,0,0,0,0
asymmetric_p2p_tornado_16mib,mrc,8726,0,0,0,0,0,0
asymmetric_p2p_tornado_16mib,mrc,8728,0,0,0,0,0,0
asymmetric_p2p_tornado_16mib,mrc,8730,0,0,0,0,0,0
asymmetric_p2p_tornado_16mib,mrc,8732,0,0,0,0,0,0
asymmetric_p2p_tornado_16mib,mrc,8734,0,0,0,0,0,0
asymmetric_p2p_tornado_16mib,mrc,8736,0,0,0,0,0,0
asymmetric_p2p_tornado_16mib,mrc,8738,0,0,0,0,0,0
asymmetric_p2p_tornado_16mib,mrc,8740,0,0,0,0,0,0
asymmetric_p2p_tornado_16mib,mrc,8742,0,0,0,0,0,0
asymmetric_p2p_tornado_16mib,mrc,8744,0,0,0,0,0,0
asymmetric_p2p_tornado_16mib,mrc,8746,0,0,0,0,0,0
asymmetric_p2p_tornado_16mib,mrc,8748,0,0,0,0,0,0
asymmetric_p2p_tornado_16mib,mrc,8750,0,0,0,0,0,0
asymmetric_p2p_tornado_16mib,mrc,8752,0,0,0,0,0,0
asymmetric_p2p_tornado_16mib,mrc,8754,0,0,0,0,0,0
asymmetric_p2p_tornado_16mib,mrc,8756,0,0,0,0,0,0
asymmetric_p2p_tornado_16mib,mrc,8758,0,0,0,0,0,0
asymmetric_p2p_tornado_16mib,mrc,8760,0,0,0,0,0,0
asymmetric_p2p_tornado_16mib,mrc,8762,0,0,0,0,0,0
asymmetric_p2p_tornado_16mib,mrc,8764,0,0,0,0,0,0
asymmetric_p2p_tornado_16mib,mrc,8766,0,0,0,0,0,0
asymmetric_p2p_tornado_16mib,mrc,8768,0,0,0,0,0,0
asymmetric_p2p_tornado_16mib,mrc,8770,0,0,0,0,0,0
asymmetric_p2p_tornado_16mib,mrc,8772,0,0,0,0,0,0
asymmetric_p2p_tornado_16mib,mrc,8774,0,0,0,0,0,0
asymmetric_p2p_tornado_16mib,mrc,8776,0,0,0,0,0,0
asymmetric_p2p_tornado_16mib,mrc,8778,0,0,0,0,0,0
asymmetric_p2p_tornado_16mib,mrc,8780,0,0,0,0,0,0
asymmetric_p2p_tornado_16mib,mrc,8782,0,0,0,0,0,0
asymmetric_p2p_tornado_16mib,mrc,8784,0,0,0,0,0,0
asymmetric_p2p_tornado_16mib,mrc,8786,0,0,0,0,0,0
asymmetric_p2p_tornado_16mib,mrc,8788,0,0,0,0,0,0
asymmetric_p2p_tornado_16mib,mrc,8790,0,0,0,0,0,0
asymmetric_p2p_tornado_16mib,mrc,8792,0,0,0,0,0,0
asymmetric_p2p_tornado_16mib,mrc,8794,0,0,0,0,0,0
asymmetric_p2p_tornado_16mib,mrc,8796,0,0,0,0,0,0
asymmetric_p2p_tornado_16mib,mrc,8798,0,0,0,0,0,0
asymmetric_p2p_tornado_16mib,mrc,8800,0,0,0,0,0,0
asymmetric_p2p_tornado_16mib,mrc,8802,0,0,0,0,0,0
asymmetric_p2p_tornado_16mib,mrc,8804,0,0,0,0,0,0
asymmetric_p2p_tornado_16mib,mrc,8806,0,0,0,0,0,0
asymmetric_p2p_tornado_16mib,mrc,8808,0,0,0,0,0,0
asymmetric_p2p_tornado_16mib,mrc,8810,0,0,0,0,0,0
asymmetric_p2p_tornado_16mib,mrc,8812,0,0,0,0,0,0
asymmetric_p2p_tornado_16mib,mrc,8814,0,0,0,0,0,0
asymmetric_p2p_tornado_16mib,mrc,8816,0,0,0,0,0,0
asymmetric_p2p_tornado_16mib,mrc,8818,0,0,0,0,0,0
asymmetric_p2p_tornado_16mib,mrc,8820,0,0,0,0,0,0
asymmetric_p2p_tornado_16mib,mrc,8822,0,0,0,0,0,0
asymmetric_p2p_tornado_16mib,mrc,8824,0,0,0,0,0,0
asymmetric_p2p_tornado_16mib,mrc,8826,0,0,0,0,0,0
asymmetric_p2p_tornado_16mib,mrc,8828,0,0,0,0,0,0
asymmetric_p2p_tornado_16mib,mrc,8830,0,0,0,0,0,0
asymmetric_p2p_tornado_16mib,mrc,8832,0,0,0,0,0,0
asymmetric_p2p_tornado_16mib,mrc,8834,0,0,0,0,0,0
asymmetric_p2p_tornado_16mib,mrc,8836,0,0,0,0,0,0
asymmetric_p2p_tornado_16mib,mrc,8838,0,0,0,0,0,0
asymmetric_p2p_tornado_16mib,mrc,8840,0,0,0,0,0,0
asymmetric_p2p_tornado_16mib,mrc,8842,0,0,0,0,0,0
asymmetric_p2p_tornado_16mib,mrc,8844,0,0,0,0,0,0
asymmetric_p2p_tornado_16mib,mrc,8846,0,0,0,0,0,0
asymmetric_p2p_tornado_16mib,mrc,8848,0,0,0,0,0,0
asymmetric_p2p_tornado_16mib,mrc,8850,0,0,0,0,0,0
asymmetric_p2p_tornado_16mib,mrc,8852,0,0,0,0,0,0
asymmetric_p2p_tornado_16mib,mrc,8854,0,0,0,0,0,0
asymmetric_p2p_tornado_16mib,mrc,8856,0,0,0,0,0,0
asymmetric_p2p_tornado_16mib,mrc,8858,0,0,0,0,0,0
asymmetric_p2p_tornado_16mib,mrc,8860,0,0,0,0,0,0
asymmetric_p2p_tornado_16mib,mrc,8862,0,0,0,0,0,0
asymmetric_p2p_tornado_16mib,mrc,8864,0,0,0,0,0,0
asymmetric_p2p_tornado_16mib,mrc,8866,0,0,0,0,0,0
asymmetric_p2p_tornado_16mib,mrc,8868,0,0,0,0,0,0
asymmetric_p2p_tornado_16mib,mrc,8870,0,0,0,0,0,0
asymmetric_p2p_tornado_16mib,mrc,8872,0,0,0,0,0,0
asymmetric_p2p_tornado_16mib,mrc,8874,0,0,0,0,0,0
asymmetric_p2p_tornado_16mib,mrc,8876,0,0,0,0,0,0
asymmetric_p2p_tornado_16mib,mrc,8878,0,0,0,0,0,0
asymmetric_p2p_tornado_16mib,mrc,8880,0,0,0,0,0,0
asymmetric_p2p_tornado_16mib,mrc,8882,0,0,0,0,0,0
asymmetric_p2p_tornado_16mib,mrc,8884,0,0,0,0,0,0
asymmetric_p2p_tornado_16mib,mrc,8886,0,0,0,0,0,0
asymmetric_p2p_tornado_16mib,mrc,8888,0,0,0,0,0,0
asymmetric_p2p_tornado_16mib,mrc,8890,0,0,0,0,0,0
asymmetric_p2p_tornado_16mib,mrc,8892,0,0,0,0,0,0
asymmetric_p2p_tornado_16mib,mrc,8894,0,0,0,0,0,0
asymmetric_p2p_tornado_16mib,mrc,8896,0,0,0,0,0,0
asymmetric_p2p_tornado_16mib,mrc,8898,0,0,0,0,0,0
asymmetric_p2p_tornado_16mib,mrc,8900,0,0,0,0,0,0
asymmetric_p2p_tornado_16mib,mrc,8902,0,0,0,0,0,0
asymmetric_p2p_tornado_16mib,mrc,8904,0,0,0,0,0,0
asymmetric_p2p_tornado_16mib,mrc,8906,0,0,0,0,0,0
asymmetric_p2p_tornado_16mib,mrc,8908,0,0,0,0,0,0
asymmetric_p2p_tornado_16mib,mrc,8910,0,0,0,0,0,0
asymmetric_p2p_tornado_16mib,mrc,8912,0,0,0,0,0,0
asymmetric_p2p_tornado_16mib,mrc,8914,0,0,0,0,0,0
asymmetric_p2p_tornado_16mib,mrc,8916,0,0,0,0,0,0
asymmetric_p2p_tornado_16mib,mrc,8918,0,0,0,0,0,0
asymmetric_p2p_tornado_16mib,mrc,8920,0,0,0,0,0,0
asymmetric_p2p_tornado_16mib,mrc,8922,0,0,0,0,0,0
asymmetric_p2p_tornado_16mib,mrc,8924,0,0,0,0,0,0
asymmetric_p2p_tornado_16mib,mrc,8926,0,0,0,0,0,0
asymmetric_p2p_tornado_16mib,mrc,8928,0,0,0,0,0,0
asymmetric_p2p_tornado_16mib,mrc,8930,0,0,0,0,0,0
asymmetric_p2p_tornado_16mib,mrc,8932,0,0,0,0,0,0
asymmetric_p2p_tornado_16mib,mrc,8934,0,0,0,0,0,0
asymmetric_p2p_tornado_16mib,mrc,8936,0,0,0,0,0,0
asymmetric_p2p_tornado_16mib,mrc,8938,0,0,0,0,0,0
asymmetric_p2p_tornado_16mib,mrc,8940,0,0,0,0,0,0
asymmetric_p2p_tornado_16mib,mrc,8942,0,0,0,0,0,0
asymmetric_p2p_tornado_16mib,mrc,8944,0,0,0,0,0,0
asymmetric_p2p_tornado_16mib,mrc,8946,0,0,0,0,0,0
asymmetric_p2p_tornado_16mib,mrc,8948,0,0,0,0,0,0
asymmetric_p2p_tornado_16mib,mrc,8950,0,0,0,0,0,0
asymmetric_p2p_tornado_16mib,mrc,8952,0,0,0,0,0,0
asymmetric_p2p_tornado_16mib,mrc,8954,0,0,0,0,0,0
asymmetric_p2p_tornado_16mib,mrc,8956,0,0,0,0,0,0
asymmetric_p2p_tornado_16mib,mrc,8958,0,0,0,0,0,0
asymmetric_p2p_tornado_16mib,mrc,8960,0,0,0,0,0,0
asymmetric_p2p_tornado_16mib,mrc,8962,0,0,0,0,0,0
asymmetric_p2p_tornado_16mib,mrc,8964,0,0,0,0,0,0
asymmetric_p2p_tornado_16mib,mrc,8966,0,0,0,0,0,0
asymmetric_p2p_tornado_16mib,mrc,8968,0,0,0,0,0,0
asymmetric_p2p_tornado_16mib,mrc,8970,0,0,0,0,0,0
asymmetric_p2p_tornado_16mib,mrc,8972,0,0,0,0,0,0
asymmetric_p2p_tornado_16mib,mrc,8974,0,0,0,0,0,0
asymmetric_p2p_tornado_16mib,mrc,8976,0,0,0,0,0,0
asymmetric_p2p_tornado_16mib,mrc,8978,0,0,0,0,0,0
asymmetric_p2p_tornado_16mib,mrc,8980,0,0,0,0,0,0
asymmetric_p2p_tornado_16mib,mrc,8982,0,0,0,0,0,0
asymmetric_p2p_tornado_16mib,mrc,8984,0,0,0,0,0,0
asymmetric_p2p_tornado_16mib,mrc,8986,0,0,0,0,0,0
asymmetric_p2p_tornado_16mib,mrc,8988,0,0,0,0,0,0
asymmetric_p2p_tornado_16mib,mrc,8990,0,0,0,0,0,0
asymmetric_p2p_tornado_16mib,mrc,8992,0,0,0,0,0,0
asymmetric_p2p_tornado_16mib,mrc,8994,0,0,0,0,0,0
asymmetric_p2p_tornado_16mib,mrc,8996,0,0,0,0,0,0
asymmetric_p2p_tornado_16mib,mrc,8998,0,0,0,0,0,0
asymmetric_p2p_tornado_16mib,mrc,9000,0,0,0,0,0,0
asymmetric_p2p_tornado_16mib,mrc,9002,0,0,0,0,0,0
asymmetric_p2p_tornado_16mib,mrc,9004,0,0,0,0,0,0
asymmetric_p2p_tornado_16mib,mrc,9006,0,0,0,0,0,0
asymmetric_p2p_tornado_16mib,mrc,9008,0,0,0,0,0,0
asymmetric_p2p_tornado_16mib,mrc,9010,0,0,0,0,0,0
asymmetric_p2p_tornado_16mib,mrc,9012,0,0,0,0,0,0
asymmetric_p2p_tornado_16mib,mrc,9014,0,0,0,0,0,0
asymmetric_p2p_tornado_16mib,mrc,9016,0,0,0,0,0,0
asymmetric_p2p_tornado_16mib,mrc,9018,0,0,0,0,0,0
asymmetric_p2p_tornado_16mib,mrc,9020,0,0,0,0,0,0
asymmetric_p2p_tornado_16mib,mrc,9022,0,0,0,0,0,0
asymmetric_p2p_tornado_16mib,mrc,9024,0,0,0,0,0,0
asymmetric_p2p_tornado_16mib,mrc,9026,0,0,0,0,0,0
asymmetric_p2p_tornado_16mib,mrc,9028,0,0,0,0,0,0
asymmetric_p2p_tornado_16mib,mrc,9030,0,0,0,0,0,0
asymmetric_p2p_tornado_16mib,mrc,9032,0,0,0,0,0,0
asymmetric_p2p_tornado_16mib,mrc,9034,0,0,0,0,0,0
asymmetric_p2p_tornado_16mib,mrc,9036,0,0,0,0,0,0
asymmetric_p2p_tornado_16mib,mrc,9038,0,0,0,0,0,0
asymmetric_p2p_tornado_16mib,mrc,9040,0,0,0,0,0,0
asymmetric_p2p_tornado_16mib,mrc,9042,0,0,0,0,0,0
asymmetric_p2p_tornado_16mib,mrc,9044,0,0,0,0,0,0
asymmetric_p2p_tornado_16mib,mrc,9046,0,0,0,0,0,0
asymmetric_p2p_tornado_16mib,mrc,9048,0,0,0,0,0,0
asymmetric_p2p_tornado_16mib,mrc,9050,0,0,0,0,0,0
asymmetric_p2p_tornado_16mib,mrc,9052,0,0,0,0,0,0
asymmetric_p2p_tornado_16mib,mrc,9054,0,0,0,0,0,0
asymmetric_p2p_tornado_16mib,mrc,9056,0,0,0,0,0,0
asymmetric_p2p_tornado_16mib,mrc,9058,0,0,0,0,0,0
asymmetric_p2p_tornado_16mib,mrc,9060,0,0,0,0,0,0
asymmetric_p2p_tornado_16mib,mrc,9062,0,0,0,0,0,0
asymmetric_p2p_tornado_16mib,mrc,9064,0,0,0,0,0,0
asymmetric_p2p_tornado_16mib,mrc,9066,0,0,0,0,0,0
asymmetric_p2p_tornado_16mib,mrc,9068,0,0,0,0,0,0
asymmetric_p2p_tornado_16mib,mrc,9070,0,0,0,0,0,0
asymmetric_p2p_tornado_16mib,mrc,9072,0,0,0,0,0,0
asymmetric_p2p_tornado_16mib,mrc,9074,0,0,0,0,0,0
asymmetric_p2p_tornado_16mib,mrc,9076,0,0,0,0,0,0
asymmetric_p2p_tornado_16mib,mrc,9078,0,0,0,0,0,0
asymmetric_p2p_tornado_16mib,mrc,9080,0,0,0,0,0,0
asymmetric_p2p_tornado_16mib,mrc,9082,0,0,0,0,0,0
asymmetric_p2p_tornado_16mib,mrc,9084,0,0,0,0,0,0
asymmetric_p2p_tornado_16mib,mrc,9086,0,0,0,0,0,0
asymmetric_p2p_tornado_16mib,mrc,9088,0,0,0,0,0,0
asymmetric_p2p_tornado_16mib,mrc,9090,0,0,0,0,0,0
asymmetric_p2p_tornado_16mib,mrc,9092,0,0,0,0,0,0
asymmetric_p2p_tornado_16mib,mrc,9094,0,0,0,0,0,0
asymmetric_p2p_tornado_16mib,mrc,9096,0,0,0,0,0,0
asymmetric_p2p_tornado_16mib,mrc,9098,0,0,0,0,0,0
asymmetric_p2p_tornado_16mib,mrc,9100,0,0,0,0,0,0
asymmetric_p2p_tornado_16mib,mrc,9102,0,0,0,0,0,0
asymmetric_p2p_tornado_16mib,mrc,9104,0,0,0,0,0,0
asymmetric_p2p_tornado_16mib,mrc,9106,0,0,0,0,0,0
asymmetric_p2p_tornado_16mib,mrc,9108,0,0,0,0,0,0
asymmetric_p2p_tornado_16mib,mrc,9110,0,0,0,0,0,0
asymmetric_p2p_tornado_16mib,mrc,9112,0,0,0,0,0,0
asymmetric_p2p_tornado_16mib,mrc,9114,0,0,0,0,0,0
asymmetric_p2p_tornado_16mib,mrc,9116,0,0,0,0,0,0
asymmetric_p2p_tornado_16mib,mrc,9118,0,0,0,0,0,0
asymmetric_p2p_tornado_16mib,mrc,9120,0,0,0,0,0,0
asymmetric_p2p_tornado_16mib,mrc,9122,0,0,0,0,0,0
asymmetric_p2p_tornado_16mib,mrc,9124,0,0,0,0,0,0
asymmetric_p2p_tornado_16mib,mrc,9126,0,0,0,0,0,0
asymmetric_p2p_tornado_16mib,mrc,9128,0,0,0,0,0,0
asymmetric_p2p_tornado_16mib,mrc,9130,0,0,0,0,0,0
asymmetric_p2p_tornado_16mib,mrc,9132,0,0,0,0,0,0
asymmetric_p2p_tornado_16mib,mrc,9134,0,0,0,0,0,0
asymmetric_p2p_tornado_16mib,mrc,9136,0,0,0,0,0,0
asymmetric_p2p_tornado_16mib,mrc,9138,0,0,0,0,0,0
asymmetric_p2p_tornado_16mib,mrc,9140,0,0,0,0,0,0
asymmetric_p2p_tornado_16mib,mrc,9142,0,0,0,0,0,0
asymmetric_p2p_tornado_16mib,mrc,9144,0,0,0,0,0,0
asymmetric_p2p_tornado_16mib,mrc,9146,0,0,0,0,0,0
asymmetric_p2p_tornado_16mib,mrc,9148,0,0,0,0,0,0
asymmetric_p2p_tornado_16mib,mrc,9150,0,0,0,0,0,0
asymmetric_p2p_tornado_16mib,mrc,9152,0,0,0,0,0,0
asymmetric_p2p_tornado_16mib,mrc,9154,0,0,0,0,0,0
asymmetric_p2p_tornado_16mib,mrc,9156,0,0,0,0,0,0
asymmetric_p2p_tornado_16mib,mrc,9158,0,0,0,0,0,0
asymmetric_p2p_tornado_16mib,mrc,9160,0,0,0,0,0,0
asymmetric_p2p_tornado_16mib,mrc,9162,0,0,0,0,0,0
asymmetric_p2p_tornado_16mib,mrc,9164,0,0,0,0,0,0
asymmetric_p2p_tornado_16mib,mrc,9166,0,0,0,0,0,0
asymmetric_p2p_tornado_16mib,mrc,9168,0,0,0,0,0,0
asymmetric_p2p_tornado_16mib,mrc,9170,0,0,0,0,0,0
asymmetric_p2p_tornado_16mib,mrc,9172,0,0,0,0,0,0
asymmetric_p2p_tornado_16mib,mrc,9174,0,0,0,0,0,0
asymmetric_p2p_tornado_16mib,mrc,9176,0,0,0,0,0,0
asymmetric_p2p_tornado_16mib,mrc,9178,0,0,0,0,0,0
asymmetric_p2p_tornado_16mib,mrc,9180,0,0,0,0,0,0
asymmetric_p2p_tornado_16mib,mrc,9182,0,0,0,0,0,0
asymmetric_p2p_tornado_16mib,mrc,9184,0,0,0,0,0,0
asymmetric_p2p_tornado_16mib,mrc,9186,0,0,0,0,0,0
asymmetric_p2p_tornado_16mib,mrc,9188,0,0,0,0,0,0
asymmetric_p2p_tornado_16mib,mrc,9190,0,0,0,0,0,0
asymmetric_p2p_tornado_16mib,mrc,9192,0,0,0,0,0,0
asymmetric_p2p_tornado_16mib,mrc,9194,0,0,0,0,0,0
asymmetric_p2p_tornado_16mib,mrc,9196,0,0,0,0,0,0
asymmetric_p2p_tornado_16mib,mrc,9198,0,0,0,0,0,0
asymmetric_p2p_tornado_16mib,mrc,9200,0,0,0,0,0,0
asymmetric_p2p_tornado_16mib,mrc,9202,0,0,0,0,0,0
asymmetric_p2p_tornado_16mib,mrc,9204,0,0,0,0,0,0
asymmetric_p2p_tornado_16mib,mrc,9206,0,0,0,0,0,0
asymmetric_p2p_tornado_16mib,mrc,9208,0,0,0,0,0,0
asymmetric_p2p_tornado_16mib,mrc,9210,0,0,0,0,0,0
asymmetric_p2p_tornado_16mib,mrc,9212,0,0,0,0,0,0
asymmetric_p2p_tornado_16mib,mrc,9214,0,0,0,0,0,0
asymmetric_p2p_tornado_16mib,mrc,9216,0,0,0,0,0,0
asymmetric_p2p_tornado_16mib,mrc,9218,0,0,0,0,0,0
asymmetric_p2p_tornado_16mib,mrc,9220,0,0,0,0,0,0
asymmetric_p2p_tornado_16mib,mrc,9222,0,0,0,0,0,0
asymmetric_p2p_tornado_16mib,mrc,9224,0,0,0,0,0,0
asymmetric_p2p_tornado_16mib,mrc,9226,0,0,0,0,0,0
asymmetric_p2p_tornado_16mib,mrc,9228,0,0,0,0,0,0
asymmetric_p2p_tornado_16mib,mrc,9230,0,0,0,0,0,0
asymmetric_p2p_tornado_16mib,mrc,9232,0,0,0,0,0,0
asymmetric_p2p_tornado_16mib,mrc,9234,0,0,0,0,0,0
asymmetric_p2p_tornado_16mib,mrc,9236,0,0,0,0,0,0
asymmetric_p2p_tornado_16mib,mrc,9238,0,0,0,0,0,0
asymmetric_p2p_tornado_16mib,mrc,9240,0,0,0,0,0,0
asymmetric_p2p_tornado_16mib,mrc,9242,0,0,0,0,0,0
asymmetric_p2p_tornado_16mib,mrc,9244,0,0,0,0,0,0
asymmetric_p2p_tornado_16mib,mrc,9246,0,0,0,0,0,0
asymmetric_p2p_tornado_16mib,mrc,9248,0,0,0,0,0,0
asymmetric_p2p_tornado_16mib,mrc,9250,0,0,0,0,0,0
asymmetric_p2p_tornado_16mib,mrc,9252,0,0,0,0,0,0
asymmetric_p2p_tornado_16mib,mrc,9254,0,0,0,0,0,0
asymmetric_p2p_tornado_16mib,mrc,9256,0,0,0,0,0,0
asymmetric_p2p_tornado_16mib,mrc,9258,0,0,0,0,0,0
asymmetric_p2p_tornado_16mib,mrc,9260,0,0,0,0,0,0
asymmetric_p2p_tornado_16mib,mrc,9262,0,0,0,0,0,0
asymmetric_p2p_tornado_16mib,mrc,9264,0,0,0,0,0,0
asymmetric_p2p_tornado_16mib,mrc,9266,0,0,0,0,0,0
asymmetric_p2p_tornado_16mib,mrc,9268,0,0,0,0,0,0
asymmetric_p2p_tornado_16mib,mrc,9270,0,0,0,0,0,0
asymmetric_p2p_tornado_16mib,mrc,9272,0,0,0,0,0,0
asymmetric_p2p_tornado_16mib,mrc,9274,0,0,0,0,0,0
asymmetric_p2p_tornado_16mib,mrc,9276,0,0,0,0,0,0
asymmetric_p2p_tornado_16mib,mrc,9278,0,0,0,0,0,0
asymmetric_p2p_tornado_16mib,mrc,9280,0,0,0,0,0,0
asymmetric_p2p_tornado_16mib,mrc,9282,0,0,0,0,0,0
asymmetric_p2p_tornado_16mib,mrc,9284,0,0,0,0,0,0
asymmetric_p2p_tornado_16mib,mrc,9286,0,0,0,0,0,0
asymmetric_p2p_tornado_16mib,mrc,9288,0,0,0,0,0,0
asymmetric_p2p_tornado_16mib,mrc,9290,0,0,0,0,0,0
asymmetric_p2p_tornado_16mib,mrc,9292,0,0,0,0,0,0
asymmetric_p2p_tornado_16mib,mrc,9294,0,0,0,0,0,0
asymmetric_p2p_tornado_16mib,mrc,9296,0,0,0,0,0,0
asymmetric_p2p_tornado_16mib,mrc,9298,0,0,0,0,0,0
asymmetric_p2p_tornado_16mib,mrc,9300,0,0,0,0,0,0
asymmetric_p2p_tornado_16mib,mrc,9302,0,0,0,0,0,0
asymmetric_p2p_tornado_16mib,mrc,9304,0,0,0,0,0,0
asymmetric_p2p_tornado_16mib,mrc,9306,0,0,0,0,0,0
asymmetric_p2p_tornado_16mib,mrc,9308,0,0,0,0,0,0
asymmetric_p2p_tornado_16mib,mrc,9310,0,0,0,0,0,0
asymmetric_p2p_tornado_16mib,mrc,9312,0,0,0,0,0,0
asymmetric_p2p_tornado_16mib,mrc,9314,0,0,0,0,0,0
asymmetric_p2p_tornado_16mib,mrc,9316,0,0,0,0,0,0
asymmetric_p2p_tornado_16mib,mrc,9318,0,0,0,0,0,0
asymmetric_p2p_tornado_16mib,mrc,9320,0,0,0,0,0,0
asymmetric_p2p_tornado_16mib,mrc,9322,0,0,0,0,0,0
asymmetric_p2p_tornado_16mib,mrc,9324,0,0,0,0,0,0
asymmetric_p2p_tornado_16mib,mrc,9326,0,0,0,0,0,0
asymmetric_p2p_tornado_16mib,mrc,9328,0,0,0,0,0,0
asymmetric_p2p_tornado_16mib,mrc,9330,0,0,0,0,0,0
asymmetric_p2p_tornado_16mib,mrc,9332,0,0,0,0,0,0
asymmetric_p2p_tornado_16mib,mrc,9334,0,0,0,0,0,0
asymmetric_p2p_tornado_16mib,mrc,9336,0,0,0,0,0,0
asymmetric_p2p_tornado_16mib,mrc,9338,0,0,0,0,0,0
asymmetric_p2p_tornado_16mib,mrc,9340,0,0,0,0,0,0
asymmetric_p2p_tornado_16mib,mrc,9342,0,0,0,0,0,0
asymmetric_p2p_tornado_16mib,mrc,9344,0,0,0,0,0,0
asymmetric_p2p_tornado_16mib,mrc,9346,0,0,0,0,0,0
asymmetric_p2p_tornado_16mib,mrc,9348,0,0,0,0,0,0
asymmetric_p2p_tornado_16mib,mrc,9350,0,0,0,0,0,0
asymmetric_p2p_tornado_16mib,mrc,9352,0,0,0,0,0,0
asymmetric_p2p_tornado_16mib,mrc,9354,0,0,0,0,0,0
asymmetric_p2p_tornado_16mib,mrc,9356,0,0,0,0,0,0
asymmetric_p2p_tornado_16mib,mrc,9358,0,0,0,0,0,0
asymmetric_p2p_tornado_16mib,mrc,9360,0,0,0,0,0,0
asymmetric_p2p_tornado_16mib,mrc,9362,0,0,0,0,0,0
asymmetric_p2p_tornado_16mib,mrc,9364,0,0,0,0,0,0
asymmetric_p2p_tornado_16mib,mrc,9366,0,0,0,0,0,0
asymmetric_p2p_tornado_16mib,mrc,9368,0,0,0,0,0,0
asymmetric_p2p_tornado_16mib,mrc,9370,0,0,0,0,0,0
asymmetric_p2p_tornado_16mib,mrc,9372,0,0,0,0,0,0
asymmetric_p2p_tornado_16mib,mrc,9374,0,0,0,0,0,0
asymmetric_p2p_tornado_16mib,mrc,9376,0,0,0,0,0,0
asymmetric_p2p_tornado_16mib,mrc,9378,0,0,0,0,0,0
asymmetric_p2p_tornado_16mib,mrc,9380,0,0,0,0,0,0
asymmetric_p2p_tornado_16mib,mrc,9382,0,0,0,0,0,0
asymmetric_p2p_tornado_16mib,mrc,9384,0,0,0,0,0,0
asymmetric_p2p_tornado_16mib,mrc,9386,0,0,0,0,0,0
asymmetric_p2p_tornado_16mib,mrc,9388,0,0,0,0,0,0
asymmetric_p2p_tornado_16mib,mrc,9390,0,0,0,0,0,0
asymmetric_p2p_tornado_16mib,mrc,9392,0,0,0,0,0,0
asymmetric_p2p_tornado_16mib,mrc,9394,0,0,0,0,0,0
asymmetric_p2p_tornado_16mib,mrc,9396,0,0,0,0,0,0
asymmetric_p2p_tornado_16mib,mrc,9398,0,0,0,0,0,0
asymmetric_p2p_tornado_16mib,mrc,9400,0,0,0,0,0,0
asymmetric_p2p_tornado_16mib,mrc,9402,0,0,0,0,0,0
asymmetric_p2p_tornado_16mib,mrc,9404,0,0,0,0,0,0
asymmetric_p2p_tornado_16mib,mrc,9406,0,0,0,0,0,0
asymmetric_p2p_tornado_16mib,mrc,9408,0,0,0,0,0,0
asymmetric_p2p_tornado_16mib,mrc,9410,0,0,0,0,0,0
asymmetric_p2p_tornado_16mib,mrc,9412,0,0,0,0,0,0
asymmetric_p2p_tornado_16mib,mrc,9414,0,0,0,0,0,0
asymmetric_p2p_tornado_16mib,mrc,9416,0,0,0,0,0,0
asymmetric_p2p_tornado_16mib,mrc,9418,0,0,0,0,0,0
asymmetric_p2p_tornado_16mib,mrc,9420,0,0,0,0,0,0
asymmetric_p2p_tornado_16mib,mrc,9422,0,0,0,0,0,0
asymmetric_p2p_tornado_16mib,mrc,9424,0,0,0,0,0,0
asymmetric_p2p_tornado_16mib,mrc,9426,0,0,0,0,0,0
asymmetric_p2p_tornado_16mib,mrc,9428,0,0,0,0,0,0
asymmetric_p2p_tornado_16mib,mrc,9430,0,0,0,0,0,0
asymmetric_p2p_tornado_16mib,mrc,9432,0,0,0,0,0,0
asymmetric_p2p_tornado_16mib,mrc,9434,0,0,0,0,0,0
asymmetric_p2p_tornado_16mib,mrc,9436,0,0,0,0,0,0
asymmetric_p2p_tornado_16mib,mrc,9438,0,0,0,0,0,0
asymmetric_p2p_tornado_16mib,mrc,9440,0,0,0,0,0,0
asymmetric_p2p_tornado_16mib,mrc,9442,0,0,0,0,0,0
asymmetric_p2p_tornado_16mib,mrc,9444,0,0,0,0,0,0
asymmetric_p2p_tornado_16mib,mrc,9446,0,0,0,0,0,0
asymmetric_p2p_tornado_16mib,mrc,9448,0,0,0,0,0,0
asymmetric_p2p_tornado_16mib,mrc,9450,0,0,0,0,0,0
asymmetric_p2p_tornado_16mib,mrc,9452,0,0,0,0,0,0
asymmetric_p2p_tornado_16mib,mrc,9454,0,0,0,0,0,0
asymmetric_p2p_tornado_16mib,mrc,9456,0,0,0,0,0,0
asymmetric_p2p_tornado_16mib,mrc,9458,0,0,0,0,0,0
asymmetric_p2p_tornado_16mib,mrc,9460,0,0,0,0,0,0
asymmetric_p2p_tornado_16mib,mrc,9462,0,0,0,0,0,0
asymmetric_p2p_tornado_16mib,mrc,9464,0,0,0,0,0,0
asymmetric_p2p_tornado_16mib,mrc,9466,0,0,0,0,0,0
asymmetric_p2p_tornado_16mib,mrc,9468,0,0,0,0,0,0
asymmetric_p2p_tornado_16mib,mrc,9470,0,0,0,0,0,0
asymmetric_p2p_tornado_16mib,mrc,9472,0,0,0,0,0,0
asymmetric_p2p_tornado_16mib,mrc,9474,0,0,0,0,0,0
asymmetric_p2p_tornado_16mib,mrc,9476,0,0,0,0,0,0
asymmetric_p2p_tornado_16mib,mrc,9478,0,0,0,0,0,0
asymmetric_p2p_tornado_16mib,mrc,9480,0,0,0,0,0,0
asymmetric_p2p_tornado_16mib,mrc,9482,0,0,0,0,0,0
asymmetric_p2p_tornado_16mib,mrc,9484,0,0,0,0,0,0
asymmetric_p2p_tornado_16mib,mrc,9486,0,0,0,0,0,0
asymmetric_p2p_tornado_16mib,mrc,9488,0,0,0,0,0,0
asymmetric_p2p_tornado_16mib,mrc,9490,0,0,0,0,0,0
asymmetric_p2p_tornado_16mib,mrc,9492,0,0,0,0,0,0
asymmetric_p2p_tornado_16mib,mrc,9494,0,0,0,0,0,0
asymmetric_p2p_tornado_16mib,mrc,9496,0,0,0,0,0,0
asymmetric_p2p_tornado_16mib,mrc,9498,0,0,0,0,0,0
asymmetric_p2p_tornado_16mib,mrc,9500,0,0,0,0,0,0
asymmetric_p2p_tornado_16mib,mrc,9502,0,0,0,0,0,0
asymmetric_p2p_tornado_16mib,mrc,9504,0,0,0,0,0,0
asymmetric_p2p_tornado_16mib,mrc,9506,0,0,0,0,0,0
asymmetric_p2p_tornado_16mib,mrc,9508,0,0,0,0,0,0
asymmetric_p2p_tornado_16mib,mrc,9510,0,0,0,0,0,0
asymmetric_p2p_tornado_16mib,mrc,9512,0,0,0,0,0,0
asymmetric_p2p_tornado_16mib,mrc,9514,0,0,0,0,0,0
asymmetric_p2p_tornado_16mib,mrc,9516,0,0,0,0,0,0
asymmetric_p2p_tornado_16mib,mrc,9518,0,0,0,0,0,0
asymmetric_p2p_tornado_16mib,mrc,9520,0,0,0,0,0,0
asymmetric_p2p_tornado_16mib,mrc,9522,0,0,0,0,0,0
asymmetric_p2p_tornado_16mib,mrc,9524,0,0,0,0,0,0
asymmetric_p2p_tornado_16mib,mrc,9526,0,0,0,0,0,0
asymmetric_p2p_tornado_16mib,mrc,9528,0,0,0,0,0,0
asymmetric_p2p_tornado_16mib,mrc,9530,0,0,0,0,0,0
asymmetric_p2p_tornado_16mib,mrc,9532,0,0,0,0,0,0
asymmetric_p2p_tornado_16mib,mrc,9534,0,0,0,0,0,0
asymmetric_p2p_tornado_16mib,mrc,9536,0,0,0,0,0,0
asymmetric_p2p_tornado_16mib,mrc,9538,0,0,0,0,0,0
asymmetric_p2p_tornado_16mib,mrc,9540,0,0,0,0,0,0
asymmetric_p2p_tornado_16mib,mrc,9542,0,0,0,0,0,0
asymmetric_p2p_tornado_16mib,mrc,9544,0,0,0,0,0,0
asymmetric_p2p_tornado_16mib,mrc,9546,0,0,0,0,0,0
asymmetric_p2p_tornado_16mib,mrc,9548,0,0,0,0,0,0
asymmetric_p2p_tornado_16mib,mrc,9550,0,0,0,0,0,0
asymmetric_p2p_tornado_16mib,mrc,9552,0,0,0,0,0,0
asymmetric_p2p_tornado_16mib,mrc,9554,0,0,0,0,0,0
asymmetric_p2p_tornado_16mib,mrc,9556,0,0,0,0,0,0
asymmetric_p2p_tornado_16mib,mrc,9558,0,0,0,0,0,0
asymmetric_p2p_tornado_16mib,mrc,9560,0,0,0,0,0,0
asymmetric_p2p_tornado_16mib,mrc,9562,0,0,0,0,0,0
asymmetric_p2p_tornado_16mib,mrc,9564,0,0,0,0,0,0
asymmetric_p2p_tornado_16mib,mrc,9566,0,0,0,0,0,0
asymmetric_p2p_tornado_16mib,mrc,9568,0,0,0,0,0,0
asymmetric_p2p_tornado_16mib,mrc,9570,0,0,0,0,0,0
asymmetric_p2p_tornado_16mib,mrc,9572,0,0,0,0,0,0
asymmetric_p2p_tornado_16mib,mrc,9574,0,0,0,0,0,0
asymmetric_p2p_tornado_16mib,mrc,9576,0,0,0,0,0,0
asymmetric_p2p_tornado_16mib,mrc,9578,0,0,0,0,0,0
asymmetric_p2p_tornado_16mib,mrc,9580,0,0,0,0,0,0
asymmetric_p2p_tornado_16mib,mrc,9582,0,0,0,0,0,0
asymmetric_p2p_tornado_16mib,mrc,9584,0,0,0,0,0,0
asymmetric_p2p_tornado_16mib,mrc,9586,0,0,0,0,0,0
asymmetric_p2p_tornado_16mib,mrc,9588,0,0,0,0,0,0
asymmetric_p2p_tornado_16mib,mrc,9590,0,0,0,0,0,0
asymmetric_p2p_tornado_16mib,mrc,9592,0,0,0,0,0,0
asymmetric_p2p_tornado_16mib,mrc,9594,0,0,0,0,0,0
asymmetric_p2p_tornado_16mib,mrc,9596,0,0,0,0,0,0
asymmetric_p2p_tornado_16mib,mrc,9598,0,0,0,0,0,0
asymmetric_p2p_tornado_16mib,mrc,9600,0,0,0,0,0,0
asymmetric_p2p_tornado_16mib,mrc,9602,0,0,0,0,0,0
asymmetric_p2p_tornado_16mib,mrc,9604,0,0,0,0,0,0
asymmetric_p2p_tornado_16mib,mrc,9606,0,0,0,0,0,0
asymmetric_p2p_tornado_16mib,mrc,9608,0,0,0,0,0,0
asymmetric_p2p_tornado_16mib,mrc,9610,0,0,0,0,0,0
asymmetric_p2p_tornado_16mib,mrc,9612,0,0,0,0,0,0
asymmetric_p2p_tornado_16mib,mrc,9614,0,0,0,0,0,0
asymmetric_p2p_tornado_16mib,mrc,9616,0,0,0,0,0,0
asymmetric_p2p_tornado_16mib,mrc,9618,0,0,0,0,0,0
asymmetric_p2p_tornado_16mib,mrc,9620,0,0,0,0,0,0
asymmetric_p2p_tornado_16mib,mrc,9622,0,0,0,0,0,0
asymmetric_p2p_tornado_16mib,mrc,9624,0,0,0,0,0,0
asymmetric_p2p_tornado_16mib,mrc,9626,0,0,0,0,0,0
asymmetric_p2p_tornado_16mib,mrc,9628,0,0,0,0,0,0
asymmetric_p2p_tornado_16mib,mrc,9630,0,0,0,0,0,0
asymmetric_p2p_tornado_16mib,mrc,9632,0,0,0,0,0,0
asymmetric_p2p_tornado_16mib,mrc,9634,0,0,0,0,0,0
asymmetric_p2p_tornado_16mib,mrc,9636,0,0,0,0,0,0
asymmetric_p2p_tornado_16mib,mrc,9638,0,0,0,0,0,0
asymmetric_p2p_tornado_16mib,mrc,9640,0,0,0,0,0,0
asymmetric_p2p_tornado_16mib,mrc,9642,0,0,0,0,0,0
asymmetric_p2p_tornado_16mib,mrc,9644,0,0,0,0,0,0
asymmetric_p2p_tornado_16mib,mrc,9646,0,0,0,0,0,0
asymmetric_p2p_tornado_16mib,mrc,9648,0,0,0,0,0,0
asymmetric_p2p_tornado_16mib,mrc,9650,0,0,0,0,0,0
asymmetric_p2p_tornado_16mib,mrc,9652,0,0,0,0,0,0
asymmetric_p2p_tornado_16mib,mrc,9654,0,0,0,0,0,0
asymmetric_p2p_tornado_16mib,mrc,9656,0,0,0,0,0,0
asymmetric_p2p_tornado_16mib,mrc,9658,0,0,0,0,0,0
asymmetric_p2p_tornado_16mib,mrc,9660,0,0,0,0,0,0
asymmetric_p2p_tornado_16mib,mrc,9662,0,0,0,0,0,0
asymmetric_p2p_tornado_16mib,mrc,9664,0,0,0,0,0,0
asymmetric_p2p_tornado_16mib,mrc,9666,0,0,0,0,0,0
asymmetric_p2p_tornado_16mib,mrc,9668,0,0,0,0,0,0
asymmetric_p2p_tornado_16mib,mrc,9670,0,0,0,0,0,0
asymmetric_p2p_tornado_16mib,mrc,9672,0,0,0,0,0,0
asymmetric_p2p_tornado_16mib,mrc,9674,0,0,0,0,0,0
asymmetric_p2p_tornado_16mib,mrc,9676,0,0,0,0,0,0
asymmetric_p2p_tornado_16mib,mrc,9678,0,0,0,0,0,0
asymmetric_p2p_tornado_16mib,mrc,9680,0,0,0,0,0,0
asymmetric_p2p_tornado_16mib,mrc,9682,0,0,0,0,0,0
asymmetric_p2p_tornado_16mib,mrc,9684,0,0,0,0,0,0
asymmetric_p2p_tornado_16mib,mrc,9686,0,0,0,0,0,0
asymmetric_p2p_tornado_16mib,mrc,9688,0,0,0,0,0,0
asymmetric_p2p_tornado_16mib,mrc,9690,0,0,0,0,0,0
asymmetric_p2p_tornado_16mib,mrc,9692,0,0,0,0,0,0
asymmetric_p2p_tornado_16mib,mrc,9694,0,0,0,0,0,0
asymmetric_p2p_tornado_16mib,mrc,9696,0,0,0,0,0,0
asymmetric_p2p_tornado_16mib,mrc,9698,0,0,0,0,0,0
asymmetric_p2p_tornado_16mib,mrc,9700,0,0,0,0,0,0
asymmetric_p2p_tornado_16mib,mrc,9702,0,0,0,0,0,0
asymmetric_p2p_tornado_16mib,mrc,9704,0,0,0,0,0,0
asymmetric_p2p_tornado_16mib,mrc,9706,0,0,0,0,0,0
asymmetric_p2p_tornado_16mib,mrc,9708,0,0,0,0,0,0
asymmetric_p2p_tornado_16mib,mrc,9710,0,0,0,0,0,0
asymmetric_p2p_tornado_16mib,mrc,9712,0,0,0,0,0,0
asymmetric_p2p_tornado_16mib,mrc,9714,0,0,0,0,0,0
asymmetric_p2p_tornado_16mib,mrc,9716,0,0,0,0,0,0
asymmetric_p2p_tornado_16mib,mrc,9718,0,0,0,0,0,0
asymmetric_p2p_tornado_16mib,mrc,9720,0,0,0,0,0,0
asymmetric_p2p_tornado_16mib,mrc,9722,0,0,0,0,0,0
asymmetric_p2p_tornado_16mib,mrc,9724,0,0,0,0,0,0
asymmetric_p2p_tornado_16mib,mrc,9726,0,0,0,0,0,0
asymmetric_p2p_tornado_16mib,mrc,9728,0,0,0,0,0,0
asymmetric_p2p_tornado_16mib,mrc,9730,0,0,0,0,0,0
asymmetric_p2p_tornado_16mib,mrc,9732,0,0,0,0,0,0
asymmetric_p2p_tornado_16mib,mrc,9734,0,0,0,0,0,0
asymmetric_p2p_tornado_16mib,mrc,9736,0,0,0,0,0,0
asymmetric_p2p_tornado_16mib,mrc,9738,0,0,0,0,0,0
asymmetric_p2p_tornado_16mib,mrc,9740,0,0,0,0,0,0
asymmetric_p2p_tornado_16mib,mrc,9742,0,0,0,0,0,0
asymmetric_p2p_tornado_16mib,mrc,9744,0,0,0,0,0,0
asymmetric_p2p_tornado_16mib,mrc,9746,0,0,0,0,0,0
asymmetric_p2p_tornado_16mib,mrc,9748,0,0,0,0,0,0
asymmetric_p2p_tornado_16mib,mrc,9750,0,0,0,0,0,0
asymmetric_p2p_tornado_16mib,mrc,9752,0,0,0,0,0,0
asymmetric_p2p_tornado_16mib,mrc,9754,0,0,0,0,0,0
asymmetric_p2p_tornado_16mib,mrc,9756,0,0,0,0,0,0
asymmetric_p2p_tornado_16mib,mrc,9758,0,0,0,0,0,0
asymmetric_p2p_tornado_16mib,mrc,9760,0,0,0,0,0,0
asymmetric_p2p_tornado_16mib,mrc,9762,0,0,0,0,0,0
asymmetric_p2p_tornado_16mib,mrc,9764,0,0,0,0,0,0
asymmetric_p2p_tornado_16mib,mrc,9766,0,0,0,0,0,0
asymmetric_p2p_tornado_16mib,mrc,9768,0,0,0,0,0,0
asymmetric_p2p_tornado_16mib,mrc,9770,0,0,0,0,0,0
asymmetric_p2p_tornado_16mib,mrc,9772,0,0,0,0,0,0
asymmetric_p2p_tornado_16mib,mrc,9774,0,0,0,0,0,0
asymmetric_p2p_tornado_16mib,mrc,9776,0,0,0,0,0,0
asymmetric_p2p_tornado_16mib,mrc,9778,0,0,0,0,0,0
asymmetric_p2p_tornado_16mib,mrc,9780,0,0,0,0,0,0
asymmetric_p2p_tornado_16mib,mrc,9782,0,0,0,0,0,0
asymmetric_p2p_tornado_16mib,mrc,9784,0,0,0,0,0,0
asymmetric_p2p_tornado_16mib,mrc,9786,0,0,0,0,0,0
asymmetric_p2p_tornado_16mib,mrc,9788,0,0,0,0,0,0
asymmetric_p2p_tornado_16mib,mrc,9790,0,0,0,0,0,0
asymmetric_p2p_tornado_16mib,mrc,9792,0,0,0,0,0,0
asymmetric_p2p_tornado_16mib,mrc,9794,0,0,0,0,0,0
asymmetric_p2p_tornado_16mib,mrc,9796,0,0,0,0,0,0
asymmetric_p2p_tornado_16mib,mrc,9798,0,0,0,0,0,0
asymmetric_p2p_tornado_16mib,mrc,9800,0,0,0,0,0,0
asymmetric_p2p_tornado_16mib,mrc,9802,0,0,0,0,0,0
asymmetric_p2p_tornado_16mib,mrc,9804,0,0,0,0,0,0
asymmetric_p2p_tornado_16mib,mrc,9806,0,0,0,0,0,0
asymmetric_p2p_tornado_16mib,mrc,9808,0,0,0,0,0,0
asymmetric_p2p_tornado_16mib,mrc,9810,0,0,0,0,0,0
asymmetric_p2p_tornado_16mib,mrc,9812,0,0,0,0,0,0
asymmetric_p2p_tornado_16mib,mrc,9814,0,0,0,0,0,0
asymmetric_p2p_tornado_16mib,mrc,9816,0,0,0,0,0,0
asymmetric_p2p_tornado_16mib,mrc,9818,0,0,0,0,0,0
asymmetric_p2p_tornado_16mib,mrc,9820,0,0,0,0,0,0
asymmetric_p2p_tornado_16mib,mrc,9822,0,0,0,0,0,0
asymmetric_p2p_tornado_16mib,mrc,9824,0,0,0,0,0,0
asymmetric_p2p_tornado_16mib,mrc,9826,0,0,0,0,0,0
asymmetric_p2p_tornado_16mib,mrc,9828,0,0,0,0,0,0
asymmetric_p2p_tornado_16mib,mrc,9830,0,0,0,0,0,0
asymmetric_p2p_tornado_16mib,mrc,9832,0,0,0,0,0,0
asymmetric_p2p_tornado_16mib,mrc,9834,0,0,0,0,0,0
asymmetric_p2p_tornado_16mib,mrc,9836,0,0,0,0,0,0
asymmetric_p2p_tornado_16mib,mrc,9838,0,0,0,0,0,0
asymmetric_p2p_tornado_16mib,mrc,9840,0,0,0,0,0,0
asymmetric_p2p_tornado_16mib,mrc,9842,0,0,0,0,0,0
asymmetric_p2p_tornado_16mib,mrc,9844,0,0,0,0,0,0
asymmetric_p2p_tornado_16mib,mrc,9846,0,0,0,0,0,0
asymmetric_p2p_tornado_16mib,mrc,9848,0,0,0,0,0,0
asymmetric_p2p_tornado_16mib,mrc,9850,0,0,0,0,0,0
asymmetric_p2p_tornado_16mib,mrc,9852,0,0,0,0,0,0
asymmetric_p2p_tornado_16mib,mrc,9854,0,0,0,0,0,0
asymmetric_p2p_tornado_16mib,mrc,9856,0,0,0,0,0,0
asymmetric_p2p_tornado_16mib,mrc,9858,0,0,0,0,0,0
asymmetric_p2p_tornado_16mib,mrc,9860,0,0,0,0,0,0
asymmetric_p2p_tornado_16mib,mrc,9862,0,0,0,0,0,0
asymmetric_p2p_tornado_16mib,mrc,9864,0,0,0,0,0,0
asymmetric_p2p_tornado_16mib,mrc,9866,0,0,0,0,0,0
asymmetric_p2p_tornado_16mib,mrc,9868,0,0,0,0,0,0
asymmetric_p2p_tornado_16mib,mrc,9870,0,0,0,0,0,0
asymmetric_p2p_tornado_16mib,mrc,9872,0,0,0,0,0,0
asymmetric_p2p_tornado_16mib,mrc,9874,0,0,0,0,0,0
asymmetric_p2p_tornado_16mib,mrc,9876,0,0,0,0,0,0
asymmetric_p2p_tornado_16mib,mrc,9878,0,0,0,0,0,0
asymmetric_p2p_tornado_16mib,mrc,9880,0,0,0,0,0,0
asymmetric_p2p_tornado_16mib,mrc,9882,0,0,0,0,0,0
asymmetric_p2p_tornado_16mib,mrc,9884,0,0,0,0,0,0
asymmetric_p2p_tornado_16mib,mrc,9886,0,0,0,0,0,0
asymmetric_p2p_tornado_16mib,mrc,9888,0,0,0,0,0,0
asymmetric_p2p_tornado_16mib,mrc,9890,0,0,0,0,0,0
asymmetric_p2p_tornado_16mib,mrc,9892,0,0,0,0,0,0
asymmetric_p2p_tornado_16mib,mrc,9894,0,0,0,0,0,0
asymmetric_p2p_tornado_16mib,mrc,9896,0,0,0,0,0,0
asymmetric_p2p_tornado_16mib,mrc,9898,0,0,0,0,0,0
asymmetric_p2p_tornado_16mib,mrc,9900,0,0,0,0,0,0
asymmetric_p2p_tornado_16mib,mrc,9902,0,0,0,0,0,0
asymmetric_p2p_tornado_16mib,mrc,9904,0,0,0,0,0,0
asymmetric_p2p_tornado_16mib,mrc,9906,0,0,0,0,0,0
asymmetric_p2p_tornado_16mib,mrc,9908,0,0,0,0,0,0
asymmetric_p2p_tornado_16mib,mrc,9910,0,0,0,0,0,0
asymmetric_p2p_tornado_16mib,mrc,9912,0,0,0,0,0,0
asymmetric_p2p_tornado_16mib,mrc,9914,0,0,0,0,0,0
asymmetric_p2p_tornado_16mib,mrc,9916,0,0,0,0,0,0
asymmetric_p2p_tornado_16mib,mrc,9918,0,0,0,0,0,0
asymmetric_p2p_tornado_16mib,mrc,9920,0,0,0,0,0,0
asymmetric_p2p_tornado_16mib,mrc,9922,0,0,0,0,0,0
asymmetric_p2p_tornado_16mib,mrc,9924,0,0,0,0,0,0
asymmetric_p2p_tornado_16mib,mrc,9926,0,0,0,0,0,0
asymmetric_p2p_tornado_16mib,mrc,9928,0,0,0,0,0,0
asymmetric_p2p_tornado_16mib,mrc,9930,0,0,0,0,0,0
asymmetric_p2p_tornado_16mib,mrc,9932,0,0,0,0,0,0
asymmetric_p2p_tornado_16mib,mrc,9934,0,0,0,0,0,0
asymmetric_p2p_tornado_16mib,mrc,9936,0,0,0,0,0,0
asymmetric_p2p_tornado_16mib,mrc,9938,0,0,0,0,0,0
asymmetric_p2p_tornado_16mib,mrc,9940,0,0,0,0,0,0
asymmetric_p2p_tornado_16mib,mrc,9942,0,0,0,0,0,0
asymmetric_p2p_tornado_16mib,mrc,9944,0,0,0,0,0,0
asymmetric_p2p_tornado_16mib,mrc,9946,0,0,0,0,0,0
asymmetric_p2p_tornado_16mib,mrc,9948,0,0,0,0,0,0
asymmetric_p2p_tornado_16mib,mrc,9950,0,0,0,0,0,0
asymmetric_p2p_tornado_16mib,mrc,9952,0,0,0,0,0,0
asymmetric_p2p_tornado_16mib,mrc,9954,0,0,0,0,0,0
asymmetric_p2p_tornado_16mib,mrc,9956,0,0,0,0,0,0
asymmetric_p2p_tornado_16mib,mrc,9958,0,0,0,0,0,0
asymmetric_p2p_tornado_16mib,mrc,9960,0,0,0,0,0,0
asymmetric_p2p_tornado_16mib,mrc,9962,0,0,0,0,0,0
asymmetric_p2p_tornado_16mib,mrc,9964,0,0,0,0,0,0
asymmetric_p2p_tornado_16mib,mrc,9966,0,0,0,0,0,0
asymmetric_p2p_tornado_16mib,mrc,9968,0,0,0,0,0,0
asymmetric_p2p_tornado_16mib,mrc,9970,0,0,0,0,0,0
asymmetric_p2p_tornado_16mib,mrc,9972,0,0,0,0,0,0
asymmetric_p2p_tornado_16mib,mrc,9974,0,0,0,0,0,0
asymmetric_p2p_tornado_16mib,mrc,9976,0,0,0,0,0,0
asymmetric_p2p_tornado_16mib,mrc,9978,0,0,0,0,0,0
asymmetric_p2p_tornado_16mib,mrc,9980,0,0,0,0,0,0
asymmetric_p2p_tornado_16mib,mrc,9982,0,0,0,0,0,0
asymmetric_p2p_tornado_16mib,mrc,9984,0,0,0,0,0,0
asymmetric_p2p_tornado_16mib,mrc,9986,0,0,0,0,0,0
asymmetric_p2p_tornado_16mib,mrc,9988,0,0,0,0,0,0
asymmetric_p2p_tornado_16mib,mrc,9990,0,0,0,0,0,0
asymmetric_p2p_tornado_16mib,mrc,9992,0,0,0,0,0,0
asymmetric_p2p_tornado_16mib,mrc,9994,0,0,0,0,0,0
asymmetric_p2p_tornado_16mib,mrc,9996,0,0,0,0,0,0
asymmetric_p2p_tornado_16mib,mrc,9998,0,0,0,0,0,0
asymmetric_p2p_tornado_16mib,sglb,2,2288000,0.117166574819,0.0185431329049,0.0288530765207,0.0354756425341,1
asymmetric_p2p_tornado_16mib,sglb,4,9925760,0.0288530765207,0.0354756425341,0.0222179496062,0.0398389352296,1
asymmetric_p2p_tornado_16mib,sglb,6,23043520,0.0155828226918,0.0442022279251,0.0155828226918,0.0354756425341,1
asymmetric_p2p_tornado_16mib,sglb,8,23815424,0.0103688199578,0.053073616915,0.0134101741354,0.0354756425341,1
asymmetric_p2p_tornado_16mib,sglb,10,22360832,0.0134101741354,0.02870710506,0.0134101741354,0.0359504167424,1
asymmetric_p2p_tornado_16mib,sglb,12,22226240,0.0120216546269,0.0338354776072,0.0134101741354,0.0359504167424,1
asymmetric_p2p_tornado_16mib,sglb,14,23058048,0.0146869288641,0.0359504167424,0.0134101741354,0.0359504167424,1
asymmetric_p2p_tornado_16mib,sglb,16,23029824,0.0143191563677,0.041712561319,0.0139389957181,0.0377949559411,1
asymmetric_p2p_tornado_16mib,sglb,18,23261056,0.0128620790913,0.0412810569586,0.0139389957181,0.0379887070767,1
asymmetric_p2p_tornado_16mib,sglb,20,23077632,0.0139389957181,0.0377949559411,0.0130210243545,0.0382250408794,1
asymmetric_p2p_tornado_16mib,sglb,22,22849152,0.0130210243545,0.0379887070767,0.0128620790913,0.0382250408794,1
asymmetric_p2p_tornado_16mib,sglb,24,23102208,0.0120752949517,0.0382250408794,0.0120752949517,0.0382250408794,1
asymmetric_p2p_tornado_16mib,sglb,26,23230528,0.0119561508162,0.0391434070676,0.0119561508162,0.0391434070676,1
asymmetric_p2p_tornado_16mib,sglb,28,23110912,0.0119488789416,0.0419155386991,0.0119488789416,0.0401121627453,1
asymmetric_p2p_tornado_16mib,sglb,30,23194496,0.0113758878108,0.0409829782885,0.0119488789416,0.0409829782885,1
asymmetric_p2p_tornado_16mib,sglb,32,23332224,0.0112649891804,0.0401121627453,0.0119488789416,0.0409829782885,1
asymmetric_p2p_tornado_16mib,sglb,34,23396608,0.0121944609987,0.0409922045331,0.0121944609987,0.0401121627453,1
asymmetric_p2p_tornado_16mib,sglb,36,23740736,0.0132155176361,0.0390085619549,0.0132155176361,0.0401121627453,1
asymmetric_p2p_tornado_16mib,sglb,38,23133952,0.0134941645805,0.040074548056,0.0134941645805,0.0401568745458,1
asymmetric_p2p_tornado_16mib,sglb,40,23439040,0.0137280259476,0.0401568745458,0.0134941645805,0.0401568745458,1
asymmetric_p2p_tornado_16mib,sglb,42,23107904,0.0145105365392,0.0434357399164,0.0134941645805,0.0434357399164,1
asymmetric_p2p_tornado_16mib,sglb,44,23511680,0.0117826585549,0.0462213560592,0.0128988458927,0.0444499171057,1
asymmetric_p2p_tornado_16mib,sglb,46,23639808,0.0112516411041,0.0444499171057,0.0128988458927,0.0455137740734,1
asymmetric_p2p_tornado_16mib,sglb,48,23505088,0.0128988458927,0.0457877225654,0.0123661118,0.0457877225654,1
asymmetric_p2p_tornado_16mib,sglb,50,23303936,0.0133234411797,0.0455137740734,0.0128988458927,0.0457877225654,1
asymmetric_p2p_tornado_16mib,sglb,52,23782272,0.0123661118,0.0459587629451,0.0131217312439,0.0459587629451,1
asymmetric_p2p_tornado_16mib,sglb,54,23378176,0.0135831434375,0.0479055005451,0.0131217312439,0.0459587629451,1
asymmetric_p2p_tornado_16mib,sglb,56,23874368,0.0131217312439,0.0463001339935,0.0125278695922,0.0463001339935,1
asymmetric_p2p_tornado_16mib,sglb,58,23839808,0.0125278695922,0.0444917900618,0.0125278695922,0.0463001339935,1
asymmetric_p2p_tornado_16mib,sglb,60,23606912,0.012033998752,0.0468977107558,0.0125278695922,0.0461468363917,1
asymmetric_p2p_tornado_16mib,sglb,62,23818880,0.0114905010964,0.0460318631904,0.0125278695922,0.0461468363917,1
asymmetric_p2p_tornado_16mib,sglb,64,23818880,0.0126108259518,0.0461468363917,0.0126108259518,0.0468977107558,1
asymmetric_p2p_tornado_16mib,sglb,66,23652480,0.0131907780651,0.0469133244004,0.0129369238228,0.0469133244004,1
asymmetric_p2p_tornado_16mib,sglb,68,24010304,0.0129369238228,0.0475868402525,0.0129838371574,0.0469885537791,1
asymmetric_p2p_tornado_16mib,sglb,70,24095488,0.0140865218382,0.0474981263626,0.0129838371574,0.0469885537791,1
asymmetric_p2p_tornado_16mib,sglb,72,24019584,0.0129838371574,0.0469885537791,0.0129369238228,0.0471397222475,1
asymmetric_p2p_tornado_16mib,sglb,74,24172096,0.011063989163,0.0454286087391,0.0113762889842,0.0471397222475,1
asymmetric_p2p_tornado_16mib,sglb,76,23993152,0.0113762889842,0.0471397222475,0.011063989163,0.0471397222475,1
asymmetric_p2p_tornado_16mib,sglb,78,24023360,0.0106967615747,0.0477727845658,0.0106967615747,0.0477727845658,1
asymmetric_p2p_tornado_16mib,sglb,80,23997312,0.0102855735625,0.0503170989281,0.0102855735625,0.0503170989281,1
asymmetric_p2p_tornado_16mib,sglb,82,23973952,0.00994199265287,0.0510466819586,0.0102855735625,0.0510466819586,1
asymmetric_p2p_tornado_16mib,sglb,84,24141440,0.0099864230704,0.053085682004,0.0102855735625,0.053085682004,1
asymmetric_p2p_tornado_16mib,sglb,86,24141952,0.0109273154494,0.0537719726563,0.0109273154494,0.0537719726563,1
asymmetric_p2p_tornado_16mib,sglb,88,24130688,0.0110555683003,0.0538642351017,0.0109273154494,0.0538642351017,1
asymmetric_p2p_tornado_16mib,sglb,90,23993280,0.011678924268,0.0553418536519,0.0109273154494,0.0553418536519,1
asymmetric_p2p_tornado_16mib,sglb,92,23995968,0.0107208961363,0.0560778240825,0.0107208961363,0.0560778240825,1
asymmetric_p2p_tornado_16mib,sglb,94,24249344,0.0106305169598,0.0562687363735,0.0106305169598,0.0560778240825,1
asymmetric_p2p_tornado_16mib,sglb,96,24241216,0.0097085404532,0.0571452296057,0.0102304584478,0.0560863406159,1
asymmetric_p2p_tornado_16mib,sglb,98,24128000,0.0102304584478,0.0555263785429,0.0097085404532,0.0562687363735,1
asymmetric_p2p_tornado_16mib,sglb,100,24197824,0.00820719077324,0.0560863406159,0.00837371238738,0.0571452296057,1
asymmetric_p2p_tornado_16mib,sglb,102,24164480,0.00837371238738,0.0582396041515,0.00833874285201,0.0564028717751,1
asymmetric_p2p_tornado_16mib,sglb,104,24403840,0.00814041432117,0.0576640284339,0.00833874285201,0.0565802995549,1
asymmetric_p2p_tornado_16mib,sglb,106,24508032,0.00833874285201,0.0564028717751,0.00837371238738,0.0576640284339,1
asymmetric_p2p_tornado_16mib,sglb,108,24326912,0.00960502249283,0.0565802995549,0.00833874285201,0.0576640284339,1
asymmetric_p2p_tornado_16mib,sglb,110,24315968,0.00845894059186,0.0585831043332,0.00833874285201,0.057956429415,1
asymmetric_p2p_tornado_16mib,sglb,112,24392576,0.00799927937041,0.057956429415,0.00832529517829,0.0585831043332,1
asymmetric_p2p_tornado_16mib,sglb,114,24374528,0.00797143644987,0.0594397256541,0.00799927937041,0.0594397256541,1
asymmetric_p2p_tornado_16mib,sglb,116,24446336,0.00832529517829,0.0596881245458,0.00797143644987,0.0596881245458,1
asymmetric_p2p_tornado_16mib,sglb,118,24454208,0.00623039831952,0.059903876726,0.00660524293126,0.0597683219023,1
asymmetric_p2p_tornado_16mib,sglb,120,24351296,0.00568918446398,0.0609294092932,0.00660524293126,0.059903876726,1
asymmetric_p2p_tornado_16mib,sglb,122,24819264,0.00660524293126,0.0597683219023,0.00660524293126,0.0608371468477,1
asymmetric_p2p_tornado_16mib,sglb,124,24512768,0.00706108641028,0.0608371468477,0.00660524293126,0.0609294092932,1
asymmetric_p2p_tornado_16mib,sglb,126,24470144,0.00695597133573,0.0618179676145,0.00660524293126,0.0618179676145,1
asymmetric_p2p_tornado_16mib,sglb,128,24459456,0.00611731143982,0.0621792105741,0.00611731143982,0.0621792105741,1
asymmetric_p2p_tornado_16mib,sglb,130,24287872,0.00511144515283,0.064173498819,0.0051185362362,0.064173498819,1
asymmetric_p2p_tornado_16mib,sglb,132,24403776,0.0051185362362,0.067198287609,0.00511144515283,0.067198287609,1
asymmetric_p2p_tornado_16mib,sglb,134,24472128,0.00445016715302,0.0677128281704,0.00445016715302,0.0677128281704,1
asymmetric_p2p_tornado_16mib,sglb,136,24690752,0.00386748406957,0.0692798703216,0.00445016715302,0.0677128281704,1
asymmetric_p2p_tornado_16mib,sglb,138,24601920,0.0042647610599,0.0686290652253,0.00445016715302,0.0677128281704,1
asymmetric_p2p_tornado_16mib,sglb,140,24558848,0.00472504484442,0.0675354003906,0.00457028331362,0.0680364564408,1
asymmetric_p2p_tornado_16mib,sglb,142,24709888,0.00473148702763,0.0666752305142,0.00472504484442,0.0680364564408,1
asymmetric_p2p_tornado_16mib,sglb,144,24365056,0.00457028331362,0.0680364564408,0.00472504484442,0.067621275436,1
asymmetric_p2p_tornado_16mib,sglb,146,24552832,0.00496981976878,0.0688689475836,0.00457028331362,0.0680364564408,1
asymmetric_p2p_tornado_16mib,sglb,148,24820224,0.00451067999007,0.067621275436,0.00457028331362,0.0684991880905,1
asymmetric_p2p_tornado_16mib,sglb,150,24607040,0.00402643326783,0.068960500318,0.00483989886408,0.0684991880905,1
asymmetric_p2p_tornado_16mib,sglb,152,24726784,0.00483989886408,0.0684991880905,0.00483989886408,0.0684991880905,1
asymmetric_p2p_tornado_16mib,sglb,154,24813696,0.00574839344965,0.067888836528,0.0053789125852,0.0689108205396,1
asymmetric_p2p_tornado_16mib,sglb,156,24727936,0.00617640602948,0.0689108205396,0.0053789125852,0.0689108205396,1
asymmetric_p2p_tornado_16mib,sglb,158,24816832,0.0053789125852,0.0692025118096,0.0053789125852,0.0692025118096,1
asymmetric_p2p_tornado_16mib,sglb,160,24655488,0.00469574161465,0.0695971111919,0.00472175719483,0.0695971111919,1
asymmetric_p2p_tornado_16mib,sglb,162,24756608,0.00472175719483,0.0714004871457,0.00469574161465,0.0714004871457,1
asymmetric_p2p_tornado_16mib,sglb,164,24794112,0.00463508569888,0.0719079305959,0.00469574161465,0.0719079305959,1
asymmetric_p2p_tornado_16mib,sglb,166,24785536,0.00441434940361,0.0724636344023,0.00472175719483,0.0723720816679,1
asymmetric_p2p_tornado_16mib,sglb,168,24903808,0.00526787348048,0.0726396427598,0.00526787348048,0.0724636344023,1
asymmetric_p2p_tornado_16mib,sglb,170,24900480,0.005864452617,0.0723720816679,0.005864452617,0.0724636344023,1
asymmetric_p2p_tornado_16mib,sglb,172,24861248,0.00655295098306,0.0733855491461,0.00628616582185,0.0726396427598,1
asymmetric_p2p_tornado_16mib,sglb,174,24937728,0.00628616582185,0.0721002623092,0.00628616582185,0.0733855491461,1
asymmetric_p2p_tornado_16mib,sglb,176,24824832,0.0063275560402,0.0734394871911,0.00628616582185,0.0734394871911,1
asymmetric_p2p_tornado_16mib,sglb,178,24843456,0.00607508300391,0.0742159111555,0.00607508300391,0.0742159111555,1
asymmetric_p2p_tornado_16mib,sglb,180,24945216,0.0053150564235,0.0747780023619,0.00607508300391,0.0747780023619,1
asymmetric_p2p_tornado_16mib,sglb,182,24776128,0.00486406705002,0.0762896870458,0.00563792415964,0.0762896870458,1
asymmetric_p2p_tornado_16mib,sglb,184,24768832,0.00641334019507,0.0775047124818,0.00563792415964,0.0774110306141,1
asymmetric_p2p_tornado_16mib,sglb,186,24883392,0.00563792415964,0.0777225937954,0.00564770622703,0.0775047124818,1
asymmetric_p2p_tornado_16mib,sglb,188,24910784,0.00625496841738,0.0774110306141,0.00564770622703,0.0777225937954,1
asymmetric_p2p_tornado_16mib,sglb,190,24957696,0.00564770622703,0.0783854639807,0.00563792415964,0.0779007312863,1
asymmetric_p2p_tornado_16mib,sglb,192,24837440,0.00508050667468,0.0783244288245,0.00517445028484,0.0782712004906,1
asymmetric_p2p_tornado_16mib,sglb,194,25059136,0.00517445028484,0.0779007312863,0.00508050667468,0.0783244288245,1
asymmetric_p2p_tornado_16mib,sglb,196,24821440,0.00457439299811,0.0782712004906,0.00457439299811,0.0782712004906,1
asymmetric_p2p_tornado_16mib,sglb,198,24936128,0.00294784898923,0.0785096634266,0.0033015960523,0.0779007312863,1
asymmetric_p2p_tornado_16mib,sglb,200,25106304,0.0033015960523,0.0777765318405,0.00317516839222,0.0782712004906,1
asymmetric_p2p_tornado_16mib,sglb,202,25071424,0.00267581764788,0.0773024448129,0.00317516839222,0.0780923532885,1
asymmetric_p2p_tornado_16mib,sglb,204,24938240,0.00317516839222,0.0783258482467,0.0033015960523,0.0780923532885,1
asymmetric_p2p_tornado_16mib,sglb,206,24981504,0.00349206349206,0.0780923532885,0.00333855127583,0.0783258482467,1
asymmetric_p2p_tornado_16mib,sglb,208,24902400,0.00384909991979,0.0795607455941,0.00349206349206,0.0795607455941,1
asymmetric_p2p_tornado_16mib,sglb,210,24842688,0.00333855127583,0.0802165186682,0.00384909991979,0.0802165186682,1
asymmetric_p2p_tornado_16mib,sglb,212,24926272,0.00452454965029,0.0811391431232,0.00448075965495,0.0808644849201,1
asymmetric_p2p_tornado_16mib,sglb,214,25063936,0.00465014571767,0.0809091967206,0.00448075965495,0.0808644849201,1
asymmetric_p2p_tornado_16mib,sglb,216,25004800,0.00448075965495,0.0808644849201,0.00448075965495,0.0809091967206,1
asymmetric_p2p_tornado_16mib,sglb,218,24964608,0.00388326231547,0.0808644849201,0.00388326231547,0.0809091967206,1
asymmetric_p2p_tornado_16mib,sglb,220,24926784,0.00337036962991,0.08164445744,0.00337036962991,0.08164445744,1
asymmetric_p2p_tornado_16mib,sglb,222,25077056,0.00239070121446,0.0823399743368,0.00277176958866,0.0820582190225,1
asymmetric_p2p_tornado_16mib,sglb,224,25041600,0.00277176958866,0.0820582190225,0.00277176958866,0.0820582190225,1
asymmetric_p2p_tornado_16mib,sglb,226,25043264,0.00273818154644,0.0822001612464,0.00276825907544,0.0821178347565,1
asymmetric_p2p_tornado_16mib,sglb,228,24991424,0.00277641921229,0.0818481445313,0.00276825907544,0.0821178347565,1
asymmetric_p2p_tornado_16mib,sglb,230,25061888,0.00276825907544,0.0821178347565,0.00276825907544,0.0822001612464,1
asymmetric_p2p_tornado_16mib,sglb,232,24998208,0.00272390647373,0.082293133403,0.00277641921229,0.082293133403,1
asymmetric_p2p_tornado_16mib,sglb,234,25001472,0.00329718445336,0.0831518838572,0.00280246651118,0.0831518838572,1
asymmetric_p2p_tornado_16mib,sglb,236,24927936,0.00292089510992,0.0844031045603,0.00292089510992,0.0844031045603,1
asymmetric_p2p_tornado_16mib,sglb,238,25014656,0.00280246651118,0.0849609375,0.00329718445336,0.0847324105196,1
asymmetric_p2p_tornado_16mib,sglb,240,25121600,0.0033617099734,0.0847324105196,0.0033617099734,0.0848388671875,1
asymmetric_p2p_tornado_16mib,sglb,242,25043904,0.0040104684917,0.0851057185683,0.0038136602404,0.0849609375,1
asymmetric_p2p_tornado_16mib,sglb,244,25030208,0.00408450785075,0.0848388671875,0.0040104684917,0.0851057185683,1
asymmetric_p2p_tornado_16mib,sglb,246,25016320,0.0038136602404,0.0862519020258,0.00408450785075,0.0862519020258,1
asymmetric_p2p_tornado_16mib,sglb,248,24968256,0.00420576574008,0.0868658021439,0.0041438133951,0.0868658021439,1
asymmetric_p2p_tornado_16mib,sglb,250,24982080,0.00507387429511,0.0870382619459,0.00420576574008,0.0870382619459,1
asymmetric_p2p_tornado_16mib,sglb,252,24993216,0.0041438133951,0.0881113451581,0.00450530956048,0.0879615961119,1
asymmetric_p2p_tornado_16mib,sglb,254,24977984,0.00450530956048,0.0885201387627,0.00450530956048,0.0881113451581,1
asymmetric_p2p_tornado_16mib,sglb,256,25064576,0.00485968746636,0.0879615961119,0.00450530956048,0.0885201387627,1
asymmetric_p2p_tornado_16mib,sglb,258,25043136,0.00429290369234,0.0891702341479,0.00485968746636,0.0885201387627,1
asymmetric_p2p_tornado_16mib,sglb,260,25064704,0.00507156581521,0.0888891885447,0.00485968746636,0.0888891885447,1
asymmetric_p2p_tornado_16mib,sglb,262,25160192,0.00554161679739,0.0877763615098,0.00476159809402,0.0888891885447,1
asymmetric_p2p_tornado_16mib,sglb,264,25052736,0.00476159809402,0.0888998342115,0.00496877446902,0.0888891885447,1
asymmetric_p2p_tornado_16mib,sglb,266,25074368,0.00456667578405,0.0886592421421,0.00476159809402,0.0888998342115,1
asymmetric_p2p_tornado_16mib,sglb,268,25045504,0.00496877446902,0.0899012366007,0.00456667578405,0.0899012366007,1
asymmetric_p2p_tornado_16mib,sglb,270,25018304,0.00448369604009,0.0908373455669,0.00456667578405,0.0901851210483,1
asymmetric_p2p_tornado_16mib,sglb,272,25043008,0.00422625002596,0.0913731774618,0.00448369604009,0.0908373455669,1
asymmetric_p2p_tornado_16mib,sglb,274,25143808,0.00486381620149,0.0901851210483,0.00422625002596,0.0908373455669,1
asymmetric_p2p_tornado_16mib,sglb,276,25026112,0.00401542411616,0.0911056163699,0.00401542411616,0.0903164176054,1
asymmetric_p2p_tornado_16mib,sglb,278,25086720,0.00350301216248,0.0903164176054,0.00350301216248,0.0903164176054,1
asymmetric_p2p_tornado_16mib,sglb,280,25110336,0.00284048531304,0.0896336755087,0.00284048531304,0.0911056163699,1
asymmetric_p2p_tornado_16mib,sglb,282,24994368,0.00273126148567,0.0914767952852,0.00273126148567,0.0908210222111,1
asymmetric_p2p_tornado_16mib,sglb,284,24969792,0.00239991854628,0.0912880121275,0.00273126148567,0.0912880121275,1
asymmetric_p2p_tornado_16mib,sglb,286,25077120,0.00238278807496,0.0908210222111,0.00273126148567,0.0914767952852,1
asymmetric_p2p_tornado_16mib,sglb,288,25086400,0.00317431320945,0.0920296602471,0.00245570746355,0.0912880121275,1
asymmetric_p2p_tornado_16mib,sglb,290,25119936,0.00294140786518,0.0916428676871,0.00267504726766,0.091195749682,1
asymmetric_p2p_tornado_16mib,sglb,292,25101440,0.00245570746355,0.091195749682,0.00273212457984,0.091195749682,1
asymmetric_p2p_tornado_16mib,sglb,294,25176960,0.00267504726766,0.0907032101653,0.00273212457984,0.0907032101653,1
asymmetric_p2p_tornado_16mib,sglb,296,25066880,0.00273212457984,0.0906868868096,0.00273212457984,0.0907032101653,1
asymmetric_p2p_tornado_16mib,sglb,298,25065472,0.00294517810328,0.0906450138536,0.00280384309963,0.0906868868096,1
asymmetric_p2p_tornado_16mib,sglb,300,25165376,0.0028709808109,0.0907394054324,0.00280384309963,0.0906450138536,1
asymmetric_p2p_tornado_16mib,sglb,302,25166080,0.00280384309963,0.0905612679415,0.00280384309963,0.0905612679415,1
asymmetric_p2p_tornado_16mib,sglb,304,25089728,0.0025829450211,0.0901396995367,0.00270779820863,0.0905612679415,1
asymmetric_p2p_tornado_16mib,sglb,306,25175232,0.00270779820863,0.0901304732922,0.0025829450211,0.0905612679415,1
asymmetric_p2p_tornado_16mib,sglb,308,25103808,0.00211418239814,0.0907834075218,0.00249285915755,0.0901396995367,1
asymmetric_p2p_tornado_16mib,sglb,310,25160320,0.00249285915755,0.0907351471657,0.00211418239814,0.0904200354288,1
asymmetric_p2p_tornado_16mib,sglb,312,25204416,0.00208491041061,0.0895832860193,0.00208491041061,0.0904200354288,1
asymmetric_p2p_tornado_16mib,sglb,314,25154432,0.00196754820365,0.0904200354288,0.00208491041061,0.0904200354288,1
asymmetric_p2p_tornado_16mib,sglb,316,25172352,0.00116808922462,0.0902340911156,0.00208491041061,0.0904200354288,1
asymmetric_p2p_tornado_16mib,sglb,318,25012288,0.00253849425324,0.0910126442133,0.00196754820365,0.0910126442133,1
asymmetric_p2p_tornado_16mib,sglb,320,25012800,0.00245526181574,0.0916485453761,0.00208921246637,0.0916485453761,1
asymmetric_p2p_tornado_16mib,sglb,322,25061632,0.00175089285129,0.091939526935,0.00208921246637,0.0918848791788,1
asymmetric_p2p_tornado_16mib,sglb,324,25112448,0.00208921246637,0.0918848791788,0.00189095493224,0.091939526935,1
asymmetric_p2p_tornado_16mib,sglb,326,25030720,0.00189095493224,0.0926698196766,0.00186391927634,0.0922503804052,1
asymmetric_p2p_tornado_16mib,sglb,328,25081984,0.00186391927634,0.0930495151254,0.00189095493224,0.0926698196766,1
asymmetric_p2p_tornado_16mib,sglb,330,25141440,0.000996620756435,0.0922503804052,0.00189095493224,0.0926698196766,1
asymmetric_p2p_tornado_16mib,sglb,332,25075840,0.00233577043731,0.0930928075036,0.00226085401336,0.0926300758539,1
asymmetric_p2p_tornado_16mib,sglb,334,25094400,0.00254089434236,0.0926300758539,0.00233577043731,0.0922503804052,1
asymmetric_p2p_tornado_16mib,sglb,336,25203520,0.00226085401336,0.0913334336392,0.00245680965613,0.0914682787518,1
asymmetric_p2p_tornado_16mib,sglb,338,25181440,0.00245680965613,0.0912390420603,0.00245680965613,0.0913334336392,1
asymmetric_p2p_tornado_16mib,sglb,340,25045120,0.00290363548959,0.0914682787518,0.00226085401336,0.0913334336392,1
asymmetric_p2p_tornado_16mib,sglb,342,25141376,0.00166924372938,0.0907819880996,0.00221786311969,0.0914682787518,1
asymmetric_p2p_tornado_16mib,sglb,344,25109312,0.00211384906232,0.0917450660883,0.00221786311969,0.0914682787518,1
asymmetric_p2p_tornado_16mib,sglb,346,25080896,0.00221786311969,0.0918472644895,0.00211384906232,0.0915598314862,1
asymmetric_p2p_tornado_16mib,sglb,348,25166080,0.00225054827333,0.0911077455033,0.00211384906232,0.0917450660883,1
asymmetric_p2p_tornado_16mib,sglb,350,25137536,0.00183700121367,0.0915598314862,0.00221786311969,0.0915598314862,1
asymmetric_p2p_tornado_16mib,sglb,352,25095040,0.00203798264995,0.0919423657794,0.00203798264995,0.0911077455033,1
asymmetric_p2p_tornado_16mib,sglb,354,25153728,0.00258131591671,0.0905917855196,0.00203798264995,0.0905917855196,1
asymmetric_p2p_tornado_16mib,sglb,356,24815168,0.00144402408029,0.0548038926235,0.00258131591671,0.0548038926235,1
asymmetric_p2p_tornado_16mib,sglb,358,17459712,0.00277693669367,0.0256205714026,0.00277693669367,0.0256205714026,1
asymmetric_p2p_tornado_16mib,sglb,360,7258240,0.00333640485586,0.0245361328125,0.00333640485586,0.0256205714026,1
asymmetric_p2p_tornado_16mib,sglb,362,6222976,0.00339918429244,0.0255226312682,0.00339918429244,0.0256205714026,1
asymmetric_p2p_tornado_16mib,sglb,364,6100800,0.00397849247415,0.0260194290516,0.00380758758714,0.0255226312682,1
asymmetric_p2p_tornado_16mib,sglb,366,6068224,0.00380758758714,0.0260641408521,0.00397849247415,0.0255226312682,1
asymmetric_p2p_tornado_16mib,sglb,368,6082944,0.00445729058986,0.0251415163972,0.00415069137795,0.0251415163972,1
asymmetric_p2p_tornado_16mib,sglb,370,6076992,0.00438613986583,0.0236198957576,0.00438613986583,0.0236198957576,1
asymmetric_p2p_tornado_16mib,sglb,372,6040832,0.00415069137795,0.0209897063499,0.00438613986583,0.0209897063499,1
asymmetric_p2p_tornado_16mib,sglb,374,5894400,0.00484570000001,0.0149926473928,0.00415069137795,0.0149926473928,1
asymmetric_p2p_tornado_16mib,sglb,376,5081792,0.00358755757124,0.00899558843568,0.00415069137795,0.00899558843568,1
asymmetric_p2p_tornado_16mib,sglb,378,3751296,0.00385686354119,0.00433633493823,0.00484570000001,0.00433633493823,1
asymmetric_p2p_tornado_16mib,sglb,380,2381888,0.00658733058122,0.00253721725109,0.00658733058122,0.00253721725109,1
asymmetric_p2p_tornado_16mib,sglb,382,1543488,0.0137565036222,0.00124554301417,0.0137565036222,0.00124554301417,1
asymmetric_p2p_tornado_16mib,sglb,384,959680,0.0216277747555,0.000369759493096,0.0213345759896,0.000369759493096,1
asymmetric_p2p_tornado_16mib,sglb,386,444032,0.0213345759896,0.00013910337936,0.0216277747555,0.00013910337936,1
asymmetric_p2p_tornado_16mib,sglb,388,127168,0.0288544019041,0,0.0288544019041,0,1
asymmetric_p2p_tornado_16mib,sglb,390,7168,0.0331725588079,0,0.0331725588079,0,1
asymmetric_p2p_tornado_16mib,sglb,392,2176,0.036148904948,0,0.036148904948,0,1
asymmetric_p2p_tornado_16mib,sglb,394,0,0.0424897815823,0,0.0424897815823,0,0
asymmetric_p2p_tornado_16mib,sglb,396,0,0.04935879939,0,0.04935879939,0,0
asymmetric_p2p_tornado_16mib,sglb,398,0,0.0567475549451,0,0.0567475549451,0,0
asymmetric_p2p_tornado_16mib,sglb,400,0,0.0729657030789,0,0.0729657030789,0,0
asymmetric_p2p_tornado_16mib,sglb,402,0,0.103875477676,0,0.103875477676,0,0
asymmetric_p2p_tornado_16mib,sglb,404,0,0.155206876379,0,0.155206876379,0,0
asymmetric_p2p_tornado_16mib,sglb,406,0,0.23511467311,0,0.23511467311,0,0
asymmetric_p2p_tornado_16mib,sglb,408,0,0.362655862184,0,0.362655862184,0,0
asymmetric_p2p_tornado_16mib,sglb,410,0,0.399332247495,0,0.399332247495,0,0
asymmetric_p2p_tornado_16mib,sglb,412,0,0.523137894846,0,0.399332247495,0,0
asymmetric_p2p_tornado_16mib,sglb,414,0,1.10554159679,0,0.399332247495,0,0
asymmetric_p2p_tornado_16mib,sglb,416,0,0,0,0,0,0
asymmetric_p2p_tornado_16mib,sglb,418,0,0,0,0,0,0
asymmetric_p2p_tornado_16mib,sglb,420,0,0,0,0,0,0
asymmetric_p2p_tornado_16mib,sglb,422,0,0,0,0,0,0
asymmetric_p2p_tornado_16mib,sglb,424,0,0,0,0,0,0
asymmetric_p2p_tornado_16mib,sglb,426,0,0,0,0,0,0
asymmetric_p2p_tornado_16mib,sglb,428,0,0,0,0,0,0
asymmetric_p2p_tornado_16mib,sglb,430,0,0,0,0,0,0
asymmetric_p2p_tornado_16mib,sglb,432,0,0,0,0,0,0
asymmetric_p2p_tornado_16mib,sglb,434,0,0,0,0,0,0
asymmetric_p2p_tornado_16mib,sglb,436,0,0,0,0,0,0
asymmetric_p2p_tornado_16mib,sglb,438,0,0,0,0,0,0
asymmetric_p2p_tornado_16mib,sglb,440,0,0,0,0,0,0
asymmetric_p2p_tornado_16mib,sglb,442,0,0,0,0,0,0
asymmetric_p2p_tornado_16mib,sglb,444,0,0,0,0,0,0
asymmetric_p2p_tornado_16mib,sglb,446,0,0,0,0,0,0
asymmetric_p2p_tornado_16mib,sglb,448,0,0,0,0,0,0
asymmetric_p2p_tornado_16mib,sglb,450,0,0,0,0,0,0
asymmetric_p2p_tornado_16mib,sglb,452,0,0,0,0,0,0
asymmetric_p2p_tornado_16mib,sglb,454,0,0,0,0,0,0
asymmetric_p2p_tornado_16mib,sglb,456,0,0,0,0,0,0
asymmetric_p2p_tornado_16mib,sglb,458,0,0,0,0,0,0
asymmetric_p2p_tornado_16mib,sglb,460,0,0,0,0,0,0
asymmetric_p2p_tornado_16mib,sglb,462,0,0,0,0,0,0
asymmetric_p2p_tornado_16mib,sglb,464,0,0,0,0,0,0
asymmetric_p2p_tornado_16mib,sglb,466,0,0,0,0,0,0
asymmetric_p2p_tornado_16mib,sglb,468,0,0,0,0,0,0
asymmetric_p2p_tornado_16mib,sglb,470,0,0,0,0,0,0
asymmetric_p2p_tornado_16mib,sglb,472,0,0,0,0,0,0
asymmetric_p2p_tornado_16mib,sglb,474,0,0,0,0,0,0
asymmetric_p2p_tornado_16mib,sglb,476,0,0,0,0,0,0
asymmetric_p2p_tornado_16mib,sglb,478,0,0,0,0,0,0
asymmetric_p2p_tornado_16mib,sglb,480,0,0,0,0,0,0
asymmetric_p2p_tornado_16mib,sglb,482,0,0,0,0,0,0
asymmetric_p2p_tornado_16mib,sglb,484,0,0,0,0,0,0
asymmetric_p2p_tornado_16mib,sglb,486,0,0,0,0,0,0
asymmetric_p2p_tornado_16mib,sglb,488,0,0,0,0,0,0
asymmetric_p2p_tornado_16mib,sglb,490,0,0,0,0,0,0
asymmetric_p2p_tornado_16mib,sglb,492,0,0,0,0,0,0
asymmetric_p2p_tornado_16mib,sglb,494,0,0,0,0,0,0
asymmetric_p2p_tornado_16mib,sglb,496,0,0,0,0,0,0
asymmetric_p2p_tornado_16mib,sglb,498,0,0,0,0,0,0
asymmetric_p2p_tornado_16mib,sglb,500,0,0,0,0,0,0
asymmetric_p2p_tornado_16mib,sglb,502,0,0,0,0,0,0
asymmetric_p2p_tornado_16mib,sglb,504,0,0,0,0,0,0
asymmetric_p2p_tornado_16mib,sglb,506,0,0,0,0,0,0
asymmetric_p2p_tornado_16mib,sglb,508,0,0,0,0,0,0
asymmetric_p2p_tornado_16mib,sglb,510,0,0,0,0,0,0
asymmetric_p2p_tornado_16mib,sglb,512,0,0,0,0,0,0
asymmetric_p2p_tornado_16mib,sglb,514,0,0,0,0,0,0
asymmetric_p2p_tornado_16mib,sglb,516,0,0,0,0,0,0
asymmetric_p2p_tornado_16mib,sglb,518,0,0,0,0,0,0
asymmetric_p2p_tornado_16mib,sglb,520,0,0,0,0,0,0
asymmetric_p2p_tornado_16mib,sglb,522,0,0,0,0,0,0
asymmetric_p2p_tornado_16mib,sglb,524,0,0,0,0,0,0
asymmetric_p2p_tornado_16mib,sglb,526,0,0,0,0,0,0
asymmetric_p2p_tornado_16mib,sglb,528,0,0,0,0,0,0
asymmetric_p2p_tornado_16mib,sglb,530,0,0,0,0,0,0
asymmetric_p2p_tornado_16mib,sglb,532,0,0,0,0,0,0
asymmetric_p2p_tornado_16mib,sglb,534,0,0,0,0,0,0
asymmetric_p2p_tornado_16mib,sglb,536,0,0,0,0,0,0
asymmetric_p2p_tornado_16mib,sglb,538,0,0,0,0,0,0
asymmetric_p2p_tornado_16mib,sglb,540,0,0,0,0,0,0
asymmetric_p2p_tornado_16mib,sglb,542,0,0,0,0,0,0
asymmetric_p2p_tornado_16mib,sglb,544,0,0,0,0,0,0
asymmetric_p2p_tornado_16mib,sglb,546,0,0,0,0,0,0
asymmetric_p2p_tornado_16mib,sglb,548,0,0,0,0,0,0
asymmetric_p2p_tornado_16mib,sglb,550,0,0,0,0,0,0
asymmetric_p2p_tornado_16mib,sglb,552,0,0,0,0,0,0
asymmetric_p2p_tornado_16mib,sglb,554,0,0,0,0,0,0
asymmetric_p2p_tornado_16mib,sglb,556,0,0,0,0,0,0
asymmetric_p2p_tornado_16mib,sglb,558,0,0,0,0,0,0
asymmetric_p2p_tornado_16mib,sglb,560,0,0,0,0,0,0
asymmetric_p2p_tornado_16mib,sglb,562,0,0,0,0,0,0
asymmetric_p2p_tornado_16mib,sglb,564,0,0,0,0,0,0
asymmetric_p2p_tornado_16mib,sglb,566,0,0,0,0,0,0
asymmetric_p2p_tornado_16mib,sglb,568,0,0,0,0,0,0
asymmetric_p2p_tornado_16mib,sglb,570,0,0,0,0,0,0
asymmetric_p2p_tornado_16mib,sglb,572,0,0,0,0,0,0
asymmetric_p2p_tornado_16mib,sglb,574,0,0,0,0,0,0
asymmetric_p2p_tornado_16mib,sglb,576,0,0,0,0,0,0
asymmetric_p2p_tornado_16mib,sglb,578,0,0,0,0,0,0
asymmetric_p2p_tornado_16mib,sglb,580,0,0,0,0,0,0
asymmetric_p2p_tornado_16mib,sglb,582,0,0,0,0,0,0
asymmetric_p2p_tornado_16mib,sglb,584,0,0,0,0,0,0
asymmetric_p2p_tornado_16mib,sglb,586,0,0,0,0,0,0
asymmetric_p2p_tornado_16mib,sglb,588,0,0,0,0,0,0
asymmetric_p2p_tornado_16mib,sglb,590,0,0,0,0,0,0
asymmetric_p2p_tornado_16mib,sglb,592,0,0,0,0,0,0
asymmetric_p2p_tornado_16mib,sglb,594,0,0,0,0,0,0
asymmetric_p2p_tornado_16mib,sglb,596,0,0,0,0,0,0
asymmetric_p2p_tornado_16mib,sglb,598,0,0,0,0,0,0
asymmetric_p2p_tornado_16mib,sglb,600,0,0,0,0,0,0
asymmetric_p2p_tornado_16mib,sglb,602,0,0,0,0,0,0
asymmetric_p2p_tornado_16mib,sglb,604,0,0,0,0,0,0
asymmetric_p2p_tornado_16mib,sglb,606,0,0,0,0,0,0
asymmetric_p2p_tornado_16mib,sglb,608,0,0,0,0,0,0
asymmetric_p2p_tornado_16mib,sglb,610,0,0,0,0,0,0
asymmetric_p2p_tornado_16mib,sglb,612,0,0,0,0,0,0
asymmetric_p2p_tornado_16mib,sglb,614,0,0,0,0,0,0
asymmetric_p2p_tornado_16mib,sglb,616,0,0,0,0,0,0
asymmetric_p2p_tornado_16mib,sglb,618,0,0,0,0,0,0
asymmetric_p2p_tornado_16mib,sglb,620,0,0,0,0,0,0
asymmetric_p2p_tornado_16mib,sglb,622,0,0,0,0,0,0
asymmetric_p2p_tornado_16mib,sglb,624,0,0,0,0,0,0
asymmetric_p2p_tornado_16mib,sglb,626,0,0,0,0,0,0
asymmetric_p2p_tornado_16mib,sglb,628,0,0,0,0,0,0
asymmetric_p2p_tornado_16mib,sglb,630,0,0,0,0,0,0
asymmetric_p2p_tornado_16mib,sglb,632,0,0,0,0,0,0
asymmetric_p2p_tornado_16mib,sglb,634,0,0,0,0,0,0
asymmetric_p2p_tornado_16mib,sglb,636,0,0,0,0,0,0
asymmetric_p2p_tornado_16mib,sglb,638,0,0,0,0,0,0
asymmetric_p2p_tornado_16mib,sglb,640,0,0,0,0,0,0
asymmetric_p2p_tornado_16mib,sglb,642,0,0,0,0,0,0
asymmetric_p2p_tornado_16mib,sglb,644,0,0,0,0,0,0
asymmetric_p2p_tornado_16mib,sglb,646,0,0,0,0,0,0
asymmetric_p2p_tornado_16mib,sglb,648,0,0,0,0,0,0
asymmetric_p2p_tornado_16mib,sglb,650,0,0,0,0,0,0
asymmetric_p2p_tornado_16mib,sglb,652,0,0,0,0,0,0
asymmetric_p2p_tornado_16mib,sglb,654,0,0,0,0,0,0
asymmetric_p2p_tornado_16mib,sglb,656,0,0,0,0,0,0
asymmetric_p2p_tornado_16mib,sglb,658,0,0,0,0,0,0
asymmetric_p2p_tornado_16mib,sglb,660,0,0,0,0,0,0
asymmetric_p2p_tornado_16mib,sglb,662,0,0,0,0,0,0
asymmetric_p2p_tornado_16mib,sglb,664,0,0,0,0,0,0
asymmetric_p2p_tornado_16mib,sglb,666,0,0,0,0,0,0
asymmetric_p2p_tornado_16mib,sglb,668,0,0,0,0,0,0
asymmetric_p2p_tornado_16mib,sglb,670,0,0,0,0,0,0
asymmetric_p2p_tornado_16mib,sglb,672,0,0,0,0,0,0
asymmetric_p2p_tornado_16mib,sglb,674,0,0,0,0,0,0
asymmetric_p2p_tornado_16mib,sglb,676,0,0,0,0,0,0
asymmetric_p2p_tornado_16mib,sglb,678,0,0,0,0,0,0
asymmetric_p2p_tornado_16mib,sglb,680,0,0,0,0,0,0
asymmetric_p2p_tornado_16mib,sglb,682,0,0,0,0,0,0
asymmetric_p2p_tornado_16mib,sglb,684,0,0,0,0,0,0
asymmetric_p2p_tornado_16mib,sglb,686,0,0,0,0,0,0
asymmetric_p2p_tornado_16mib,sglb,688,0,0,0,0,0,0
asymmetric_p2p_tornado_16mib,sglb,690,0,0,0,0,0,0
asymmetric_p2p_tornado_16mib,sglb,692,0,0,0,0,0,0
asymmetric_p2p_tornado_16mib,sglb,694,0,0,0,0,0,0
asymmetric_p2p_tornado_16mib,sglb,696,0,0,0,0,0,0
asymmetric_p2p_tornado_16mib,sglb,698,0,0,0,0,0,0
asymmetric_p2p_tornado_16mib,sglb,700,0,0,0,0,0,0
asymmetric_p2p_tornado_16mib,sglb,702,0,0,0,0,0,0
asymmetric_p2p_tornado_16mib,sglb,704,0,0,0,0,0,0
asymmetric_p2p_tornado_16mib,sglb,706,0,0,0,0,0,0
asymmetric_p2p_tornado_16mib,sglb,708,0,0,0,0,0,0
asymmetric_p2p_tornado_16mib,sglb,710,0,0,0,0,0,0
asymmetric_p2p_tornado_16mib,sglb,712,0,0,0,0,0,0
asymmetric_p2p_tornado_16mib,sglb,714,0,0,0,0,0,0
asymmetric_p2p_tornado_16mib,sglb,716,0,0,0,0,0,0
asymmetric_p2p_tornado_16mib,sglb,718,0,0,0,0,0,0
asymmetric_p2p_tornado_16mib,sglb,720,0,0,0,0,0,0
asymmetric_p2p_tornado_16mib,sglb,722,0,0,0,0,0,0
asymmetric_p2p_tornado_16mib,sglb,724,0,0,0,0,0,0
asymmetric_p2p_tornado_16mib,sglb,726,0,0,0,0,0,0
asymmetric_p2p_tornado_16mib,sglb,728,0,0,0,0,0,0
asymmetric_p2p_tornado_16mib,sglb,730,0,0,0,0,0,0
asymmetric_p2p_tornado_16mib,sglb,732,0,0,0,0,0,0
asymmetric_p2p_tornado_16mib,sglb,734,0,0,0,0,0,0
asymmetric_p2p_tornado_16mib,sglb,736,0,0,0,0,0,0
asymmetric_p2p_tornado_16mib,sglb,738,0,0,0,0,0,0
asymmetric_p2p_tornado_16mib,sglb,740,0,0,0,0,0,0
asymmetric_p2p_tornado_16mib,sglb,742,0,0,0,0,0,0
asymmetric_p2p_tornado_16mib,sglb,744,0,0,0,0,0,0
asymmetric_p2p_tornado_16mib,sglb,746,0,0,0,0,0,0
asymmetric_p2p_tornado_16mib,sglb,748,0,0,0,0,0,0
asymmetric_p2p_tornado_16mib,sglb,750,0,0,0,0,0,0
asymmetric_p2p_tornado_16mib,sglb,752,0,0,0,0,0,0
asymmetric_p2p_tornado_16mib,sglb,754,0,0,0,0,0,0
asymmetric_p2p_tornado_16mib,sglb,756,0,0,0,0,0,0
asymmetric_p2p_tornado_16mib,sglb,758,0,0,0,0,0,0
asymmetric_p2p_tornado_16mib,sglb,760,0,0,0,0,0,0
asymmetric_p2p_tornado_16mib,sglb,762,0,0,0,0,0,0
asymmetric_p2p_tornado_16mib,sglb,764,0,0,0,0,0,0
asymmetric_p2p_tornado_16mib,sglb,766,0,0,0,0,0,0
asymmetric_p2p_tornado_16mib,sglb,768,0,0,0,0,0,0
asymmetric_p2p_tornado_16mib,sglb,770,0,0,0,0,0,0
asymmetric_p2p_tornado_16mib,sglb,772,0,0,0,0,0,0
asymmetric_p2p_tornado_16mib,sglb,774,0,0,0,0,0,0
asymmetric_p2p_tornado_16mib,sglb,776,0,0,0,0,0,0
asymmetric_p2p_tornado_16mib,sglb,778,0,0,0,0,0,0
asymmetric_p2p_tornado_16mib,sglb,780,0,0,0,0,0,0
asymmetric_p2p_tornado_16mib,sglb,782,0,0,0,0,0,0
asymmetric_p2p_tornado_16mib,sglb,784,0,0,0,0,0,0
asymmetric_p2p_tornado_16mib,sglb,786,0,0,0,0,0,0
asymmetric_p2p_tornado_16mib,sglb,788,0,0,0,0,0,0
asymmetric_p2p_tornado_16mib,sglb,790,0,0,0,0,0,0
asymmetric_p2p_tornado_16mib,sglb,792,0,0,0,0,0,0
asymmetric_p2p_tornado_16mib,sglb,794,0,0,0,0,0,0
asymmetric_p2p_tornado_16mib,sglb,796,0,0,0,0,0,0
asymmetric_p2p_tornado_16mib,sglb,798,0,0,0,0,0,0
asymmetric_p2p_tornado_16mib,sglb,800,0,0,0,0,0,0
asymmetric_p2p_tornado_16mib,sglb,802,0,0,0,0,0,0
asymmetric_p2p_tornado_16mib,sglb,804,0,0,0,0,0,0
asymmetric_p2p_tornado_16mib,sglb,806,0,0,0,0,0,0
asymmetric_p2p_tornado_16mib,sglb,808,0,0,0,0,0,0
asymmetric_p2p_tornado_16mib,sglb,810,0,0,0,0,0,0
asymmetric_p2p_tornado_16mib,sglb,812,0,0,0,0,0,0
asymmetric_p2p_tornado_16mib,sglb,814,0,0,0,0,0,0
asymmetric_p2p_tornado_16mib,sglb,816,0,0,0,0,0,0
asymmetric_p2p_tornado_16mib,sglb,818,0,0,0,0,0,0
asymmetric_p2p_tornado_16mib,sglb,820,0,0,0,0,0,0
asymmetric_p2p_tornado_16mib,sglb,822,0,0,0,0,0,0
asymmetric_p2p_tornado_16mib,sglb,824,0,0,0,0,0,0
asymmetric_p2p_tornado_16mib,sglb,826,0,0,0,0,0,0
asymmetric_p2p_tornado_16mib,sglb,828,0,0,0,0,0,0
asymmetric_p2p_tornado_16mib,sglb,830,0,0,0,0,0,0
asymmetric_p2p_tornado_16mib,sglb,832,0,0,0,0,0,0
asymmetric_p2p_tornado_16mib,sglb,834,0,0,0,0,0,0
asymmetric_p2p_tornado_16mib,sglb,836,0,0,0,0,0,0
asymmetric_p2p_tornado_16mib,sglb,838,0,0,0,0,0,0
asymmetric_p2p_tornado_16mib,sglb,840,0,0,0,0,0,0
asymmetric_p2p_tornado_16mib,sglb,842,0,0,0,0,0,0
asymmetric_p2p_tornado_16mib,sglb,844,0,0,0,0,0,0
asymmetric_p2p_tornado_16mib,sglb,846,0,0,0,0,0,0
asymmetric_p2p_tornado_16mib,sglb,848,0,0,0,0,0,0
asymmetric_p2p_tornado_16mib,sglb,850,0,0,0,0,0,0
asymmetric_p2p_tornado_16mib,sglb,852,0,0,0,0,0,0
asymmetric_p2p_tornado_16mib,sglb,854,0,0,0,0,0,0
asymmetric_p2p_tornado_16mib,sglb,856,0,0,0,0,0,0
asymmetric_p2p_tornado_16mib,sglb,858,0,0,0,0,0,0
asymmetric_p2p_tornado_16mib,sglb,860,0,0,0,0,0,0
asymmetric_p2p_tornado_16mib,sglb,862,0,0,0,0,0,0
asymmetric_p2p_tornado_16mib,sglb,864,0,0,0,0,0,0
asymmetric_p2p_tornado_16mib,sglb,866,0,0,0,0,0,0
asymmetric_p2p_tornado_16mib,sglb,868,0,0,0,0,0,0
asymmetric_p2p_tornado_16mib,sglb,870,0,0,0,0,0,0
asymmetric_p2p_tornado_16mib,sglb,872,0,0,0,0,0,0
asymmetric_p2p_tornado_16mib,sglb,874,0,0,0,0,0,0
asymmetric_p2p_tornado_16mib,sglb,876,0,0,0,0,0,0
asymmetric_p2p_tornado_16mib,sglb,878,0,0,0,0,0,0
asymmetric_p2p_tornado_16mib,sglb,880,0,0,0,0,0,0
asymmetric_p2p_tornado_16mib,sglb,882,0,0,0,0,0,0
asymmetric_p2p_tornado_16mib,sglb,884,0,0,0,0,0,0
asymmetric_p2p_tornado_16mib,sglb,886,0,0,0,0,0,0
asymmetric_p2p_tornado_16mib,sglb,888,0,0,0,0,0,0
asymmetric_p2p_tornado_16mib,sglb,890,0,0,0,0,0,0
asymmetric_p2p_tornado_16mib,sglb,892,0,0,0,0,0,0
asymmetric_p2p_tornado_16mib,sglb,894,0,0,0,0,0,0
asymmetric_p2p_tornado_16mib,sglb,896,0,0,0,0,0,0
asymmetric_p2p_tornado_16mib,sglb,898,0,0,0,0,0,0
asymmetric_p2p_tornado_16mib,sglb,900,0,0,0,0,0,0
asymmetric_p2p_tornado_16mib,sglb,902,0,0,0,0,0,0
asymmetric_p2p_tornado_16mib,sglb,904,0,0,0,0,0,0
asymmetric_p2p_tornado_16mib,sglb,906,0,0,0,0,0,0
asymmetric_p2p_tornado_16mib,sglb,908,0,0,0,0,0,0
asymmetric_p2p_tornado_16mib,sglb,910,0,0,0,0,0,0
asymmetric_p2p_tornado_16mib,sglb,912,0,0,0,0,0,0
asymmetric_p2p_tornado_16mib,sglb,914,0,0,0,0,0,0
asymmetric_p2p_tornado_16mib,sglb,916,0,0,0,0,0,0
asymmetric_p2p_tornado_16mib,sglb,918,0,0,0,0,0,0
asymmetric_p2p_tornado_16mib,sglb,920,0,0,0,0,0,0
asymmetric_p2p_tornado_16mib,sglb,922,0,0,0,0,0,0
asymmetric_p2p_tornado_16mib,sglb,924,0,0,0,0,0,0
asymmetric_p2p_tornado_16mib,sglb,926,0,0,0,0,0,0
asymmetric_p2p_tornado_16mib,sglb,928,0,0,0,0,0,0
asymmetric_p2p_tornado_16mib,sglb,930,0,0,0,0,0,0
asymmetric_p2p_tornado_16mib,sglb,932,0,0,0,0,0,0
asymmetric_p2p_tornado_16mib,sglb,934,0,0,0,0,0,0
asymmetric_p2p_tornado_16mib,sglb,936,0,0,0,0,0,0
asymmetric_p2p_tornado_16mib,sglb,938,0,0,0,0,0,0
asymmetric_p2p_tornado_16mib,sglb,940,0,0,0,0,0,0
asymmetric_p2p_tornado_16mib,sglb,942,0,0,0,0,0,0
asymmetric_p2p_tornado_16mib,sglb,944,0,0,0,0,0,0
asymmetric_p2p_tornado_16mib,sglb,946,0,0,0,0,0,0
asymmetric_p2p_tornado_16mib,sglb,948,0,0,0,0,0,0
asymmetric_p2p_tornado_16mib,sglb,950,0,0,0,0,0,0
asymmetric_p2p_tornado_16mib,sglb,952,0,0,0,0,0,0
asymmetric_p2p_tornado_16mib,sglb,954,0,0,0,0,0,0
asymmetric_p2p_tornado_16mib,sglb,956,0,0,0,0,0,0
asymmetric_p2p_tornado_16mib,sglb,958,0,0,0,0,0,0
asymmetric_p2p_tornado_16mib,sglb,960,0,0,0,0,0,0
asymmetric_p2p_tornado_16mib,sglb,962,0,0,0,0,0,0
asymmetric_p2p_tornado_16mib,sglb,964,0,0,0,0,0,0
asymmetric_p2p_tornado_16mib,sglb,966,0,0,0,0,0,0
asymmetric_p2p_tornado_16mib,sglb,968,0,0,0,0,0,0
asymmetric_p2p_tornado_16mib,sglb,970,0,0,0,0,0,0
asymmetric_p2p_tornado_16mib,sglb,972,0,0,0,0,0,0
asymmetric_p2p_tornado_16mib,sglb,974,0,0,0,0,0,0
asymmetric_p2p_tornado_16mib,sglb,976,0,0,0,0,0,0
asymmetric_p2p_tornado_16mib,sglb,978,0,0,0,0,0,0
asymmetric_p2p_tornado_16mib,sglb,980,0,0,0,0,0,0
asymmetric_p2p_tornado_16mib,sglb,982,0,0,0,0,0,0
asymmetric_p2p_tornado_16mib,sglb,984,0,0,0,0,0,0
asymmetric_p2p_tornado_16mib,sglb,986,0,0,0,0,0,0
asymmetric_p2p_tornado_16mib,sglb,988,0,0,0,0,0,0
asymmetric_p2p_tornado_16mib,sglb,990,0,0,0,0,0,0
asymmetric_p2p_tornado_16mib,sglb,992,0,0,0,0,0,0
asymmetric_p2p_tornado_16mib,sglb,994,0,0,0,0,0,0
asymmetric_p2p_tornado_16mib,sglb,996,0,0,0,0,0,0
asymmetric_p2p_tornado_16mib,sglb,998,0,0,0,0,0,0
asymmetric_p2p_tornado_16mib,sglb,1000,0,0,0,0,0,0
asymmetric_p2p_tornado_16mib,sglb,1002,0,0,0,0,0,0
asymmetric_p2p_tornado_16mib,sglb,1004,0,0,0,0,0,0
asymmetric_p2p_tornado_16mib,sglb,1006,0,0,0,0,0,0
asymmetric_p2p_tornado_16mib,sglb,1008,0,0,0,0,0,0
asymmetric_p2p_tornado_16mib,sglb,1010,0,0,0,0,0,0
asymmetric_p2p_tornado_16mib,sglb,1012,0,0,0,0,0,0
asymmetric_p2p_tornado_16mib,sglb,1014,0,0,0,0,0,0
asymmetric_p2p_tornado_16mib,sglb,1016,0,0,0,0,0,0
asymmetric_p2p_tornado_16mib,sglb,1018,0,0,0,0,0,0
asymmetric_p2p_tornado_16mib,sglb,1020,0,0,0,0,0,0
asymmetric_p2p_tornado_16mib,sglb,1022,0,0,0,0,0,0
asymmetric_p2p_tornado_16mib,sglb,1024,0,0,0,0,0,0
asymmetric_p2p_tornado_16mib,sglb,1026,0,0,0,0,0,0
asymmetric_p2p_tornado_16mib,sglb,1028,0,0,0,0,0,0
asymmetric_p2p_tornado_16mib,sglb,1030,0,0,0,0,0,0
asymmetric_p2p_tornado_16mib,sglb,1032,0,0,0,0,0,0
asymmetric_p2p_tornado_16mib,sglb,1034,0,0,0,0,0,0
asymmetric_p2p_tornado_16mib,sglb,1036,0,0,0,0,0,0
asymmetric_p2p_tornado_16mib,sglb,1038,0,0,0,0,0,0
asymmetric_p2p_tornado_16mib,sglb,1040,0,0,0,0,0,0
asymmetric_p2p_tornado_16mib,sglb,1042,0,0,0,0,0,0
asymmetric_p2p_tornado_16mib,sglb,1044,0,0,0,0,0,0
asymmetric_p2p_tornado_16mib,sglb,1046,0,0,0,0,0,0
asymmetric_p2p_tornado_16mib,sglb,1048,0,0,0,0,0,0
asymmetric_p2p_tornado_16mib,sglb,1050,0,0,0,0,0,0
asymmetric_p2p_tornado_16mib,sglb,1052,0,0,0,0,0,0
asymmetric_p2p_tornado_16mib,sglb,1054,0,0,0,0,0,0
asymmetric_p2p_tornado_16mib,sglb,1056,0,0,0,0,0,0
asymmetric_p2p_tornado_16mib,sglb,1058,0,0,0,0,0,0
asymmetric_p2p_tornado_16mib,sglb,1060,0,0,0,0,0,0
asymmetric_p2p_tornado_16mib,sglb,1062,0,0,0,0,0,0
asymmetric_p2p_tornado_16mib,sglb,1064,0,0,0,0,0,0
asymmetric_p2p_tornado_16mib,sglb,1066,0,0,0,0,0,0
asymmetric_p2p_tornado_16mib,sglb,1068,0,0,0,0,0,0
asymmetric_p2p_tornado_16mib,sglb,1070,0,0,0,0,0,0
asymmetric_p2p_tornado_16mib,sglb,1072,0,0,0,0,0,0
asymmetric_p2p_tornado_16mib,sglb,1074,0,0,0,0,0,0
asymmetric_p2p_tornado_16mib,sglb,1076,0,0,0,0,0,0
asymmetric_p2p_tornado_16mib,sglb,1078,0,0,0,0,0,0
asymmetric_p2p_tornado_16mib,sglb,1080,0,0,0,0,0,0
asymmetric_p2p_tornado_16mib,sglb,1082,0,0,0,0,0,0
asymmetric_p2p_tornado_16mib,sglb,1084,0,0,0,0,0,0
asymmetric_p2p_tornado_16mib,sglb,1086,0,0,0,0,0,0
asymmetric_p2p_tornado_16mib,sglb,1088,0,0,0,0,0,0
asymmetric_p2p_tornado_16mib,sglb,1090,0,0,0,0,0,0
asymmetric_p2p_tornado_16mib,sglb,1092,0,0,0,0,0,0
asymmetric_p2p_tornado_16mib,sglb,1094,0,0,0,0,0,0
asymmetric_p2p_tornado_16mib,sglb,1096,0,0,0,0,0,0
asymmetric_p2p_tornado_16mib,sglb,1098,0,0,0,0,0,0
asymmetric_p2p_tornado_16mib,sglb,1100,0,0,0,0,0,0
asymmetric_p2p_tornado_16mib,sglb,1102,0,0,0,0,0,0
asymmetric_p2p_tornado_16mib,sglb,1104,0,0,0,0,0,0
asymmetric_p2p_tornado_16mib,sglb,1106,0,0,0,0,0,0
asymmetric_p2p_tornado_16mib,sglb,1108,0,0,0,0,0,0
asymmetric_p2p_tornado_16mib,sglb,1110,0,0,0,0,0,0
asymmetric_p2p_tornado_16mib,sglb,1112,0,0,0,0,0,0
asymmetric_p2p_tornado_16mib,sglb,1114,0,0,0,0,0,0
asymmetric_p2p_tornado_16mib,sglb,1116,0,0,0,0,0,0
asymmetric_p2p_tornado_16mib,sglb,1118,0,0,0,0,0,0
asymmetric_p2p_tornado_16mib,sglb,1120,0,0,0,0,0,0
asymmetric_p2p_tornado_16mib,sglb,1122,0,0,0,0,0,0
asymmetric_p2p_tornado_16mib,sglb,1124,0,0,0,0,0,0
asymmetric_p2p_tornado_16mib,sglb,1126,0,0,0,0,0,0
asymmetric_p2p_tornado_16mib,sglb,1128,0,0,0,0,0,0
asymmetric_p2p_tornado_16mib,sglb,1130,0,0,0,0,0,0
asymmetric_p2p_tornado_16mib,sglb,1132,0,0,0,0,0,0
asymmetric_p2p_tornado_16mib,sglb,1134,0,0,0,0,0,0
asymmetric_p2p_tornado_16mib,sglb,1136,0,0,0,0,0,0
asymmetric_p2p_tornado_16mib,sglb,1138,0,0,0,0,0,0
asymmetric_p2p_tornado_16mib,sglb,1140,0,0,0,0,0,0
asymmetric_p2p_tornado_16mib,sglb,1142,0,0,0,0,0,0
asymmetric_p2p_tornado_16mib,sglb,1144,0,0,0,0,0,0
asymmetric_p2p_tornado_16mib,sglb,1146,0,0,0,0,0,0
asymmetric_p2p_tornado_16mib,sglb,1148,0,0,0,0,0,0
asymmetric_p2p_tornado_16mib,sglb,1150,0,0,0,0,0,0
asymmetric_p2p_tornado_16mib,sglb,1152,0,0,0,0,0,0
asymmetric_p2p_tornado_16mib,sglb,1154,0,0,0,0,0,0
asymmetric_p2p_tornado_16mib,sglb,1156,0,0,0,0,0,0
asymmetric_p2p_tornado_16mib,sglb,1158,0,0,0,0,0,0
asymmetric_p2p_tornado_16mib,sglb,1160,0,0,0,0,0,0
asymmetric_p2p_tornado_16mib,sglb,1162,0,0,0,0,0,0
asymmetric_p2p_tornado_16mib,sglb,1164,0,0,0,0,0,0
asymmetric_p2p_tornado_16mib,sglb,1166,0,0,0,0,0,0
asymmetric_p2p_tornado_16mib,sglb,1168,0,0,0,0,0,0
asymmetric_p2p_tornado_16mib,sglb,1170,0,0,0,0,0,0
asymmetric_p2p_tornado_16mib,sglb,1172,0,0,0,0,0,0
asymmetric_p2p_tornado_16mib,sglb,1174,0,0,0,0,0,0
asymmetric_p2p_tornado_16mib,sglb,1176,0,0,0,0,0,0
asymmetric_p2p_tornado_16mib,sglb,1178,0,0,0,0,0,0
asymmetric_p2p_tornado_16mib,sglb,1180,0,0,0,0,0,0
asymmetric_p2p_tornado_16mib,sglb,1182,0,0,0,0,0,0
asymmetric_p2p_tornado_16mib,sglb,1184,0,0,0,0,0,0
asymmetric_p2p_tornado_16mib,sglb,1186,0,0,0,0,0,0
asymmetric_p2p_tornado_16mib,sglb,1188,0,0,0,0,0,0
asymmetric_p2p_tornado_16mib,sglb,1190,0,0,0,0,0,0
asymmetric_p2p_tornado_16mib,sglb,1192,0,0,0,0,0,0
asymmetric_p2p_tornado_16mib,sglb,1194,0,0,0,0,0,0
asymmetric_p2p_tornado_16mib,sglb,1196,0,0,0,0,0,0
asymmetric_p2p_tornado_16mib,sglb,1198,0,0,0,0,0,0
asymmetric_p2p_tornado_16mib,sglb,1200,0,0,0,0,0,0
asymmetric_p2p_tornado_16mib,sglb,1202,0,0,0,0,0,0
asymmetric_p2p_tornado_16mib,sglb,1204,0,0,0,0,0,0
asymmetric_p2p_tornado_16mib,sglb,1206,0,0,0,0,0,0
asymmetric_p2p_tornado_16mib,sglb,1208,0,0,0,0,0,0
asymmetric_p2p_tornado_16mib,sglb,1210,0,0,0,0,0,0
asymmetric_p2p_tornado_16mib,sglb,1212,0,0,0,0,0,0
asymmetric_p2p_tornado_16mib,sglb,1214,0,0,0,0,0,0
asymmetric_p2p_tornado_16mib,sglb,1216,0,0,0,0,0,0
asymmetric_p2p_tornado_16mib,sglb,1218,0,0,0,0,0,0
asymmetric_p2p_tornado_16mib,sglb,1220,0,0,0,0,0,0
asymmetric_p2p_tornado_16mib,sglb,1222,0,0,0,0,0,0
asymmetric_p2p_tornado_16mib,sglb,1224,0,0,0,0,0,0
asymmetric_p2p_tornado_16mib,sglb,1226,0,0,0,0,0,0
asymmetric_p2p_tornado_16mib,sglb,1228,0,0,0,0,0,0
asymmetric_p2p_tornado_16mib,sglb,1230,0,0,0,0,0,0
asymmetric_p2p_tornado_16mib,sglb,1232,0,0,0,0,0,0
asymmetric_p2p_tornado_16mib,sglb,1234,0,0,0,0,0,0
asymmetric_p2p_tornado_16mib,sglb,1236,0,0,0,0,0,0
asymmetric_p2p_tornado_16mib,sglb,1238,0,0,0,0,0,0
asymmetric_p2p_tornado_16mib,sglb,1240,0,0,0,0,0,0
asymmetric_p2p_tornado_16mib,sglb,1242,0,0,0,0,0,0
asymmetric_p2p_tornado_16mib,sglb,1244,0,0,0,0,0,0
asymmetric_p2p_tornado_16mib,sglb,1246,0,0,0,0,0,0
asymmetric_p2p_tornado_16mib,sglb,1248,0,0,0,0,0,0
asymmetric_p2p_tornado_16mib,sglb,1250,0,0,0,0,0,0
asymmetric_p2p_tornado_16mib,sglb,1252,0,0,0,0,0,0
asymmetric_p2p_tornado_16mib,sglb,1254,0,0,0,0,0,0
asymmetric_p2p_tornado_16mib,sglb,1256,0,0,0,0,0,0
asymmetric_p2p_tornado_16mib,sglb,1258,0,0,0,0,0,0
asymmetric_p2p_tornado_16mib,sglb,1260,0,0,0,0,0,0
asymmetric_p2p_tornado_16mib,sglb,1262,0,0,0,0,0,0
asymmetric_p2p_tornado_16mib,sglb,1264,0,0,0,0,0,0
asymmetric_p2p_tornado_16mib,sglb,1266,0,0,0,0,0,0
asymmetric_p2p_tornado_16mib,sglb,1268,0,0,0,0,0,0
asymmetric_p2p_tornado_16mib,sglb,1270,0,0,0,0,0,0
asymmetric_p2p_tornado_16mib,sglb,1272,0,0,0,0,0,0
asymmetric_p2p_tornado_16mib,sglb,1274,0,0,0,0,0,0
asymmetric_p2p_tornado_16mib,sglb,1276,0,0,0,0,0,0
asymmetric_p2p_tornado_16mib,sglb,1278,0,0,0,0,0,0
asymmetric_p2p_tornado_16mib,sglb,1280,0,0,0,0,0,0
asymmetric_p2p_tornado_16mib,sglb,1282,0,0,0,0,0,0
asymmetric_p2p_tornado_16mib,sglb,1284,0,0,0,0,0,0
asymmetric_p2p_tornado_16mib,sglb,1286,0,0,0,0,0,0
asymmetric_p2p_tornado_16mib,sglb,1288,0,0,0,0,0,0
asymmetric_p2p_tornado_16mib,sglb,1290,0,0,0,0,0,0
asymmetric_p2p_tornado_16mib,sglb,1292,0,0,0,0,0,0
asymmetric_p2p_tornado_16mib,sglb,1294,0,0,0,0,0,0
asymmetric_p2p_tornado_16mib,sglb,1296,0,0,0,0,0,0
asymmetric_p2p_tornado_16mib,sglb,1298,0,0,0,0,0,0
asymmetric_p2p_tornado_16mib,sglb,1300,0,0,0,0,0,0
asymmetric_p2p_tornado_16mib,sglb,1302,0,0,0,0,0,0
asymmetric_p2p_tornado_16mib,sglb,1304,0,0,0,0,0,0
asymmetric_p2p_tornado_16mib,sglb,1306,0,0,0,0,0,0
asymmetric_p2p_tornado_16mib,sglb,1308,0,0,0,0,0,0
asymmetric_p2p_tornado_16mib,sglb,1310,0,0,0,0,0,0
asymmetric_p2p_tornado_16mib,sglb,1312,0,0,0,0,0,0
asymmetric_p2p_tornado_16mib,sglb,1314,0,0,0,0,0,0
asymmetric_p2p_tornado_16mib,sglb,1316,0,0,0,0,0,0
asymmetric_p2p_tornado_16mib,sglb,1318,0,0,0,0,0,0
asymmetric_p2p_tornado_16mib,sglb,1320,0,0,0,0,0,0
asymmetric_p2p_tornado_16mib,sglb,1322,0,0,0,0,0,0
asymmetric_p2p_tornado_16mib,sglb,1324,0,0,0,0,0,0
asymmetric_p2p_tornado_16mib,sglb,1326,0,0,0,0,0,0
asymmetric_p2p_tornado_16mib,sglb,1328,0,0,0,0,0,0
asymmetric_p2p_tornado_16mib,sglb,1330,0,0,0,0,0,0
asymmetric_p2p_tornado_16mib,sglb,1332,0,0,0,0,0,0
asymmetric_p2p_tornado_16mib,sglb,1334,0,0,0,0,0,0
asymmetric_p2p_tornado_16mib,sglb,1336,0,0,0,0,0,0
asymmetric_p2p_tornado_16mib,sglb,1338,0,0,0,0,0,0
asymmetric_p2p_tornado_16mib,sglb,1340,0,0,0,0,0,0
asymmetric_p2p_tornado_16mib,sglb,1342,0,0,0,0,0,0
asymmetric_p2p_tornado_16mib,sglb,1344,0,0,0,0,0,0
asymmetric_p2p_tornado_16mib,sglb,1346,0,0,0,0,0,0
asymmetric_p2p_tornado_16mib,sglb,1348,0,0,0,0,0,0
asymmetric_p2p_tornado_16mib,sglb,1350,0,0,0,0,0,0
asymmetric_p2p_tornado_16mib,sglb,1352,0,0,0,0,0,0
asymmetric_p2p_tornado_16mib,sglb,1354,0,0,0,0,0,0
asymmetric_p2p_tornado_16mib,sglb,1356,0,0,0,0,0,0
asymmetric_p2p_tornado_16mib,sglb,1358,0,0,0,0,0,0
asymmetric_p2p_tornado_16mib,sglb,1360,0,0,0,0,0,0
asymmetric_p2p_tornado_16mib,sglb,1362,0,0,0,0,0,0
asymmetric_p2p_tornado_16mib,sglb,1364,0,0,0,0,0,0
asymmetric_p2p_tornado_16mib,sglb,1366,0,0,0,0,0,0
asymmetric_p2p_tornado_16mib,sglb,1368,0,0,0,0,0,0
asymmetric_p2p_tornado_16mib,sglb,1370,0,0,0,0,0,0
asymmetric_p2p_tornado_16mib,sglb,1372,0,0,0,0,0,0
asymmetric_p2p_tornado_16mib,sglb,1374,0,0,0,0,0,0
asymmetric_p2p_tornado_16mib,sglb,1376,0,0,0,0,0,0
asymmetric_p2p_tornado_16mib,sglb,1378,0,0,0,0,0,0
asymmetric_p2p_tornado_16mib,sglb,1380,0,0,0,0,0,0
asymmetric_p2p_tornado_16mib,sglb,1382,0,0,0,0,0,0
asymmetric_p2p_tornado_16mib,sglb,1384,0,0,0,0,0,0
asymmetric_p2p_tornado_16mib,sglb,1386,0,0,0,0,0,0
asymmetric_p2p_tornado_16mib,sglb,1388,0,0,0,0,0,0
asymmetric_p2p_tornado_16mib,sglb,1390,0,0,0,0,0,0
asymmetric_p2p_tornado_16mib,sglb,1392,0,0,0,0,0,0
asymmetric_p2p_tornado_16mib,sglb,1394,0,0,0,0,0,0
asymmetric_p2p_tornado_16mib,sglb,1396,0,0,0,0,0,0
asymmetric_p2p_tornado_16mib,sglb,1398,0,0,0,0,0,0
asymmetric_p2p_tornado_16mib,sglb,1400,0,0,0,0,0,0
asymmetric_p2p_tornado_16mib,sglb,1402,0,0,0,0,0,0
asymmetric_p2p_tornado_16mib,sglb,1404,0,0,0,0,0,0
asymmetric_p2p_tornado_16mib,sglb,1406,0,0,0,0,0,0
asymmetric_p2p_tornado_16mib,sglb,1408,0,0,0,0,0,0
asymmetric_p2p_tornado_16mib,sglb,1410,0,0,0,0,0,0
asymmetric_p2p_tornado_16mib,sglb,1412,0,0,0,0,0,0
asymmetric_p2p_tornado_16mib,sglb,1414,0,0,0,0,0,0
asymmetric_p2p_tornado_16mib,sglb,1416,0,0,0,0,0,0
asymmetric_p2p_tornado_16mib,sglb,1418,0,0,0,0,0,0
asymmetric_p2p_tornado_16mib,sglb,1420,0,0,0,0,0,0
asymmetric_p2p_tornado_16mib,sglb,1422,0,0,0,0,0,0
asymmetric_p2p_tornado_16mib,sglb,1424,0,0,0,0,0,0
asymmetric_p2p_tornado_16mib,sglb,1426,0,0,0,0,0,0
asymmetric_p2p_tornado_16mib,sglb,1428,0,0,0,0,0,0
asymmetric_p2p_tornado_16mib,sglb,1430,0,0,0,0,0,0
asymmetric_p2p_tornado_16mib,sglb,1432,0,0,0,0,0,0
asymmetric_p2p_tornado_16mib,sglb,1434,0,0,0,0,0,0
asymmetric_p2p_tornado_16mib,sglb,1436,0,0,0,0,0,0
asymmetric_p2p_tornado_16mib,sglb,1438,0,0,0,0,0,0
asymmetric_p2p_tornado_16mib,sglb,1440,0,0,0,0,0,0
asymmetric_p2p_tornado_16mib,sglb,1442,0,0,0,0,0,0
asymmetric_p2p_tornado_16mib,sglb,1444,0,0,0,0,0,0
asymmetric_p2p_tornado_16mib,sglb,1446,0,0,0,0,0,0
asymmetric_p2p_tornado_16mib,sglb,1448,0,0,0,0,0,0
asymmetric_p2p_tornado_16mib,sglb,1450,0,0,0,0,0,0
asymmetric_p2p_tornado_16mib,sglb,1452,0,0,0,0,0,0
asymmetric_p2p_tornado_16mib,sglb,1454,0,0,0,0,0,0
asymmetric_p2p_tornado_16mib,sglb,1456,0,0,0,0,0,0
asymmetric_p2p_tornado_16mib,sglb,1458,0,0,0,0,0,0
asymmetric_p2p_tornado_16mib,sglb,1460,0,0,0,0,0,0
asymmetric_p2p_tornado_16mib,sglb,1462,0,0,0,0,0,0
asymmetric_p2p_tornado_16mib,sglb,1464,0,0,0,0,0,0
asymmetric_p2p_tornado_16mib,sglb,1466,0,0,0,0,0,0
asymmetric_p2p_tornado_16mib,sglb,1468,0,0,0,0,0,0
asymmetric_p2p_tornado_16mib,sglb,1470,0,0,0,0,0,0
asymmetric_p2p_tornado_16mib,sglb,1472,0,0,0,0,0,0
asymmetric_p2p_tornado_16mib,sglb,1474,0,0,0,0,0,0
asymmetric_p2p_tornado_16mib,sglb,1476,0,0,0,0,0,0
asymmetric_p2p_tornado_16mib,sglb,1478,0,0,0,0,0,0
asymmetric_p2p_tornado_16mib,sglb,1480,0,0,0,0,0,0
asymmetric_p2p_tornado_16mib,sglb,1482,0,0,0,0,0,0
asymmetric_p2p_tornado_16mib,sglb,1484,0,0,0,0,0,0
asymmetric_p2p_tornado_16mib,sglb,1486,0,0,0,0,0,0
asymmetric_p2p_tornado_16mib,sglb,1488,0,0,0,0,0,0
asymmetric_p2p_tornado_16mib,sglb,1490,0,0,0,0,0,0
asymmetric_p2p_tornado_16mib,sglb,1492,0,0,0,0,0,0
asymmetric_p2p_tornado_16mib,sglb,1494,0,0,0,0,0,0
asymmetric_p2p_tornado_16mib,sglb,1496,0,0,0,0,0,0
asymmetric_p2p_tornado_16mib,sglb,1498,0,0,0,0,0,0
asymmetric_p2p_tornado_16mib,sglb,1500,0,0,0,0,0,0
asymmetric_p2p_tornado_16mib,sglb,1502,0,0,0,0,0,0
asymmetric_p2p_tornado_16mib,sglb,1504,0,0,0,0,0,0
asymmetric_p2p_tornado_16mib,sglb,1506,0,0,0,0,0,0
asymmetric_p2p_tornado_16mib,sglb,1508,0,0,0,0,0,0
asymmetric_p2p_tornado_16mib,sglb,1510,0,0,0,0,0,0
asymmetric_p2p_tornado_16mib,sglb,1512,0,0,0,0,0,0
asymmetric_p2p_tornado_16mib,sglb,1514,0,0,0,0,0,0
asymmetric_p2p_tornado_16mib,sglb,1516,0,0,0,0,0,0
asymmetric_p2p_tornado_16mib,sglb,1518,0,0,0,0,0,0
asymmetric_p2p_tornado_16mib,sglb,1520,0,0,0,0,0,0
asymmetric_p2p_tornado_16mib,sglb,1522,0,0,0,0,0,0
asymmetric_p2p_tornado_16mib,sglb,1524,0,0,0,0,0,0
asymmetric_p2p_tornado_16mib,sglb,1526,0,0,0,0,0,0
asymmetric_p2p_tornado_16mib,sglb,1528,0,0,0,0,0,0
asymmetric_p2p_tornado_16mib,sglb,1530,0,0,0,0,0,0
asymmetric_p2p_tornado_16mib,sglb,1532,0,0,0,0,0,0
asymmetric_p2p_tornado_16mib,sglb,1534,0,0,0,0,0,0
asymmetric_p2p_tornado_16mib,sglb,1536,0,0,0,0,0,0
asymmetric_p2p_tornado_16mib,sglb,1538,0,0,0,0,0,0
asymmetric_p2p_tornado_16mib,sglb,1540,0,0,0,0,0,0
asymmetric_p2p_tornado_16mib,sglb,1542,0,0,0,0,0,0
asymmetric_p2p_tornado_16mib,sglb,1544,0,0,0,0,0,0
asymmetric_p2p_tornado_16mib,sglb,1546,0,0,0,0,0,0
asymmetric_p2p_tornado_16mib,sglb,1548,0,0,0,0,0,0
asymmetric_p2p_tornado_16mib,sglb,1550,0,0,0,0,0,0
asymmetric_p2p_tornado_16mib,sglb,1552,0,0,0,0,0,0
asymmetric_p2p_tornado_16mib,sglb,1554,0,0,0,0,0,0
asymmetric_p2p_tornado_16mib,sglb,1556,0,0,0,0,0,0
asymmetric_p2p_tornado_16mib,sglb,1558,0,0,0,0,0,0
asymmetric_p2p_tornado_16mib,sglb,1560,0,0,0,0,0,0
asymmetric_p2p_tornado_16mib,sglb,1562,0,0,0,0,0,0
asymmetric_p2p_tornado_16mib,sglb,1564,0,0,0,0,0,0
asymmetric_p2p_tornado_16mib,sglb,1566,0,0,0,0,0,0
asymmetric_p2p_tornado_16mib,sglb,1568,0,0,0,0,0,0
asymmetric_p2p_tornado_16mib,sglb,1570,0,0,0,0,0,0
asymmetric_p2p_tornado_16mib,sglb,1572,0,0,0,0,0,0
asymmetric_p2p_tornado_16mib,sglb,1574,0,0,0,0,0,0
asymmetric_p2p_tornado_16mib,sglb,1576,0,0,0,0,0,0
asymmetric_p2p_tornado_16mib,sglb,1578,0,0,0,0,0,0
asymmetric_p2p_tornado_16mib,sglb,1580,0,0,0,0,0,0
asymmetric_p2p_tornado_16mib,sglb,1582,0,0,0,0,0,0
asymmetric_p2p_tornado_16mib,sglb,1584,0,0,0,0,0,0
asymmetric_p2p_tornado_16mib,sglb,1586,0,0,0,0,0,0
asymmetric_p2p_tornado_16mib,sglb,1588,0,0,0,0,0,0
asymmetric_p2p_tornado_16mib,sglb,1590,0,0,0,0,0,0
asymmetric_p2p_tornado_16mib,sglb,1592,0,0,0,0,0,0
asymmetric_p2p_tornado_16mib,sglb,1594,0,0,0,0,0,0
asymmetric_p2p_tornado_16mib,sglb,1596,0,0,0,0,0,0
asymmetric_p2p_tornado_16mib,sglb,1598,0,0,0,0,0,0
asymmetric_p2p_tornado_16mib,sglb,1600,0,0,0,0,0,0
asymmetric_p2p_tornado_16mib,sglb,1602,0,0,0,0,0,0
asymmetric_p2p_tornado_16mib,sglb,1604,0,0,0,0,0,0
asymmetric_p2p_tornado_16mib,sglb,1606,0,0,0,0,0,0
asymmetric_p2p_tornado_16mib,sglb,1608,0,0,0,0,0,0
asymmetric_p2p_tornado_16mib,sglb,1610,0,0,0,0,0,0
asymmetric_p2p_tornado_16mib,sglb,1612,0,0,0,0,0,0
asymmetric_p2p_tornado_16mib,sglb,1614,0,0,0,0,0,0
asymmetric_p2p_tornado_16mib,sglb,1616,0,0,0,0,0,0
asymmetric_p2p_tornado_16mib,sglb,1618,0,0,0,0,0,0
asymmetric_p2p_tornado_16mib,sglb,1620,0,0,0,0,0,0
asymmetric_p2p_tornado_16mib,sglb,1622,0,0,0,0,0,0
asymmetric_p2p_tornado_16mib,sglb,1624,0,0,0,0,0,0
asymmetric_p2p_tornado_16mib,sglb,1626,0,0,0,0,0,0
asymmetric_p2p_tornado_16mib,sglb,1628,0,0,0,0,0,0
asymmetric_p2p_tornado_16mib,sglb,1630,0,0,0,0,0,0
asymmetric_p2p_tornado_16mib,sglb,1632,0,0,0,0,0,0
asymmetric_p2p_tornado_16mib,sglb,1634,0,0,0,0,0,0
asymmetric_p2p_tornado_16mib,sglb,1636,0,0,0,0,0,0
asymmetric_p2p_tornado_16mib,sglb,1638,0,0,0,0,0,0
asymmetric_p2p_tornado_16mib,sglb,1640,0,0,0,0,0,0
asymmetric_p2p_tornado_16mib,sglb,1642,0,0,0,0,0,0
asymmetric_p2p_tornado_16mib,sglb,1644,0,0,0,0,0,0
asymmetric_p2p_tornado_16mib,sglb,1646,0,0,0,0,0,0
asymmetric_p2p_tornado_16mib,sglb,1648,0,0,0,0,0,0
asymmetric_p2p_tornado_16mib,sglb,1650,0,0,0,0,0,0
asymmetric_p2p_tornado_16mib,sglb,1652,0,0,0,0,0,0
asymmetric_p2p_tornado_16mib,sglb,1654,0,0,0,0,0,0
asymmetric_p2p_tornado_16mib,sglb,1656,0,0,0,0,0,0
asymmetric_p2p_tornado_16mib,sglb,1658,0,0,0,0,0,0
asymmetric_p2p_tornado_16mib,sglb,1660,0,0,0,0,0,0
asymmetric_p2p_tornado_16mib,sglb,1662,0,0,0,0,0,0
asymmetric_p2p_tornado_16mib,sglb,1664,0,0,0,0,0,0
asymmetric_p2p_tornado_16mib,sglb,1666,0,0,0,0,0,0
asymmetric_p2p_tornado_16mib,sglb,1668,0,0,0,0,0,0
asymmetric_p2p_tornado_16mib,sglb,1670,0,0,0,0,0,0
asymmetric_p2p_tornado_16mib,sglb,1672,0,0,0,0,0,0
asymmetric_p2p_tornado_16mib,sglb,1674,0,0,0,0,0,0
asymmetric_p2p_tornado_16mib,sglb,1676,0,0,0,0,0,0
asymmetric_p2p_tornado_16mib,sglb,1678,0,0,0,0,0,0
asymmetric_p2p_tornado_16mib,sglb,1680,0,0,0,0,0,0
asymmetric_p2p_tornado_16mib,sglb,1682,0,0,0,0,0,0
asymmetric_p2p_tornado_16mib,sglb,1684,0,0,0,0,0,0
asymmetric_p2p_tornado_16mib,sglb,1686,0,0,0,0,0,0
asymmetric_p2p_tornado_16mib,sglb,1688,0,0,0,0,0,0
asymmetric_p2p_tornado_16mib,sglb,1690,0,0,0,0,0,0
asymmetric_p2p_tornado_16mib,sglb,1692,0,0,0,0,0,0
asymmetric_p2p_tornado_16mib,sglb,1694,0,0,0,0,0,0
asymmetric_p2p_tornado_16mib,sglb,1696,0,0,0,0,0,0
asymmetric_p2p_tornado_16mib,sglb,1698,0,0,0,0,0,0
asymmetric_p2p_tornado_16mib,sglb,1700,0,0,0,0,0,0
asymmetric_p2p_tornado_16mib,sglb,1702,0,0,0,0,0,0
asymmetric_p2p_tornado_16mib,sglb,1704,0,0,0,0,0,0
asymmetric_p2p_tornado_16mib,sglb,1706,0,0,0,0,0,0
asymmetric_p2p_tornado_16mib,sglb,1708,0,0,0,0,0,0
asymmetric_p2p_tornado_16mib,sglb,1710,0,0,0,0,0,0
asymmetric_p2p_tornado_16mib,sglb,1712,0,0,0,0,0,0
asymmetric_p2p_tornado_16mib,sglb,1714,0,0,0,0,0,0
asymmetric_p2p_tornado_16mib,sglb,1716,0,0,0,0,0,0
asymmetric_p2p_tornado_16mib,sglb,1718,0,0,0,0,0,0
asymmetric_p2p_tornado_16mib,sglb,1720,0,0,0,0,0,0
asymmetric_p2p_tornado_16mib,sglb,1722,0,0,0,0,0,0
asymmetric_p2p_tornado_16mib,sglb,1724,0,0,0,0,0,0
asymmetric_p2p_tornado_16mib,sglb,1726,0,0,0,0,0,0
asymmetric_p2p_tornado_16mib,sglb,1728,0,0,0,0,0,0
asymmetric_p2p_tornado_16mib,sglb,1730,0,0,0,0,0,0
asymmetric_p2p_tornado_16mib,sglb,1732,0,0,0,0,0,0
asymmetric_p2p_tornado_16mib,sglb,1734,0,0,0,0,0,0
asymmetric_p2p_tornado_16mib,sglb,1736,0,0,0,0,0,0
asymmetric_p2p_tornado_16mib,sglb,1738,0,0,0,0,0,0
asymmetric_p2p_tornado_16mib,sglb,1740,0,0,0,0,0,0
asymmetric_p2p_tornado_16mib,sglb,1742,0,0,0,0,0,0
asymmetric_p2p_tornado_16mib,sglb,1744,0,0,0,0,0,0
asymmetric_p2p_tornado_16mib,sglb,1746,0,0,0,0,0,0
asymmetric_p2p_tornado_16mib,sglb,1748,0,0,0,0,0,0
asymmetric_p2p_tornado_16mib,sglb,1750,0,0,0,0,0,0
asymmetric_p2p_tornado_16mib,sglb,1752,0,0,0,0,0,0
asymmetric_p2p_tornado_16mib,sglb,1754,0,0,0,0,0,0
asymmetric_p2p_tornado_16mib,sglb,1756,0,0,0,0,0,0
asymmetric_p2p_tornado_16mib,sglb,1758,0,0,0,0,0,0
asymmetric_p2p_tornado_16mib,sglb,1760,0,0,0,0,0,0
asymmetric_p2p_tornado_16mib,sglb,1762,0,0,0,0,0,0
asymmetric_p2p_tornado_16mib,sglb,1764,0,0,0,0,0,0
asymmetric_p2p_tornado_16mib,sglb,1766,0,0,0,0,0,0
asymmetric_p2p_tornado_16mib,sglb,1768,0,0,0,0,0,0
asymmetric_p2p_tornado_16mib,sglb,1770,0,0,0,0,0,0
asymmetric_p2p_tornado_16mib,sglb,1772,0,0,0,0,0,0
asymmetric_p2p_tornado_16mib,sglb,1774,0,0,0,0,0,0
asymmetric_p2p_tornado_16mib,sglb,1776,0,0,0,0,0,0
asymmetric_p2p_tornado_16mib,sglb,1778,0,0,0,0,0,0
asymmetric_p2p_tornado_16mib,sglb,1780,0,0,0,0,0,0
asymmetric_p2p_tornado_16mib,sglb,1782,0,0,0,0,0,0
asymmetric_p2p_tornado_16mib,sglb,1784,0,0,0,0,0,0
asymmetric_p2p_tornado_16mib,sglb,1786,0,0,0,0,0,0
asymmetric_p2p_tornado_16mib,sglb,1788,0,0,0,0,0,0
asymmetric_p2p_tornado_16mib,sglb,1790,0,0,0,0,0,0
asymmetric_p2p_tornado_16mib,sglb,1792,0,0,0,0,0,0
asymmetric_p2p_tornado_16mib,sglb,1794,0,0,0,0,0,0
asymmetric_p2p_tornado_16mib,sglb,1796,0,0,0,0,0,0
asymmetric_p2p_tornado_16mib,sglb,1798,0,0,0,0,0,0
asymmetric_p2p_tornado_16mib,sglb,1800,0,0,0,0,0,0
asymmetric_p2p_tornado_16mib,sglb,1802,0,0,0,0,0,0
asymmetric_p2p_tornado_16mib,sglb,1804,0,0,0,0,0,0
asymmetric_p2p_tornado_16mib,sglb,1806,0,0,0,0,0,0
asymmetric_p2p_tornado_16mib,sglb,1808,0,0,0,0,0,0
asymmetric_p2p_tornado_16mib,sglb,1810,0,0,0,0,0,0
asymmetric_p2p_tornado_16mib,sglb,1812,0,0,0,0,0,0
asymmetric_p2p_tornado_16mib,sglb,1814,0,0,0,0,0,0
asymmetric_p2p_tornado_16mib,sglb,1816,0,0,0,0,0,0
asymmetric_p2p_tornado_16mib,sglb,1818,0,0,0,0,0,0
asymmetric_p2p_tornado_16mib,sglb,1820,0,0,0,0,0,0
asymmetric_p2p_tornado_16mib,sglb,1822,0,0,0,0,0,0
asymmetric_p2p_tornado_16mib,sglb,1824,0,0,0,0,0,0
asymmetric_p2p_tornado_16mib,sglb,1826,0,0,0,0,0,0
asymmetric_p2p_tornado_16mib,sglb,1828,0,0,0,0,0,0
asymmetric_p2p_tornado_16mib,sglb,1830,0,0,0,0,0,0
asymmetric_p2p_tornado_16mib,sglb,1832,0,0,0,0,0,0
asymmetric_p2p_tornado_16mib,sglb,1834,0,0,0,0,0,0
asymmetric_p2p_tornado_16mib,sglb,1836,0,0,0,0,0,0
asymmetric_p2p_tornado_16mib,sglb,1838,0,0,0,0,0,0
asymmetric_p2p_tornado_16mib,sglb,1840,0,0,0,0,0,0
asymmetric_p2p_tornado_16mib,sglb,1842,0,0,0,0,0,0
asymmetric_p2p_tornado_16mib,sglb,1844,0,0,0,0,0,0
asymmetric_p2p_tornado_16mib,sglb,1846,0,0,0,0,0,0
asymmetric_p2p_tornado_16mib,sglb,1848,0,0,0,0,0,0
asymmetric_p2p_tornado_16mib,sglb,1850,0,0,0,0,0,0
asymmetric_p2p_tornado_16mib,sglb,1852,0,0,0,0,0,0
asymmetric_p2p_tornado_16mib,sglb,1854,0,0,0,0,0,0
asymmetric_p2p_tornado_16mib,sglb,1856,0,0,0,0,0,0
asymmetric_p2p_tornado_16mib,sglb,1858,0,0,0,0,0,0
asymmetric_p2p_tornado_16mib,sglb,1860,0,0,0,0,0,0
asymmetric_p2p_tornado_16mib,sglb,1862,0,0,0,0,0,0
asymmetric_p2p_tornado_16mib,sglb,1864,0,0,0,0,0,0
asymmetric_p2p_tornado_16mib,sglb,1866,0,0,0,0,0,0
asymmetric_p2p_tornado_16mib,sglb,1868,0,0,0,0,0,0
asymmetric_p2p_tornado_16mib,sglb,1870,0,0,0,0,0,0
asymmetric_p2p_tornado_16mib,sglb,1872,0,0,0,0,0,0
asymmetric_p2p_tornado_16mib,sglb,1874,0,0,0,0,0,0
asymmetric_p2p_tornado_16mib,sglb,1876,0,0,0,0,0,0
asymmetric_p2p_tornado_16mib,sglb,1878,0,0,0,0,0,0
asymmetric_p2p_tornado_16mib,sglb,1880,0,0,0,0,0,0
asymmetric_p2p_tornado_16mib,sglb,1882,0,0,0,0,0,0
asymmetric_p2p_tornado_16mib,sglb,1884,0,0,0,0,0,0
asymmetric_p2p_tornado_16mib,sglb,1886,0,0,0,0,0,0
asymmetric_p2p_tornado_16mib,sglb,1888,0,0,0,0,0,0
asymmetric_p2p_tornado_16mib,sglb,1890,0,0,0,0,0,0
asymmetric_p2p_tornado_16mib,sglb,1892,0,0,0,0,0,0
asymmetric_p2p_tornado_16mib,sglb,1894,0,0,0,0,0,0
asymmetric_p2p_tornado_16mib,sglb,1896,0,0,0,0,0,0
asymmetric_p2p_tornado_16mib,sglb,1898,0,0,0,0,0,0
asymmetric_p2p_tornado_16mib,sglb,1900,0,0,0,0,0,0
asymmetric_p2p_tornado_16mib,sglb,1902,0,0,0,0,0,0
asymmetric_p2p_tornado_16mib,sglb,1904,0,0,0,0,0,0
asymmetric_p2p_tornado_16mib,sglb,1906,0,0,0,0,0,0
asymmetric_p2p_tornado_16mib,sglb,1908,0,0,0,0,0,0
asymmetric_p2p_tornado_16mib,sglb,1910,0,0,0,0,0,0
asymmetric_p2p_tornado_16mib,sglb,1912,0,0,0,0,0,0
asymmetric_p2p_tornado_16mib,sglb,1914,0,0,0,0,0,0
asymmetric_p2p_tornado_16mib,sglb,1916,0,0,0,0,0,0
asymmetric_p2p_tornado_16mib,sglb,1918,0,0,0,0,0,0
asymmetric_p2p_tornado_16mib,sglb,1920,0,0,0,0,0,0
asymmetric_p2p_tornado_16mib,sglb,1922,0,0,0,0,0,0
asymmetric_p2p_tornado_16mib,sglb,1924,0,0,0,0,0,0
asymmetric_p2p_tornado_16mib,sglb,1926,0,0,0,0,0,0
asymmetric_p2p_tornado_16mib,sglb,1928,0,0,0,0,0,0
asymmetric_p2p_tornado_16mib,sglb,1930,0,0,0,0,0,0
asymmetric_p2p_tornado_16mib,sglb,1932,0,0,0,0,0,0
asymmetric_p2p_tornado_16mib,sglb,1934,0,0,0,0,0,0
asymmetric_p2p_tornado_16mib,sglb,1936,0,0,0,0,0,0
asymmetric_p2p_tornado_16mib,sglb,1938,0,0,0,0,0,0
asymmetric_p2p_tornado_16mib,sglb,1940,0,0,0,0,0,0
asymmetric_p2p_tornado_16mib,sglb,1942,0,0,0,0,0,0
asymmetric_p2p_tornado_16mib,sglb,1944,0,0,0,0,0,0
asymmetric_p2p_tornado_16mib,sglb,1946,0,0,0,0,0,0
asymmetric_p2p_tornado_16mib,sglb,1948,0,0,0,0,0,0
asymmetric_p2p_tornado_16mib,sglb,1950,0,0,0,0,0,0
asymmetric_p2p_tornado_16mib,sglb,1952,0,0,0,0,0,0
asymmetric_p2p_tornado_16mib,sglb,1954,0,0,0,0,0,0
asymmetric_p2p_tornado_16mib,sglb,1956,0,0,0,0,0,0
asymmetric_p2p_tornado_16mib,sglb,1958,0,0,0,0,0,0
asymmetric_p2p_tornado_16mib,sglb,1960,0,0,0,0,0,0
asymmetric_p2p_tornado_16mib,sglb,1962,0,0,0,0,0,0
asymmetric_p2p_tornado_16mib,sglb,1964,0,0,0,0,0,0
asymmetric_p2p_tornado_16mib,sglb,1966,0,0,0,0,0,0
asymmetric_p2p_tornado_16mib,sglb,1968,0,0,0,0,0,0
asymmetric_p2p_tornado_16mib,sglb,1970,0,0,0,0,0,0
asymmetric_p2p_tornado_16mib,sglb,1972,0,0,0,0,0,0
asymmetric_p2p_tornado_16mib,sglb,1974,0,0,0,0,0,0
asymmetric_p2p_tornado_16mib,sglb,1976,0,0,0,0,0,0
asymmetric_p2p_tornado_16mib,sglb,1978,0,0,0,0,0,0
asymmetric_p2p_tornado_16mib,sglb,1980,0,0,0,0,0,0
asymmetric_p2p_tornado_16mib,sglb,1982,0,0,0,0,0,0
asymmetric_p2p_tornado_16mib,sglb,1984,0,0,0,0,0,0
asymmetric_p2p_tornado_16mib,sglb,1986,0,0,0,0,0,0
asymmetric_p2p_tornado_16mib,sglb,1988,0,0,0,0,0,0
asymmetric_p2p_tornado_16mib,sglb,1990,0,0,0,0,0,0
asymmetric_p2p_tornado_16mib,sglb,1992,0,0,0,0,0,0
asymmetric_p2p_tornado_16mib,sglb,1994,0,0,0,0,0,0
asymmetric_p2p_tornado_16mib,sglb,1996,0,0,0,0,0,0
asymmetric_p2p_tornado_16mib,sglb,1998,0,0,0,0,0,0
asymmetric_p2p_tornado_16mib,sglb,2000,0,0,0,0,0,0
asymmetric_p2p_tornado_16mib,sglb,2002,0,0,0,0,0,0
asymmetric_p2p_tornado_16mib,sglb,2004,0,0,0,0,0,0
asymmetric_p2p_tornado_16mib,sglb,2006,0,0,0,0,0,0
asymmetric_p2p_tornado_16mib,sglb,2008,0,0,0,0,0,0
asymmetric_p2p_tornado_16mib,sglb,2010,0,0,0,0,0,0
asymmetric_p2p_tornado_16mib,sglb,2012,0,0,0,0,0,0
asymmetric_p2p_tornado_16mib,sglb,2014,0,0,0,0,0,0
asymmetric_p2p_tornado_16mib,sglb,2016,0,0,0,0,0,0
asymmetric_p2p_tornado_16mib,sglb,2018,0,0,0,0,0,0
asymmetric_p2p_tornado_16mib,sglb,2020,0,0,0,0,0,0
asymmetric_p2p_tornado_16mib,sglb,2022,0,0,0,0,0,0
asymmetric_p2p_tornado_16mib,sglb,2024,0,0,0,0,0,0
asymmetric_p2p_tornado_16mib,sglb,2026,0,0,0,0,0,0
asymmetric_p2p_tornado_16mib,sglb,2028,0,0,0,0,0,0
asymmetric_p2p_tornado_16mib,sglb,2030,0,0,0,0,0,0
asymmetric_p2p_tornado_16mib,sglb,2032,0,0,0,0,0,0
asymmetric_p2p_tornado_16mib,sglb,2034,0,0,0,0,0,0
asymmetric_p2p_tornado_16mib,sglb,2036,0,0,0,0,0,0
asymmetric_p2p_tornado_16mib,sglb,2038,0,0,0,0,0,0
asymmetric_p2p_tornado_16mib,sglb,2040,0,0,0,0,0,0
asymmetric_p2p_tornado_16mib,sglb,2042,0,0,0,0,0,0
asymmetric_p2p_tornado_16mib,sglb,2044,0,0,0,0,0,0
asymmetric_p2p_tornado_16mib,sglb,2046,0,0,0,0,0,0
asymmetric_p2p_tornado_16mib,sglb,2048,0,0,0,0,0,0
asymmetric_p2p_tornado_16mib,sglb,2050,0,0,0,0,0,0
asymmetric_p2p_tornado_16mib,sglb,2052,0,0,0,0,0,0
asymmetric_p2p_tornado_16mib,sglb,2054,0,0,0,0,0,0
asymmetric_p2p_tornado_16mib,sglb,2056,0,0,0,0,0,0
asymmetric_p2p_tornado_16mib,sglb,2058,0,0,0,0,0,0
asymmetric_p2p_tornado_16mib,sglb,2060,0,0,0,0,0,0
asymmetric_p2p_tornado_16mib,sglb,2062,0,0,0,0,0,0
asymmetric_p2p_tornado_16mib,sglb,2064,0,0,0,0,0,0
asymmetric_p2p_tornado_16mib,sglb,2066,0,0,0,0,0,0
asymmetric_p2p_tornado_16mib,sglb,2068,0,0,0,0,0,0
asymmetric_p2p_tornado_16mib,sglb,2070,0,0,0,0,0,0
asymmetric_p2p_tornado_16mib,sglb,2072,0,0,0,0,0,0
asymmetric_p2p_tornado_16mib,sglb,2074,0,0,0,0,0,0
asymmetric_p2p_tornado_16mib,sglb,2076,0,0,0,0,0,0
asymmetric_p2p_tornado_16mib,sglb,2078,0,0,0,0,0,0
asymmetric_p2p_tornado_16mib,sglb,2080,0,0,0,0,0,0
asymmetric_p2p_tornado_16mib,sglb,2082,0,0,0,0,0,0
asymmetric_p2p_tornado_16mib,sglb,2084,0,0,0,0,0,0
asymmetric_p2p_tornado_16mib,sglb,2086,0,0,0,0,0,0
asymmetric_p2p_tornado_16mib,sglb,2088,0,0,0,0,0,0
asymmetric_p2p_tornado_16mib,sglb,2090,0,0,0,0,0,0
asymmetric_p2p_tornado_16mib,sglb,2092,0,0,0,0,0,0
asymmetric_p2p_tornado_16mib,sglb,2094,0,0,0,0,0,0
asymmetric_p2p_tornado_16mib,sglb,2096,0,0,0,0,0,0
asymmetric_p2p_tornado_16mib,sglb,2098,0,0,0,0,0,0
asymmetric_p2p_tornado_16mib,sglb,2100,0,0,0,0,0,0
asymmetric_p2p_tornado_16mib,sglb,2102,0,0,0,0,0,0
asymmetric_p2p_tornado_16mib,sglb,2104,0,0,0,0,0,0
asymmetric_p2p_tornado_16mib,sglb,2106,0,0,0,0,0,0
asymmetric_p2p_tornado_16mib,sglb,2108,0,0,0,0,0,0
asymmetric_p2p_tornado_16mib,sglb,2110,0,0,0,0,0,0
asymmetric_p2p_tornado_16mib,sglb,2112,0,0,0,0,0,0
asymmetric_p2p_tornado_16mib,sglb,2114,0,0,0,0,0,0
asymmetric_p2p_tornado_16mib,sglb,2116,0,0,0,0,0,0
asymmetric_p2p_tornado_16mib,sglb,2118,0,0,0,0,0,0
asymmetric_p2p_tornado_16mib,sglb,2120,0,0,0,0,0,0
asymmetric_p2p_tornado_16mib,sglb,2122,0,0,0,0,0,0
asymmetric_p2p_tornado_16mib,sglb,2124,0,0,0,0,0,0
asymmetric_p2p_tornado_16mib,sglb,2126,0,0,0,0,0,0
asymmetric_p2p_tornado_16mib,sglb,2128,0,0,0,0,0,0
asymmetric_p2p_tornado_16mib,sglb,2130,0,0,0,0,0,0
asymmetric_p2p_tornado_16mib,sglb,2132,0,0,0,0,0,0
asymmetric_p2p_tornado_16mib,sglb,2134,0,0,0,0,0,0
asymmetric_p2p_tornado_16mib,sglb,2136,0,0,0,0,0,0
asymmetric_p2p_tornado_16mib,sglb,2138,0,0,0,0,0,0
asymmetric_p2p_tornado_16mib,sglb,2140,0,0,0,0,0,0
asymmetric_p2p_tornado_16mib,sglb,2142,0,0,0,0,0,0
asymmetric_p2p_tornado_16mib,sglb,2144,0,0,0,0,0,0
asymmetric_p2p_tornado_16mib,sglb,2146,0,0,0,0,0,0
asymmetric_p2p_tornado_16mib,sglb,2148,0,0,0,0,0,0
asymmetric_p2p_tornado_16mib,sglb,2150,0,0,0,0,0,0
asymmetric_p2p_tornado_16mib,sglb,2152,0,0,0,0,0,0
asymmetric_p2p_tornado_16mib,sglb,2154,0,0,0,0,0,0
asymmetric_p2p_tornado_16mib,sglb,2156,0,0,0,0,0,0
asymmetric_p2p_tornado_16mib,sglb,2158,0,0,0,0,0,0
asymmetric_p2p_tornado_16mib,sglb,2160,0,0,0,0,0,0
asymmetric_p2p_tornado_16mib,sglb,2162,0,0,0,0,0,0
asymmetric_p2p_tornado_16mib,sglb,2164,0,0,0,0,0,0
asymmetric_p2p_tornado_16mib,sglb,2166,0,0,0,0,0,0
asymmetric_p2p_tornado_16mib,sglb,2168,0,0,0,0,0,0
asymmetric_p2p_tornado_16mib,sglb,2170,0,0,0,0,0,0
asymmetric_p2p_tornado_16mib,sglb,2172,0,0,0,0,0,0
asymmetric_p2p_tornado_16mib,sglb,2174,0,0,0,0,0,0
asymmetric_p2p_tornado_16mib,sglb,2176,0,0,0,0,0,0
asymmetric_p2p_tornado_16mib,sglb,2178,0,0,0,0,0,0
asymmetric_p2p_tornado_16mib,sglb,2180,0,0,0,0,0,0
asymmetric_p2p_tornado_16mib,sglb,2182,0,0,0,0,0,0
asymmetric_p2p_tornado_16mib,sglb,2184,0,0,0,0,0,0
asymmetric_p2p_tornado_16mib,sglb,2186,0,0,0,0,0,0
asymmetric_p2p_tornado_16mib,sglb,2188,0,0,0,0,0,0
asymmetric_p2p_tornado_16mib,sglb,2190,0,0,0,0,0,0
asymmetric_p2p_tornado_16mib,sglb,2192,0,0,0,0,0,0
asymmetric_p2p_tornado_16mib,sglb,2194,0,0,0,0,0,0
asymmetric_p2p_tornado_16mib,sglb,2196,0,0,0,0,0,0
asymmetric_p2p_tornado_16mib,sglb,2198,0,0,0,0,0,0
asymmetric_p2p_tornado_16mib,sglb,2200,0,0,0,0,0,0
asymmetric_p2p_tornado_16mib,sglb,2202,0,0,0,0,0,0
asymmetric_p2p_tornado_16mib,sglb,2204,0,0,0,0,0,0
asymmetric_p2p_tornado_16mib,sglb,2206,0,0,0,0,0,0
asymmetric_p2p_tornado_16mib,sglb,2208,0,0,0,0,0,0
asymmetric_p2p_tornado_16mib,sglb,2210,0,0,0,0,0,0
asymmetric_p2p_tornado_16mib,sglb,2212,0,0,0,0,0,0
asymmetric_p2p_tornado_16mib,sglb,2214,0,0,0,0,0,0
asymmetric_p2p_tornado_16mib,sglb,2216,0,0,0,0,0,0
asymmetric_p2p_tornado_16mib,sglb,2218,0,0,0,0,0,0
asymmetric_p2p_tornado_16mib,sglb,2220,0,0,0,0,0,0
asymmetric_p2p_tornado_16mib,sglb,2222,0,0,0,0,0,0
asymmetric_p2p_tornado_16mib,sglb,2224,0,0,0,0,0,0
asymmetric_p2p_tornado_16mib,sglb,2226,0,0,0,0,0,0
asymmetric_p2p_tornado_16mib,sglb,2228,0,0,0,0,0,0
asymmetric_p2p_tornado_16mib,sglb,2230,0,0,0,0,0,0
asymmetric_p2p_tornado_16mib,sglb,2232,0,0,0,0,0,0
asymmetric_p2p_tornado_16mib,sglb,2234,0,0,0,0,0,0
asymmetric_p2p_tornado_16mib,sglb,2236,0,0,0,0,0,0
asymmetric_p2p_tornado_16mib,sglb,2238,0,0,0,0,0,0
asymmetric_p2p_tornado_16mib,sglb,2240,0,0,0,0,0,0
asymmetric_p2p_tornado_16mib,sglb,2242,0,0,0,0,0,0
asymmetric_p2p_tornado_16mib,sglb,2244,0,0,0,0,0,0
asymmetric_p2p_tornado_16mib,sglb,2246,0,0,0,0,0,0
asymmetric_p2p_tornado_16mib,sglb,2248,0,0,0,0,0,0
asymmetric_p2p_tornado_16mib,sglb,2250,0,0,0,0,0,0
asymmetric_p2p_tornado_16mib,sglb,2252,0,0,0,0,0,0
asymmetric_p2p_tornado_16mib,sglb,2254,0,0,0,0,0,0
asymmetric_p2p_tornado_16mib,sglb,2256,0,0,0,0,0,0
asymmetric_p2p_tornado_16mib,sglb,2258,0,0,0,0,0,0
asymmetric_p2p_tornado_16mib,sglb,2260,0,0,0,0,0,0
asymmetric_p2p_tornado_16mib,sglb,2262,0,0,0,0,0,0
asymmetric_p2p_tornado_16mib,sglb,2264,0,0,0,0,0,0
asymmetric_p2p_tornado_16mib,sglb,2266,0,0,0,0,0,0
asymmetric_p2p_tornado_16mib,sglb,2268,0,0,0,0,0,0
asymmetric_p2p_tornado_16mib,sglb,2270,0,0,0,0,0,0
asymmetric_p2p_tornado_16mib,sglb,2272,0,0,0,0,0,0
asymmetric_p2p_tornado_16mib,sglb,2274,0,0,0,0,0,0
asymmetric_p2p_tornado_16mib,sglb,2276,0,0,0,0,0,0
asymmetric_p2p_tornado_16mib,sglb,2278,0,0,0,0,0,0
asymmetric_p2p_tornado_16mib,sglb,2280,0,0,0,0,0,0
asymmetric_p2p_tornado_16mib,sglb,2282,0,0,0,0,0,0
asymmetric_p2p_tornado_16mib,sglb,2284,0,0,0,0,0,0
asymmetric_p2p_tornado_16mib,sglb,2286,0,0,0,0,0,0
asymmetric_p2p_tornado_16mib,sglb,2288,0,0,0,0,0,0
asymmetric_p2p_tornado_16mib,sglb,2290,0,0,0,0,0,0
asymmetric_p2p_tornado_16mib,sglb,2292,0,0,0,0,0,0
asymmetric_p2p_tornado_16mib,sglb,2294,0,0,0,0,0,0
asymmetric_p2p_tornado_16mib,sglb,2296,0,0,0,0,0,0
asymmetric_p2p_tornado_16mib,sglb,2298,0,0,0,0,0,0
asymmetric_p2p_tornado_16mib,sglb,2300,0,0,0,0,0,0
asymmetric_p2p_tornado_16mib,sglb,2302,0,0,0,0,0,0
asymmetric_p2p_tornado_16mib,sglb,2304,0,0,0,0,0,0
asymmetric_p2p_tornado_16mib,sglb,2306,0,0,0,0,0,0
asymmetric_p2p_tornado_16mib,sglb,2308,0,0,0,0,0,0
asymmetric_p2p_tornado_16mib,sglb,2310,0,0,0,0,0,0
asymmetric_p2p_tornado_16mib,sglb,2312,0,0,0,0,0,0
asymmetric_p2p_tornado_16mib,sglb,2314,0,0,0,0,0,0
asymmetric_p2p_tornado_16mib,sglb,2316,0,0,0,0,0,0
asymmetric_p2p_tornado_16mib,sglb,2318,0,0,0,0,0,0
asymmetric_p2p_tornado_16mib,sglb,2320,0,0,0,0,0,0
asymmetric_p2p_tornado_16mib,sglb,2322,0,0,0,0,0,0
asymmetric_p2p_tornado_16mib,sglb,2324,0,0,0,0,0,0
asymmetric_p2p_tornado_16mib,sglb,2326,0,0,0,0,0,0
asymmetric_p2p_tornado_16mib,sglb,2328,0,0,0,0,0,0
asymmetric_p2p_tornado_16mib,sglb,2330,0,0,0,0,0,0
asymmetric_p2p_tornado_16mib,sglb,2332,0,0,0,0,0,0
asymmetric_p2p_tornado_16mib,sglb,2334,0,0,0,0,0,0
asymmetric_p2p_tornado_16mib,sglb,2336,0,0,0,0,0,0
asymmetric_p2p_tornado_16mib,sglb,2338,0,0,0,0,0,0
asymmetric_p2p_tornado_16mib,sglb,2340,0,0,0,0,0,0
asymmetric_p2p_tornado_16mib,sglb,2342,0,0,0,0,0,0
asymmetric_p2p_tornado_16mib,sglb,2344,0,0,0,0,0,0
asymmetric_p2p_tornado_16mib,sglb,2346,0,0,0,0,0,0
asymmetric_p2p_tornado_16mib,sglb,2348,0,0,0,0,0,0
asymmetric_p2p_tornado_16mib,sglb,2350,0,0,0,0,0,0
asymmetric_p2p_tornado_16mib,sglb,2352,0,0,0,0,0,0
asymmetric_p2p_tornado_16mib,sglb,2354,0,0,0,0,0,0
asymmetric_p2p_tornado_16mib,sglb,2356,0,0,0,0,0,0
asymmetric_p2p_tornado_16mib,sglb,2358,0,0,0,0,0,0
asymmetric_p2p_tornado_16mib,sglb,2360,0,0,0,0,0,0
asymmetric_p2p_tornado_16mib,sglb,2362,0,0,0,0,0,0
asymmetric_p2p_tornado_16mib,sglb,2364,0,0,0,0,0,0
asymmetric_p2p_tornado_16mib,sglb,2366,0,0,0,0,0,0
asymmetric_p2p_tornado_16mib,sglb,2368,0,0,0,0,0,0
asymmetric_p2p_tornado_16mib,sglb,2370,0,0,0,0,0,0
asymmetric_p2p_tornado_16mib,sglb,2372,0,0,0,0,0,0
asymmetric_p2p_tornado_16mib,sglb,2374,0,0,0,0,0,0
asymmetric_p2p_tornado_16mib,sglb,2376,0,0,0,0,0,0
asymmetric_p2p_tornado_16mib,sglb,2378,0,0,0,0,0,0
asymmetric_p2p_tornado_16mib,sglb,2380,0,0,0,0,0,0
asymmetric_p2p_tornado_16mib,sglb,2382,0,0,0,0,0,0
asymmetric_p2p_tornado_16mib,sglb,2384,0,0,0,0,0,0
asymmetric_p2p_tornado_16mib,sglb,2386,0,0,0,0,0,0
asymmetric_p2p_tornado_16mib,sglb,2388,0,0,0,0,0,0
asymmetric_p2p_tornado_16mib,sglb,2390,0,0,0,0,0,0
asymmetric_p2p_tornado_16mib,sglb,2392,0,0,0,0,0,0
asymmetric_p2p_tornado_16mib,sglb,2394,0,0,0,0,0,0
asymmetric_p2p_tornado_16mib,sglb,2396,0,0,0,0,0,0
asymmetric_p2p_tornado_16mib,sglb,2398,0,0,0,0,0,0
asymmetric_p2p_tornado_16mib,sglb,2400,0,0,0,0,0,0
asymmetric_p2p_tornado_16mib,sglb,2402,0,0,0,0,0,0
asymmetric_p2p_tornado_16mib,sglb,2404,0,0,0,0,0,0
asymmetric_p2p_tornado_16mib,sglb,2406,0,0,0,0,0,0
asymmetric_p2p_tornado_16mib,sglb,2408,0,0,0,0,0,0
asymmetric_p2p_tornado_16mib,sglb,2410,0,0,0,0,0,0
asymmetric_p2p_tornado_16mib,sglb,2412,0,0,0,0,0,0
asymmetric_p2p_tornado_16mib,sglb,2414,0,0,0,0,0,0
asymmetric_p2p_tornado_16mib,sglb,2416,0,0,0,0,0,0
asymmetric_p2p_tornado_16mib,sglb,2418,0,0,0,0,0,0
asymmetric_p2p_tornado_16mib,sglb,2420,0,0,0,0,0,0
asymmetric_p2p_tornado_16mib,sglb,2422,0,0,0,0,0,0
asymmetric_p2p_tornado_16mib,sglb,2424,0,0,0,0,0,0
asymmetric_p2p_tornado_16mib,sglb,2426,0,0,0,0,0,0
asymmetric_p2p_tornado_16mib,sglb,2428,0,0,0,0,0,0
asymmetric_p2p_tornado_16mib,sglb,2430,0,0,0,0,0,0
asymmetric_p2p_tornado_16mib,sglb,2432,0,0,0,0,0,0
asymmetric_p2p_tornado_16mib,sglb,2434,0,0,0,0,0,0
asymmetric_p2p_tornado_16mib,sglb,2436,0,0,0,0,0,0
asymmetric_p2p_tornado_16mib,sglb,2438,0,0,0,0,0,0
asymmetric_p2p_tornado_16mib,sglb,2440,0,0,0,0,0,0
asymmetric_p2p_tornado_16mib,sglb,2442,0,0,0,0,0,0
asymmetric_p2p_tornado_16mib,sglb,2444,0,0,0,0,0,0
asymmetric_p2p_tornado_16mib,sglb,2446,0,0,0,0,0,0
asymmetric_p2p_tornado_16mib,sglb,2448,0,0,0,0,0,0
asymmetric_p2p_tornado_16mib,sglb,2450,0,0,0,0,0,0
asymmetric_p2p_tornado_16mib,sglb,2452,0,0,0,0,0,0
asymmetric_p2p_tornado_16mib,sglb,2454,0,0,0,0,0,0
asymmetric_p2p_tornado_16mib,sglb,2456,0,0,0,0,0,0
asymmetric_p2p_tornado_16mib,sglb,2458,0,0,0,0,0,0
asymmetric_p2p_tornado_16mib,sglb,2460,0,0,0,0,0,0
asymmetric_p2p_tornado_16mib,sglb,2462,0,0,0,0,0,0
asymmetric_p2p_tornado_16mib,sglb,2464,0,0,0,0,0,0
asymmetric_p2p_tornado_16mib,sglb,2466,0,0,0,0,0,0
asymmetric_p2p_tornado_16mib,sglb,2468,0,0,0,0,0,0
asymmetric_p2p_tornado_16mib,sglb,2470,0,0,0,0,0,0
asymmetric_p2p_tornado_16mib,sglb,2472,0,0,0,0,0,0
asymmetric_p2p_tornado_16mib,sglb,2474,0,0,0,0,0,0
asymmetric_p2p_tornado_16mib,sglb,2476,0,0,0,0,0,0
asymmetric_p2p_tornado_16mib,sglb,2478,0,0,0,0,0,0
asymmetric_p2p_tornado_16mib,sglb,2480,0,0,0,0,0,0
asymmetric_p2p_tornado_16mib,sglb,2482,0,0,0,0,0,0
asymmetric_p2p_tornado_16mib,sglb,2484,0,0,0,0,0,0
asymmetric_p2p_tornado_16mib,sglb,2486,0,0,0,0,0,0
asymmetric_p2p_tornado_16mib,sglb,2488,0,0,0,0,0,0
asymmetric_p2p_tornado_16mib,sglb,2490,0,0,0,0,0,0
asymmetric_p2p_tornado_16mib,sglb,2492,0,0,0,0,0,0
asymmetric_p2p_tornado_16mib,sglb,2494,0,0,0,0,0,0
asymmetric_p2p_tornado_16mib,sglb,2496,0,0,0,0,0,0
asymmetric_p2p_tornado_16mib,sglb,2498,0,0,0,0,0,0
asymmetric_p2p_tornado_16mib,sglb,2500,0,0,0,0,0,0
asymmetric_p2p_tornado_16mib,sglb,2502,0,0,0,0,0,0
asymmetric_p2p_tornado_16mib,sglb,2504,0,0,0,0,0,0
asymmetric_p2p_tornado_16mib,sglb,2506,0,0,0,0,0,0
asymmetric_p2p_tornado_16mib,sglb,2508,0,0,0,0,0,0
asymmetric_p2p_tornado_16mib,sglb,2510,0,0,0,0,0,0
asymmetric_p2p_tornado_16mib,sglb,2512,0,0,0,0,0,0
asymmetric_p2p_tornado_16mib,sglb,2514,0,0,0,0,0,0
asymmetric_p2p_tornado_16mib,sglb,2516,0,0,0,0,0,0
asymmetric_p2p_tornado_16mib,sglb,2518,0,0,0,0,0,0
asymmetric_p2p_tornado_16mib,sglb,2520,0,0,0,0,0,0
asymmetric_p2p_tornado_16mib,sglb,2522,0,0,0,0,0,0
asymmetric_p2p_tornado_16mib,sglb,2524,0,0,0,0,0,0
asymmetric_p2p_tornado_16mib,sglb,2526,0,0,0,0,0,0
asymmetric_p2p_tornado_16mib,sglb,2528,0,0,0,0,0,0
asymmetric_p2p_tornado_16mib,sglb,2530,0,0,0,0,0,0
asymmetric_p2p_tornado_16mib,sglb,2532,0,0,0,0,0,0
asymmetric_p2p_tornado_16mib,sglb,2534,0,0,0,0,0,0
asymmetric_p2p_tornado_16mib,sglb,2536,0,0,0,0,0,0
asymmetric_p2p_tornado_16mib,sglb,2538,0,0,0,0,0,0
asymmetric_p2p_tornado_16mib,sglb,2540,0,0,0,0,0,0
asymmetric_p2p_tornado_16mib,sglb,2542,0,0,0,0,0,0
asymmetric_p2p_tornado_16mib,sglb,2544,0,0,0,0,0,0
asymmetric_p2p_tornado_16mib,sglb,2546,0,0,0,0,0,0
asymmetric_p2p_tornado_16mib,sglb,2548,0,0,0,0,0,0
asymmetric_p2p_tornado_16mib,sglb,2550,0,0,0,0,0,0
asymmetric_p2p_tornado_16mib,sglb,2552,0,0,0,0,0,0
asymmetric_p2p_tornado_16mib,sglb,2554,0,0,0,0,0,0
asymmetric_p2p_tornado_16mib,sglb,2556,0,0,0,0,0,0
asymmetric_p2p_tornado_16mib,sglb,2558,0,0,0,0,0,0
asymmetric_p2p_tornado_16mib,sglb,2560,0,0,0,0,0,0
asymmetric_p2p_tornado_16mib,sglb,2562,0,0,0,0,0,0
asymmetric_p2p_tornado_16mib,sglb,2564,0,0,0,0,0,0
asymmetric_p2p_tornado_16mib,sglb,2566,0,0,0,0,0,0
asymmetric_p2p_tornado_16mib,sglb,2568,0,0,0,0,0,0
asymmetric_p2p_tornado_16mib,sglb,2570,0,0,0,0,0,0
asymmetric_p2p_tornado_16mib,sglb,2572,0,0,0,0,0,0
asymmetric_p2p_tornado_16mib,sglb,2574,0,0,0,0,0,0
asymmetric_p2p_tornado_16mib,sglb,2576,0,0,0,0,0,0
asymmetric_p2p_tornado_16mib,sglb,2578,0,0,0,0,0,0
asymmetric_p2p_tornado_16mib,sglb,2580,0,0,0,0,0,0
asymmetric_p2p_tornado_16mib,sglb,2582,0,0,0,0,0,0
asymmetric_p2p_tornado_16mib,sglb,2584,0,0,0,0,0,0
asymmetric_p2p_tornado_16mib,sglb,2586,0,0,0,0,0,0
asymmetric_p2p_tornado_16mib,sglb,2588,0,0,0,0,0,0
asymmetric_p2p_tornado_16mib,sglb,2590,0,0,0,0,0,0
asymmetric_p2p_tornado_16mib,sglb,2592,0,0,0,0,0,0
asymmetric_p2p_tornado_16mib,sglb,2594,0,0,0,0,0,0
asymmetric_p2p_tornado_16mib,sglb,2596,0,0,0,0,0,0
asymmetric_p2p_tornado_16mib,sglb,2598,0,0,0,0,0,0
asymmetric_p2p_tornado_16mib,sglb,2600,0,0,0,0,0,0
asymmetric_p2p_tornado_16mib,sglb,2602,0,0,0,0,0,0
asymmetric_p2p_tornado_16mib,sglb,2604,0,0,0,0,0,0
asymmetric_p2p_tornado_16mib,sglb,2606,0,0,0,0,0,0
asymmetric_p2p_tornado_16mib,sglb,2608,0,0,0,0,0,0
asymmetric_p2p_tornado_16mib,sglb,2610,0,0,0,0,0,0
asymmetric_p2p_tornado_16mib,sglb,2612,0,0,0,0,0,0
asymmetric_p2p_tornado_16mib,sglb,2614,0,0,0,0,0,0
asymmetric_p2p_tornado_16mib,sglb,2616,0,0,0,0,0,0
asymmetric_p2p_tornado_16mib,sglb,2618,0,0,0,0,0,0
asymmetric_p2p_tornado_16mib,sglb,2620,0,0,0,0,0,0
asymmetric_p2p_tornado_16mib,sglb,2622,0,0,0,0,0,0
asymmetric_p2p_tornado_16mib,sglb,2624,0,0,0,0,0,0
asymmetric_p2p_tornado_16mib,sglb,2626,0,0,0,0,0,0
asymmetric_p2p_tornado_16mib,sglb,2628,0,0,0,0,0,0
asymmetric_p2p_tornado_16mib,sglb,2630,0,0,0,0,0,0
asymmetric_p2p_tornado_16mib,sglb,2632,0,0,0,0,0,0
asymmetric_p2p_tornado_16mib,sglb,2634,0,0,0,0,0,0
asymmetric_p2p_tornado_16mib,sglb,2636,0,0,0,0,0,0
asymmetric_p2p_tornado_16mib,sglb,2638,0,0,0,0,0,0
asymmetric_p2p_tornado_16mib,sglb,2640,0,0,0,0,0,0
asymmetric_p2p_tornado_16mib,sglb,2642,0,0,0,0,0,0
asymmetric_p2p_tornado_16mib,sglb,2644,0,0,0,0,0,0
asymmetric_p2p_tornado_16mib,sglb,2646,0,0,0,0,0,0
asymmetric_p2p_tornado_16mib,sglb,2648,0,0,0,0,0,0
asymmetric_p2p_tornado_16mib,sglb,2650,0,0,0,0,0,0
asymmetric_p2p_tornado_16mib,sglb,2652,0,0,0,0,0,0
asymmetric_p2p_tornado_16mib,sglb,2654,0,0,0,0,0,0
asymmetric_p2p_tornado_16mib,sglb,2656,0,0,0,0,0,0
asymmetric_p2p_tornado_16mib,sglb,2658,0,0,0,0,0,0
asymmetric_p2p_tornado_16mib,sglb,2660,0,0,0,0,0,0
asymmetric_p2p_tornado_16mib,sglb,2662,0,0,0,0,0,0
asymmetric_p2p_tornado_16mib,sglb,2664,0,0,0,0,0,0
asymmetric_p2p_tornado_16mib,sglb,2666,0,0,0,0,0,0
asymmetric_p2p_tornado_16mib,sglb,2668,0,0,0,0,0,0
asymmetric_p2p_tornado_16mib,sglb,2670,0,0,0,0,0,0
asymmetric_p2p_tornado_16mib,sglb,2672,0,0,0,0,0,0
asymmetric_p2p_tornado_16mib,sglb,2674,0,0,0,0,0,0
asymmetric_p2p_tornado_16mib,sglb,2676,0,0,0,0,0,0
asymmetric_p2p_tornado_16mib,sglb,2678,0,0,0,0,0,0
asymmetric_p2p_tornado_16mib,sglb,2680,0,0,0,0,0,0
asymmetric_p2p_tornado_16mib,sglb,2682,0,0,0,0,0,0
asymmetric_p2p_tornado_16mib,sglb,2684,0,0,0,0,0,0
asymmetric_p2p_tornado_16mib,sglb,2686,0,0,0,0,0,0
asymmetric_p2p_tornado_16mib,sglb,2688,0,0,0,0,0,0
asymmetric_p2p_tornado_16mib,sglb,2690,0,0,0,0,0,0
asymmetric_p2p_tornado_16mib,sglb,2692,0,0,0,0,0,0
asymmetric_p2p_tornado_16mib,sglb,2694,0,0,0,0,0,0
asymmetric_p2p_tornado_16mib,sglb,2696,0,0,0,0,0,0
asymmetric_p2p_tornado_16mib,sglb,2698,0,0,0,0,0,0
asymmetric_p2p_tornado_16mib,sglb,2700,0,0,0,0,0,0
asymmetric_p2p_tornado_16mib,sglb,2702,0,0,0,0,0,0
asymmetric_p2p_tornado_16mib,sglb,2704,0,0,0,0,0,0
asymmetric_p2p_tornado_16mib,sglb,2706,0,0,0,0,0,0
asymmetric_p2p_tornado_16mib,sglb,2708,0,0,0,0,0,0
asymmetric_p2p_tornado_16mib,sglb,2710,0,0,0,0,0,0
asymmetric_p2p_tornado_16mib,sglb,2712,0,0,0,0,0,0
asymmetric_p2p_tornado_16mib,sglb,2714,0,0,0,0,0,0
asymmetric_p2p_tornado_16mib,sglb,2716,0,0,0,0,0,0
asymmetric_p2p_tornado_16mib,sglb,2718,0,0,0,0,0,0
asymmetric_p2p_tornado_16mib,sglb,2720,0,0,0,0,0,0
asymmetric_p2p_tornado_16mib,sglb,2722,0,0,0,0,0,0
asymmetric_p2p_tornado_16mib,sglb,2724,0,0,0,0,0,0
asymmetric_p2p_tornado_16mib,sglb,2726,0,0,0,0,0,0
asymmetric_p2p_tornado_16mib,sglb,2728,0,0,0,0,0,0
asymmetric_p2p_tornado_16mib,sglb,2730,0,0,0,0,0,0
asymmetric_p2p_tornado_16mib,sglb,2732,0,0,0,0,0,0
asymmetric_p2p_tornado_16mib,sglb,2734,0,0,0,0,0,0
asymmetric_p2p_tornado_16mib,sglb,2736,0,0,0,0,0,0
asymmetric_p2p_tornado_16mib,sglb,2738,0,0,0,0,0,0
asymmetric_p2p_tornado_16mib,sglb,2740,0,0,0,0,0,0
asymmetric_p2p_tornado_16mib,sglb,2742,0,0,0,0,0,0
asymmetric_p2p_tornado_16mib,sglb,2744,0,0,0,0,0,0
asymmetric_p2p_tornado_16mib,sglb,2746,0,0,0,0,0,0
asymmetric_p2p_tornado_16mib,sglb,2748,0,0,0,0,0,0
asymmetric_p2p_tornado_16mib,sglb,2750,0,0,0,0,0,0
asymmetric_p2p_tornado_16mib,sglb,2752,0,0,0,0,0,0
asymmetric_p2p_tornado_16mib,sglb,2754,0,0,0,0,0,0
asymmetric_p2p_tornado_16mib,sglb,2756,0,0,0,0,0,0
asymmetric_p2p_tornado_16mib,sglb,2758,0,0,0,0,0,0
asymmetric_p2p_tornado_16mib,sglb,2760,0,0,0,0,0,0
asymmetric_p2p_tornado_16mib,sglb,2762,0,0,0,0,0,0
asymmetric_p2p_tornado_16mib,sglb,2764,0,0,0,0,0,0
asymmetric_p2p_tornado_16mib,sglb,2766,0,0,0,0,0,0
asymmetric_p2p_tornado_16mib,sglb,2768,0,0,0,0,0,0
asymmetric_p2p_tornado_16mib,sglb,2770,0,0,0,0,0,0
asymmetric_p2p_tornado_16mib,sglb,2772,0,0,0,0,0,0
asymmetric_p2p_tornado_16mib,sglb,2774,0,0,0,0,0,0
asymmetric_p2p_tornado_16mib,sglb,2776,0,0,0,0,0,0
asymmetric_p2p_tornado_16mib,sglb,2778,0,0,0,0,0,0
asymmetric_p2p_tornado_16mib,sglb,2780,0,0,0,0,0,0
asymmetric_p2p_tornado_16mib,sglb,2782,0,0,0,0,0,0
asymmetric_p2p_tornado_16mib,sglb,2784,0,0,0,0,0,0
asymmetric_p2p_tornado_16mib,sglb,2786,0,0,0,0,0,0
asymmetric_p2p_tornado_16mib,sglb,2788,0,0,0,0,0,0
asymmetric_p2p_tornado_16mib,sglb,2790,0,0,0,0,0,0
asymmetric_p2p_tornado_16mib,sglb,2792,0,0,0,0,0,0
asymmetric_p2p_tornado_16mib,sglb,2794,0,0,0,0,0,0
asymmetric_p2p_tornado_16mib,sglb,2796,0,0,0,0,0,0
asymmetric_p2p_tornado_16mib,sglb,2798,0,0,0,0,0,0
asymmetric_p2p_tornado_16mib,sglb,2800,0,0,0,0,0,0
asymmetric_p2p_tornado_16mib,sglb,2802,0,0,0,0,0,0
asymmetric_p2p_tornado_16mib,sglb,2804,0,0,0,0,0,0
asymmetric_p2p_tornado_16mib,sglb,2806,0,0,0,0,0,0
asymmetric_p2p_tornado_16mib,sglb,2808,0,0,0,0,0,0
asymmetric_p2p_tornado_16mib,sglb,2810,0,0,0,0,0,0
asymmetric_p2p_tornado_16mib,sglb,2812,0,0,0,0,0,0
asymmetric_p2p_tornado_16mib,sglb,2814,0,0,0,0,0,0
asymmetric_p2p_tornado_16mib,sglb,2816,0,0,0,0,0,0
asymmetric_p2p_tornado_16mib,sglb,2818,0,0,0,0,0,0
asymmetric_p2p_tornado_16mib,sglb,2820,0,0,0,0,0,0
asymmetric_p2p_tornado_16mib,sglb,2822,0,0,0,0,0,0
asymmetric_p2p_tornado_16mib,sglb,2824,0,0,0,0,0,0
asymmetric_p2p_tornado_16mib,sglb,2826,0,0,0,0,0,0
asymmetric_p2p_tornado_16mib,sglb,2828,0,0,0,0,0,0
asymmetric_p2p_tornado_16mib,sglb,2830,0,0,0,0,0,0
asymmetric_p2p_tornado_16mib,sglb,2832,0,0,0,0,0,0
asymmetric_p2p_tornado_16mib,sglb,2834,0,0,0,0,0,0
asymmetric_p2p_tornado_16mib,sglb,2836,0,0,0,0,0,0
asymmetric_p2p_tornado_16mib,sglb,2838,0,0,0,0,0,0
asymmetric_p2p_tornado_16mib,sglb,2840,0,0,0,0,0,0
asymmetric_p2p_tornado_16mib,sglb,2842,0,0,0,0,0,0
asymmetric_p2p_tornado_16mib,sglb,2844,0,0,0,0,0,0
asymmetric_p2p_tornado_16mib,sglb,2846,0,0,0,0,0,0
asymmetric_p2p_tornado_16mib,sglb,2848,0,0,0,0,0,0
asymmetric_p2p_tornado_16mib,sglb,2850,0,0,0,0,0,0
asymmetric_p2p_tornado_16mib,sglb,2852,0,0,0,0,0,0
asymmetric_p2p_tornado_16mib,sglb,2854,0,0,0,0,0,0
asymmetric_p2p_tornado_16mib,sglb,2856,0,0,0,0,0,0
asymmetric_p2p_tornado_16mib,sglb,2858,0,0,0,0,0,0
asymmetric_p2p_tornado_16mib,sglb,2860,0,0,0,0,0,0
asymmetric_p2p_tornado_16mib,sglb,2862,0,0,0,0,0,0
asymmetric_p2p_tornado_16mib,sglb,2864,0,0,0,0,0,0
asymmetric_p2p_tornado_16mib,sglb,2866,0,0,0,0,0,0
asymmetric_p2p_tornado_16mib,sglb,2868,0,0,0,0,0,0
asymmetric_p2p_tornado_16mib,sglb,2870,0,0,0,0,0,0
asymmetric_p2p_tornado_16mib,sglb,2872,0,0,0,0,0,0
asymmetric_p2p_tornado_16mib,sglb,2874,0,0,0,0,0,0
asymmetric_p2p_tornado_16mib,sglb,2876,0,0,0,0,0,0
asymmetric_p2p_tornado_16mib,sglb,2878,0,0,0,0,0,0
asymmetric_p2p_tornado_16mib,sglb,2880,0,0,0,0,0,0
asymmetric_p2p_tornado_16mib,sglb,2882,0,0,0,0,0,0
asymmetric_p2p_tornado_16mib,sglb,2884,0,0,0,0,0,0
asymmetric_p2p_tornado_16mib,sglb,2886,0,0,0,0,0,0
asymmetric_p2p_tornado_16mib,sglb,2888,0,0,0,0,0,0
asymmetric_p2p_tornado_16mib,sglb,2890,0,0,0,0,0,0
asymmetric_p2p_tornado_16mib,sglb,2892,0,0,0,0,0,0
asymmetric_p2p_tornado_16mib,sglb,2894,0,0,0,0,0,0
asymmetric_p2p_tornado_16mib,sglb,2896,0,0,0,0,0,0
asymmetric_p2p_tornado_16mib,sglb,2898,0,0,0,0,0,0
asymmetric_p2p_tornado_16mib,sglb,2900,0,0,0,0,0,0
asymmetric_p2p_tornado_16mib,sglb,2902,0,0,0,0,0,0
asymmetric_p2p_tornado_16mib,sglb,2904,0,0,0,0,0,0
asymmetric_p2p_tornado_16mib,sglb,2906,0,0,0,0,0,0
asymmetric_p2p_tornado_16mib,sglb,2908,0,0,0,0,0,0
asymmetric_p2p_tornado_16mib,sglb,2910,0,0,0,0,0,0
asymmetric_p2p_tornado_16mib,sglb,2912,0,0,0,0,0,0
asymmetric_p2p_tornado_16mib,sglb,2914,0,0,0,0,0,0
asymmetric_p2p_tornado_16mib,sglb,2916,0,0,0,0,0,0
asymmetric_p2p_tornado_16mib,sglb,2918,0,0,0,0,0,0
asymmetric_p2p_tornado_16mib,sglb,2920,0,0,0,0,0,0
asymmetric_p2p_tornado_16mib,sglb,2922,0,0,0,0,0,0
asymmetric_p2p_tornado_16mib,sglb,2924,0,0,0,0,0,0
asymmetric_p2p_tornado_16mib,sglb,2926,0,0,0,0,0,0
asymmetric_p2p_tornado_16mib,sglb,2928,0,0,0,0,0,0
asymmetric_p2p_tornado_16mib,sglb,2930,0,0,0,0,0,0
asymmetric_p2p_tornado_16mib,sglb,2932,0,0,0,0,0,0
asymmetric_p2p_tornado_16mib,sglb,2934,0,0,0,0,0,0
asymmetric_p2p_tornado_16mib,sglb,2936,0,0,0,0,0,0
asymmetric_p2p_tornado_16mib,sglb,2938,0,0,0,0,0,0
asymmetric_p2p_tornado_16mib,sglb,2940,0,0,0,0,0,0
asymmetric_p2p_tornado_16mib,sglb,2942,0,0,0,0,0,0
asymmetric_p2p_tornado_16mib,sglb,2944,0,0,0,0,0,0
asymmetric_p2p_tornado_16mib,sglb,2946,0,0,0,0,0,0
asymmetric_p2p_tornado_16mib,sglb,2948,0,0,0,0,0,0
asymmetric_p2p_tornado_16mib,sglb,2950,0,0,0,0,0,0
asymmetric_p2p_tornado_16mib,sglb,2952,0,0,0,0,0,0
asymmetric_p2p_tornado_16mib,sglb,2954,0,0,0,0,0,0
asymmetric_p2p_tornado_16mib,sglb,2956,0,0,0,0,0,0
asymmetric_p2p_tornado_16mib,sglb,2958,0,0,0,0,0,0
asymmetric_p2p_tornado_16mib,sglb,2960,0,0,0,0,0,0
asymmetric_p2p_tornado_16mib,sglb,2962,0,0,0,0,0,0
asymmetric_p2p_tornado_16mib,sglb,2964,0,0,0,0,0,0
asymmetric_p2p_tornado_16mib,sglb,2966,0,0,0,0,0,0
asymmetric_p2p_tornado_16mib,sglb,2968,0,0,0,0,0,0
asymmetric_p2p_tornado_16mib,sglb,2970,0,0,0,0,0,0
asymmetric_p2p_tornado_16mib,sglb,2972,0,0,0,0,0,0
asymmetric_p2p_tornado_16mib,sglb,2974,0,0,0,0,0,0
asymmetric_p2p_tornado_16mib,sglb,2976,0,0,0,0,0,0
asymmetric_p2p_tornado_16mib,sglb,2978,0,0,0,0,0,0
asymmetric_p2p_tornado_16mib,sglb,2980,0,0,0,0,0,0
asymmetric_p2p_tornado_16mib,sglb,2982,0,0,0,0,0,0
asymmetric_p2p_tornado_16mib,sglb,2984,0,0,0,0,0,0
asymmetric_p2p_tornado_16mib,sglb,2986,0,0,0,0,0,0
asymmetric_p2p_tornado_16mib,sglb,2988,0,0,0,0,0,0
asymmetric_p2p_tornado_16mib,sglb,2990,0,0,0,0,0,0
asymmetric_p2p_tornado_16mib,sglb,2992,0,0,0,0,0,0
asymmetric_p2p_tornado_16mib,sglb,2994,0,0,0,0,0,0
asymmetric_p2p_tornado_16mib,sglb,2996,0,0,0,0,0,0
asymmetric_p2p_tornado_16mib,sglb,2998,0,0,0,0,0,0
asymmetric_p2p_tornado_16mib,sglb,3000,0,0,0,0,0,0
asymmetric_p2p_tornado_16mib,sglb,3002,0,0,0,0,0,0
asymmetric_p2p_tornado_16mib,sglb,3004,0,0,0,0,0,0
asymmetric_p2p_tornado_16mib,sglb,3006,0,0,0,0,0,0
asymmetric_p2p_tornado_16mib,sglb,3008,0,0,0,0,0,0
asymmetric_p2p_tornado_16mib,sglb,3010,0,0,0,0,0,0
asymmetric_p2p_tornado_16mib,sglb,3012,0,0,0,0,0,0
asymmetric_p2p_tornado_16mib,sglb,3014,0,0,0,0,0,0
asymmetric_p2p_tornado_16mib,sglb,3016,0,0,0,0,0,0
asymmetric_p2p_tornado_16mib,sglb,3018,0,0,0,0,0,0
asymmetric_p2p_tornado_16mib,sglb,3020,0,0,0,0,0,0
asymmetric_p2p_tornado_16mib,sglb,3022,0,0,0,0,0,0
asymmetric_p2p_tornado_16mib,sglb,3024,0,0,0,0,0,0
asymmetric_p2p_tornado_16mib,sglb,3026,0,0,0,0,0,0
asymmetric_p2p_tornado_16mib,sglb,3028,0,0,0,0,0,0
asymmetric_p2p_tornado_16mib,sglb,3030,0,0,0,0,0,0
asymmetric_p2p_tornado_16mib,sglb,3032,0,0,0,0,0,0
asymmetric_p2p_tornado_16mib,sglb,3034,0,0,0,0,0,0
asymmetric_p2p_tornado_16mib,sglb,3036,0,0,0,0,0,0
asymmetric_p2p_tornado_16mib,sglb,3038,0,0,0,0,0,0
asymmetric_p2p_tornado_16mib,sglb,3040,0,0,0,0,0,0
asymmetric_p2p_tornado_16mib,sglb,3042,0,0,0,0,0,0
asymmetric_p2p_tornado_16mib,sglb,3044,0,0,0,0,0,0
asymmetric_p2p_tornado_16mib,sglb,3046,0,0,0,0,0,0
asymmetric_p2p_tornado_16mib,sglb,3048,0,0,0,0,0,0
asymmetric_p2p_tornado_16mib,sglb,3050,0,0,0,0,0,0
asymmetric_p2p_tornado_16mib,sglb,3052,0,0,0,0,0,0
asymmetric_p2p_tornado_16mib,sglb,3054,0,0,0,0,0,0
asymmetric_p2p_tornado_16mib,sglb,3056,0,0,0,0,0,0
asymmetric_p2p_tornado_16mib,sglb,3058,0,0,0,0,0,0
asymmetric_p2p_tornado_16mib,sglb,3060,0,0,0,0,0,0
asymmetric_p2p_tornado_16mib,sglb,3062,0,0,0,0,0,0
asymmetric_p2p_tornado_16mib,sglb,3064,0,0,0,0,0,0
asymmetric_p2p_tornado_16mib,sglb,3066,0,0,0,0,0,0
asymmetric_p2p_tornado_16mib,sglb,3068,0,0,0,0,0,0
asymmetric_p2p_tornado_16mib,sglb,3070,0,0,0,0,0,0
asymmetric_p2p_tornado_16mib,sglb,3072,0,0,0,0,0,0
asymmetric_p2p_tornado_16mib,sglb,3074,0,0,0,0,0,0
asymmetric_p2p_tornado_16mib,sglb,3076,0,0,0,0,0,0
asymmetric_p2p_tornado_16mib,sglb,3078,0,0,0,0,0,0
asymmetric_p2p_tornado_16mib,sglb,3080,0,0,0,0,0,0
asymmetric_p2p_tornado_16mib,sglb,3082,0,0,0,0,0,0
asymmetric_p2p_tornado_16mib,sglb,3084,0,0,0,0,0,0
asymmetric_p2p_tornado_16mib,sglb,3086,0,0,0,0,0,0
asymmetric_p2p_tornado_16mib,sglb,3088,0,0,0,0,0,0
asymmetric_p2p_tornado_16mib,sglb,3090,0,0,0,0,0,0
asymmetric_p2p_tornado_16mib,sglb,3092,0,0,0,0,0,0
asymmetric_p2p_tornado_16mib,sglb,3094,0,0,0,0,0,0
asymmetric_p2p_tornado_16mib,sglb,3096,0,0,0,0,0,0
asymmetric_p2p_tornado_16mib,sglb,3098,0,0,0,0,0,0
asymmetric_p2p_tornado_16mib,sglb,3100,0,0,0,0,0,0
asymmetric_p2p_tornado_16mib,sglb,3102,0,0,0,0,0,0
asymmetric_p2p_tornado_16mib,sglb,3104,0,0,0,0,0,0
asymmetric_p2p_tornado_16mib,sglb,3106,0,0,0,0,0,0
asymmetric_p2p_tornado_16mib,sglb,3108,0,0,0,0,0,0
asymmetric_p2p_tornado_16mib,sglb,3110,0,0,0,0,0,0
asymmetric_p2p_tornado_16mib,sglb,3112,0,0,0,0,0,0
asymmetric_p2p_tornado_16mib,sglb,3114,0,0,0,0,0,0
asymmetric_p2p_tornado_16mib,sglb,3116,0,0,0,0,0,0
asymmetric_p2p_tornado_16mib,sglb,3118,0,0,0,0,0,0
asymmetric_p2p_tornado_16mib,sglb,3120,0,0,0,0,0,0
asymmetric_p2p_tornado_16mib,sglb,3122,0,0,0,0,0,0
asymmetric_p2p_tornado_16mib,sglb,3124,0,0,0,0,0,0
asymmetric_p2p_tornado_16mib,sglb,3126,0,0,0,0,0,0
asymmetric_p2p_tornado_16mib,sglb,3128,0,0,0,0,0,0
asymmetric_p2p_tornado_16mib,sglb,3130,0,0,0,0,0,0
asymmetric_p2p_tornado_16mib,sglb,3132,0,0,0,0,0,0
asymmetric_p2p_tornado_16mib,sglb,3134,0,0,0,0,0,0
asymmetric_p2p_tornado_16mib,sglb,3136,0,0,0,0,0,0
asymmetric_p2p_tornado_16mib,sglb,3138,0,0,0,0,0,0
asymmetric_p2p_tornado_16mib,sglb,3140,0,0,0,0,0,0
asymmetric_p2p_tornado_16mib,sglb,3142,0,0,0,0,0,0
asymmetric_p2p_tornado_16mib,sglb,3144,0,0,0,0,0,0
asymmetric_p2p_tornado_16mib,sglb,3146,0,0,0,0,0,0
asymmetric_p2p_tornado_16mib,sglb,3148,0,0,0,0,0,0
asymmetric_p2p_tornado_16mib,sglb,3150,0,0,0,0,0,0
asymmetric_p2p_tornado_16mib,sglb,3152,0,0,0,0,0,0
asymmetric_p2p_tornado_16mib,sglb,3154,0,0,0,0,0,0
asymmetric_p2p_tornado_16mib,sglb,3156,0,0,0,0,0,0
asymmetric_p2p_tornado_16mib,sglb,3158,0,0,0,0,0,0
asymmetric_p2p_tornado_16mib,sglb,3160,0,0,0,0,0,0
asymmetric_p2p_tornado_16mib,sglb,3162,0,0,0,0,0,0
asymmetric_p2p_tornado_16mib,sglb,3164,0,0,0,0,0,0
asymmetric_p2p_tornado_16mib,sglb,3166,0,0,0,0,0,0
asymmetric_p2p_tornado_16mib,sglb,3168,0,0,0,0,0,0
asymmetric_p2p_tornado_16mib,sglb,3170,0,0,0,0,0,0
asymmetric_p2p_tornado_16mib,sglb,3172,0,0,0,0,0,0
asymmetric_p2p_tornado_16mib,sglb,3174,0,0,0,0,0,0
asymmetric_p2p_tornado_16mib,sglb,3176,0,0,0,0,0,0
asymmetric_p2p_tornado_16mib,sglb,3178,0,0,0,0,0,0
asymmetric_p2p_tornado_16mib,sglb,3180,0,0,0,0,0,0
asymmetric_p2p_tornado_16mib,sglb,3182,0,0,0,0,0,0
asymmetric_p2p_tornado_16mib,sglb,3184,0,0,0,0,0,0
asymmetric_p2p_tornado_16mib,sglb,3186,0,0,0,0,0,0
asymmetric_p2p_tornado_16mib,sglb,3188,0,0,0,0,0,0
asymmetric_p2p_tornado_16mib,sglb,3190,0,0,0,0,0,0
asymmetric_p2p_tornado_16mib,sglb,3192,0,0,0,0,0,0
asymmetric_p2p_tornado_16mib,sglb,3194,0,0,0,0,0,0
asymmetric_p2p_tornado_16mib,sglb,3196,0,0,0,0,0,0
asymmetric_p2p_tornado_16mib,sglb,3198,0,0,0,0,0,0
asymmetric_p2p_tornado_16mib,sglb,3200,0,0,0,0,0,0
asymmetric_p2p_tornado_16mib,sglb,3202,0,0,0,0,0,0
asymmetric_p2p_tornado_16mib,sglb,3204,0,0,0,0,0,0
asymmetric_p2p_tornado_16mib,sglb,3206,0,0,0,0,0,0
asymmetric_p2p_tornado_16mib,sglb,3208,0,0,0,0,0,0
asymmetric_p2p_tornado_16mib,sglb,3210,0,0,0,0,0,0
asymmetric_p2p_tornado_16mib,sglb,3212,0,0,0,0,0,0
asymmetric_p2p_tornado_16mib,sglb,3214,0,0,0,0,0,0
asymmetric_p2p_tornado_16mib,sglb,3216,0,0,0,0,0,0
asymmetric_p2p_tornado_16mib,sglb,3218,0,0,0,0,0,0
asymmetric_p2p_tornado_16mib,sglb,3220,0,0,0,0,0,0
asymmetric_p2p_tornado_16mib,sglb,3222,0,0,0,0,0,0
asymmetric_p2p_tornado_16mib,sglb,3224,0,0,0,0,0,0
asymmetric_p2p_tornado_16mib,sglb,3226,0,0,0,0,0,0
asymmetric_p2p_tornado_16mib,sglb,3228,0,0,0,0,0,0
asymmetric_p2p_tornado_16mib,sglb,3230,0,0,0,0,0,0
asymmetric_p2p_tornado_16mib,sglb,3232,0,0,0,0,0,0
asymmetric_p2p_tornado_16mib,sglb,3234,0,0,0,0,0,0
asymmetric_p2p_tornado_16mib,sglb,3236,0,0,0,0,0,0
asymmetric_p2p_tornado_16mib,sglb,3238,0,0,0,0,0,0
asymmetric_p2p_tornado_16mib,sglb,3240,0,0,0,0,0,0
asymmetric_p2p_tornado_16mib,sglb,3242,0,0,0,0,0,0
asymmetric_p2p_tornado_16mib,sglb,3244,0,0,0,0,0,0
asymmetric_p2p_tornado_16mib,sglb,3246,0,0,0,0,0,0
asymmetric_p2p_tornado_16mib,sglb,3248,0,0,0,0,0,0
asymmetric_p2p_tornado_16mib,sglb,3250,0,0,0,0,0,0
asymmetric_p2p_tornado_16mib,sglb,3252,0,0,0,0,0,0
asymmetric_p2p_tornado_16mib,sglb,3254,0,0,0,0,0,0
asymmetric_p2p_tornado_16mib,sglb,3256,0,0,0,0,0,0
asymmetric_p2p_tornado_16mib,sglb,3258,0,0,0,0,0,0
asymmetric_p2p_tornado_16mib,sglb,3260,0,0,0,0,0,0
asymmetric_p2p_tornado_16mib,sglb,3262,0,0,0,0,0,0
asymmetric_p2p_tornado_16mib,sglb,3264,0,0,0,0,0,0
asymmetric_p2p_tornado_16mib,sglb,3266,0,0,0,0,0,0
asymmetric_p2p_tornado_16mib,sglb,3268,0,0,0,0,0,0
asymmetric_p2p_tornado_16mib,sglb,3270,0,0,0,0,0,0
asymmetric_p2p_tornado_16mib,sglb,3272,0,0,0,0,0,0
asymmetric_p2p_tornado_16mib,sglb,3274,0,0,0,0,0,0
asymmetric_p2p_tornado_16mib,sglb,3276,0,0,0,0,0,0
asymmetric_p2p_tornado_16mib,sglb,3278,0,0,0,0,0,0
asymmetric_p2p_tornado_16mib,sglb,3280,0,0,0,0,0,0
asymmetric_p2p_tornado_16mib,sglb,3282,0,0,0,0,0,0
asymmetric_p2p_tornado_16mib,sglb,3284,0,0,0,0,0,0
asymmetric_p2p_tornado_16mib,sglb,3286,0,0,0,0,0,0
asymmetric_p2p_tornado_16mib,sglb,3288,0,0,0,0,0,0
asymmetric_p2p_tornado_16mib,sglb,3290,0,0,0,0,0,0
asymmetric_p2p_tornado_16mib,sglb,3292,0,0,0,0,0,0
asymmetric_p2p_tornado_16mib,sglb,3294,0,0,0,0,0,0
asymmetric_p2p_tornado_16mib,sglb,3296,0,0,0,0,0,0
asymmetric_p2p_tornado_16mib,sglb,3298,0,0,0,0,0,0
asymmetric_p2p_tornado_16mib,sglb,3300,0,0,0,0,0,0
asymmetric_p2p_tornado_16mib,sglb,3302,0,0,0,0,0,0
asymmetric_p2p_tornado_16mib,sglb,3304,0,0,0,0,0,0
asymmetric_p2p_tornado_16mib,sglb,3306,0,0,0,0,0,0
asymmetric_p2p_tornado_16mib,sglb,3308,0,0,0,0,0,0
asymmetric_p2p_tornado_16mib,sglb,3310,0,0,0,0,0,0
asymmetric_p2p_tornado_16mib,sglb,3312,0,0,0,0,0,0
asymmetric_p2p_tornado_16mib,sglb,3314,0,0,0,0,0,0
asymmetric_p2p_tornado_16mib,sglb,3316,0,0,0,0,0,0
asymmetric_p2p_tornado_16mib,sglb,3318,0,0,0,0,0,0
asymmetric_p2p_tornado_16mib,sglb,3320,0,0,0,0,0,0
asymmetric_p2p_tornado_16mib,sglb,3322,0,0,0,0,0,0
asymmetric_p2p_tornado_16mib,sglb,3324,0,0,0,0,0,0
asymmetric_p2p_tornado_16mib,sglb,3326,0,0,0,0,0,0
asymmetric_p2p_tornado_16mib,sglb,3328,0,0,0,0,0,0
asymmetric_p2p_tornado_16mib,sglb,3330,0,0,0,0,0,0
asymmetric_p2p_tornado_16mib,sglb,3332,0,0,0,0,0,0
asymmetric_p2p_tornado_16mib,sglb,3334,0,0,0,0,0,0
asymmetric_p2p_tornado_16mib,sglb,3336,0,0,0,0,0,0
asymmetric_p2p_tornado_16mib,sglb,3338,0,0,0,0,0,0
asymmetric_p2p_tornado_16mib,sglb,3340,0,0,0,0,0,0
asymmetric_p2p_tornado_16mib,sglb,3342,0,0,0,0,0,0
asymmetric_p2p_tornado_16mib,sglb,3344,0,0,0,0,0,0
asymmetric_p2p_tornado_16mib,sglb,3346,0,0,0,0,0,0
asymmetric_p2p_tornado_16mib,sglb,3348,0,0,0,0,0,0
asymmetric_p2p_tornado_16mib,sglb,3350,0,0,0,0,0,0
asymmetric_p2p_tornado_16mib,sglb,3352,0,0,0,0,0,0
asymmetric_p2p_tornado_16mib,sglb,3354,0,0,0,0,0,0
asymmetric_p2p_tornado_16mib,sglb,3356,0,0,0,0,0,0
asymmetric_p2p_tornado_16mib,sglb,3358,0,0,0,0,0,0
asymmetric_p2p_tornado_16mib,sglb,3360,0,0,0,0,0,0
asymmetric_p2p_tornado_16mib,sglb,3362,0,0,0,0,0,0
asymmetric_p2p_tornado_16mib,sglb,3364,0,0,0,0,0,0
asymmetric_p2p_tornado_16mib,sglb,3366,0,0,0,0,0,0
asymmetric_p2p_tornado_16mib,sglb,3368,0,0,0,0,0,0
asymmetric_p2p_tornado_16mib,sglb,3370,0,0,0,0,0,0
asymmetric_p2p_tornado_16mib,sglb,3372,0,0,0,0,0,0
asymmetric_p2p_tornado_16mib,sglb,3374,0,0,0,0,0,0
asymmetric_p2p_tornado_16mib,sglb,3376,0,0,0,0,0,0
asymmetric_p2p_tornado_16mib,sglb,3378,0,0,0,0,0,0
asymmetric_p2p_tornado_16mib,sglb,3380,0,0,0,0,0,0
asymmetric_p2p_tornado_16mib,sglb,3382,0,0,0,0,0,0
asymmetric_p2p_tornado_16mib,sglb,3384,0,0,0,0,0,0
asymmetric_p2p_tornado_16mib,sglb,3386,0,0,0,0,0,0
asymmetric_p2p_tornado_16mib,sglb,3388,0,0,0,0,0,0
asymmetric_p2p_tornado_16mib,sglb,3390,0,0,0,0,0,0
asymmetric_p2p_tornado_16mib,sglb,3392,0,0,0,0,0,0
asymmetric_p2p_tornado_16mib,sglb,3394,0,0,0,0,0,0
asymmetric_p2p_tornado_16mib,sglb,3396,0,0,0,0,0,0
asymmetric_p2p_tornado_16mib,sglb,3398,0,0,0,0,0,0
asymmetric_p2p_tornado_16mib,sglb,3400,0,0,0,0,0,0
asymmetric_p2p_tornado_16mib,sglb,3402,0,0,0,0,0,0
asymmetric_p2p_tornado_16mib,sglb,3404,0,0,0,0,0,0
asymmetric_p2p_tornado_16mib,sglb,3406,0,0,0,0,0,0
asymmetric_p2p_tornado_16mib,sglb,3408,0,0,0,0,0,0
asymmetric_p2p_tornado_16mib,sglb,3410,0,0,0,0,0,0
asymmetric_p2p_tornado_16mib,sglb,3412,0,0,0,0,0,0
asymmetric_p2p_tornado_16mib,sglb,3414,0,0,0,0,0,0
asymmetric_p2p_tornado_16mib,sglb,3416,0,0,0,0,0,0
asymmetric_p2p_tornado_16mib,sglb,3418,0,0,0,0,0,0
asymmetric_p2p_tornado_16mib,sglb,3420,0,0,0,0,0,0
asymmetric_p2p_tornado_16mib,sglb,3422,0,0,0,0,0,0
asymmetric_p2p_tornado_16mib,sglb,3424,0,0,0,0,0,0
asymmetric_p2p_tornado_16mib,sglb,3426,0,0,0,0,0,0
asymmetric_p2p_tornado_16mib,sglb,3428,0,0,0,0,0,0
asymmetric_p2p_tornado_16mib,sglb,3430,0,0,0,0,0,0
asymmetric_p2p_tornado_16mib,sglb,3432,0,0,0,0,0,0
asymmetric_p2p_tornado_16mib,sglb,3434,0,0,0,0,0,0
asymmetric_p2p_tornado_16mib,sglb,3436,0,0,0,0,0,0
asymmetric_p2p_tornado_16mib,sglb,3438,0,0,0,0,0,0
asymmetric_p2p_tornado_16mib,sglb,3440,0,0,0,0,0,0
asymmetric_p2p_tornado_16mib,sglb,3442,0,0,0,0,0,0
asymmetric_p2p_tornado_16mib,sglb,3444,0,0,0,0,0,0
asymmetric_p2p_tornado_16mib,sglb,3446,0,0,0,0,0,0
asymmetric_p2p_tornado_16mib,sglb,3448,0,0,0,0,0,0
asymmetric_p2p_tornado_16mib,sglb,3450,0,0,0,0,0,0
asymmetric_p2p_tornado_16mib,sglb,3452,0,0,0,0,0,0
asymmetric_p2p_tornado_16mib,sglb,3454,0,0,0,0,0,0
asymmetric_p2p_tornado_16mib,sglb,3456,0,0,0,0,0,0
asymmetric_p2p_tornado_16mib,sglb,3458,0,0,0,0,0,0
asymmetric_p2p_tornado_16mib,sglb,3460,0,0,0,0,0,0
asymmetric_p2p_tornado_16mib,sglb,3462,0,0,0,0,0,0
asymmetric_p2p_tornado_16mib,sglb,3464,0,0,0,0,0,0
asymmetric_p2p_tornado_16mib,sglb,3466,0,0,0,0,0,0
asymmetric_p2p_tornado_16mib,sglb,3468,0,0,0,0,0,0
asymmetric_p2p_tornado_16mib,sglb,3470,0,0,0,0,0,0
asymmetric_p2p_tornado_16mib,sglb,3472,0,0,0,0,0,0
asymmetric_p2p_tornado_16mib,sglb,3474,0,0,0,0,0,0
asymmetric_p2p_tornado_16mib,sglb,3476,0,0,0,0,0,0
asymmetric_p2p_tornado_16mib,sglb,3478,0,0,0,0,0,0
asymmetric_p2p_tornado_16mib,sglb,3480,0,0,0,0,0,0
asymmetric_p2p_tornado_16mib,sglb,3482,0,0,0,0,0,0
asymmetric_p2p_tornado_16mib,sglb,3484,0,0,0,0,0,0
asymmetric_p2p_tornado_16mib,sglb,3486,0,0,0,0,0,0
asymmetric_p2p_tornado_16mib,sglb,3488,0,0,0,0,0,0
asymmetric_p2p_tornado_16mib,sglb,3490,0,0,0,0,0,0
asymmetric_p2p_tornado_16mib,sglb,3492,0,0,0,0,0,0
asymmetric_p2p_tornado_16mib,sglb,3494,0,0,0,0,0,0
asymmetric_p2p_tornado_16mib,sglb,3496,0,0,0,0,0,0
asymmetric_p2p_tornado_16mib,sglb,3498,0,0,0,0,0,0
asymmetric_p2p_tornado_16mib,sglb,3500,0,0,0,0,0,0
asymmetric_p2p_tornado_16mib,sglb,3502,0,0,0,0,0,0
asymmetric_p2p_tornado_16mib,sglb,3504,0,0,0,0,0,0
asymmetric_p2p_tornado_16mib,sglb,3506,0,0,0,0,0,0
asymmetric_p2p_tornado_16mib,sglb,3508,0,0,0,0,0,0
asymmetric_p2p_tornado_16mib,sglb,3510,0,0,0,0,0,0
asymmetric_p2p_tornado_16mib,sglb,3512,0,0,0,0,0,0
asymmetric_p2p_tornado_16mib,sglb,3514,0,0,0,0,0,0
asymmetric_p2p_tornado_16mib,sglb,3516,0,0,0,0,0,0
asymmetric_p2p_tornado_16mib,sglb,3518,0,0,0,0,0,0
asymmetric_p2p_tornado_16mib,sglb,3520,0,0,0,0,0,0
asymmetric_p2p_tornado_16mib,sglb,3522,0,0,0,0,0,0
asymmetric_p2p_tornado_16mib,sglb,3524,0,0,0,0,0,0
asymmetric_p2p_tornado_16mib,sglb,3526,0,0,0,0,0,0
asymmetric_p2p_tornado_16mib,sglb,3528,0,0,0,0,0,0
asymmetric_p2p_tornado_16mib,sglb,3530,0,0,0,0,0,0
asymmetric_p2p_tornado_16mib,sglb,3532,0,0,0,0,0,0
asymmetric_p2p_tornado_16mib,sglb,3534,0,0,0,0,0,0
asymmetric_p2p_tornado_16mib,sglb,3536,0,0,0,0,0,0
asymmetric_p2p_tornado_16mib,sglb,3538,0,0,0,0,0,0
asymmetric_p2p_tornado_16mib,sglb,3540,0,0,0,0,0,0
asymmetric_p2p_tornado_16mib,sglb,3542,0,0,0,0,0,0
asymmetric_p2p_tornado_16mib,sglb,3544,0,0,0,0,0,0
asymmetric_p2p_tornado_16mib,sglb,3546,0,0,0,0,0,0
asymmetric_p2p_tornado_16mib,sglb,3548,0,0,0,0,0,0
asymmetric_p2p_tornado_16mib,sglb,3550,0,0,0,0,0,0
asymmetric_p2p_tornado_16mib,sglb,3552,0,0,0,0,0,0
asymmetric_p2p_tornado_16mib,sglb,3554,0,0,0,0,0,0
asymmetric_p2p_tornado_16mib,sglb,3556,0,0,0,0,0,0
asymmetric_p2p_tornado_16mib,sglb,3558,0,0,0,0,0,0
asymmetric_p2p_tornado_16mib,sglb,3560,0,0,0,0,0,0
asymmetric_p2p_tornado_16mib,sglb,3562,0,0,0,0,0,0
asymmetric_p2p_tornado_16mib,sglb,3564,0,0,0,0,0,0
asymmetric_p2p_tornado_16mib,sglb,3566,0,0,0,0,0,0
asymmetric_p2p_tornado_16mib,sglb,3568,0,0,0,0,0,0
asymmetric_p2p_tornado_16mib,sglb,3570,0,0,0,0,0,0
asymmetric_p2p_tornado_16mib,sglb,3572,0,0,0,0,0,0
asymmetric_p2p_tornado_16mib,sglb,3574,0,0,0,0,0,0
asymmetric_p2p_tornado_16mib,sglb,3576,0,0,0,0,0,0
asymmetric_p2p_tornado_16mib,sglb,3578,0,0,0,0,0,0
asymmetric_p2p_tornado_16mib,sglb,3580,0,0,0,0,0,0
asymmetric_p2p_tornado_16mib,sglb,3582,0,0,0,0,0,0
asymmetric_p2p_tornado_16mib,sglb,3584,0,0,0,0,0,0
asymmetric_p2p_tornado_16mib,sglb,3586,0,0,0,0,0,0
asymmetric_p2p_tornado_16mib,sglb,3588,0,0,0,0,0,0
asymmetric_p2p_tornado_16mib,sglb,3590,0,0,0,0,0,0
asymmetric_p2p_tornado_16mib,sglb,3592,0,0,0,0,0,0
asymmetric_p2p_tornado_16mib,sglb,3594,0,0,0,0,0,0
asymmetric_p2p_tornado_16mib,sglb,3596,0,0,0,0,0,0
asymmetric_p2p_tornado_16mib,sglb,3598,0,0,0,0,0,0
asymmetric_p2p_tornado_16mib,sglb,3600,0,0,0,0,0,0
asymmetric_p2p_tornado_16mib,sglb,3602,0,0,0,0,0,0
asymmetric_p2p_tornado_16mib,sglb,3604,0,0,0,0,0,0
asymmetric_p2p_tornado_16mib,sglb,3606,0,0,0,0,0,0
asymmetric_p2p_tornado_16mib,sglb,3608,0,0,0,0,0,0
asymmetric_p2p_tornado_16mib,sglb,3610,0,0,0,0,0,0
asymmetric_p2p_tornado_16mib,sglb,3612,0,0,0,0,0,0
asymmetric_p2p_tornado_16mib,sglb,3614,0,0,0,0,0,0
asymmetric_p2p_tornado_16mib,sglb,3616,0,0,0,0,0,0
asymmetric_p2p_tornado_16mib,sglb,3618,0,0,0,0,0,0
asymmetric_p2p_tornado_16mib,sglb,3620,0,0,0,0,0,0
asymmetric_p2p_tornado_16mib,sglb,3622,0,0,0,0,0,0
asymmetric_p2p_tornado_16mib,sglb,3624,0,0,0,0,0,0
asymmetric_p2p_tornado_16mib,sglb,3626,0,0,0,0,0,0
asymmetric_p2p_tornado_16mib,sglb,3628,0,0,0,0,0,0
asymmetric_p2p_tornado_16mib,sglb,3630,0,0,0,0,0,0
asymmetric_p2p_tornado_16mib,sglb,3632,0,0,0,0,0,0
asymmetric_p2p_tornado_16mib,sglb,3634,0,0,0,0,0,0
asymmetric_p2p_tornado_16mib,sglb,3636,0,0,0,0,0,0
asymmetric_p2p_tornado_16mib,sglb,3638,0,0,0,0,0,0
asymmetric_p2p_tornado_16mib,sglb,3640,0,0,0,0,0,0
asymmetric_p2p_tornado_16mib,sglb,3642,0,0,0,0,0,0
asymmetric_p2p_tornado_16mib,sglb,3644,0,0,0,0,0,0
asymmetric_p2p_tornado_16mib,sglb,3646,0,0,0,0,0,0
asymmetric_p2p_tornado_16mib,sglb,3648,0,0,0,0,0,0
asymmetric_p2p_tornado_16mib,sglb,3650,0,0,0,0,0,0
asymmetric_p2p_tornado_16mib,sglb,3652,0,0,0,0,0,0
asymmetric_p2p_tornado_16mib,sglb,3654,0,0,0,0,0,0
asymmetric_p2p_tornado_16mib,sglb,3656,0,0,0,0,0,0
asymmetric_p2p_tornado_16mib,sglb,3658,0,0,0,0,0,0
asymmetric_p2p_tornado_16mib,sglb,3660,0,0,0,0,0,0
asymmetric_p2p_tornado_16mib,sglb,3662,0,0,0,0,0,0
asymmetric_p2p_tornado_16mib,sglb,3664,0,0,0,0,0,0
asymmetric_p2p_tornado_16mib,sglb,3666,0,0,0,0,0,0
asymmetric_p2p_tornado_16mib,sglb,3668,0,0,0,0,0,0
asymmetric_p2p_tornado_16mib,sglb,3670,0,0,0,0,0,0
asymmetric_p2p_tornado_16mib,sglb,3672,0,0,0,0,0,0
asymmetric_p2p_tornado_16mib,sglb,3674,0,0,0,0,0,0
asymmetric_p2p_tornado_16mib,sglb,3676,0,0,0,0,0,0
asymmetric_p2p_tornado_16mib,sglb,3678,0,0,0,0,0,0
asymmetric_p2p_tornado_16mib,sglb,3680,0,0,0,0,0,0
asymmetric_p2p_tornado_16mib,sglb,3682,0,0,0,0,0,0
asymmetric_p2p_tornado_16mib,sglb,3684,0,0,0,0,0,0
asymmetric_p2p_tornado_16mib,sglb,3686,0,0,0,0,0,0
asymmetric_p2p_tornado_16mib,sglb,3688,0,0,0,0,0,0
asymmetric_p2p_tornado_16mib,sglb,3690,0,0,0,0,0,0
asymmetric_p2p_tornado_16mib,sglb,3692,0,0,0,0,0,0
asymmetric_p2p_tornado_16mib,sglb,3694,0,0,0,0,0,0
asymmetric_p2p_tornado_16mib,sglb,3696,0,0,0,0,0,0
asymmetric_p2p_tornado_16mib,sglb,3698,0,0,0,0,0,0
asymmetric_p2p_tornado_16mib,sglb,3700,0,0,0,0,0,0
asymmetric_p2p_tornado_16mib,sglb,3702,0,0,0,0,0,0
asymmetric_p2p_tornado_16mib,sglb,3704,0,0,0,0,0,0
asymmetric_p2p_tornado_16mib,sglb,3706,0,0,0,0,0,0
asymmetric_p2p_tornado_16mib,sglb,3708,0,0,0,0,0,0
asymmetric_p2p_tornado_16mib,sglb,3710,0,0,0,0,0,0
asymmetric_p2p_tornado_16mib,sglb,3712,0,0,0,0,0,0
asymmetric_p2p_tornado_16mib,sglb,3714,0,0,0,0,0,0
asymmetric_p2p_tornado_16mib,sglb,3716,0,0,0,0,0,0
asymmetric_p2p_tornado_16mib,sglb,3718,0,0,0,0,0,0
asymmetric_p2p_tornado_16mib,sglb,3720,0,0,0,0,0,0
asymmetric_p2p_tornado_16mib,sglb,3722,0,0,0,0,0,0
asymmetric_p2p_tornado_16mib,sglb,3724,0,0,0,0,0,0
asymmetric_p2p_tornado_16mib,sglb,3726,0,0,0,0,0,0
asymmetric_p2p_tornado_16mib,sglb,3728,0,0,0,0,0,0
asymmetric_p2p_tornado_16mib,sglb,3730,0,0,0,0,0,0
asymmetric_p2p_tornado_16mib,sglb,3732,0,0,0,0,0,0
asymmetric_p2p_tornado_16mib,sglb,3734,0,0,0,0,0,0
asymmetric_p2p_tornado_16mib,sglb,3736,0,0,0,0,0,0
asymmetric_p2p_tornado_16mib,sglb,3738,0,0,0,0,0,0
asymmetric_p2p_tornado_16mib,sglb,3740,0,0,0,0,0,0
asymmetric_p2p_tornado_16mib,sglb,3742,0,0,0,0,0,0
asymmetric_p2p_tornado_16mib,sglb,3744,0,0,0,0,0,0
asymmetric_p2p_tornado_16mib,sglb,3746,0,0,0,0,0,0
asymmetric_p2p_tornado_16mib,sglb,3748,0,0,0,0,0,0
asymmetric_p2p_tornado_16mib,sglb,3750,0,0,0,0,0,0
asymmetric_p2p_tornado_16mib,sglb,3752,0,0,0,0,0,0
asymmetric_p2p_tornado_16mib,sglb,3754,0,0,0,0,0,0
asymmetric_p2p_tornado_16mib,sglb,3756,0,0,0,0,0,0
asymmetric_p2p_tornado_16mib,sglb,3758,0,0,0,0,0,0
asymmetric_p2p_tornado_16mib,sglb,3760,0,0,0,0,0,0
asymmetric_p2p_tornado_16mib,sglb,3762,0,0,0,0,0,0
asymmetric_p2p_tornado_16mib,sglb,3764,0,0,0,0,0,0
asymmetric_p2p_tornado_16mib,sglb,3766,0,0,0,0,0,0
asymmetric_p2p_tornado_16mib,sglb,3768,0,0,0,0,0,0
asymmetric_p2p_tornado_16mib,sglb,3770,0,0,0,0,0,0
asymmetric_p2p_tornado_16mib,sglb,3772,0,0,0,0,0,0
asymmetric_p2p_tornado_16mib,sglb,3774,0,0,0,0,0,0
asymmetric_p2p_tornado_16mib,sglb,3776,0,0,0,0,0,0
asymmetric_p2p_tornado_16mib,sglb,3778,0,0,0,0,0,0
asymmetric_p2p_tornado_16mib,sglb,3780,0,0,0,0,0,0
asymmetric_p2p_tornado_16mib,sglb,3782,0,0,0,0,0,0
asymmetric_p2p_tornado_16mib,sglb,3784,0,0,0,0,0,0
asymmetric_p2p_tornado_16mib,sglb,3786,0,0,0,0,0,0
asymmetric_p2p_tornado_16mib,sglb,3788,0,0,0,0,0,0
asymmetric_p2p_tornado_16mib,sglb,3790,0,0,0,0,0,0
asymmetric_p2p_tornado_16mib,sglb,3792,0,0,0,0,0,0
asymmetric_p2p_tornado_16mib,sglb,3794,0,0,0,0,0,0
asymmetric_p2p_tornado_16mib,sglb,3796,0,0,0,0,0,0
asymmetric_p2p_tornado_16mib,sglb,3798,0,0,0,0,0,0
asymmetric_p2p_tornado_16mib,sglb,3800,0,0,0,0,0,0
asymmetric_p2p_tornado_16mib,sglb,3802,0,0,0,0,0,0
asymmetric_p2p_tornado_16mib,sglb,3804,0,0,0,0,0,0
asymmetric_p2p_tornado_16mib,sglb,3806,0,0,0,0,0,0
asymmetric_p2p_tornado_16mib,sglb,3808,0,0,0,0,0,0
asymmetric_p2p_tornado_16mib,sglb,3810,0,0,0,0,0,0
asymmetric_p2p_tornado_16mib,sglb,3812,0,0,0,0,0,0
asymmetric_p2p_tornado_16mib,sglb,3814,0,0,0,0,0,0
asymmetric_p2p_tornado_16mib,sglb,3816,0,0,0,0,0,0
asymmetric_p2p_tornado_16mib,sglb,3818,0,0,0,0,0,0
asymmetric_p2p_tornado_16mib,sglb,3820,0,0,0,0,0,0
asymmetric_p2p_tornado_16mib,sglb,3822,0,0,0,0,0,0
asymmetric_p2p_tornado_16mib,sglb,3824,0,0,0,0,0,0
asymmetric_p2p_tornado_16mib,sglb,3826,0,0,0,0,0,0
asymmetric_p2p_tornado_16mib,sglb,3828,0,0,0,0,0,0
asymmetric_p2p_tornado_16mib,sglb,3830,0,0,0,0,0,0
asymmetric_p2p_tornado_16mib,sglb,3832,0,0,0,0,0,0
asymmetric_p2p_tornado_16mib,sglb,3834,0,0,0,0,0,0
asymmetric_p2p_tornado_16mib,sglb,3836,0,0,0,0,0,0
asymmetric_p2p_tornado_16mib,sglb,3838,0,0,0,0,0,0
asymmetric_p2p_tornado_16mib,sglb,3840,0,0,0,0,0,0
asymmetric_p2p_tornado_16mib,sglb,3842,0,0,0,0,0,0
asymmetric_p2p_tornado_16mib,sglb,3844,0,0,0,0,0,0
asymmetric_p2p_tornado_16mib,sglb,3846,0,0,0,0,0,0
asymmetric_p2p_tornado_16mib,sglb,3848,0,0,0,0,0,0
asymmetric_p2p_tornado_16mib,sglb,3850,0,0,0,0,0,0
asymmetric_p2p_tornado_16mib,sglb,3852,0,0,0,0,0,0
asymmetric_p2p_tornado_16mib,sglb,3854,0,0,0,0,0,0
asymmetric_p2p_tornado_16mib,sglb,3856,0,0,0,0,0,0
asymmetric_p2p_tornado_16mib,sglb,3858,0,0,0,0,0,0
asymmetric_p2p_tornado_16mib,sglb,3860,0,0,0,0,0,0
asymmetric_p2p_tornado_16mib,sglb,3862,0,0,0,0,0,0
asymmetric_p2p_tornado_16mib,sglb,3864,0,0,0,0,0,0
asymmetric_p2p_tornado_16mib,sglb,3866,0,0,0,0,0,0
asymmetric_p2p_tornado_16mib,sglb,3868,0,0,0,0,0,0
asymmetric_p2p_tornado_16mib,sglb,3870,0,0,0,0,0,0
asymmetric_p2p_tornado_16mib,sglb,3872,0,0,0,0,0,0
asymmetric_p2p_tornado_16mib,sglb,3874,0,0,0,0,0,0
asymmetric_p2p_tornado_16mib,sglb,3876,0,0,0,0,0,0
asymmetric_p2p_tornado_16mib,sglb,3878,0,0,0,0,0,0
asymmetric_p2p_tornado_16mib,sglb,3880,0,0,0,0,0,0
asymmetric_p2p_tornado_16mib,sglb,3882,0,0,0,0,0,0
asymmetric_p2p_tornado_16mib,sglb,3884,0,0,0,0,0,0
asymmetric_p2p_tornado_16mib,sglb,3886,0,0,0,0,0,0
asymmetric_p2p_tornado_16mib,sglb,3888,0,0,0,0,0,0
asymmetric_p2p_tornado_16mib,sglb,3890,0,0,0,0,0,0
asymmetric_p2p_tornado_16mib,sglb,3892,0,0,0,0,0,0
asymmetric_p2p_tornado_16mib,sglb,3894,0,0,0,0,0,0
asymmetric_p2p_tornado_16mib,sglb,3896,0,0,0,0,0,0
asymmetric_p2p_tornado_16mib,sglb,3898,0,0,0,0,0,0
asymmetric_p2p_tornado_16mib,sglb,3900,0,0,0,0,0,0
asymmetric_p2p_tornado_16mib,sglb,3902,0,0,0,0,0,0
asymmetric_p2p_tornado_16mib,sglb,3904,0,0,0,0,0,0
asymmetric_p2p_tornado_16mib,sglb,3906,0,0,0,0,0,0
asymmetric_p2p_tornado_16mib,sglb,3908,0,0,0,0,0,0
asymmetric_p2p_tornado_16mib,sglb,3910,0,0,0,0,0,0
asymmetric_p2p_tornado_16mib,sglb,3912,0,0,0,0,0,0
asymmetric_p2p_tornado_16mib,sglb,3914,0,0,0,0,0,0
asymmetric_p2p_tornado_16mib,sglb,3916,0,0,0,0,0,0
asymmetric_p2p_tornado_16mib,sglb,3918,0,0,0,0,0,0
asymmetric_p2p_tornado_16mib,sglb,3920,0,0,0,0,0,0
asymmetric_p2p_tornado_16mib,sglb,3922,0,0,0,0,0,0
asymmetric_p2p_tornado_16mib,sglb,3924,0,0,0,0,0,0
asymmetric_p2p_tornado_16mib,sglb,3926,0,0,0,0,0,0
asymmetric_p2p_tornado_16mib,sglb,3928,0,0,0,0,0,0
asymmetric_p2p_tornado_16mib,sglb,3930,0,0,0,0,0,0
asymmetric_p2p_tornado_16mib,sglb,3932,0,0,0,0,0,0
asymmetric_p2p_tornado_16mib,sglb,3934,0,0,0,0,0,0
asymmetric_p2p_tornado_16mib,sglb,3936,0,0,0,0,0,0
asymmetric_p2p_tornado_16mib,sglb,3938,0,0,0,0,0,0
asymmetric_p2p_tornado_16mib,sglb,3940,0,0,0,0,0,0
asymmetric_p2p_tornado_16mib,sglb,3942,0,0,0,0,0,0
asymmetric_p2p_tornado_16mib,sglb,3944,0,0,0,0,0,0
asymmetric_p2p_tornado_16mib,sglb,3946,0,0,0,0,0,0
asymmetric_p2p_tornado_16mib,sglb,3948,0,0,0,0,0,0
asymmetric_p2p_tornado_16mib,sglb,3950,0,0,0,0,0,0
asymmetric_p2p_tornado_16mib,sglb,3952,0,0,0,0,0,0
asymmetric_p2p_tornado_16mib,sglb,3954,0,0,0,0,0,0
asymmetric_p2p_tornado_16mib,sglb,3956,0,0,0,0,0,0
asymmetric_p2p_tornado_16mib,sglb,3958,0,0,0,0,0,0
asymmetric_p2p_tornado_16mib,sglb,3960,0,0,0,0,0,0
asymmetric_p2p_tornado_16mib,sglb,3962,0,0,0,0,0,0
asymmetric_p2p_tornado_16mib,sglb,3964,0,0,0,0,0,0
asymmetric_p2p_tornado_16mib,sglb,3966,0,0,0,0,0,0
asymmetric_p2p_tornado_16mib,sglb,3968,0,0,0,0,0,0
asymmetric_p2p_tornado_16mib,sglb,3970,0,0,0,0,0,0
asymmetric_p2p_tornado_16mib,sglb,3972,0,0,0,0,0,0
asymmetric_p2p_tornado_16mib,sglb,3974,0,0,0,0,0,0
asymmetric_p2p_tornado_16mib,sglb,3976,0,0,0,0,0,0
asymmetric_p2p_tornado_16mib,sglb,3978,0,0,0,0,0,0
asymmetric_p2p_tornado_16mib,sglb,3980,0,0,0,0,0,0
asymmetric_p2p_tornado_16mib,sglb,3982,0,0,0,0,0,0
asymmetric_p2p_tornado_16mib,sglb,3984,0,0,0,0,0,0
asymmetric_p2p_tornado_16mib,sglb,3986,0,0,0,0,0,0
asymmetric_p2p_tornado_16mib,sglb,3988,0,0,0,0,0,0
asymmetric_p2p_tornado_16mib,sglb,3990,0,0,0,0,0,0
asymmetric_p2p_tornado_16mib,sglb,3992,0,0,0,0,0,0
asymmetric_p2p_tornado_16mib,sglb,3994,0,0,0,0,0,0
asymmetric_p2p_tornado_16mib,sglb,3996,0,0,0,0,0,0
asymmetric_p2p_tornado_16mib,sglb,3998,0,0,0,0,0,0
asymmetric_p2p_tornado_16mib,sglb,4000,0,0,0,0,0,0
asymmetric_p2p_tornado_16mib,sglb,4002,0,0,0,0,0,0
asymmetric_p2p_tornado_16mib,sglb,4004,0,0,0,0,0,0
asymmetric_p2p_tornado_16mib,sglb,4006,0,0,0,0,0,0
asymmetric_p2p_tornado_16mib,sglb,4008,0,0,0,0,0,0
asymmetric_p2p_tornado_16mib,sglb,4010,0,0,0,0,0,0
asymmetric_p2p_tornado_16mib,sglb,4012,0,0,0,0,0,0
asymmetric_p2p_tornado_16mib,sglb,4014,0,0,0,0,0,0
asymmetric_p2p_tornado_16mib,sglb,4016,0,0,0,0,0,0
asymmetric_p2p_tornado_16mib,sglb,4018,0,0,0,0,0,0
asymmetric_p2p_tornado_16mib,sglb,4020,0,0,0,0,0,0
asymmetric_p2p_tornado_16mib,sglb,4022,0,0,0,0,0,0
asymmetric_p2p_tornado_16mib,sglb,4024,0,0,0,0,0,0
asymmetric_p2p_tornado_16mib,sglb,4026,0,0,0,0,0,0
asymmetric_p2p_tornado_16mib,sglb,4028,0,0,0,0,0,0
asymmetric_p2p_tornado_16mib,sglb,4030,0,0,0,0,0,0
asymmetric_p2p_tornado_16mib,sglb,4032,0,0,0,0,0,0
asymmetric_p2p_tornado_16mib,sglb,4034,0,0,0,0,0,0
asymmetric_p2p_tornado_16mib,sglb,4036,0,0,0,0,0,0
asymmetric_p2p_tornado_16mib,sglb,4038,0,0,0,0,0,0
asymmetric_p2p_tornado_16mib,sglb,4040,0,0,0,0,0,0
asymmetric_p2p_tornado_16mib,sglb,4042,0,0,0,0,0,0
asymmetric_p2p_tornado_16mib,sglb,4044,0,0,0,0,0,0
asymmetric_p2p_tornado_16mib,sglb,4046,0,0,0,0,0,0
asymmetric_p2p_tornado_16mib,sglb,4048,0,0,0,0,0,0
asymmetric_p2p_tornado_16mib,sglb,4050,0,0,0,0,0,0
asymmetric_p2p_tornado_16mib,sglb,4052,0,0,0,0,0,0
asymmetric_p2p_tornado_16mib,sglb,4054,0,0,0,0,0,0
asymmetric_p2p_tornado_16mib,sglb,4056,0,0,0,0,0,0
asymmetric_p2p_tornado_16mib,sglb,4058,0,0,0,0,0,0
asymmetric_p2p_tornado_16mib,sglb,4060,0,0,0,0,0,0
asymmetric_p2p_tornado_16mib,sglb,4062,0,0,0,0,0,0
asymmetric_p2p_tornado_16mib,sglb,4064,0,0,0,0,0,0
asymmetric_p2p_tornado_16mib,sglb,4066,0,0,0,0,0,0
asymmetric_p2p_tornado_16mib,sglb,4068,0,0,0,0,0,0
asymmetric_p2p_tornado_16mib,sglb,4070,0,0,0,0,0,0
asymmetric_p2p_tornado_16mib,sglb,4072,0,0,0,0,0,0
asymmetric_p2p_tornado_16mib,sglb,4074,0,0,0,0,0,0
asymmetric_p2p_tornado_16mib,sglb,4076,0,0,0,0,0,0
asymmetric_p2p_tornado_16mib,sglb,4078,0,0,0,0,0,0
asymmetric_p2p_tornado_16mib,sglb,4080,0,0,0,0,0,0
asymmetric_p2p_tornado_16mib,sglb,4082,0,0,0,0,0,0
asymmetric_p2p_tornado_16mib,sglb,4084,0,0,0,0,0,0
asymmetric_p2p_tornado_16mib,sglb,4086,0,0,0,0,0,0
asymmetric_p2p_tornado_16mib,sglb,4088,0,0,0,0,0,0
asymmetric_p2p_tornado_16mib,sglb,4090,0,0,0,0,0,0
asymmetric_p2p_tornado_16mib,sglb,4092,0,0,0,0,0,0
asymmetric_p2p_tornado_16mib,sglb,4094,0,0,0,0,0,0
asymmetric_p2p_tornado_16mib,sglb,4096,0,0,0,0,0,0
asymmetric_p2p_tornado_16mib,sglb,4098,0,0,0,0,0,0
asymmetric_p2p_tornado_16mib,sglb,4100,0,0,0,0,0,0
asymmetric_p2p_tornado_16mib,sglb,4102,0,0,0,0,0,0
asymmetric_p2p_tornado_16mib,sglb,4104,0,0,0,0,0,0
asymmetric_p2p_tornado_16mib,sglb,4106,0,0,0,0,0,0
asymmetric_p2p_tornado_16mib,sglb,4108,0,0,0,0,0,0
asymmetric_p2p_tornado_16mib,sglb,4110,0,0,0,0,0,0
asymmetric_p2p_tornado_16mib,sglb,4112,0,0,0,0,0,0
asymmetric_p2p_tornado_16mib,sglb,4114,0,0,0,0,0,0
asymmetric_p2p_tornado_16mib,sglb,4116,0,0,0,0,0,0
asymmetric_p2p_tornado_16mib,sglb,4118,0,0,0,0,0,0
asymmetric_p2p_tornado_16mib,sglb,4120,0,0,0,0,0,0
asymmetric_p2p_tornado_16mib,sglb,4122,0,0,0,0,0,0
asymmetric_p2p_tornado_16mib,sglb,4124,0,0,0,0,0,0
asymmetric_p2p_tornado_16mib,sglb,4126,0,0,0,0,0,0
asymmetric_p2p_tornado_16mib,sglb,4128,0,0,0,0,0,0
asymmetric_p2p_tornado_16mib,sglb,4130,0,0,0,0,0,0
asymmetric_p2p_tornado_16mib,sglb,4132,0,0,0,0,0,0
asymmetric_p2p_tornado_16mib,sglb,4134,0,0,0,0,0,0
asymmetric_p2p_tornado_16mib,sglb,4136,0,0,0,0,0,0
asymmetric_p2p_tornado_16mib,sglb,4138,0,0,0,0,0,0
asymmetric_p2p_tornado_16mib,sglb,4140,0,0,0,0,0,0
asymmetric_p2p_tornado_16mib,sglb,4142,0,0,0,0,0,0
asymmetric_p2p_tornado_16mib,sglb,4144,0,0,0,0,0,0
asymmetric_p2p_tornado_16mib,sglb,4146,0,0,0,0,0,0
asymmetric_p2p_tornado_16mib,sglb,4148,0,0,0,0,0,0
asymmetric_p2p_tornado_16mib,sglb,4150,0,0,0,0,0,0
asymmetric_p2p_tornado_16mib,sglb,4152,0,0,0,0,0,0
asymmetric_p2p_tornado_16mib,sglb,4154,0,0,0,0,0,0
asymmetric_p2p_tornado_16mib,sglb,4156,0,0,0,0,0,0
asymmetric_p2p_tornado_16mib,sglb,4158,0,0,0,0,0,0
asymmetric_p2p_tornado_16mib,sglb,4160,0,0,0,0,0,0
asymmetric_p2p_tornado_16mib,sglb,4162,0,0,0,0,0,0
asymmetric_p2p_tornado_16mib,sglb,4164,0,0,0,0,0,0
asymmetric_p2p_tornado_16mib,sglb,4166,0,0,0,0,0,0
asymmetric_p2p_tornado_16mib,sglb,4168,0,0,0,0,0,0
asymmetric_p2p_tornado_16mib,sglb,4170,0,0,0,0,0,0
asymmetric_p2p_tornado_16mib,sglb,4172,0,0,0,0,0,0
asymmetric_p2p_tornado_16mib,sglb,4174,0,0,0,0,0,0
asymmetric_p2p_tornado_16mib,sglb,4176,0,0,0,0,0,0
asymmetric_p2p_tornado_16mib,sglb,4178,0,0,0,0,0,0
asymmetric_p2p_tornado_16mib,sglb,4180,0,0,0,0,0,0
asymmetric_p2p_tornado_16mib,sglb,4182,0,0,0,0,0,0
asymmetric_p2p_tornado_16mib,sglb,4184,0,0,0,0,0,0
asymmetric_p2p_tornado_16mib,sglb,4186,0,0,0,0,0,0
asymmetric_p2p_tornado_16mib,sglb,4188,0,0,0,0,0,0
asymmetric_p2p_tornado_16mib,sglb,4190,0,0,0,0,0,0
asymmetric_p2p_tornado_16mib,sglb,4192,0,0,0,0,0,0
asymmetric_p2p_tornado_16mib,sglb,4194,0,0,0,0,0,0
asymmetric_p2p_tornado_16mib,sglb,4196,0,0,0,0,0,0
asymmetric_p2p_tornado_16mib,sglb,4198,0,0,0,0,0,0
asymmetric_p2p_tornado_16mib,sglb,4200,0,0,0,0,0,0
asymmetric_p2p_tornado_16mib,sglb,4202,0,0,0,0,0,0
asymmetric_p2p_tornado_16mib,sglb,4204,0,0,0,0,0,0
asymmetric_p2p_tornado_16mib,sglb,4206,0,0,0,0,0,0
asymmetric_p2p_tornado_16mib,sglb,4208,0,0,0,0,0,0
asymmetric_p2p_tornado_16mib,sglb,4210,0,0,0,0,0,0
asymmetric_p2p_tornado_16mib,sglb,4212,0,0,0,0,0,0
asymmetric_p2p_tornado_16mib,sglb,4214,0,0,0,0,0,0
asymmetric_p2p_tornado_16mib,sglb,4216,0,0,0,0,0,0
asymmetric_p2p_tornado_16mib,sglb,4218,0,0,0,0,0,0
asymmetric_p2p_tornado_16mib,sglb,4220,0,0,0,0,0,0
asymmetric_p2p_tornado_16mib,sglb,4222,0,0,0,0,0,0
asymmetric_p2p_tornado_16mib,sglb,4224,0,0,0,0,0,0
asymmetric_p2p_tornado_16mib,sglb,4226,0,0,0,0,0,0
asymmetric_p2p_tornado_16mib,sglb,4228,0,0,0,0,0,0
asymmetric_p2p_tornado_16mib,sglb,4230,0,0,0,0,0,0
asymmetric_p2p_tornado_16mib,sglb,4232,0,0,0,0,0,0
asymmetric_p2p_tornado_16mib,sglb,4234,0,0,0,0,0,0
asymmetric_p2p_tornado_16mib,sglb,4236,0,0,0,0,0,0
asymmetric_p2p_tornado_16mib,sglb,4238,0,0,0,0,0,0
asymmetric_p2p_tornado_16mib,sglb,4240,0,0,0,0,0,0
asymmetric_p2p_tornado_16mib,sglb,4242,0,0,0,0,0,0
asymmetric_p2p_tornado_16mib,sglb,4244,0,0,0,0,0,0
asymmetric_p2p_tornado_16mib,sglb,4246,0,0,0,0,0,0
asymmetric_p2p_tornado_16mib,sglb,4248,0,0,0,0,0,0
asymmetric_p2p_tornado_16mib,sglb,4250,0,0,0,0,0,0
asymmetric_p2p_tornado_16mib,sglb,4252,0,0,0,0,0,0
asymmetric_p2p_tornado_16mib,sglb,4254,0,0,0,0,0,0
asymmetric_p2p_tornado_16mib,sglb,4256,0,0,0,0,0,0
asymmetric_p2p_tornado_16mib,sglb,4258,0,0,0,0,0,0
asymmetric_p2p_tornado_16mib,sglb,4260,0,0,0,0,0,0
asymmetric_p2p_tornado_16mib,sglb,4262,0,0,0,0,0,0
asymmetric_p2p_tornado_16mib,sglb,4264,0,0,0,0,0,0
asymmetric_p2p_tornado_16mib,sglb,4266,0,0,0,0,0,0
asymmetric_p2p_tornado_16mib,sglb,4268,0,0,0,0,0,0
asymmetric_p2p_tornado_16mib,sglb,4270,0,0,0,0,0,0
asymmetric_p2p_tornado_16mib,sglb,4272,0,0,0,0,0,0
asymmetric_p2p_tornado_16mib,sglb,4274,0,0,0,0,0,0
asymmetric_p2p_tornado_16mib,sglb,4276,0,0,0,0,0,0
asymmetric_p2p_tornado_16mib,sglb,4278,0,0,0,0,0,0
asymmetric_p2p_tornado_16mib,sglb,4280,0,0,0,0,0,0
asymmetric_p2p_tornado_16mib,sglb,4282,0,0,0,0,0,0
asymmetric_p2p_tornado_16mib,sglb,4284,0,0,0,0,0,0
asymmetric_p2p_tornado_16mib,sglb,4286,0,0,0,0,0,0
asymmetric_p2p_tornado_16mib,sglb,4288,0,0,0,0,0,0
asymmetric_p2p_tornado_16mib,sglb,4290,0,0,0,0,0,0
asymmetric_p2p_tornado_16mib,sglb,4292,0,0,0,0,0,0
asymmetric_p2p_tornado_16mib,sglb,4294,0,0,0,0,0,0
asymmetric_p2p_tornado_16mib,sglb,4296,0,0,0,0,0,0
asymmetric_p2p_tornado_16mib,sglb,4298,0,0,0,0,0,0
asymmetric_p2p_tornado_16mib,sglb,4300,0,0,0,0,0,0
asymmetric_p2p_tornado_16mib,sglb,4302,0,0,0,0,0,0
asymmetric_p2p_tornado_16mib,sglb,4304,0,0,0,0,0,0
asymmetric_p2p_tornado_16mib,sglb,4306,0,0,0,0,0,0
asymmetric_p2p_tornado_16mib,sglb,4308,0,0,0,0,0,0
asymmetric_p2p_tornado_16mib,sglb,4310,0,0,0,0,0,0
asymmetric_p2p_tornado_16mib,sglb,4312,0,0,0,0,0,0
asymmetric_p2p_tornado_16mib,sglb,4314,0,0,0,0,0,0
asymmetric_p2p_tornado_16mib,sglb,4316,0,0,0,0,0,0
asymmetric_p2p_tornado_16mib,sglb,4318,0,0,0,0,0,0
asymmetric_p2p_tornado_16mib,sglb,4320,0,0,0,0,0,0
asymmetric_p2p_tornado_16mib,sglb,4322,0,0,0,0,0,0
asymmetric_p2p_tornado_16mib,sglb,4324,0,0,0,0,0,0
asymmetric_p2p_tornado_16mib,sglb,4326,0,0,0,0,0,0
asymmetric_p2p_tornado_16mib,sglb,4328,0,0,0,0,0,0
asymmetric_p2p_tornado_16mib,sglb,4330,0,0,0,0,0,0
asymmetric_p2p_tornado_16mib,sglb,4332,0,0,0,0,0,0
asymmetric_p2p_tornado_16mib,sglb,4334,0,0,0,0,0,0
asymmetric_p2p_tornado_16mib,sglb,4336,0,0,0,0,0,0
asymmetric_p2p_tornado_16mib,sglb,4338,0,0,0,0,0,0
asymmetric_p2p_tornado_16mib,sglb,4340,0,0,0,0,0,0
asymmetric_p2p_tornado_16mib,sglb,4342,0,0,0,0,0,0
asymmetric_p2p_tornado_16mib,sglb,4344,0,0,0,0,0,0
asymmetric_p2p_tornado_16mib,sglb,4346,0,0,0,0,0,0
asymmetric_p2p_tornado_16mib,sglb,4348,0,0,0,0,0,0
asymmetric_p2p_tornado_16mib,sglb,4350,0,0,0,0,0,0
asymmetric_p2p_tornado_16mib,sglb,4352,0,0,0,0,0,0
asymmetric_p2p_tornado_16mib,sglb,4354,0,0,0,0,0,0
asymmetric_p2p_tornado_16mib,sglb,4356,0,0,0,0,0,0
asymmetric_p2p_tornado_16mib,sglb,4358,0,0,0,0,0,0
asymmetric_p2p_tornado_16mib,sglb,4360,0,0,0,0,0,0
asymmetric_p2p_tornado_16mib,sglb,4362,0,0,0,0,0,0
asymmetric_p2p_tornado_16mib,sglb,4364,0,0,0,0,0,0
asymmetric_p2p_tornado_16mib,sglb,4366,0,0,0,0,0,0
asymmetric_p2p_tornado_16mib,sglb,4368,0,0,0,0,0,0
asymmetric_p2p_tornado_16mib,sglb,4370,0,0,0,0,0,0
asymmetric_p2p_tornado_16mib,sglb,4372,0,0,0,0,0,0
asymmetric_p2p_tornado_16mib,sglb,4374,0,0,0,0,0,0
asymmetric_p2p_tornado_16mib,sglb,4376,0,0,0,0,0,0
asymmetric_p2p_tornado_16mib,sglb,4378,0,0,0,0,0,0
asymmetric_p2p_tornado_16mib,sglb,4380,0,0,0,0,0,0
asymmetric_p2p_tornado_16mib,sglb,4382,0,0,0,0,0,0
asymmetric_p2p_tornado_16mib,sglb,4384,0,0,0,0,0,0
asymmetric_p2p_tornado_16mib,sglb,4386,0,0,0,0,0,0
asymmetric_p2p_tornado_16mib,sglb,4388,0,0,0,0,0,0
asymmetric_p2p_tornado_16mib,sglb,4390,0,0,0,0,0,0
asymmetric_p2p_tornado_16mib,sglb,4392,0,0,0,0,0,0
asymmetric_p2p_tornado_16mib,sglb,4394,0,0,0,0,0,0
asymmetric_p2p_tornado_16mib,sglb,4396,0,0,0,0,0,0
asymmetric_p2p_tornado_16mib,sglb,4398,0,0,0,0,0,0
asymmetric_p2p_tornado_16mib,sglb,4400,0,0,0,0,0,0
asymmetric_p2p_tornado_16mib,sglb,4402,0,0,0,0,0,0
asymmetric_p2p_tornado_16mib,sglb,4404,0,0,0,0,0,0
asymmetric_p2p_tornado_16mib,sglb,4406,0,0,0,0,0,0
asymmetric_p2p_tornado_16mib,sglb,4408,0,0,0,0,0,0
asymmetric_p2p_tornado_16mib,sglb,4410,0,0,0,0,0,0
asymmetric_p2p_tornado_16mib,sglb,4412,0,0,0,0,0,0
asymmetric_p2p_tornado_16mib,sglb,4414,0,0,0,0,0,0
asymmetric_p2p_tornado_16mib,sglb,4416,0,0,0,0,0,0
asymmetric_p2p_tornado_16mib,sglb,4418,0,0,0,0,0,0
asymmetric_p2p_tornado_16mib,sglb,4420,0,0,0,0,0,0
asymmetric_p2p_tornado_16mib,sglb,4422,0,0,0,0,0,0
asymmetric_p2p_tornado_16mib,sglb,4424,0,0,0,0,0,0
asymmetric_p2p_tornado_16mib,sglb,4426,0,0,0,0,0,0
asymmetric_p2p_tornado_16mib,sglb,4428,0,0,0,0,0,0
asymmetric_p2p_tornado_16mib,sglb,4430,0,0,0,0,0,0
asymmetric_p2p_tornado_16mib,sglb,4432,0,0,0,0,0,0
asymmetric_p2p_tornado_16mib,sglb,4434,0,0,0,0,0,0
asymmetric_p2p_tornado_16mib,sglb,4436,0,0,0,0,0,0
asymmetric_p2p_tornado_16mib,sglb,4438,0,0,0,0,0,0
asymmetric_p2p_tornado_16mib,sglb,4440,0,0,0,0,0,0
asymmetric_p2p_tornado_16mib,sglb,4442,0,0,0,0,0,0
asymmetric_p2p_tornado_16mib,sglb,4444,0,0,0,0,0,0
asymmetric_p2p_tornado_16mib,sglb,4446,0,0,0,0,0,0
asymmetric_p2p_tornado_16mib,sglb,4448,0,0,0,0,0,0
asymmetric_p2p_tornado_16mib,sglb,4450,0,0,0,0,0,0
asymmetric_p2p_tornado_16mib,sglb,4452,0,0,0,0,0,0
asymmetric_p2p_tornado_16mib,sglb,4454,0,0,0,0,0,0
asymmetric_p2p_tornado_16mib,sglb,4456,0,0,0,0,0,0
asymmetric_p2p_tornado_16mib,sglb,4458,0,0,0,0,0,0
asymmetric_p2p_tornado_16mib,sglb,4460,0,0,0,0,0,0
asymmetric_p2p_tornado_16mib,sglb,4462,0,0,0,0,0,0
asymmetric_p2p_tornado_16mib,sglb,4464,0,0,0,0,0,0
asymmetric_p2p_tornado_16mib,sglb,4466,0,0,0,0,0,0
asymmetric_p2p_tornado_16mib,sglb,4468,0,0,0,0,0,0
asymmetric_p2p_tornado_16mib,sglb,4470,0,0,0,0,0,0
asymmetric_p2p_tornado_16mib,sglb,4472,0,0,0,0,0,0
asymmetric_p2p_tornado_16mib,sglb,4474,0,0,0,0,0,0
asymmetric_p2p_tornado_16mib,sglb,4476,0,0,0,0,0,0
asymmetric_p2p_tornado_16mib,sglb,4478,0,0,0,0,0,0
asymmetric_p2p_tornado_16mib,sglb,4480,0,0,0,0,0,0
asymmetric_p2p_tornado_16mib,sglb,4482,0,0,0,0,0,0
asymmetric_p2p_tornado_16mib,sglb,4484,0,0,0,0,0,0
asymmetric_p2p_tornado_16mib,sglb,4486,0,0,0,0,0,0
asymmetric_p2p_tornado_16mib,sglb,4488,0,0,0,0,0,0
asymmetric_p2p_tornado_16mib,sglb,4490,0,0,0,0,0,0
asymmetric_p2p_tornado_16mib,sglb,4492,0,0,0,0,0,0
asymmetric_p2p_tornado_16mib,sglb,4494,0,0,0,0,0,0
asymmetric_p2p_tornado_16mib,sglb,4496,0,0,0,0,0,0
asymmetric_p2p_tornado_16mib,sglb,4498,0,0,0,0,0,0
asymmetric_p2p_tornado_16mib,sglb,4500,0,0,0,0,0,0
asymmetric_p2p_tornado_16mib,sglb,4502,0,0,0,0,0,0
asymmetric_p2p_tornado_16mib,sglb,4504,0,0,0,0,0,0
asymmetric_p2p_tornado_16mib,sglb,4506,0,0,0,0,0,0
asymmetric_p2p_tornado_16mib,sglb,4508,0,0,0,0,0,0
asymmetric_p2p_tornado_16mib,sglb,4510,0,0,0,0,0,0
asymmetric_p2p_tornado_16mib,sglb,4512,0,0,0,0,0,0
asymmetric_p2p_tornado_16mib,sglb,4514,0,0,0,0,0,0
asymmetric_p2p_tornado_16mib,sglb,4516,0,0,0,0,0,0
asymmetric_p2p_tornado_16mib,sglb,4518,0,0,0,0,0,0
asymmetric_p2p_tornado_16mib,sglb,4520,0,0,0,0,0,0
asymmetric_p2p_tornado_16mib,sglb,4522,0,0,0,0,0,0
asymmetric_p2p_tornado_16mib,sglb,4524,0,0,0,0,0,0
asymmetric_p2p_tornado_16mib,sglb,4526,0,0,0,0,0,0
asymmetric_p2p_tornado_16mib,sglb,4528,0,0,0,0,0,0
asymmetric_p2p_tornado_16mib,sglb,4530,0,0,0,0,0,0
asymmetric_p2p_tornado_16mib,sglb,4532,0,0,0,0,0,0
asymmetric_p2p_tornado_16mib,sglb,4534,0,0,0,0,0,0
asymmetric_p2p_tornado_16mib,sglb,4536,0,0,0,0,0,0
asymmetric_p2p_tornado_16mib,sglb,4538,0,0,0,0,0,0
asymmetric_p2p_tornado_16mib,sglb,4540,0,0,0,0,0,0
asymmetric_p2p_tornado_16mib,sglb,4542,0,0,0,0,0,0
asymmetric_p2p_tornado_16mib,sglb,4544,0,0,0,0,0,0
asymmetric_p2p_tornado_16mib,sglb,4546,0,0,0,0,0,0
asymmetric_p2p_tornado_16mib,sglb,4548,0,0,0,0,0,0
asymmetric_p2p_tornado_16mib,sglb,4550,0,0,0,0,0,0
asymmetric_p2p_tornado_16mib,sglb,4552,0,0,0,0,0,0
asymmetric_p2p_tornado_16mib,sglb,4554,0,0,0,0,0,0
asymmetric_p2p_tornado_16mib,sglb,4556,0,0,0,0,0,0
asymmetric_p2p_tornado_16mib,sglb,4558,0,0,0,0,0,0
asymmetric_p2p_tornado_16mib,sglb,4560,0,0,0,0,0,0
asymmetric_p2p_tornado_16mib,sglb,4562,0,0,0,0,0,0
asymmetric_p2p_tornado_16mib,sglb,4564,0,0,0,0,0,0
asymmetric_p2p_tornado_16mib,sglb,4566,0,0,0,0,0,0
asymmetric_p2p_tornado_16mib,sglb,4568,0,0,0,0,0,0
asymmetric_p2p_tornado_16mib,sglb,4570,0,0,0,0,0,0
asymmetric_p2p_tornado_16mib,sglb,4572,0,0,0,0,0,0
asymmetric_p2p_tornado_16mib,sglb,4574,0,0,0,0,0,0
asymmetric_p2p_tornado_16mib,sglb,4576,0,0,0,0,0,0
asymmetric_p2p_tornado_16mib,sglb,4578,0,0,0,0,0,0
asymmetric_p2p_tornado_16mib,sglb,4580,0,0,0,0,0,0
asymmetric_p2p_tornado_16mib,sglb,4582,0,0,0,0,0,0
asymmetric_p2p_tornado_16mib,sglb,4584,0,0,0,0,0,0
asymmetric_p2p_tornado_16mib,sglb,4586,0,0,0,0,0,0
asymmetric_p2p_tornado_16mib,sglb,4588,0,0,0,0,0,0
asymmetric_p2p_tornado_16mib,sglb,4590,0,0,0,0,0,0
asymmetric_p2p_tornado_16mib,sglb,4592,0,0,0,0,0,0
asymmetric_p2p_tornado_16mib,sglb,4594,0,0,0,0,0,0
asymmetric_p2p_tornado_16mib,sglb,4596,0,0,0,0,0,0
asymmetric_p2p_tornado_16mib,sglb,4598,0,0,0,0,0,0
asymmetric_p2p_tornado_16mib,sglb,4600,0,0,0,0,0,0
asymmetric_p2p_tornado_16mib,sglb,4602,0,0,0,0,0,0
asymmetric_p2p_tornado_16mib,sglb,4604,0,0,0,0,0,0
asymmetric_p2p_tornado_16mib,sglb,4606,0,0,0,0,0,0
asymmetric_p2p_tornado_16mib,sglb,4608,0,0,0,0,0,0
asymmetric_p2p_tornado_16mib,sglb,4610,0,0,0,0,0,0
asymmetric_p2p_tornado_16mib,sglb,4612,0,0,0,0,0,0
asymmetric_p2p_tornado_16mib,sglb,4614,0,0,0,0,0,0
asymmetric_p2p_tornado_16mib,sglb,4616,0,0,0,0,0,0
asymmetric_p2p_tornado_16mib,sglb,4618,0,0,0,0,0,0
asymmetric_p2p_tornado_16mib,sglb,4620,0,0,0,0,0,0
asymmetric_p2p_tornado_16mib,sglb,4622,0,0,0,0,0,0
asymmetric_p2p_tornado_16mib,sglb,4624,0,0,0,0,0,0
asymmetric_p2p_tornado_16mib,sglb,4626,0,0,0,0,0,0
asymmetric_p2p_tornado_16mib,sglb,4628,0,0,0,0,0,0
asymmetric_p2p_tornado_16mib,sglb,4630,0,0,0,0,0,0
asymmetric_p2p_tornado_16mib,sglb,4632,0,0,0,0,0,0
asymmetric_p2p_tornado_16mib,sglb,4634,0,0,0,0,0,0
asymmetric_p2p_tornado_16mib,sglb,4636,0,0,0,0,0,0
asymmetric_p2p_tornado_16mib,sglb,4638,0,0,0,0,0,0
asymmetric_p2p_tornado_16mib,sglb,4640,0,0,0,0,0,0
asymmetric_p2p_tornado_16mib,sglb,4642,0,0,0,0,0,0
asymmetric_p2p_tornado_16mib,sglb,4644,0,0,0,0,0,0
asymmetric_p2p_tornado_16mib,sglb,4646,0,0,0,0,0,0
asymmetric_p2p_tornado_16mib,sglb,4648,0,0,0,0,0,0
asymmetric_p2p_tornado_16mib,sglb,4650,0,0,0,0,0,0
asymmetric_p2p_tornado_16mib,sglb,4652,0,0,0,0,0,0
asymmetric_p2p_tornado_16mib,sglb,4654,0,0,0,0,0,0
asymmetric_p2p_tornado_16mib,sglb,4656,0,0,0,0,0,0
asymmetric_p2p_tornado_16mib,sglb,4658,0,0,0,0,0,0
asymmetric_p2p_tornado_16mib,sglb,4660,0,0,0,0,0,0
asymmetric_p2p_tornado_16mib,sglb,4662,0,0,0,0,0,0
asymmetric_p2p_tornado_16mib,sglb,4664,0,0,0,0,0,0
asymmetric_p2p_tornado_16mib,sglb,4666,0,0,0,0,0,0
asymmetric_p2p_tornado_16mib,sglb,4668,0,0,0,0,0,0
asymmetric_p2p_tornado_16mib,sglb,4670,0,0,0,0,0,0
asymmetric_p2p_tornado_16mib,sglb,4672,0,0,0,0,0,0
asymmetric_p2p_tornado_16mib,sglb,4674,0,0,0,0,0,0
asymmetric_p2p_tornado_16mib,sglb,4676,0,0,0,0,0,0
asymmetric_p2p_tornado_16mib,sglb,4678,0,0,0,0,0,0
asymmetric_p2p_tornado_16mib,sglb,4680,0,0,0,0,0,0
asymmetric_p2p_tornado_16mib,sglb,4682,0,0,0,0,0,0
asymmetric_p2p_tornado_16mib,sglb,4684,0,0,0,0,0,0
asymmetric_p2p_tornado_16mib,sglb,4686,0,0,0,0,0,0
asymmetric_p2p_tornado_16mib,sglb,4688,0,0,0,0,0,0
asymmetric_p2p_tornado_16mib,sglb,4690,0,0,0,0,0,0
asymmetric_p2p_tornado_16mib,sglb,4692,0,0,0,0,0,0
asymmetric_p2p_tornado_16mib,sglb,4694,0,0,0,0,0,0
asymmetric_p2p_tornado_16mib,sglb,4696,0,0,0,0,0,0
asymmetric_p2p_tornado_16mib,sglb,4698,0,0,0,0,0,0
asymmetric_p2p_tornado_16mib,sglb,4700,0,0,0,0,0,0
asymmetric_p2p_tornado_16mib,sglb,4702,0,0,0,0,0,0
asymmetric_p2p_tornado_16mib,sglb,4704,0,0,0,0,0,0
asymmetric_p2p_tornado_16mib,sglb,4706,0,0,0,0,0,0
asymmetric_p2p_tornado_16mib,sglb,4708,0,0,0,0,0,0
asymmetric_p2p_tornado_16mib,sglb,4710,0,0,0,0,0,0
asymmetric_p2p_tornado_16mib,sglb,4712,0,0,0,0,0,0
asymmetric_p2p_tornado_16mib,sglb,4714,0,0,0,0,0,0
asymmetric_p2p_tornado_16mib,sglb,4716,0,0,0,0,0,0
asymmetric_p2p_tornado_16mib,sglb,4718,0,0,0,0,0,0
asymmetric_p2p_tornado_16mib,sglb,4720,0,0,0,0,0,0
asymmetric_p2p_tornado_16mib,sglb,4722,0,0,0,0,0,0
asymmetric_p2p_tornado_16mib,sglb,4724,0,0,0,0,0,0
asymmetric_p2p_tornado_16mib,sglb,4726,0,0,0,0,0,0
asymmetric_p2p_tornado_16mib,sglb,4728,0,0,0,0,0,0
asymmetric_p2p_tornado_16mib,sglb,4730,0,0,0,0,0,0
asymmetric_p2p_tornado_16mib,sglb,4732,0,0,0,0,0,0
asymmetric_p2p_tornado_16mib,sglb,4734,0,0,0,0,0,0
asymmetric_p2p_tornado_16mib,sglb,4736,0,0,0,0,0,0
asymmetric_p2p_tornado_16mib,sglb,4738,0,0,0,0,0,0
asymmetric_p2p_tornado_16mib,sglb,4740,0,0,0,0,0,0
asymmetric_p2p_tornado_16mib,sglb,4742,0,0,0,0,0,0
asymmetric_p2p_tornado_16mib,sglb,4744,0,0,0,0,0,0
asymmetric_p2p_tornado_16mib,sglb,4746,0,0,0,0,0,0
asymmetric_p2p_tornado_16mib,sglb,4748,0,0,0,0,0,0
asymmetric_p2p_tornado_16mib,sglb,4750,0,0,0,0,0,0
asymmetric_p2p_tornado_16mib,sglb,4752,0,0,0,0,0,0
asymmetric_p2p_tornado_16mib,sglb,4754,0,0,0,0,0,0
asymmetric_p2p_tornado_16mib,sglb,4756,0,0,0,0,0,0
asymmetric_p2p_tornado_16mib,sglb,4758,0,0,0,0,0,0
asymmetric_p2p_tornado_16mib,sglb,4760,0,0,0,0,0,0
asymmetric_p2p_tornado_16mib,sglb,4762,0,0,0,0,0,0
asymmetric_p2p_tornado_16mib,sglb,4764,0,0,0,0,0,0
asymmetric_p2p_tornado_16mib,sglb,4766,0,0,0,0,0,0
asymmetric_p2p_tornado_16mib,sglb,4768,0,0,0,0,0,0
asymmetric_p2p_tornado_16mib,sglb,4770,0,0,0,0,0,0
asymmetric_p2p_tornado_16mib,sglb,4772,0,0,0,0,0,0
asymmetric_p2p_tornado_16mib,sglb,4774,0,0,0,0,0,0
asymmetric_p2p_tornado_16mib,sglb,4776,0,0,0,0,0,0
asymmetric_p2p_tornado_16mib,sglb,4778,0,0,0,0,0,0
asymmetric_p2p_tornado_16mib,sglb,4780,0,0,0,0,0,0
asymmetric_p2p_tornado_16mib,sglb,4782,0,0,0,0,0,0
asymmetric_p2p_tornado_16mib,sglb,4784,0,0,0,0,0,0
asymmetric_p2p_tornado_16mib,sglb,4786,0,0,0,0,0,0
asymmetric_p2p_tornado_16mib,sglb,4788,0,0,0,0,0,0
asymmetric_p2p_tornado_16mib,sglb,4790,0,0,0,0,0,0
asymmetric_p2p_tornado_16mib,sglb,4792,0,0,0,0,0,0
asymmetric_p2p_tornado_16mib,sglb,4794,0,0,0,0,0,0
asymmetric_p2p_tornado_16mib,sglb,4796,0,0,0,0,0,0
asymmetric_p2p_tornado_16mib,sglb,4798,0,0,0,0,0,0
asymmetric_p2p_tornado_16mib,sglb,4800,0,0,0,0,0,0
asymmetric_p2p_tornado_16mib,sglb,4802,0,0,0,0,0,0
asymmetric_p2p_tornado_16mib,sglb,4804,0,0,0,0,0,0
asymmetric_p2p_tornado_16mib,sglb,4806,0,0,0,0,0,0
asymmetric_p2p_tornado_16mib,sglb,4808,0,0,0,0,0,0
asymmetric_p2p_tornado_16mib,sglb,4810,0,0,0,0,0,0
asymmetric_p2p_tornado_16mib,sglb,4812,0,0,0,0,0,0
asymmetric_p2p_tornado_16mib,sglb,4814,0,0,0,0,0,0
asymmetric_p2p_tornado_16mib,sglb,4816,0,0,0,0,0,0
asymmetric_p2p_tornado_16mib,sglb,4818,0,0,0,0,0,0
asymmetric_p2p_tornado_16mib,sglb,4820,0,0,0,0,0,0
asymmetric_p2p_tornado_16mib,sglb,4822,0,0,0,0,0,0
asymmetric_p2p_tornado_16mib,sglb,4824,0,0,0,0,0,0
asymmetric_p2p_tornado_16mib,sglb,4826,0,0,0,0,0,0
asymmetric_p2p_tornado_16mib,sglb,4828,0,0,0,0,0,0
asymmetric_p2p_tornado_16mib,sglb,4830,0,0,0,0,0,0
asymmetric_p2p_tornado_16mib,sglb,4832,0,0,0,0,0,0
asymmetric_p2p_tornado_16mib,sglb,4834,0,0,0,0,0,0
asymmetric_p2p_tornado_16mib,sglb,4836,0,0,0,0,0,0
asymmetric_p2p_tornado_16mib,sglb,4838,0,0,0,0,0,0
asymmetric_p2p_tornado_16mib,sglb,4840,0,0,0,0,0,0
asymmetric_p2p_tornado_16mib,sglb,4842,0,0,0,0,0,0
asymmetric_p2p_tornado_16mib,sglb,4844,0,0,0,0,0,0
asymmetric_p2p_tornado_16mib,sglb,4846,0,0,0,0,0,0
asymmetric_p2p_tornado_16mib,sglb,4848,0,0,0,0,0,0
asymmetric_p2p_tornado_16mib,sglb,4850,0,0,0,0,0,0
asymmetric_p2p_tornado_16mib,sglb,4852,0,0,0,0,0,0
asymmetric_p2p_tornado_16mib,sglb,4854,0,0,0,0,0,0
asymmetric_p2p_tornado_16mib,sglb,4856,0,0,0,0,0,0
asymmetric_p2p_tornado_16mib,sglb,4858,0,0,0,0,0,0
asymmetric_p2p_tornado_16mib,sglb,4860,0,0,0,0,0,0
asymmetric_p2p_tornado_16mib,sglb,4862,0,0,0,0,0,0
asymmetric_p2p_tornado_16mib,sglb,4864,0,0,0,0,0,0
asymmetric_p2p_tornado_16mib,sglb,4866,0,0,0,0,0,0
asymmetric_p2p_tornado_16mib,sglb,4868,0,0,0,0,0,0
asymmetric_p2p_tornado_16mib,sglb,4870,0,0,0,0,0,0
asymmetric_p2p_tornado_16mib,sglb,4872,0,0,0,0,0,0
asymmetric_p2p_tornado_16mib,sglb,4874,0,0,0,0,0,0
asymmetric_p2p_tornado_16mib,sglb,4876,0,0,0,0,0,0
asymmetric_p2p_tornado_16mib,sglb,4878,0,0,0,0,0,0
asymmetric_p2p_tornado_16mib,sglb,4880,0,0,0,0,0,0
asymmetric_p2p_tornado_16mib,sglb,4882,0,0,0,0,0,0
asymmetric_p2p_tornado_16mib,sglb,4884,0,0,0,0,0,0
asymmetric_p2p_tornado_16mib,sglb,4886,0,0,0,0,0,0
asymmetric_p2p_tornado_16mib,sglb,4888,0,0,0,0,0,0
asymmetric_p2p_tornado_16mib,sglb,4890,0,0,0,0,0,0
asymmetric_p2p_tornado_16mib,sglb,4892,0,0,0,0,0,0
asymmetric_p2p_tornado_16mib,sglb,4894,0,0,0,0,0,0
asymmetric_p2p_tornado_16mib,sglb,4896,0,0,0,0,0,0
asymmetric_p2p_tornado_16mib,sglb,4898,0,0,0,0,0,0
asymmetric_p2p_tornado_16mib,sglb,4900,0,0,0,0,0,0
asymmetric_p2p_tornado_16mib,sglb,4902,0,0,0,0,0,0
asymmetric_p2p_tornado_16mib,sglb,4904,0,0,0,0,0,0
asymmetric_p2p_tornado_16mib,sglb,4906,0,0,0,0,0,0
asymmetric_p2p_tornado_16mib,sglb,4908,0,0,0,0,0,0
asymmetric_p2p_tornado_16mib,sglb,4910,0,0,0,0,0,0
asymmetric_p2p_tornado_16mib,sglb,4912,0,0,0,0,0,0
asymmetric_p2p_tornado_16mib,sglb,4914,0,0,0,0,0,0
asymmetric_p2p_tornado_16mib,sglb,4916,0,0,0,0,0,0
asymmetric_p2p_tornado_16mib,sglb,4918,0,0,0,0,0,0
asymmetric_p2p_tornado_16mib,sglb,4920,0,0,0,0,0,0
asymmetric_p2p_tornado_16mib,sglb,4922,0,0,0,0,0,0
asymmetric_p2p_tornado_16mib,sglb,4924,0,0,0,0,0,0
asymmetric_p2p_tornado_16mib,sglb,4926,0,0,0,0,0,0
asymmetric_p2p_tornado_16mib,sglb,4928,0,0,0,0,0,0
asymmetric_p2p_tornado_16mib,sglb,4930,0,0,0,0,0,0
asymmetric_p2p_tornado_16mib,sglb,4932,0,0,0,0,0,0
asymmetric_p2p_tornado_16mib,sglb,4934,0,0,0,0,0,0
asymmetric_p2p_tornado_16mib,sglb,4936,0,0,0,0,0,0
asymmetric_p2p_tornado_16mib,sglb,4938,0,0,0,0,0,0
asymmetric_p2p_tornado_16mib,sglb,4940,0,0,0,0,0,0
asymmetric_p2p_tornado_16mib,sglb,4942,0,0,0,0,0,0
asymmetric_p2p_tornado_16mib,sglb,4944,0,0,0,0,0,0
asymmetric_p2p_tornado_16mib,sglb,4946,0,0,0,0,0,0
asymmetric_p2p_tornado_16mib,sglb,4948,0,0,0,0,0,0
asymmetric_p2p_tornado_16mib,sglb,4950,0,0,0,0,0,0
asymmetric_p2p_tornado_16mib,sglb,4952,0,0,0,0,0,0
asymmetric_p2p_tornado_16mib,sglb,4954,0,0,0,0,0,0
asymmetric_p2p_tornado_16mib,sglb,4956,0,0,0,0,0,0
asymmetric_p2p_tornado_16mib,sglb,4958,0,0,0,0,0,0
asymmetric_p2p_tornado_16mib,sglb,4960,0,0,0,0,0,0
asymmetric_p2p_tornado_16mib,sglb,4962,0,0,0,0,0,0
asymmetric_p2p_tornado_16mib,sglb,4964,0,0,0,0,0,0
asymmetric_p2p_tornado_16mib,sglb,4966,0,0,0,0,0,0
asymmetric_p2p_tornado_16mib,sglb,4968,0,0,0,0,0,0
asymmetric_p2p_tornado_16mib,sglb,4970,0,0,0,0,0,0
asymmetric_p2p_tornado_16mib,sglb,4972,0,0,0,0,0,0
asymmetric_p2p_tornado_16mib,sglb,4974,0,0,0,0,0,0
asymmetric_p2p_tornado_16mib,sglb,4976,0,0,0,0,0,0
asymmetric_p2p_tornado_16mib,sglb,4978,0,0,0,0,0,0
asymmetric_p2p_tornado_16mib,sglb,4980,0,0,0,0,0,0
asymmetric_p2p_tornado_16mib,sglb,4982,0,0,0,0,0,0
asymmetric_p2p_tornado_16mib,sglb,4984,0,0,0,0,0,0
asymmetric_p2p_tornado_16mib,sglb,4986,0,0,0,0,0,0
asymmetric_p2p_tornado_16mib,sglb,4988,0,0,0,0,0,0
asymmetric_p2p_tornado_16mib,sglb,4990,0,0,0,0,0,0
asymmetric_p2p_tornado_16mib,sglb,4992,0,0,0,0,0,0
asymmetric_p2p_tornado_16mib,sglb,4994,0,0,0,0,0,0
asymmetric_p2p_tornado_16mib,sglb,4996,0,0,0,0,0,0
asymmetric_p2p_tornado_16mib,sglb,4998,0,0,0,0,0,0
asymmetric_p2p_tornado_16mib,sglb,5000,0,0,0,0,0,0
asymmetric_p2p_tornado_16mib,sglb,5002,0,0,0,0,0,0
asymmetric_p2p_tornado_16mib,sglb,5004,0,0,0,0,0,0
asymmetric_p2p_tornado_16mib,sglb,5006,0,0,0,0,0,0
asymmetric_p2p_tornado_16mib,sglb,5008,0,0,0,0,0,0
asymmetric_p2p_tornado_16mib,sglb,5010,0,0,0,0,0,0
asymmetric_p2p_tornado_16mib,sglb,5012,0,0,0,0,0,0
asymmetric_p2p_tornado_16mib,sglb,5014,0,0,0,0,0,0
asymmetric_p2p_tornado_16mib,sglb,5016,0,0,0,0,0,0
asymmetric_p2p_tornado_16mib,sglb,5018,0,0,0,0,0,0
asymmetric_p2p_tornado_16mib,sglb,5020,0,0,0,0,0,0
asymmetric_p2p_tornado_16mib,sglb,5022,0,0,0,0,0,0
asymmetric_p2p_tornado_16mib,sglb,5024,0,0,0,0,0,0
asymmetric_p2p_tornado_16mib,sglb,5026,0,0,0,0,0,0
asymmetric_p2p_tornado_16mib,sglb,5028,0,0,0,0,0,0
asymmetric_p2p_tornado_16mib,sglb,5030,0,0,0,0,0,0
asymmetric_p2p_tornado_16mib,sglb,5032,0,0,0,0,0,0
asymmetric_p2p_tornado_16mib,sglb,5034,0,0,0,0,0,0
asymmetric_p2p_tornado_16mib,sglb,5036,0,0,0,0,0,0
asymmetric_p2p_tornado_16mib,sglb,5038,0,0,0,0,0,0
asymmetric_p2p_tornado_16mib,sglb,5040,0,0,0,0,0,0
asymmetric_p2p_tornado_16mib,sglb,5042,0,0,0,0,0,0
asymmetric_p2p_tornado_16mib,sglb,5044,0,0,0,0,0,0
asymmetric_p2p_tornado_16mib,sglb,5046,0,0,0,0,0,0
asymmetric_p2p_tornado_16mib,sglb,5048,0,0,0,0,0,0
asymmetric_p2p_tornado_16mib,sglb,5050,0,0,0,0,0,0
asymmetric_p2p_tornado_16mib,sglb,5052,0,0,0,0,0,0
asymmetric_p2p_tornado_16mib,sglb,5054,0,0,0,0,0,0
asymmetric_p2p_tornado_16mib,sglb,5056,0,0,0,0,0,0
asymmetric_p2p_tornado_16mib,sglb,5058,0,0,0,0,0,0
asymmetric_p2p_tornado_16mib,sglb,5060,0,0,0,0,0,0
asymmetric_p2p_tornado_16mib,sglb,5062,0,0,0,0,0,0
asymmetric_p2p_tornado_16mib,sglb,5064,0,0,0,0,0,0
asymmetric_p2p_tornado_16mib,sglb,5066,0,0,0,0,0,0
asymmetric_p2p_tornado_16mib,sglb,5068,0,0,0,0,0,0
asymmetric_p2p_tornado_16mib,sglb,5070,0,0,0,0,0,0
asymmetric_p2p_tornado_16mib,sglb,5072,0,0,0,0,0,0
asymmetric_p2p_tornado_16mib,sglb,5074,0,0,0,0,0,0
asymmetric_p2p_tornado_16mib,sglb,5076,0,0,0,0,0,0
asymmetric_p2p_tornado_16mib,sglb,5078,0,0,0,0,0,0
asymmetric_p2p_tornado_16mib,sglb,5080,0,0,0,0,0,0
asymmetric_p2p_tornado_16mib,sglb,5082,0,0,0,0,0,0
asymmetric_p2p_tornado_16mib,sglb,5084,0,0,0,0,0,0
asymmetric_p2p_tornado_16mib,sglb,5086,0,0,0,0,0,0
asymmetric_p2p_tornado_16mib,sglb,5088,0,0,0,0,0,0
asymmetric_p2p_tornado_16mib,sglb,5090,0,0,0,0,0,0
asymmetric_p2p_tornado_16mib,sglb,5092,0,0,0,0,0,0
asymmetric_p2p_tornado_16mib,sglb,5094,0,0,0,0,0,0
asymmetric_p2p_tornado_16mib,sglb,5096,0,0,0,0,0,0
asymmetric_p2p_tornado_16mib,sglb,5098,0,0,0,0,0,0
asymmetric_p2p_tornado_16mib,sglb,5100,0,0,0,0,0,0
asymmetric_p2p_tornado_16mib,sglb,5102,0,0,0,0,0,0
asymmetric_p2p_tornado_16mib,sglb,5104,0,0,0,0,0,0
asymmetric_p2p_tornado_16mib,sglb,5106,0,0,0,0,0,0
asymmetric_p2p_tornado_16mib,sglb,5108,0,0,0,0,0,0
asymmetric_p2p_tornado_16mib,sglb,5110,0,0,0,0,0,0
asymmetric_p2p_tornado_16mib,sglb,5112,0,0,0,0,0,0
asymmetric_p2p_tornado_16mib,sglb,5114,0,0,0,0,0,0
asymmetric_p2p_tornado_16mib,sglb,5116,0,0,0,0,0,0
asymmetric_p2p_tornado_16mib,sglb,5118,0,0,0,0,0,0
asymmetric_p2p_tornado_16mib,sglb,5120,0,0,0,0,0,0
asymmetric_p2p_tornado_16mib,sglb,5122,0,0,0,0,0,0
asymmetric_p2p_tornado_16mib,sglb,5124,0,0,0,0,0,0
asymmetric_p2p_tornado_16mib,sglb,5126,0,0,0,0,0,0
asymmetric_p2p_tornado_16mib,sglb,5128,0,0,0,0,0,0
asymmetric_p2p_tornado_16mib,sglb,5130,0,0,0,0,0,0
asymmetric_p2p_tornado_16mib,sglb,5132,0,0,0,0,0,0
asymmetric_p2p_tornado_16mib,sglb,5134,0,0,0,0,0,0
asymmetric_p2p_tornado_16mib,sglb,5136,0,0,0,0,0,0
asymmetric_p2p_tornado_16mib,sglb,5138,0,0,0,0,0,0
asymmetric_p2p_tornado_16mib,sglb,5140,0,0,0,0,0,0
asymmetric_p2p_tornado_16mib,sglb,5142,0,0,0,0,0,0
asymmetric_p2p_tornado_16mib,sglb,5144,0,0,0,0,0,0
asymmetric_p2p_tornado_16mib,sglb,5146,0,0,0,0,0,0
asymmetric_p2p_tornado_16mib,sglb,5148,0,0,0,0,0,0
asymmetric_p2p_tornado_16mib,sglb,5150,0,0,0,0,0,0
asymmetric_p2p_tornado_16mib,sglb,5152,0,0,0,0,0,0
asymmetric_p2p_tornado_16mib,sglb,5154,0,0,0,0,0,0
asymmetric_p2p_tornado_16mib,sglb,5156,0,0,0,0,0,0
asymmetric_p2p_tornado_16mib,sglb,5158,0,0,0,0,0,0
asymmetric_p2p_tornado_16mib,sglb,5160,0,0,0,0,0,0
asymmetric_p2p_tornado_16mib,sglb,5162,0,0,0,0,0,0
asymmetric_p2p_tornado_16mib,sglb,5164,0,0,0,0,0,0
asymmetric_p2p_tornado_16mib,sglb,5166,0,0,0,0,0,0
asymmetric_p2p_tornado_16mib,sglb,5168,0,0,0,0,0,0
asymmetric_p2p_tornado_16mib,sglb,5170,0,0,0,0,0,0
asymmetric_p2p_tornado_16mib,sglb,5172,0,0,0,0,0,0
asymmetric_p2p_tornado_16mib,sglb,5174,0,0,0,0,0,0
asymmetric_p2p_tornado_16mib,sglb,5176,0,0,0,0,0,0
asymmetric_p2p_tornado_16mib,sglb,5178,0,0,0,0,0,0
asymmetric_p2p_tornado_16mib,sglb,5180,0,0,0,0,0,0
asymmetric_p2p_tornado_16mib,sglb,5182,0,0,0,0,0,0
asymmetric_p2p_tornado_16mib,sglb,5184,0,0,0,0,0,0
asymmetric_p2p_tornado_16mib,sglb,5186,0,0,0,0,0,0
asymmetric_p2p_tornado_16mib,sglb,5188,0,0,0,0,0,0
asymmetric_p2p_tornado_16mib,sglb,5190,0,0,0,0,0,0
asymmetric_p2p_tornado_16mib,sglb,5192,0,0,0,0,0,0
asymmetric_p2p_tornado_16mib,sglb,5194,0,0,0,0,0,0
asymmetric_p2p_tornado_16mib,sglb,5196,0,0,0,0,0,0
asymmetric_p2p_tornado_16mib,sglb,5198,0,0,0,0,0,0
asymmetric_p2p_tornado_16mib,sglb,5200,0,0,0,0,0,0
asymmetric_p2p_tornado_16mib,sglb,5202,0,0,0,0,0,0
asymmetric_p2p_tornado_16mib,sglb,5204,0,0,0,0,0,0
asymmetric_p2p_tornado_16mib,sglb,5206,0,0,0,0,0,0
asymmetric_p2p_tornado_16mib,sglb,5208,0,0,0,0,0,0
asymmetric_p2p_tornado_16mib,sglb,5210,0,0,0,0,0,0
asymmetric_p2p_tornado_16mib,sglb,5212,0,0,0,0,0,0
asymmetric_p2p_tornado_16mib,sglb,5214,0,0,0,0,0,0
asymmetric_p2p_tornado_16mib,sglb,5216,0,0,0,0,0,0
asymmetric_p2p_tornado_16mib,sglb,5218,0,0,0,0,0,0
asymmetric_p2p_tornado_16mib,sglb,5220,0,0,0,0,0,0
asymmetric_p2p_tornado_16mib,sglb,5222,0,0,0,0,0,0
asymmetric_p2p_tornado_16mib,sglb,5224,0,0,0,0,0,0
asymmetric_p2p_tornado_16mib,sglb,5226,0,0,0,0,0,0
asymmetric_p2p_tornado_16mib,sglb,5228,0,0,0,0,0,0
asymmetric_p2p_tornado_16mib,sglb,5230,0,0,0,0,0,0
asymmetric_p2p_tornado_16mib,sglb,5232,0,0,0,0,0,0
asymmetric_p2p_tornado_16mib,sglb,5234,0,0,0,0,0,0
asymmetric_p2p_tornado_16mib,sglb,5236,0,0,0,0,0,0
asymmetric_p2p_tornado_16mib,sglb,5238,0,0,0,0,0,0
asymmetric_p2p_tornado_16mib,sglb,5240,0,0,0,0,0,0
asymmetric_p2p_tornado_16mib,sglb,5242,0,0,0,0,0,0
asymmetric_p2p_tornado_16mib,sglb,5244,0,0,0,0,0,0
asymmetric_p2p_tornado_16mib,sglb,5246,0,0,0,0,0,0
asymmetric_p2p_tornado_16mib,sglb,5248,0,0,0,0,0,0
asymmetric_p2p_tornado_16mib,sglb,5250,0,0,0,0,0,0
asymmetric_p2p_tornado_16mib,sglb,5252,0,0,0,0,0,0
asymmetric_p2p_tornado_16mib,sglb,5254,0,0,0,0,0,0
asymmetric_p2p_tornado_16mib,sglb,5256,0,0,0,0,0,0
asymmetric_p2p_tornado_16mib,sglb,5258,0,0,0,0,0,0
asymmetric_p2p_tornado_16mib,sglb,5260,0,0,0,0,0,0
asymmetric_p2p_tornado_16mib,sglb,5262,0,0,0,0,0,0
asymmetric_p2p_tornado_16mib,sglb,5264,0,0,0,0,0,0
asymmetric_p2p_tornado_16mib,sglb,5266,0,0,0,0,0,0
asymmetric_p2p_tornado_16mib,sglb,5268,0,0,0,0,0,0
asymmetric_p2p_tornado_16mib,sglb,5270,0,0,0,0,0,0
asymmetric_p2p_tornado_16mib,sglb,5272,0,0,0,0,0,0
asymmetric_p2p_tornado_16mib,sglb,5274,0,0,0,0,0,0
asymmetric_p2p_tornado_16mib,sglb,5276,0,0,0,0,0,0
asymmetric_p2p_tornado_16mib,sglb,5278,0,0,0,0,0,0
asymmetric_p2p_tornado_16mib,sglb,5280,0,0,0,0,0,0
asymmetric_p2p_tornado_16mib,sglb,5282,0,0,0,0,0,0
asymmetric_p2p_tornado_16mib,sglb,5284,0,0,0,0,0,0
asymmetric_p2p_tornado_16mib,sglb,5286,0,0,0,0,0,0
asymmetric_p2p_tornado_16mib,sglb,5288,0,0,0,0,0,0
asymmetric_p2p_tornado_16mib,sglb,5290,0,0,0,0,0,0
asymmetric_p2p_tornado_16mib,sglb,5292,0,0,0,0,0,0
asymmetric_p2p_tornado_16mib,sglb,5294,0,0,0,0,0,0
asymmetric_p2p_tornado_16mib,sglb,5296,0,0,0,0,0,0
asymmetric_p2p_tornado_16mib,sglb,5298,0,0,0,0,0,0
asymmetric_p2p_tornado_16mib,sglb,5300,0,0,0,0,0,0
asymmetric_p2p_tornado_16mib,sglb,5302,0,0,0,0,0,0
asymmetric_p2p_tornado_16mib,sglb,5304,0,0,0,0,0,0
asymmetric_p2p_tornado_16mib,sglb,5306,0,0,0,0,0,0
asymmetric_p2p_tornado_16mib,sglb,5308,0,0,0,0,0,0
asymmetric_p2p_tornado_16mib,sglb,5310,0,0,0,0,0,0
asymmetric_p2p_tornado_16mib,sglb,5312,0,0,0,0,0,0
asymmetric_p2p_tornado_16mib,sglb,5314,0,0,0,0,0,0
asymmetric_p2p_tornado_16mib,sglb,5316,0,0,0,0,0,0
asymmetric_p2p_tornado_16mib,sglb,5318,0,0,0,0,0,0
asymmetric_p2p_tornado_16mib,sglb,5320,0,0,0,0,0,0
asymmetric_p2p_tornado_16mib,sglb,5322,0,0,0,0,0,0
asymmetric_p2p_tornado_16mib,sglb,5324,0,0,0,0,0,0
asymmetric_p2p_tornado_16mib,sglb,5326,0,0,0,0,0,0
asymmetric_p2p_tornado_16mib,sglb,5328,0,0,0,0,0,0
asymmetric_p2p_tornado_16mib,sglb,5330,0,0,0,0,0,0
asymmetric_p2p_tornado_16mib,sglb,5332,0,0,0,0,0,0
asymmetric_p2p_tornado_16mib,sglb,5334,0,0,0,0,0,0
asymmetric_p2p_tornado_16mib,sglb,5336,0,0,0,0,0,0
asymmetric_p2p_tornado_16mib,sglb,5338,0,0,0,0,0,0
asymmetric_p2p_tornado_16mib,sglb,5340,0,0,0,0,0,0
asymmetric_p2p_tornado_16mib,sglb,5342,0,0,0,0,0,0
asymmetric_p2p_tornado_16mib,sglb,5344,0,0,0,0,0,0
asymmetric_p2p_tornado_16mib,sglb,5346,0,0,0,0,0,0
asymmetric_p2p_tornado_16mib,sglb,5348,0,0,0,0,0,0
asymmetric_p2p_tornado_16mib,sglb,5350,0,0,0,0,0,0
asymmetric_p2p_tornado_16mib,sglb,5352,0,0,0,0,0,0
asymmetric_p2p_tornado_16mib,sglb,5354,0,0,0,0,0,0
asymmetric_p2p_tornado_16mib,sglb,5356,0,0,0,0,0,0
asymmetric_p2p_tornado_16mib,sglb,5358,0,0,0,0,0,0
asymmetric_p2p_tornado_16mib,sglb,5360,0,0,0,0,0,0
asymmetric_p2p_tornado_16mib,sglb,5362,0,0,0,0,0,0
asymmetric_p2p_tornado_16mib,sglb,5364,0,0,0,0,0,0
asymmetric_p2p_tornado_16mib,sglb,5366,0,0,0,0,0,0
asymmetric_p2p_tornado_16mib,sglb,5368,0,0,0,0,0,0
asymmetric_p2p_tornado_16mib,sglb,5370,0,0,0,0,0,0
asymmetric_p2p_tornado_16mib,sglb,5372,0,0,0,0,0,0
asymmetric_p2p_tornado_16mib,sglb,5374,0,0,0,0,0,0
asymmetric_p2p_tornado_16mib,sglb,5376,0,0,0,0,0,0
asymmetric_p2p_tornado_16mib,sglb,5378,0,0,0,0,0,0
asymmetric_p2p_tornado_16mib,sglb,5380,0,0,0,0,0,0
asymmetric_p2p_tornado_16mib,sglb,5382,0,0,0,0,0,0
asymmetric_p2p_tornado_16mib,sglb,5384,0,0,0,0,0,0
asymmetric_p2p_tornado_16mib,sglb,5386,0,0,0,0,0,0
asymmetric_p2p_tornado_16mib,sglb,5388,0,0,0,0,0,0
asymmetric_p2p_tornado_16mib,sglb,5390,0,0,0,0,0,0
asymmetric_p2p_tornado_16mib,sglb,5392,0,0,0,0,0,0
asymmetric_p2p_tornado_16mib,sglb,5394,0,0,0,0,0,0
asymmetric_p2p_tornado_16mib,sglb,5396,0,0,0,0,0,0
asymmetric_p2p_tornado_16mib,sglb,5398,0,0,0,0,0,0
asymmetric_p2p_tornado_16mib,sglb,5400,0,0,0,0,0,0
asymmetric_p2p_tornado_16mib,sglb,5402,0,0,0,0,0,0
asymmetric_p2p_tornado_16mib,sglb,5404,0,0,0,0,0,0
asymmetric_p2p_tornado_16mib,sglb,5406,0,0,0,0,0,0
asymmetric_p2p_tornado_16mib,sglb,5408,0,0,0,0,0,0
asymmetric_p2p_tornado_16mib,sglb,5410,0,0,0,0,0,0
asymmetric_p2p_tornado_16mib,sglb,5412,0,0,0,0,0,0
asymmetric_p2p_tornado_16mib,sglb,5414,0,0,0,0,0,0
asymmetric_p2p_tornado_16mib,sglb,5416,0,0,0,0,0,0
asymmetric_p2p_tornado_16mib,sglb,5418,0,0,0,0,0,0
asymmetric_p2p_tornado_16mib,sglb,5420,0,0,0,0,0,0
asymmetric_p2p_tornado_16mib,sglb,5422,0,0,0,0,0,0
asymmetric_p2p_tornado_16mib,sglb,5424,0,0,0,0,0,0
asymmetric_p2p_tornado_16mib,sglb,5426,0,0,0,0,0,0
asymmetric_p2p_tornado_16mib,sglb,5428,0,0,0,0,0,0
asymmetric_p2p_tornado_16mib,sglb,5430,0,0,0,0,0,0
asymmetric_p2p_tornado_16mib,sglb,5432,0,0,0,0,0,0
asymmetric_p2p_tornado_16mib,sglb,5434,0,0,0,0,0,0
asymmetric_p2p_tornado_16mib,sglb,5436,0,0,0,0,0,0
asymmetric_p2p_tornado_16mib,sglb,5438,0,0,0,0,0,0
asymmetric_p2p_tornado_16mib,sglb,5440,0,0,0,0,0,0
asymmetric_p2p_tornado_16mib,sglb,5442,0,0,0,0,0,0
asymmetric_p2p_tornado_16mib,sglb,5444,0,0,0,0,0,0
asymmetric_p2p_tornado_16mib,sglb,5446,0,0,0,0,0,0
asymmetric_p2p_tornado_16mib,sglb,5448,0,0,0,0,0,0
asymmetric_p2p_tornado_16mib,sglb,5450,0,0,0,0,0,0
asymmetric_p2p_tornado_16mib,sglb,5452,0,0,0,0,0,0
asymmetric_p2p_tornado_16mib,sglb,5454,0,0,0,0,0,0
asymmetric_p2p_tornado_16mib,sglb,5456,0,0,0,0,0,0
asymmetric_p2p_tornado_16mib,sglb,5458,0,0,0,0,0,0
asymmetric_p2p_tornado_16mib,sglb,5460,0,0,0,0,0,0
asymmetric_p2p_tornado_16mib,sglb,5462,0,0,0,0,0,0
asymmetric_p2p_tornado_16mib,sglb,5464,0,0,0,0,0,0
asymmetric_p2p_tornado_16mib,sglb,5466,0,0,0,0,0,0
asymmetric_p2p_tornado_16mib,sglb,5468,0,0,0,0,0,0
asymmetric_p2p_tornado_16mib,sglb,5470,0,0,0,0,0,0
asymmetric_p2p_tornado_16mib,sglb,5472,0,0,0,0,0,0
asymmetric_p2p_tornado_16mib,sglb,5474,0,0,0,0,0,0
asymmetric_p2p_tornado_16mib,sglb,5476,0,0,0,0,0,0
asymmetric_p2p_tornado_16mib,sglb,5478,0,0,0,0,0,0
asymmetric_p2p_tornado_16mib,sglb,5480,0,0,0,0,0,0
asymmetric_p2p_tornado_16mib,sglb,5482,0,0,0,0,0,0
asymmetric_p2p_tornado_16mib,sglb,5484,0,0,0,0,0,0
asymmetric_p2p_tornado_16mib,sglb,5486,0,0,0,0,0,0
asymmetric_p2p_tornado_16mib,sglb,5488,0,0,0,0,0,0
asymmetric_p2p_tornado_16mib,sglb,5490,0,0,0,0,0,0
asymmetric_p2p_tornado_16mib,sglb,5492,0,0,0,0,0,0
asymmetric_p2p_tornado_16mib,sglb,5494,0,0,0,0,0,0
asymmetric_p2p_tornado_16mib,sglb,5496,0,0,0,0,0,0
asymmetric_p2p_tornado_16mib,sglb,5498,0,0,0,0,0,0
asymmetric_p2p_tornado_16mib,sglb,5500,0,0,0,0,0,0
asymmetric_p2p_tornado_16mib,sglb,5502,0,0,0,0,0,0
asymmetric_p2p_tornado_16mib,sglb,5504,0,0,0,0,0,0
asymmetric_p2p_tornado_16mib,sglb,5506,0,0,0,0,0,0
asymmetric_p2p_tornado_16mib,sglb,5508,0,0,0,0,0,0
asymmetric_p2p_tornado_16mib,sglb,5510,0,0,0,0,0,0
asymmetric_p2p_tornado_16mib,sglb,5512,0,0,0,0,0,0
asymmetric_p2p_tornado_16mib,sglb,5514,0,0,0,0,0,0
asymmetric_p2p_tornado_16mib,sglb,5516,0,0,0,0,0,0
asymmetric_p2p_tornado_16mib,sglb,5518,0,0,0,0,0,0
asymmetric_p2p_tornado_16mib,sglb,5520,0,0,0,0,0,0
asymmetric_p2p_tornado_16mib,sglb,5522,0,0,0,0,0,0
asymmetric_p2p_tornado_16mib,sglb,5524,0,0,0,0,0,0
asymmetric_p2p_tornado_16mib,sglb,5526,0,0,0,0,0,0
asymmetric_p2p_tornado_16mib,sglb,5528,0,0,0,0,0,0
asymmetric_p2p_tornado_16mib,sglb,5530,0,0,0,0,0,0
asymmetric_p2p_tornado_16mib,sglb,5532,0,0,0,0,0,0
asymmetric_p2p_tornado_16mib,sglb,5534,0,0,0,0,0,0
asymmetric_p2p_tornado_16mib,sglb,5536,0,0,0,0,0,0
asymmetric_p2p_tornado_16mib,sglb,5538,0,0,0,0,0,0
asymmetric_p2p_tornado_16mib,sglb,5540,0,0,0,0,0,0
asymmetric_p2p_tornado_16mib,sglb,5542,0,0,0,0,0,0
asymmetric_p2p_tornado_16mib,sglb,5544,0,0,0,0,0,0
asymmetric_p2p_tornado_16mib,sglb,5546,0,0,0,0,0,0
asymmetric_p2p_tornado_16mib,sglb,5548,0,0,0,0,0,0
asymmetric_p2p_tornado_16mib,sglb,5550,0,0,0,0,0,0
asymmetric_p2p_tornado_16mib,sglb,5552,0,0,0,0,0,0
asymmetric_p2p_tornado_16mib,sglb,5554,0,0,0,0,0,0
asymmetric_p2p_tornado_16mib,sglb,5556,0,0,0,0,0,0
asymmetric_p2p_tornado_16mib,sglb,5558,0,0,0,0,0,0
asymmetric_p2p_tornado_16mib,sglb,5560,0,0,0,0,0,0
asymmetric_p2p_tornado_16mib,sglb,5562,0,0,0,0,0,0
asymmetric_p2p_tornado_16mib,sglb,5564,0,0,0,0,0,0
asymmetric_p2p_tornado_16mib,sglb,5566,0,0,0,0,0,0
asymmetric_p2p_tornado_16mib,sglb,5568,0,0,0,0,0,0
asymmetric_p2p_tornado_16mib,sglb,5570,0,0,0,0,0,0
asymmetric_p2p_tornado_16mib,sglb,5572,0,0,0,0,0,0
asymmetric_p2p_tornado_16mib,sglb,5574,0,0,0,0,0,0
asymmetric_p2p_tornado_16mib,sglb,5576,0,0,0,0,0,0
asymmetric_p2p_tornado_16mib,sglb,5578,0,0,0,0,0,0
asymmetric_p2p_tornado_16mib,sglb,5580,0,0,0,0,0,0
asymmetric_p2p_tornado_16mib,sglb,5582,0,0,0,0,0,0
asymmetric_p2p_tornado_16mib,sglb,5584,0,0,0,0,0,0
asymmetric_p2p_tornado_16mib,sglb,5586,0,0,0,0,0,0
asymmetric_p2p_tornado_16mib,sglb,5588,0,0,0,0,0,0
asymmetric_p2p_tornado_16mib,sglb,5590,0,0,0,0,0,0
asymmetric_p2p_tornado_16mib,sglb,5592,0,0,0,0,0,0
asymmetric_p2p_tornado_16mib,sglb,5594,0,0,0,0,0,0
asymmetric_p2p_tornado_16mib,sglb,5596,0,0,0,0,0,0
asymmetric_p2p_tornado_16mib,sglb,5598,0,0,0,0,0,0
asymmetric_p2p_tornado_16mib,sglb,5600,0,0,0,0,0,0
asymmetric_p2p_tornado_16mib,sglb,5602,0,0,0,0,0,0
asymmetric_p2p_tornado_16mib,sglb,5604,0,0,0,0,0,0
asymmetric_p2p_tornado_16mib,sglb,5606,0,0,0,0,0,0
asymmetric_p2p_tornado_16mib,sglb,5608,0,0,0,0,0,0
asymmetric_p2p_tornado_16mib,sglb,5610,0,0,0,0,0,0
asymmetric_p2p_tornado_16mib,sglb,5612,0,0,0,0,0,0
asymmetric_p2p_tornado_16mib,sglb,5614,0,0,0,0,0,0
asymmetric_p2p_tornado_16mib,sglb,5616,0,0,0,0,0,0
asymmetric_p2p_tornado_16mib,sglb,5618,0,0,0,0,0,0
asymmetric_p2p_tornado_16mib,sglb,5620,0,0,0,0,0,0
asymmetric_p2p_tornado_16mib,sglb,5622,0,0,0,0,0,0
asymmetric_p2p_tornado_16mib,sglb,5624,0,0,0,0,0,0
asymmetric_p2p_tornado_16mib,sglb,5626,0,0,0,0,0,0
asymmetric_p2p_tornado_16mib,sglb,5628,0,0,0,0,0,0
asymmetric_p2p_tornado_16mib,sglb,5630,0,0,0,0,0,0
asymmetric_p2p_tornado_16mib,sglb,5632,0,0,0,0,0,0
asymmetric_p2p_tornado_16mib,sglb,5634,0,0,0,0,0,0
asymmetric_p2p_tornado_16mib,sglb,5636,0,0,0,0,0,0
asymmetric_p2p_tornado_16mib,sglb,5638,0,0,0,0,0,0
asymmetric_p2p_tornado_16mib,sglb,5640,0,0,0,0,0,0
asymmetric_p2p_tornado_16mib,sglb,5642,0,0,0,0,0,0
asymmetric_p2p_tornado_16mib,sglb,5644,0,0,0,0,0,0
asymmetric_p2p_tornado_16mib,sglb,5646,0,0,0,0,0,0
asymmetric_p2p_tornado_16mib,sglb,5648,0,0,0,0,0,0
asymmetric_p2p_tornado_16mib,sglb,5650,0,0,0,0,0,0
asymmetric_p2p_tornado_16mib,sglb,5652,0,0,0,0,0,0
asymmetric_p2p_tornado_16mib,sglb,5654,0,0,0,0,0,0
asymmetric_p2p_tornado_16mib,sglb,5656,0,0,0,0,0,0
asymmetric_p2p_tornado_16mib,sglb,5658,0,0,0,0,0,0
asymmetric_p2p_tornado_16mib,sglb,5660,0,0,0,0,0,0
asymmetric_p2p_tornado_16mib,sglb,5662,0,0,0,0,0,0
asymmetric_p2p_tornado_16mib,sglb,5664,0,0,0,0,0,0
asymmetric_p2p_tornado_16mib,sglb,5666,0,0,0,0,0,0
asymmetric_p2p_tornado_16mib,sglb,5668,0,0,0,0,0,0
asymmetric_p2p_tornado_16mib,sglb,5670,0,0,0,0,0,0
asymmetric_p2p_tornado_16mib,sglb,5672,0,0,0,0,0,0
asymmetric_p2p_tornado_16mib,sglb,5674,0,0,0,0,0,0
asymmetric_p2p_tornado_16mib,sglb,5676,0,0,0,0,0,0
asymmetric_p2p_tornado_16mib,sglb,5678,0,0,0,0,0,0
asymmetric_p2p_tornado_16mib,sglb,5680,0,0,0,0,0,0
asymmetric_p2p_tornado_16mib,sglb,5682,0,0,0,0,0,0
asymmetric_p2p_tornado_16mib,sglb,5684,0,0,0,0,0,0
asymmetric_p2p_tornado_16mib,sglb,5686,0,0,0,0,0,0
asymmetric_p2p_tornado_16mib,sglb,5688,0,0,0,0,0,0
asymmetric_p2p_tornado_16mib,sglb,5690,0,0,0,0,0,0
asymmetric_p2p_tornado_16mib,sglb,5692,0,0,0,0,0,0
asymmetric_p2p_tornado_16mib,sglb,5694,0,0,0,0,0,0
asymmetric_p2p_tornado_16mib,sglb,5696,0,0,0,0,0,0
asymmetric_p2p_tornado_16mib,sglb,5698,0,0,0,0,0,0
asymmetric_p2p_tornado_16mib,sglb,5700,0,0,0,0,0,0
asymmetric_p2p_tornado_16mib,sglb,5702,0,0,0,0,0,0
asymmetric_p2p_tornado_16mib,sglb,5704,0,0,0,0,0,0
asymmetric_p2p_tornado_16mib,sglb,5706,0,0,0,0,0,0
asymmetric_p2p_tornado_16mib,sglb,5708,0,0,0,0,0,0
asymmetric_p2p_tornado_16mib,sglb,5710,0,0,0,0,0,0
asymmetric_p2p_tornado_16mib,sglb,5712,0,0,0,0,0,0
asymmetric_p2p_tornado_16mib,sglb,5714,0,0,0,0,0,0
asymmetric_p2p_tornado_16mib,sglb,5716,0,0,0,0,0,0
asymmetric_p2p_tornado_16mib,sglb,5718,0,0,0,0,0,0
asymmetric_p2p_tornado_16mib,sglb,5720,0,0,0,0,0,0
asymmetric_p2p_tornado_16mib,sglb,5722,0,0,0,0,0,0
asymmetric_p2p_tornado_16mib,sglb,5724,0,0,0,0,0,0
asymmetric_p2p_tornado_16mib,sglb,5726,0,0,0,0,0,0
asymmetric_p2p_tornado_16mib,sglb,5728,0,0,0,0,0,0
asymmetric_p2p_tornado_16mib,sglb,5730,0,0,0,0,0,0
asymmetric_p2p_tornado_16mib,sglb,5732,0,0,0,0,0,0
asymmetric_p2p_tornado_16mib,sglb,5734,0,0,0,0,0,0
asymmetric_p2p_tornado_16mib,sglb,5736,0,0,0,0,0,0
asymmetric_p2p_tornado_16mib,sglb,5738,0,0,0,0,0,0
asymmetric_p2p_tornado_16mib,sglb,5740,0,0,0,0,0,0
asymmetric_p2p_tornado_16mib,sglb,5742,0,0,0,0,0,0
asymmetric_p2p_tornado_16mib,sglb,5744,0,0,0,0,0,0
asymmetric_p2p_tornado_16mib,sglb,5746,0,0,0,0,0,0
asymmetric_p2p_tornado_16mib,sglb,5748,0,0,0,0,0,0
asymmetric_p2p_tornado_16mib,sglb,5750,0,0,0,0,0,0
asymmetric_p2p_tornado_16mib,sglb,5752,0,0,0,0,0,0
asymmetric_p2p_tornado_16mib,sglb,5754,0,0,0,0,0,0
asymmetric_p2p_tornado_16mib,sglb,5756,0,0,0,0,0,0
asymmetric_p2p_tornado_16mib,sglb,5758,0,0,0,0,0,0
asymmetric_p2p_tornado_16mib,sglb,5760,0,0,0,0,0,0
asymmetric_p2p_tornado_16mib,sglb,5762,0,0,0,0,0,0
asymmetric_p2p_tornado_16mib,sglb,5764,0,0,0,0,0,0
asymmetric_p2p_tornado_16mib,sglb,5766,0,0,0,0,0,0
asymmetric_p2p_tornado_16mib,sglb,5768,0,0,0,0,0,0
asymmetric_p2p_tornado_16mib,sglb,5770,0,0,0,0,0,0
asymmetric_p2p_tornado_16mib,sglb,5772,0,0,0,0,0,0
asymmetric_p2p_tornado_16mib,sglb,5774,0,0,0,0,0,0
asymmetric_p2p_tornado_16mib,sglb,5776,0,0,0,0,0,0
asymmetric_p2p_tornado_16mib,sglb,5778,0,0,0,0,0,0
asymmetric_p2p_tornado_16mib,sglb,5780,0,0,0,0,0,0
asymmetric_p2p_tornado_16mib,sglb,5782,0,0,0,0,0,0
asymmetric_p2p_tornado_16mib,sglb,5784,0,0,0,0,0,0
asymmetric_p2p_tornado_16mib,sglb,5786,0,0,0,0,0,0
asymmetric_p2p_tornado_16mib,sglb,5788,0,0,0,0,0,0
asymmetric_p2p_tornado_16mib,sglb,5790,0,0,0,0,0,0
asymmetric_p2p_tornado_16mib,sglb,5792,0,0,0,0,0,0
asymmetric_p2p_tornado_16mib,sglb,5794,0,0,0,0,0,0
asymmetric_p2p_tornado_16mib,sglb,5796,0,0,0,0,0,0
asymmetric_p2p_tornado_16mib,sglb,5798,0,0,0,0,0,0
asymmetric_p2p_tornado_16mib,sglb,5800,0,0,0,0,0,0
asymmetric_p2p_tornado_16mib,sglb,5802,0,0,0,0,0,0
asymmetric_p2p_tornado_16mib,sglb,5804,0,0,0,0,0,0
asymmetric_p2p_tornado_16mib,sglb,5806,0,0,0,0,0,0
asymmetric_p2p_tornado_16mib,sglb,5808,0,0,0,0,0,0
asymmetric_p2p_tornado_16mib,sglb,5810,0,0,0,0,0,0
asymmetric_p2p_tornado_16mib,sglb,5812,0,0,0,0,0,0
asymmetric_p2p_tornado_16mib,sglb,5814,0,0,0,0,0,0
asymmetric_p2p_tornado_16mib,sglb,5816,0,0,0,0,0,0
asymmetric_p2p_tornado_16mib,sglb,5818,0,0,0,0,0,0
asymmetric_p2p_tornado_16mib,sglb,5820,0,0,0,0,0,0
asymmetric_p2p_tornado_16mib,sglb,5822,0,0,0,0,0,0
asymmetric_p2p_tornado_16mib,sglb,5824,0,0,0,0,0,0
asymmetric_p2p_tornado_16mib,sglb,5826,0,0,0,0,0,0
asymmetric_p2p_tornado_16mib,sglb,5828,0,0,0,0,0,0
asymmetric_p2p_tornado_16mib,sglb,5830,0,0,0,0,0,0
asymmetric_p2p_tornado_16mib,sglb,5832,0,0,0,0,0,0
asymmetric_p2p_tornado_16mib,sglb,5834,0,0,0,0,0,0
asymmetric_p2p_tornado_16mib,sglb,5836,0,0,0,0,0,0
asymmetric_p2p_tornado_16mib,sglb,5838,0,0,0,0,0,0
asymmetric_p2p_tornado_16mib,sglb,5840,0,0,0,0,0,0
asymmetric_p2p_tornado_16mib,sglb,5842,0,0,0,0,0,0
asymmetric_p2p_tornado_16mib,sglb,5844,0,0,0,0,0,0
asymmetric_p2p_tornado_16mib,sglb,5846,0,0,0,0,0,0
asymmetric_p2p_tornado_16mib,sglb,5848,0,0,0,0,0,0
asymmetric_p2p_tornado_16mib,sglb,5850,0,0,0,0,0,0
asymmetric_p2p_tornado_16mib,sglb,5852,0,0,0,0,0,0
asymmetric_p2p_tornado_16mib,sglb,5854,0,0,0,0,0,0
asymmetric_p2p_tornado_16mib,sglb,5856,0,0,0,0,0,0
asymmetric_p2p_tornado_16mib,sglb,5858,0,0,0,0,0,0
asymmetric_p2p_tornado_16mib,sglb,5860,0,0,0,0,0,0
asymmetric_p2p_tornado_16mib,sglb,5862,0,0,0,0,0,0
asymmetric_p2p_tornado_16mib,sglb,5864,0,0,0,0,0,0
asymmetric_p2p_tornado_16mib,sglb,5866,0,0,0,0,0,0
asymmetric_p2p_tornado_16mib,sglb,5868,0,0,0,0,0,0
asymmetric_p2p_tornado_16mib,sglb,5870,0,0,0,0,0,0
asymmetric_p2p_tornado_16mib,sglb,5872,0,0,0,0,0,0
asymmetric_p2p_tornado_16mib,sglb,5874,0,0,0,0,0,0
asymmetric_p2p_tornado_16mib,sglb,5876,0,0,0,0,0,0
asymmetric_p2p_tornado_16mib,sglb,5878,0,0,0,0,0,0
asymmetric_p2p_tornado_16mib,sglb,5880,0,0,0,0,0,0
asymmetric_p2p_tornado_16mib,sglb,5882,0,0,0,0,0,0
asymmetric_p2p_tornado_16mib,sglb,5884,0,0,0,0,0,0
asymmetric_p2p_tornado_16mib,sglb,5886,0,0,0,0,0,0
asymmetric_p2p_tornado_16mib,sglb,5888,0,0,0,0,0,0
asymmetric_p2p_tornado_16mib,sglb,5890,0,0,0,0,0,0
asymmetric_p2p_tornado_16mib,sglb,5892,0,0,0,0,0,0
asymmetric_p2p_tornado_16mib,sglb,5894,0,0,0,0,0,0
asymmetric_p2p_tornado_16mib,sglb,5896,0,0,0,0,0,0
asymmetric_p2p_tornado_16mib,sglb,5898,0,0,0,0,0,0
asymmetric_p2p_tornado_16mib,sglb,5900,0,0,0,0,0,0
asymmetric_p2p_tornado_16mib,sglb,5902,0,0,0,0,0,0
asymmetric_p2p_tornado_16mib,sglb,5904,0,0,0,0,0,0
asymmetric_p2p_tornado_16mib,sglb,5906,0,0,0,0,0,0
asymmetric_p2p_tornado_16mib,sglb,5908,0,0,0,0,0,0
asymmetric_p2p_tornado_16mib,sglb,5910,0,0,0,0,0,0
asymmetric_p2p_tornado_16mib,sglb,5912,0,0,0,0,0,0
asymmetric_p2p_tornado_16mib,sglb,5914,0,0,0,0,0,0
asymmetric_p2p_tornado_16mib,sglb,5916,0,0,0,0,0,0
asymmetric_p2p_tornado_16mib,sglb,5918,0,0,0,0,0,0
asymmetric_p2p_tornado_16mib,sglb,5920,0,0,0,0,0,0
asymmetric_p2p_tornado_16mib,sglb,5922,0,0,0,0,0,0
asymmetric_p2p_tornado_16mib,sglb,5924,0,0,0,0,0,0
asymmetric_p2p_tornado_16mib,sglb,5926,0,0,0,0,0,0
asymmetric_p2p_tornado_16mib,sglb,5928,0,0,0,0,0,0
asymmetric_p2p_tornado_16mib,sglb,5930,0,0,0,0,0,0
asymmetric_p2p_tornado_16mib,sglb,5932,0,0,0,0,0,0
asymmetric_p2p_tornado_16mib,sglb,5934,0,0,0,0,0,0
asymmetric_p2p_tornado_16mib,sglb,5936,0,0,0,0,0,0
asymmetric_p2p_tornado_16mib,sglb,5938,0,0,0,0,0,0
asymmetric_p2p_tornado_16mib,sglb,5940,0,0,0,0,0,0
asymmetric_p2p_tornado_16mib,sglb,5942,0,0,0,0,0,0
asymmetric_p2p_tornado_16mib,sglb,5944,0,0,0,0,0,0
asymmetric_p2p_tornado_16mib,sglb,5946,0,0,0,0,0,0
asymmetric_p2p_tornado_16mib,sglb,5948,0,0,0,0,0,0
asymmetric_p2p_tornado_16mib,sglb,5950,0,0,0,0,0,0
asymmetric_p2p_tornado_16mib,sglb,5952,0,0,0,0,0,0
asymmetric_p2p_tornado_16mib,sglb,5954,0,0,0,0,0,0
asymmetric_p2p_tornado_16mib,sglb,5956,0,0,0,0,0,0
asymmetric_p2p_tornado_16mib,sglb,5958,0,0,0,0,0,0
asymmetric_p2p_tornado_16mib,sglb,5960,0,0,0,0,0,0
asymmetric_p2p_tornado_16mib,sglb,5962,0,0,0,0,0,0
asymmetric_p2p_tornado_16mib,sglb,5964,0,0,0,0,0,0
asymmetric_p2p_tornado_16mib,sglb,5966,0,0,0,0,0,0
asymmetric_p2p_tornado_16mib,sglb,5968,0,0,0,0,0,0
asymmetric_p2p_tornado_16mib,sglb,5970,0,0,0,0,0,0
asymmetric_p2p_tornado_16mib,sglb,5972,0,0,0,0,0,0
asymmetric_p2p_tornado_16mib,sglb,5974,0,0,0,0,0,0
asymmetric_p2p_tornado_16mib,sglb,5976,0,0,0,0,0,0
asymmetric_p2p_tornado_16mib,sglb,5978,0,0,0,0,0,0
asymmetric_p2p_tornado_16mib,sglb,5980,0,0,0,0,0,0
asymmetric_p2p_tornado_16mib,sglb,5982,0,0,0,0,0,0
asymmetric_p2p_tornado_16mib,sglb,5984,0,0,0,0,0,0
asymmetric_p2p_tornado_16mib,sglb,5986,0,0,0,0,0,0
asymmetric_p2p_tornado_16mib,sglb,5988,0,0,0,0,0,0
asymmetric_p2p_tornado_16mib,sglb,5990,0,0,0,0,0,0
asymmetric_p2p_tornado_16mib,sglb,5992,0,0,0,0,0,0
asymmetric_p2p_tornado_16mib,sglb,5994,0,0,0,0,0,0
asymmetric_p2p_tornado_16mib,sglb,5996,0,0,0,0,0,0
asymmetric_p2p_tornado_16mib,sglb,5998,0,0,0,0,0,0
asymmetric_p2p_tornado_16mib,sglb,6000,0,0,0,0,0,0
asymmetric_p2p_tornado_16mib,sglb,6002,0,0,0,0,0,0
asymmetric_p2p_tornado_16mib,sglb,6004,0,0,0,0,0,0
asymmetric_p2p_tornado_16mib,sglb,6006,0,0,0,0,0,0
asymmetric_p2p_tornado_16mib,sglb,6008,0,0,0,0,0,0
asymmetric_p2p_tornado_16mib,sglb,6010,0,0,0,0,0,0
asymmetric_p2p_tornado_16mib,sglb,6012,0,0,0,0,0,0
asymmetric_p2p_tornado_16mib,sglb,6014,0,0,0,0,0,0
asymmetric_p2p_tornado_16mib,sglb,6016,0,0,0,0,0,0
asymmetric_p2p_tornado_16mib,sglb,6018,0,0,0,0,0,0
asymmetric_p2p_tornado_16mib,sglb,6020,0,0,0,0,0,0
asymmetric_p2p_tornado_16mib,sglb,6022,0,0,0,0,0,0
asymmetric_p2p_tornado_16mib,sglb,6024,0,0,0,0,0,0
asymmetric_p2p_tornado_16mib,sglb,6026,0,0,0,0,0,0
asymmetric_p2p_tornado_16mib,sglb,6028,0,0,0,0,0,0
asymmetric_p2p_tornado_16mib,sglb,6030,0,0,0,0,0,0
asymmetric_p2p_tornado_16mib,sglb,6032,0,0,0,0,0,0
asymmetric_p2p_tornado_16mib,sglb,6034,0,0,0,0,0,0
asymmetric_p2p_tornado_16mib,sglb,6036,0,0,0,0,0,0
asymmetric_p2p_tornado_16mib,sglb,6038,0,0,0,0,0,0
asymmetric_p2p_tornado_16mib,sglb,6040,0,0,0,0,0,0
asymmetric_p2p_tornado_16mib,sglb,6042,0,0,0,0,0,0
asymmetric_p2p_tornado_16mib,sglb,6044,0,0,0,0,0,0
asymmetric_p2p_tornado_16mib,sglb,6046,0,0,0,0,0,0
asymmetric_p2p_tornado_16mib,sglb,6048,0,0,0,0,0,0
asymmetric_p2p_tornado_16mib,sglb,6050,0,0,0,0,0,0
asymmetric_p2p_tornado_16mib,sglb,6052,0,0,0,0,0,0
asymmetric_p2p_tornado_16mib,sglb,6054,0,0,0,0,0,0
asymmetric_p2p_tornado_16mib,sglb,6056,0,0,0,0,0,0
asymmetric_p2p_tornado_16mib,sglb,6058,0,0,0,0,0,0
asymmetric_p2p_tornado_16mib,sglb,6060,0,0,0,0,0,0
asymmetric_p2p_tornado_16mib,sglb,6062,0,0,0,0,0,0
asymmetric_p2p_tornado_16mib,sglb,6064,0,0,0,0,0,0
asymmetric_p2p_tornado_16mib,sglb,6066,0,0,0,0,0,0
asymmetric_p2p_tornado_16mib,sglb,6068,0,0,0,0,0,0
asymmetric_p2p_tornado_16mib,sglb,6070,0,0,0,0,0,0
asymmetric_p2p_tornado_16mib,sglb,6072,0,0,0,0,0,0
asymmetric_p2p_tornado_16mib,sglb,6074,0,0,0,0,0,0
asymmetric_p2p_tornado_16mib,sglb,6076,0,0,0,0,0,0
asymmetric_p2p_tornado_16mib,sglb,6078,0,0,0,0,0,0
asymmetric_p2p_tornado_16mib,sglb,6080,0,0,0,0,0,0
asymmetric_p2p_tornado_16mib,sglb,6082,0,0,0,0,0,0
asymmetric_p2p_tornado_16mib,sglb,6084,0,0,0,0,0,0
asymmetric_p2p_tornado_16mib,sglb,6086,0,0,0,0,0,0
asymmetric_p2p_tornado_16mib,sglb,6088,0,0,0,0,0,0
asymmetric_p2p_tornado_16mib,sglb,6090,0,0,0,0,0,0
asymmetric_p2p_tornado_16mib,sglb,6092,0,0,0,0,0,0
asymmetric_p2p_tornado_16mib,sglb,6094,0,0,0,0,0,0
asymmetric_p2p_tornado_16mib,sglb,6096,0,0,0,0,0,0
asymmetric_p2p_tornado_16mib,sglb,6098,0,0,0,0,0,0
asymmetric_p2p_tornado_16mib,sglb,6100,0,0,0,0,0,0
asymmetric_p2p_tornado_16mib,sglb,6102,0,0,0,0,0,0
asymmetric_p2p_tornado_16mib,sglb,6104,0,0,0,0,0,0
asymmetric_p2p_tornado_16mib,sglb,6106,0,0,0,0,0,0
asymmetric_p2p_tornado_16mib,sglb,6108,0,0,0,0,0,0
asymmetric_p2p_tornado_16mib,sglb,6110,0,0,0,0,0,0
asymmetric_p2p_tornado_16mib,sglb,6112,0,0,0,0,0,0
asymmetric_p2p_tornado_16mib,sglb,6114,0,0,0,0,0,0
asymmetric_p2p_tornado_16mib,sglb,6116,0,0,0,0,0,0
asymmetric_p2p_tornado_16mib,sglb,6118,0,0,0,0,0,0
asymmetric_p2p_tornado_16mib,sglb,6120,0,0,0,0,0,0
asymmetric_p2p_tornado_16mib,sglb,6122,0,0,0,0,0,0
asymmetric_p2p_tornado_16mib,sglb,6124,0,0,0,0,0,0
asymmetric_p2p_tornado_16mib,sglb,6126,0,0,0,0,0,0
asymmetric_p2p_tornado_16mib,sglb,6128,0,0,0,0,0,0
asymmetric_p2p_tornado_16mib,sglb,6130,0,0,0,0,0,0
asymmetric_p2p_tornado_16mib,sglb,6132,0,0,0,0,0,0
asymmetric_p2p_tornado_16mib,sglb,6134,0,0,0,0,0,0
asymmetric_p2p_tornado_16mib,sglb,6136,0,0,0,0,0,0
asymmetric_p2p_tornado_16mib,sglb,6138,0,0,0,0,0,0
asymmetric_p2p_tornado_16mib,sglb,6140,0,0,0,0,0,0
asymmetric_p2p_tornado_16mib,sglb,6142,0,0,0,0,0,0
asymmetric_p2p_tornado_16mib,sglb,6144,0,0,0,0,0,0
asymmetric_p2p_tornado_16mib,sglb,6146,0,0,0,0,0,0
asymmetric_p2p_tornado_16mib,sglb,6148,0,0,0,0,0,0
asymmetric_p2p_tornado_16mib,sglb,6150,0,0,0,0,0,0
asymmetric_p2p_tornado_16mib,sglb,6152,0,0,0,0,0,0
asymmetric_p2p_tornado_16mib,sglb,6154,0,0,0,0,0,0
asymmetric_p2p_tornado_16mib,sglb,6156,0,0,0,0,0,0
asymmetric_p2p_tornado_16mib,sglb,6158,0,0,0,0,0,0
asymmetric_p2p_tornado_16mib,sglb,6160,0,0,0,0,0,0
asymmetric_p2p_tornado_16mib,sglb,6162,0,0,0,0,0,0
asymmetric_p2p_tornado_16mib,sglb,6164,0,0,0,0,0,0
asymmetric_p2p_tornado_16mib,sglb,6166,0,0,0,0,0,0
asymmetric_p2p_tornado_16mib,sglb,6168,0,0,0,0,0,0
asymmetric_p2p_tornado_16mib,sglb,6170,0,0,0,0,0,0
asymmetric_p2p_tornado_16mib,sglb,6172,0,0,0,0,0,0
asymmetric_p2p_tornado_16mib,sglb,6174,0,0,0,0,0,0
asymmetric_p2p_tornado_16mib,sglb,6176,0,0,0,0,0,0
asymmetric_p2p_tornado_16mib,sglb,6178,0,0,0,0,0,0
asymmetric_p2p_tornado_16mib,sglb,6180,0,0,0,0,0,0
asymmetric_p2p_tornado_16mib,sglb,6182,0,0,0,0,0,0
asymmetric_p2p_tornado_16mib,sglb,6184,0,0,0,0,0,0
asymmetric_p2p_tornado_16mib,sglb,6186,0,0,0,0,0,0
asymmetric_p2p_tornado_16mib,sglb,6188,0,0,0,0,0,0
asymmetric_p2p_tornado_16mib,sglb,6190,0,0,0,0,0,0
asymmetric_p2p_tornado_16mib,sglb,6192,0,0,0,0,0,0
asymmetric_p2p_tornado_16mib,sglb,6194,0,0,0,0,0,0
asymmetric_p2p_tornado_16mib,sglb,6196,0,0,0,0,0,0
asymmetric_p2p_tornado_16mib,sglb,6198,0,0,0,0,0,0
asymmetric_p2p_tornado_16mib,sglb,6200,0,0,0,0,0,0
asymmetric_p2p_tornado_16mib,sglb,6202,0,0,0,0,0,0
asymmetric_p2p_tornado_16mib,sglb,6204,0,0,0,0,0,0
asymmetric_p2p_tornado_16mib,sglb,6206,0,0,0,0,0,0
asymmetric_p2p_tornado_16mib,sglb,6208,0,0,0,0,0,0
asymmetric_p2p_tornado_16mib,sglb,6210,0,0,0,0,0,0
asymmetric_p2p_tornado_16mib,sglb,6212,0,0,0,0,0,0
asymmetric_p2p_tornado_16mib,sglb,6214,0,0,0,0,0,0
asymmetric_p2p_tornado_16mib,sglb,6216,0,0,0,0,0,0
asymmetric_p2p_tornado_16mib,sglb,6218,0,0,0,0,0,0
asymmetric_p2p_tornado_16mib,sglb,6220,0,0,0,0,0,0
asymmetric_p2p_tornado_16mib,sglb,6222,0,0,0,0,0,0
asymmetric_p2p_tornado_16mib,sglb,6224,0,0,0,0,0,0
asymmetric_p2p_tornado_16mib,sglb,6226,0,0,0,0,0,0
asymmetric_p2p_tornado_16mib,sglb,6228,0,0,0,0,0,0
asymmetric_p2p_tornado_16mib,sglb,6230,0,0,0,0,0,0
asymmetric_p2p_tornado_16mib,sglb,6232,0,0,0,0,0,0
asymmetric_p2p_tornado_16mib,sglb,6234,0,0,0,0,0,0
asymmetric_p2p_tornado_16mib,sglb,6236,0,0,0,0,0,0
asymmetric_p2p_tornado_16mib,sglb,6238,0,0,0,0,0,0
asymmetric_p2p_tornado_16mib,sglb,6240,0,0,0,0,0,0
asymmetric_p2p_tornado_16mib,sglb,6242,0,0,0,0,0,0
asymmetric_p2p_tornado_16mib,sglb,6244,0,0,0,0,0,0
asymmetric_p2p_tornado_16mib,sglb,6246,0,0,0,0,0,0
asymmetric_p2p_tornado_16mib,sglb,6248,0,0,0,0,0,0
asymmetric_p2p_tornado_16mib,sglb,6250,0,0,0,0,0,0
asymmetric_p2p_tornado_16mib,sglb,6252,0,0,0,0,0,0
asymmetric_p2p_tornado_16mib,sglb,6254,0,0,0,0,0,0
asymmetric_p2p_tornado_16mib,sglb,6256,0,0,0,0,0,0
asymmetric_p2p_tornado_16mib,sglb,6258,0,0,0,0,0,0
asymmetric_p2p_tornado_16mib,sglb,6260,0,0,0,0,0,0
asymmetric_p2p_tornado_16mib,sglb,6262,0,0,0,0,0,0
asymmetric_p2p_tornado_16mib,sglb,6264,0,0,0,0,0,0
asymmetric_p2p_tornado_16mib,sglb,6266,0,0,0,0,0,0
asymmetric_p2p_tornado_16mib,sglb,6268,0,0,0,0,0,0
asymmetric_p2p_tornado_16mib,sglb,6270,0,0,0,0,0,0
asymmetric_p2p_tornado_16mib,sglb,6272,0,0,0,0,0,0
asymmetric_p2p_tornado_16mib,sglb,6274,0,0,0,0,0,0
asymmetric_p2p_tornado_16mib,sglb,6276,0,0,0,0,0,0
asymmetric_p2p_tornado_16mib,sglb,6278,0,0,0,0,0,0
asymmetric_p2p_tornado_16mib,sglb,6280,0,0,0,0,0,0
asymmetric_p2p_tornado_16mib,sglb,6282,0,0,0,0,0,0
asymmetric_p2p_tornado_16mib,sglb,6284,0,0,0,0,0,0
asymmetric_p2p_tornado_16mib,sglb,6286,0,0,0,0,0,0
asymmetric_p2p_tornado_16mib,sglb,6288,0,0,0,0,0,0
asymmetric_p2p_tornado_16mib,sglb,6290,0,0,0,0,0,0
asymmetric_p2p_tornado_16mib,sglb,6292,0,0,0,0,0,0
asymmetric_p2p_tornado_16mib,sglb,6294,0,0,0,0,0,0
asymmetric_p2p_tornado_16mib,sglb,6296,0,0,0,0,0,0
asymmetric_p2p_tornado_16mib,sglb,6298,0,0,0,0,0,0
asymmetric_p2p_tornado_16mib,sglb,6300,0,0,0,0,0,0
asymmetric_p2p_tornado_16mib,sglb,6302,0,0,0,0,0,0
asymmetric_p2p_tornado_16mib,sglb,6304,0,0,0,0,0,0
asymmetric_p2p_tornado_16mib,sglb,6306,0,0,0,0,0,0
asymmetric_p2p_tornado_16mib,sglb,6308,0,0,0,0,0,0
asymmetric_p2p_tornado_16mib,sglb,6310,0,0,0,0,0,0
asymmetric_p2p_tornado_16mib,sglb,6312,0,0,0,0,0,0
asymmetric_p2p_tornado_16mib,sglb,6314,0,0,0,0,0,0
asymmetric_p2p_tornado_16mib,sglb,6316,0,0,0,0,0,0
asymmetric_p2p_tornado_16mib,sglb,6318,0,0,0,0,0,0
asymmetric_p2p_tornado_16mib,sglb,6320,0,0,0,0,0,0
asymmetric_p2p_tornado_16mib,sglb,6322,0,0,0,0,0,0
asymmetric_p2p_tornado_16mib,sglb,6324,0,0,0,0,0,0
asymmetric_p2p_tornado_16mib,sglb,6326,0,0,0,0,0,0
asymmetric_p2p_tornado_16mib,sglb,6328,0,0,0,0,0,0
asymmetric_p2p_tornado_16mib,sglb,6330,0,0,0,0,0,0
asymmetric_p2p_tornado_16mib,sglb,6332,0,0,0,0,0,0
asymmetric_p2p_tornado_16mib,sglb,6334,0,0,0,0,0,0
asymmetric_p2p_tornado_16mib,sglb,6336,0,0,0,0,0,0
asymmetric_p2p_tornado_16mib,sglb,6338,0,0,0,0,0,0
asymmetric_p2p_tornado_16mib,sglb,6340,0,0,0,0,0,0
asymmetric_p2p_tornado_16mib,sglb,6342,0,0,0,0,0,0
asymmetric_p2p_tornado_16mib,sglb,6344,0,0,0,0,0,0
asymmetric_p2p_tornado_16mib,sglb,6346,0,0,0,0,0,0
asymmetric_p2p_tornado_16mib,sglb,6348,0,0,0,0,0,0
asymmetric_p2p_tornado_16mib,sglb,6350,0,0,0,0,0,0
asymmetric_p2p_tornado_16mib,sglb,6352,0,0,0,0,0,0
asymmetric_p2p_tornado_16mib,sglb,6354,0,0,0,0,0,0
asymmetric_p2p_tornado_16mib,sglb,6356,0,0,0,0,0,0
asymmetric_p2p_tornado_16mib,sglb,6358,0,0,0,0,0,0
asymmetric_p2p_tornado_16mib,sglb,6360,0,0,0,0,0,0
asymmetric_p2p_tornado_16mib,sglb,6362,0,0,0,0,0,0
asymmetric_p2p_tornado_16mib,sglb,6364,0,0,0,0,0,0
asymmetric_p2p_tornado_16mib,sglb,6366,0,0,0,0,0,0
asymmetric_p2p_tornado_16mib,sglb,6368,0,0,0,0,0,0
asymmetric_p2p_tornado_16mib,sglb,6370,0,0,0,0,0,0
asymmetric_p2p_tornado_16mib,sglb,6372,0,0,0,0,0,0
asymmetric_p2p_tornado_16mib,sglb,6374,0,0,0,0,0,0
asymmetric_p2p_tornado_16mib,sglb,6376,0,0,0,0,0,0
asymmetric_p2p_tornado_16mib,sglb,6378,0,0,0,0,0,0
asymmetric_p2p_tornado_16mib,sglb,6380,0,0,0,0,0,0
asymmetric_p2p_tornado_16mib,sglb,6382,0,0,0,0,0,0
asymmetric_p2p_tornado_16mib,sglb,6384,0,0,0,0,0,0
asymmetric_p2p_tornado_16mib,sglb,6386,0,0,0,0,0,0
asymmetric_p2p_tornado_16mib,sglb,6388,0,0,0,0,0,0
asymmetric_p2p_tornado_16mib,sglb,6390,0,0,0,0,0,0
asymmetric_p2p_tornado_16mib,sglb,6392,0,0,0,0,0,0
asymmetric_p2p_tornado_16mib,sglb,6394,0,0,0,0,0,0
asymmetric_p2p_tornado_16mib,sglb,6396,0,0,0,0,0,0
asymmetric_p2p_tornado_16mib,sglb,6398,0,0,0,0,0,0
asymmetric_p2p_tornado_16mib,sglb,6400,0,0,0,0,0,0
asymmetric_p2p_tornado_16mib,sglb,6402,0,0,0,0,0,0
asymmetric_p2p_tornado_16mib,sglb,6404,0,0,0,0,0,0
asymmetric_p2p_tornado_16mib,sglb,6406,0,0,0,0,0,0
asymmetric_p2p_tornado_16mib,sglb,6408,0,0,0,0,0,0
asymmetric_p2p_tornado_16mib,sglb,6410,0,0,0,0,0,0
asymmetric_p2p_tornado_16mib,sglb,6412,0,0,0,0,0,0
asymmetric_p2p_tornado_16mib,sglb,6414,0,0,0,0,0,0
asymmetric_p2p_tornado_16mib,sglb,6416,0,0,0,0,0,0
asymmetric_p2p_tornado_16mib,sglb,6418,0,0,0,0,0,0
asymmetric_p2p_tornado_16mib,sglb,6420,0,0,0,0,0,0
asymmetric_p2p_tornado_16mib,sglb,6422,0,0,0,0,0,0
asymmetric_p2p_tornado_16mib,sglb,6424,0,0,0,0,0,0
asymmetric_p2p_tornado_16mib,sglb,6426,0,0,0,0,0,0
asymmetric_p2p_tornado_16mib,sglb,6428,0,0,0,0,0,0
asymmetric_p2p_tornado_16mib,sglb,6430,0,0,0,0,0,0
asymmetric_p2p_tornado_16mib,sglb,6432,0,0,0,0,0,0
asymmetric_p2p_tornado_16mib,sglb,6434,0,0,0,0,0,0
asymmetric_p2p_tornado_16mib,sglb,6436,0,0,0,0,0,0
asymmetric_p2p_tornado_16mib,sglb,6438,0,0,0,0,0,0
asymmetric_p2p_tornado_16mib,sglb,6440,0,0,0,0,0,0
asymmetric_p2p_tornado_16mib,sglb,6442,0,0,0,0,0,0
asymmetric_p2p_tornado_16mib,sglb,6444,0,0,0,0,0,0
asymmetric_p2p_tornado_16mib,sglb,6446,0,0,0,0,0,0
asymmetric_p2p_tornado_16mib,sglb,6448,0,0,0,0,0,0
asymmetric_p2p_tornado_16mib,sglb,6450,0,0,0,0,0,0
asymmetric_p2p_tornado_16mib,sglb,6452,0,0,0,0,0,0
asymmetric_p2p_tornado_16mib,sglb,6454,0,0,0,0,0,0
asymmetric_p2p_tornado_16mib,sglb,6456,0,0,0,0,0,0
asymmetric_p2p_tornado_16mib,sglb,6458,0,0,0,0,0,0
asymmetric_p2p_tornado_16mib,sglb,6460,0,0,0,0,0,0
asymmetric_p2p_tornado_16mib,sglb,6462,0,0,0,0,0,0
asymmetric_p2p_tornado_16mib,sglb,6464,0,0,0,0,0,0
asymmetric_p2p_tornado_16mib,sglb,6466,0,0,0,0,0,0
asymmetric_p2p_tornado_16mib,sglb,6468,0,0,0,0,0,0
asymmetric_p2p_tornado_16mib,sglb,6470,0,0,0,0,0,0
asymmetric_p2p_tornado_16mib,sglb,6472,0,0,0,0,0,0
asymmetric_p2p_tornado_16mib,sglb,6474,0,0,0,0,0,0
asymmetric_p2p_tornado_16mib,sglb,6476,0,0,0,0,0,0
asymmetric_p2p_tornado_16mib,sglb,6478,0,0,0,0,0,0
asymmetric_p2p_tornado_16mib,sglb,6480,0,0,0,0,0,0
asymmetric_p2p_tornado_16mib,sglb,6482,0,0,0,0,0,0
asymmetric_p2p_tornado_16mib,sglb,6484,0,0,0,0,0,0
asymmetric_p2p_tornado_16mib,sglb,6486,0,0,0,0,0,0
asymmetric_p2p_tornado_16mib,sglb,6488,0,0,0,0,0,0
asymmetric_p2p_tornado_16mib,sglb,6490,0,0,0,0,0,0
asymmetric_p2p_tornado_16mib,sglb,6492,0,0,0,0,0,0
asymmetric_p2p_tornado_16mib,sglb,6494,0,0,0,0,0,0
asymmetric_p2p_tornado_16mib,sglb,6496,0,0,0,0,0,0
asymmetric_p2p_tornado_16mib,sglb,6498,0,0,0,0,0,0
asymmetric_p2p_tornado_16mib,sglb,6500,0,0,0,0,0,0
asymmetric_p2p_tornado_16mib,sglb,6502,0,0,0,0,0,0
asymmetric_p2p_tornado_16mib,sglb,6504,0,0,0,0,0,0
asymmetric_p2p_tornado_16mib,sglb,6506,0,0,0,0,0,0
asymmetric_p2p_tornado_16mib,sglb,6508,0,0,0,0,0,0
asymmetric_p2p_tornado_16mib,sglb,6510,0,0,0,0,0,0
asymmetric_p2p_tornado_16mib,sglb,6512,0,0,0,0,0,0
asymmetric_p2p_tornado_16mib,sglb,6514,0,0,0,0,0,0
asymmetric_p2p_tornado_16mib,sglb,6516,0,0,0,0,0,0
asymmetric_p2p_tornado_16mib,sglb,6518,0,0,0,0,0,0
asymmetric_p2p_tornado_16mib,sglb,6520,0,0,0,0,0,0
asymmetric_p2p_tornado_16mib,sglb,6522,0,0,0,0,0,0
asymmetric_p2p_tornado_16mib,sglb,6524,0,0,0,0,0,0
asymmetric_p2p_tornado_16mib,sglb,6526,0,0,0,0,0,0
asymmetric_p2p_tornado_16mib,sglb,6528,0,0,0,0,0,0
asymmetric_p2p_tornado_16mib,sglb,6530,0,0,0,0,0,0
asymmetric_p2p_tornado_16mib,sglb,6532,0,0,0,0,0,0
asymmetric_p2p_tornado_16mib,sglb,6534,0,0,0,0,0,0
asymmetric_p2p_tornado_16mib,sglb,6536,0,0,0,0,0,0
asymmetric_p2p_tornado_16mib,sglb,6538,0,0,0,0,0,0
asymmetric_p2p_tornado_16mib,sglb,6540,0,0,0,0,0,0
asymmetric_p2p_tornado_16mib,sglb,6542,0,0,0,0,0,0
asymmetric_p2p_tornado_16mib,sglb,6544,0,0,0,0,0,0
asymmetric_p2p_tornado_16mib,sglb,6546,0,0,0,0,0,0
asymmetric_p2p_tornado_16mib,sglb,6548,0,0,0,0,0,0
asymmetric_p2p_tornado_16mib,sglb,6550,0,0,0,0,0,0
asymmetric_p2p_tornado_16mib,sglb,6552,0,0,0,0,0,0
asymmetric_p2p_tornado_16mib,sglb,6554,0,0,0,0,0,0
asymmetric_p2p_tornado_16mib,sglb,6556,0,0,0,0,0,0
asymmetric_p2p_tornado_16mib,sglb,6558,0,0,0,0,0,0
asymmetric_p2p_tornado_16mib,sglb,6560,0,0,0,0,0,0
asymmetric_p2p_tornado_16mib,sglb,6562,0,0,0,0,0,0
asymmetric_p2p_tornado_16mib,sglb,6564,0,0,0,0,0,0
asymmetric_p2p_tornado_16mib,sglb,6566,0,0,0,0,0,0
asymmetric_p2p_tornado_16mib,sglb,6568,0,0,0,0,0,0
asymmetric_p2p_tornado_16mib,sglb,6570,0,0,0,0,0,0
asymmetric_p2p_tornado_16mib,sglb,6572,0,0,0,0,0,0
asymmetric_p2p_tornado_16mib,sglb,6574,0,0,0,0,0,0
asymmetric_p2p_tornado_16mib,sglb,6576,0,0,0,0,0,0
asymmetric_p2p_tornado_16mib,sglb,6578,0,0,0,0,0,0
asymmetric_p2p_tornado_16mib,sglb,6580,0,0,0,0,0,0
asymmetric_p2p_tornado_16mib,sglb,6582,0,0,0,0,0,0
asymmetric_p2p_tornado_16mib,sglb,6584,0,0,0,0,0,0
asymmetric_p2p_tornado_16mib,sglb,6586,0,0,0,0,0,0
asymmetric_p2p_tornado_16mib,sglb,6588,0,0,0,0,0,0
asymmetric_p2p_tornado_16mib,sglb,6590,0,0,0,0,0,0
asymmetric_p2p_tornado_16mib,sglb,6592,0,0,0,0,0,0
asymmetric_p2p_tornado_16mib,sglb,6594,0,0,0,0,0,0
asymmetric_p2p_tornado_16mib,sglb,6596,0,0,0,0,0,0
asymmetric_p2p_tornado_16mib,sglb,6598,0,0,0,0,0,0
asymmetric_p2p_tornado_16mib,sglb,6600,0,0,0,0,0,0
asymmetric_p2p_tornado_16mib,sglb,6602,0,0,0,0,0,0
asymmetric_p2p_tornado_16mib,sglb,6604,0,0,0,0,0,0
asymmetric_p2p_tornado_16mib,sglb,6606,0,0,0,0,0,0
asymmetric_p2p_tornado_16mib,sglb,6608,0,0,0,0,0,0
asymmetric_p2p_tornado_16mib,sglb,6610,0,0,0,0,0,0
asymmetric_p2p_tornado_16mib,sglb,6612,0,0,0,0,0,0
asymmetric_p2p_tornado_16mib,sglb,6614,0,0,0,0,0,0
asymmetric_p2p_tornado_16mib,sglb,6616,0,0,0,0,0,0
asymmetric_p2p_tornado_16mib,sglb,6618,0,0,0,0,0,0
asymmetric_p2p_tornado_16mib,sglb,6620,0,0,0,0,0,0
asymmetric_p2p_tornado_16mib,sglb,6622,0,0,0,0,0,0
asymmetric_p2p_tornado_16mib,sglb,6624,0,0,0,0,0,0
asymmetric_p2p_tornado_16mib,sglb,6626,0,0,0,0,0,0
asymmetric_p2p_tornado_16mib,sglb,6628,0,0,0,0,0,0
asymmetric_p2p_tornado_16mib,sglb,6630,0,0,0,0,0,0
asymmetric_p2p_tornado_16mib,sglb,6632,0,0,0,0,0,0
asymmetric_p2p_tornado_16mib,sglb,6634,0,0,0,0,0,0
asymmetric_p2p_tornado_16mib,sglb,6636,0,0,0,0,0,0
asymmetric_p2p_tornado_16mib,sglb,6638,0,0,0,0,0,0
asymmetric_p2p_tornado_16mib,sglb,6640,0,0,0,0,0,0
asymmetric_p2p_tornado_16mib,sglb,6642,0,0,0,0,0,0
asymmetric_p2p_tornado_16mib,sglb,6644,0,0,0,0,0,0
asymmetric_p2p_tornado_16mib,sglb,6646,0,0,0,0,0,0
asymmetric_p2p_tornado_16mib,sglb,6648,0,0,0,0,0,0
asymmetric_p2p_tornado_16mib,sglb,6650,0,0,0,0,0,0
asymmetric_p2p_tornado_16mib,sglb,6652,0,0,0,0,0,0
asymmetric_p2p_tornado_16mib,sglb,6654,0,0,0,0,0,0
asymmetric_p2p_tornado_16mib,sglb,6656,0,0,0,0,0,0
asymmetric_p2p_tornado_16mib,sglb,6658,0,0,0,0,0,0
asymmetric_p2p_tornado_16mib,sglb,6660,0,0,0,0,0,0
asymmetric_p2p_tornado_16mib,sglb,6662,0,0,0,0,0,0
asymmetric_p2p_tornado_16mib,sglb,6664,0,0,0,0,0,0
asymmetric_p2p_tornado_16mib,sglb,6666,0,0,0,0,0,0
asymmetric_p2p_tornado_16mib,sglb,6668,0,0,0,0,0,0
asymmetric_p2p_tornado_16mib,sglb,6670,0,0,0,0,0,0
asymmetric_p2p_tornado_16mib,sglb,6672,0,0,0,0,0,0
asymmetric_p2p_tornado_16mib,sglb,6674,0,0,0,0,0,0
asymmetric_p2p_tornado_16mib,sglb,6676,0,0,0,0,0,0
asymmetric_p2p_tornado_16mib,sglb,6678,0,0,0,0,0,0
asymmetric_p2p_tornado_16mib,sglb,6680,0,0,0,0,0,0
asymmetric_p2p_tornado_16mib,sglb,6682,0,0,0,0,0,0
asymmetric_p2p_tornado_16mib,sglb,6684,0,0,0,0,0,0
asymmetric_p2p_tornado_16mib,sglb,6686,0,0,0,0,0,0
asymmetric_p2p_tornado_16mib,sglb,6688,0,0,0,0,0,0
asymmetric_p2p_tornado_16mib,sglb,6690,0,0,0,0,0,0
asymmetric_p2p_tornado_16mib,sglb,6692,0,0,0,0,0,0
asymmetric_p2p_tornado_16mib,sglb,6694,0,0,0,0,0,0
asymmetric_p2p_tornado_16mib,sglb,6696,0,0,0,0,0,0
asymmetric_p2p_tornado_16mib,sglb,6698,0,0,0,0,0,0
asymmetric_p2p_tornado_16mib,sglb,6700,0,0,0,0,0,0
asymmetric_p2p_tornado_16mib,sglb,6702,0,0,0,0,0,0
asymmetric_p2p_tornado_16mib,sglb,6704,0,0,0,0,0,0
asymmetric_p2p_tornado_16mib,sglb,6706,0,0,0,0,0,0
asymmetric_p2p_tornado_16mib,sglb,6708,0,0,0,0,0,0
asymmetric_p2p_tornado_16mib,sglb,6710,0,0,0,0,0,0
asymmetric_p2p_tornado_16mib,sglb,6712,0,0,0,0,0,0
asymmetric_p2p_tornado_16mib,sglb,6714,0,0,0,0,0,0
asymmetric_p2p_tornado_16mib,sglb,6716,0,0,0,0,0,0
asymmetric_p2p_tornado_16mib,sglb,6718,0,0,0,0,0,0
asymmetric_p2p_tornado_16mib,sglb,6720,0,0,0,0,0,0
asymmetric_p2p_tornado_16mib,sglb,6722,0,0,0,0,0,0
asymmetric_p2p_tornado_16mib,sglb,6724,0,0,0,0,0,0
asymmetric_p2p_tornado_16mib,sglb,6726,0,0,0,0,0,0
asymmetric_p2p_tornado_16mib,sglb,6728,0,0,0,0,0,0
asymmetric_p2p_tornado_16mib,sglb,6730,0,0,0,0,0,0
asymmetric_p2p_tornado_16mib,sglb,6732,0,0,0,0,0,0
asymmetric_p2p_tornado_16mib,sglb,6734,0,0,0,0,0,0
asymmetric_p2p_tornado_16mib,sglb,6736,0,0,0,0,0,0
asymmetric_p2p_tornado_16mib,sglb,6738,0,0,0,0,0,0
asymmetric_p2p_tornado_16mib,sglb,6740,0,0,0,0,0,0
asymmetric_p2p_tornado_16mib,sglb,6742,0,0,0,0,0,0
asymmetric_p2p_tornado_16mib,sglb,6744,0,0,0,0,0,0
asymmetric_p2p_tornado_16mib,sglb,6746,0,0,0,0,0,0
asymmetric_p2p_tornado_16mib,sglb,6748,0,0,0,0,0,0
asymmetric_p2p_tornado_16mib,sglb,6750,0,0,0,0,0,0
asymmetric_p2p_tornado_16mib,sglb,6752,0,0,0,0,0,0
asymmetric_p2p_tornado_16mib,sglb,6754,0,0,0,0,0,0
asymmetric_p2p_tornado_16mib,sglb,6756,0,0,0,0,0,0
asymmetric_p2p_tornado_16mib,sglb,6758,0,0,0,0,0,0
asymmetric_p2p_tornado_16mib,sglb,6760,0,0,0,0,0,0
asymmetric_p2p_tornado_16mib,sglb,6762,0,0,0,0,0,0
asymmetric_p2p_tornado_16mib,sglb,6764,0,0,0,0,0,0
asymmetric_p2p_tornado_16mib,sglb,6766,0,0,0,0,0,0
asymmetric_p2p_tornado_16mib,sglb,6768,0,0,0,0,0,0
asymmetric_p2p_tornado_16mib,sglb,6770,0,0,0,0,0,0
asymmetric_p2p_tornado_16mib,sglb,6772,0,0,0,0,0,0
asymmetric_p2p_tornado_16mib,sglb,6774,0,0,0,0,0,0
asymmetric_p2p_tornado_16mib,sglb,6776,0,0,0,0,0,0
asymmetric_p2p_tornado_16mib,sglb,6778,0,0,0,0,0,0
asymmetric_p2p_tornado_16mib,sglb,6780,0,0,0,0,0,0
asymmetric_p2p_tornado_16mib,sglb,6782,0,0,0,0,0,0
asymmetric_p2p_tornado_16mib,sglb,6784,0,0,0,0,0,0
asymmetric_p2p_tornado_16mib,sglb,6786,0,0,0,0,0,0
asymmetric_p2p_tornado_16mib,sglb,6788,0,0,0,0,0,0
asymmetric_p2p_tornado_16mib,sglb,6790,0,0,0,0,0,0
asymmetric_p2p_tornado_16mib,sglb,6792,0,0,0,0,0,0
asymmetric_p2p_tornado_16mib,sglb,6794,0,0,0,0,0,0
asymmetric_p2p_tornado_16mib,sglb,6796,0,0,0,0,0,0
asymmetric_p2p_tornado_16mib,sglb,6798,0,0,0,0,0,0
asymmetric_p2p_tornado_16mib,sglb,6800,0,0,0,0,0,0
asymmetric_p2p_tornado_16mib,sglb,6802,0,0,0,0,0,0
asymmetric_p2p_tornado_16mib,sglb,6804,0,0,0,0,0,0
asymmetric_p2p_tornado_16mib,sglb,6806,0,0,0,0,0,0
asymmetric_p2p_tornado_16mib,sglb,6808,0,0,0,0,0,0
asymmetric_p2p_tornado_16mib,sglb,6810,0,0,0,0,0,0
asymmetric_p2p_tornado_16mib,sglb,6812,0,0,0,0,0,0
asymmetric_p2p_tornado_16mib,sglb,6814,0,0,0,0,0,0
asymmetric_p2p_tornado_16mib,sglb,6816,0,0,0,0,0,0
asymmetric_p2p_tornado_16mib,sglb,6818,0,0,0,0,0,0
asymmetric_p2p_tornado_16mib,sglb,6820,0,0,0,0,0,0
asymmetric_p2p_tornado_16mib,sglb,6822,0,0,0,0,0,0
asymmetric_p2p_tornado_16mib,sglb,6824,0,0,0,0,0,0
asymmetric_p2p_tornado_16mib,sglb,6826,0,0,0,0,0,0
asymmetric_p2p_tornado_16mib,sglb,6828,0,0,0,0,0,0
asymmetric_p2p_tornado_16mib,sglb,6830,0,0,0,0,0,0
asymmetric_p2p_tornado_16mib,sglb,6832,0,0,0,0,0,0
asymmetric_p2p_tornado_16mib,sglb,6834,0,0,0,0,0,0
asymmetric_p2p_tornado_16mib,sglb,6836,0,0,0,0,0,0
asymmetric_p2p_tornado_16mib,sglb,6838,0,0,0,0,0,0
asymmetric_p2p_tornado_16mib,sglb,6840,0,0,0,0,0,0
asymmetric_p2p_tornado_16mib,sglb,6842,0,0,0,0,0,0
asymmetric_p2p_tornado_16mib,sglb,6844,0,0,0,0,0,0
asymmetric_p2p_tornado_16mib,sglb,6846,0,0,0,0,0,0
asymmetric_p2p_tornado_16mib,sglb,6848,0,0,0,0,0,0
asymmetric_p2p_tornado_16mib,sglb,6850,0,0,0,0,0,0
asymmetric_p2p_tornado_16mib,sglb,6852,0,0,0,0,0,0
asymmetric_p2p_tornado_16mib,sglb,6854,0,0,0,0,0,0
asymmetric_p2p_tornado_16mib,sglb,6856,0,0,0,0,0,0
asymmetric_p2p_tornado_16mib,sglb,6858,0,0,0,0,0,0
asymmetric_p2p_tornado_16mib,sglb,6860,0,0,0,0,0,0
asymmetric_p2p_tornado_16mib,sglb,6862,0,0,0,0,0,0
asymmetric_p2p_tornado_16mib,sglb,6864,0,0,0,0,0,0
asymmetric_p2p_tornado_16mib,sglb,6866,0,0,0,0,0,0
asymmetric_p2p_tornado_16mib,sglb,6868,0,0,0,0,0,0
asymmetric_p2p_tornado_16mib,sglb,6870,0,0,0,0,0,0
asymmetric_p2p_tornado_16mib,sglb,6872,0,0,0,0,0,0
asymmetric_p2p_tornado_16mib,sglb,6874,0,0,0,0,0,0
asymmetric_p2p_tornado_16mib,sglb,6876,0,0,0,0,0,0
asymmetric_p2p_tornado_16mib,sglb,6878,0,0,0,0,0,0
asymmetric_p2p_tornado_16mib,sglb,6880,0,0,0,0,0,0
asymmetric_p2p_tornado_16mib,sglb,6882,0,0,0,0,0,0
asymmetric_p2p_tornado_16mib,sglb,6884,0,0,0,0,0,0
asymmetric_p2p_tornado_16mib,sglb,6886,0,0,0,0,0,0
asymmetric_p2p_tornado_16mib,sglb,6888,0,0,0,0,0,0
asymmetric_p2p_tornado_16mib,sglb,6890,0,0,0,0,0,0
asymmetric_p2p_tornado_16mib,sglb,6892,0,0,0,0,0,0
asymmetric_p2p_tornado_16mib,sglb,6894,0,0,0,0,0,0
asymmetric_p2p_tornado_16mib,sglb,6896,0,0,0,0,0,0
asymmetric_p2p_tornado_16mib,sglb,6898,0,0,0,0,0,0
asymmetric_p2p_tornado_16mib,sglb,6900,0,0,0,0,0,0
asymmetric_p2p_tornado_16mib,sglb,6902,0,0,0,0,0,0
asymmetric_p2p_tornado_16mib,sglb,6904,0,0,0,0,0,0
asymmetric_p2p_tornado_16mib,sglb,6906,0,0,0,0,0,0
asymmetric_p2p_tornado_16mib,sglb,6908,0,0,0,0,0,0
asymmetric_p2p_tornado_16mib,sglb,6910,0,0,0,0,0,0
asymmetric_p2p_tornado_16mib,sglb,6912,0,0,0,0,0,0
asymmetric_p2p_tornado_16mib,sglb,6914,0,0,0,0,0,0
asymmetric_p2p_tornado_16mib,sglb,6916,0,0,0,0,0,0
asymmetric_p2p_tornado_16mib,sglb,6918,0,0,0,0,0,0
asymmetric_p2p_tornado_16mib,sglb,6920,0,0,0,0,0,0
asymmetric_p2p_tornado_16mib,sglb,6922,0,0,0,0,0,0
asymmetric_p2p_tornado_16mib,sglb,6924,0,0,0,0,0,0
asymmetric_p2p_tornado_16mib,sglb,6926,0,0,0,0,0,0
asymmetric_p2p_tornado_16mib,sglb,6928,0,0,0,0,0,0
asymmetric_p2p_tornado_16mib,sglb,6930,0,0,0,0,0,0
asymmetric_p2p_tornado_16mib,sglb,6932,0,0,0,0,0,0
asymmetric_p2p_tornado_16mib,sglb,6934,0,0,0,0,0,0
asymmetric_p2p_tornado_16mib,sglb,6936,0,0,0,0,0,0
asymmetric_p2p_tornado_16mib,sglb,6938,0,0,0,0,0,0
asymmetric_p2p_tornado_16mib,sglb,6940,0,0,0,0,0,0
asymmetric_p2p_tornado_16mib,sglb,6942,0,0,0,0,0,0
asymmetric_p2p_tornado_16mib,sglb,6944,0,0,0,0,0,0
asymmetric_p2p_tornado_16mib,sglb,6946,0,0,0,0,0,0
asymmetric_p2p_tornado_16mib,sglb,6948,0,0,0,0,0,0
asymmetric_p2p_tornado_16mib,sglb,6950,0,0,0,0,0,0
asymmetric_p2p_tornado_16mib,sglb,6952,0,0,0,0,0,0
asymmetric_p2p_tornado_16mib,sglb,6954,0,0,0,0,0,0
asymmetric_p2p_tornado_16mib,sglb,6956,0,0,0,0,0,0
asymmetric_p2p_tornado_16mib,sglb,6958,0,0,0,0,0,0
asymmetric_p2p_tornado_16mib,sglb,6960,0,0,0,0,0,0
asymmetric_p2p_tornado_16mib,sglb,6962,0,0,0,0,0,0
asymmetric_p2p_tornado_16mib,sglb,6964,0,0,0,0,0,0
asymmetric_p2p_tornado_16mib,sglb,6966,0,0,0,0,0,0
asymmetric_p2p_tornado_16mib,sglb,6968,0,0,0,0,0,0
asymmetric_p2p_tornado_16mib,sglb,6970,0,0,0,0,0,0
asymmetric_p2p_tornado_16mib,sglb,6972,0,0,0,0,0,0
asymmetric_p2p_tornado_16mib,sglb,6974,0,0,0,0,0,0
asymmetric_p2p_tornado_16mib,sglb,6976,0,0,0,0,0,0
asymmetric_p2p_tornado_16mib,sglb,6978,0,0,0,0,0,0
asymmetric_p2p_tornado_16mib,sglb,6980,0,0,0,0,0,0
asymmetric_p2p_tornado_16mib,sglb,6982,0,0,0,0,0,0
asymmetric_p2p_tornado_16mib,sglb,6984,0,0,0,0,0,0
asymmetric_p2p_tornado_16mib,sglb,6986,0,0,0,0,0,0
asymmetric_p2p_tornado_16mib,sglb,6988,0,0,0,0,0,0
asymmetric_p2p_tornado_16mib,sglb,6990,0,0,0,0,0,0
asymmetric_p2p_tornado_16mib,sglb,6992,0,0,0,0,0,0
asymmetric_p2p_tornado_16mib,sglb,6994,0,0,0,0,0,0
asymmetric_p2p_tornado_16mib,sglb,6996,0,0,0,0,0,0
asymmetric_p2p_tornado_16mib,sglb,6998,0,0,0,0,0,0
asymmetric_p2p_tornado_16mib,sglb,7000,0,0,0,0,0,0
asymmetric_p2p_tornado_16mib,sglb,7002,0,0,0,0,0,0
asymmetric_p2p_tornado_16mib,sglb,7004,0,0,0,0,0,0
asymmetric_p2p_tornado_16mib,sglb,7006,0,0,0,0,0,0
asymmetric_p2p_tornado_16mib,sglb,7008,0,0,0,0,0,0
asymmetric_p2p_tornado_16mib,sglb,7010,0,0,0,0,0,0
asymmetric_p2p_tornado_16mib,sglb,7012,0,0,0,0,0,0
asymmetric_p2p_tornado_16mib,sglb,7014,0,0,0,0,0,0
asymmetric_p2p_tornado_16mib,sglb,7016,0,0,0,0,0,0
asymmetric_p2p_tornado_16mib,sglb,7018,0,0,0,0,0,0
asymmetric_p2p_tornado_16mib,sglb,7020,0,0,0,0,0,0
asymmetric_p2p_tornado_16mib,sglb,7022,0,0,0,0,0,0
asymmetric_p2p_tornado_16mib,sglb,7024,0,0,0,0,0,0
asymmetric_p2p_tornado_16mib,sglb,7026,0,0,0,0,0,0
asymmetric_p2p_tornado_16mib,sglb,7028,0,0,0,0,0,0
asymmetric_p2p_tornado_16mib,sglb,7030,0,0,0,0,0,0
asymmetric_p2p_tornado_16mib,sglb,7032,0,0,0,0,0,0
asymmetric_p2p_tornado_16mib,sglb,7034,0,0,0,0,0,0
asymmetric_p2p_tornado_16mib,sglb,7036,0,0,0,0,0,0
asymmetric_p2p_tornado_16mib,sglb,7038,0,0,0,0,0,0
asymmetric_p2p_tornado_16mib,sglb,7040,0,0,0,0,0,0
asymmetric_p2p_tornado_16mib,sglb,7042,0,0,0,0,0,0
asymmetric_p2p_tornado_16mib,sglb,7044,0,0,0,0,0,0
asymmetric_p2p_tornado_16mib,sglb,7046,0,0,0,0,0,0
asymmetric_p2p_tornado_16mib,sglb,7048,0,0,0,0,0,0
asymmetric_p2p_tornado_16mib,sglb,7050,0,0,0,0,0,0
asymmetric_p2p_tornado_16mib,sglb,7052,0,0,0,0,0,0
asymmetric_p2p_tornado_16mib,sglb,7054,0,0,0,0,0,0
asymmetric_p2p_tornado_16mib,sglb,7056,0,0,0,0,0,0
asymmetric_p2p_tornado_16mib,sglb,7058,0,0,0,0,0,0
asymmetric_p2p_tornado_16mib,sglb,7060,0,0,0,0,0,0
asymmetric_p2p_tornado_16mib,sglb,7062,0,0,0,0,0,0
asymmetric_p2p_tornado_16mib,sglb,7064,0,0,0,0,0,0
asymmetric_p2p_tornado_16mib,sglb,7066,0,0,0,0,0,0
asymmetric_p2p_tornado_16mib,sglb,7068,0,0,0,0,0,0
asymmetric_p2p_tornado_16mib,sglb,7070,0,0,0,0,0,0
asymmetric_p2p_tornado_16mib,sglb,7072,0,0,0,0,0,0
asymmetric_p2p_tornado_16mib,sglb,7074,0,0,0,0,0,0
asymmetric_p2p_tornado_16mib,sglb,7076,0,0,0,0,0,0
asymmetric_p2p_tornado_16mib,sglb,7078,0,0,0,0,0,0
asymmetric_p2p_tornado_16mib,sglb,7080,0,0,0,0,0,0
asymmetric_p2p_tornado_16mib,sglb,7082,0,0,0,0,0,0
asymmetric_p2p_tornado_16mib,sglb,7084,0,0,0,0,0,0
asymmetric_p2p_tornado_16mib,sglb,7086,0,0,0,0,0,0
asymmetric_p2p_tornado_16mib,sglb,7088,0,0,0,0,0,0
asymmetric_p2p_tornado_16mib,sglb,7090,0,0,0,0,0,0
asymmetric_p2p_tornado_16mib,sglb,7092,0,0,0,0,0,0
asymmetric_p2p_tornado_16mib,sglb,7094,0,0,0,0,0,0
asymmetric_p2p_tornado_16mib,sglb,7096,0,0,0,0,0,0
asymmetric_p2p_tornado_16mib,sglb,7098,0,0,0,0,0,0
asymmetric_p2p_tornado_16mib,sglb,7100,0,0,0,0,0,0
asymmetric_p2p_tornado_16mib,sglb,7102,0,0,0,0,0,0
asymmetric_p2p_tornado_16mib,sglb,7104,0,0,0,0,0,0
asymmetric_p2p_tornado_16mib,sglb,7106,0,0,0,0,0,0
asymmetric_p2p_tornado_16mib,sglb,7108,0,0,0,0,0,0
asymmetric_p2p_tornado_16mib,sglb,7110,0,0,0,0,0,0
asymmetric_p2p_tornado_16mib,sglb,7112,0,0,0,0,0,0
asymmetric_p2p_tornado_16mib,sglb,7114,0,0,0,0,0,0
asymmetric_p2p_tornado_16mib,sglb,7116,0,0,0,0,0,0
asymmetric_p2p_tornado_16mib,sglb,7118,0,0,0,0,0,0
asymmetric_p2p_tornado_16mib,sglb,7120,0,0,0,0,0,0
asymmetric_p2p_tornado_16mib,sglb,7122,0,0,0,0,0,0
asymmetric_p2p_tornado_16mib,sglb,7124,0,0,0,0,0,0
asymmetric_p2p_tornado_16mib,sglb,7126,0,0,0,0,0,0
asymmetric_p2p_tornado_16mib,sglb,7128,0,0,0,0,0,0
asymmetric_p2p_tornado_16mib,sglb,7130,0,0,0,0,0,0
asymmetric_p2p_tornado_16mib,sglb,7132,0,0,0,0,0,0
asymmetric_p2p_tornado_16mib,sglb,7134,0,0,0,0,0,0
asymmetric_p2p_tornado_16mib,sglb,7136,0,0,0,0,0,0
asymmetric_p2p_tornado_16mib,sglb,7138,0,0,0,0,0,0
asymmetric_p2p_tornado_16mib,sglb,7140,0,0,0,0,0,0
asymmetric_p2p_tornado_16mib,sglb,7142,0,0,0,0,0,0
asymmetric_p2p_tornado_16mib,sglb,7144,0,0,0,0,0,0
asymmetric_p2p_tornado_16mib,sglb,7146,0,0,0,0,0,0
asymmetric_p2p_tornado_16mib,sglb,7148,0,0,0,0,0,0
asymmetric_p2p_tornado_16mib,sglb,7150,0,0,0,0,0,0
asymmetric_p2p_tornado_16mib,sglb,7152,0,0,0,0,0,0
asymmetric_p2p_tornado_16mib,sglb,7154,0,0,0,0,0,0
asymmetric_p2p_tornado_16mib,sglb,7156,0,0,0,0,0,0
asymmetric_p2p_tornado_16mib,sglb,7158,0,0,0,0,0,0
asymmetric_p2p_tornado_16mib,sglb,7160,0,0,0,0,0,0
asymmetric_p2p_tornado_16mib,sglb,7162,0,0,0,0,0,0
asymmetric_p2p_tornado_16mib,sglb,7164,0,0,0,0,0,0
asymmetric_p2p_tornado_16mib,sglb,7166,0,0,0,0,0,0
asymmetric_p2p_tornado_16mib,sglb,7168,0,0,0,0,0,0
asymmetric_p2p_tornado_16mib,sglb,7170,0,0,0,0,0,0
asymmetric_p2p_tornado_16mib,sglb,7172,0,0,0,0,0,0
asymmetric_p2p_tornado_16mib,sglb,7174,0,0,0,0,0,0
asymmetric_p2p_tornado_16mib,sglb,7176,0,0,0,0,0,0
asymmetric_p2p_tornado_16mib,sglb,7178,0,0,0,0,0,0
asymmetric_p2p_tornado_16mib,sglb,7180,0,0,0,0,0,0
asymmetric_p2p_tornado_16mib,sglb,7182,0,0,0,0,0,0
asymmetric_p2p_tornado_16mib,sglb,7184,0,0,0,0,0,0
asymmetric_p2p_tornado_16mib,sglb,7186,0,0,0,0,0,0
asymmetric_p2p_tornado_16mib,sglb,7188,0,0,0,0,0,0
asymmetric_p2p_tornado_16mib,sglb,7190,0,0,0,0,0,0
asymmetric_p2p_tornado_16mib,sglb,7192,0,0,0,0,0,0
asymmetric_p2p_tornado_16mib,sglb,7194,0,0,0,0,0,0
asymmetric_p2p_tornado_16mib,sglb,7196,0,0,0,0,0,0
asymmetric_p2p_tornado_16mib,sglb,7198,0,0,0,0,0,0
asymmetric_p2p_tornado_16mib,sglb,7200,0,0,0,0,0,0
asymmetric_p2p_tornado_16mib,sglb,7202,0,0,0,0,0,0
asymmetric_p2p_tornado_16mib,sglb,7204,0,0,0,0,0,0
asymmetric_p2p_tornado_16mib,sglb,7206,0,0,0,0,0,0
asymmetric_p2p_tornado_16mib,sglb,7208,0,0,0,0,0,0
asymmetric_p2p_tornado_16mib,sglb,7210,0,0,0,0,0,0
asymmetric_p2p_tornado_16mib,sglb,7212,0,0,0,0,0,0
asymmetric_p2p_tornado_16mib,sglb,7214,0,0,0,0,0,0
asymmetric_p2p_tornado_16mib,sglb,7216,0,0,0,0,0,0
asymmetric_p2p_tornado_16mib,sglb,7218,0,0,0,0,0,0
asymmetric_p2p_tornado_16mib,sglb,7220,0,0,0,0,0,0
asymmetric_p2p_tornado_16mib,sglb,7222,0,0,0,0,0,0
asymmetric_p2p_tornado_16mib,sglb,7224,0,0,0,0,0,0
asymmetric_p2p_tornado_16mib,sglb,7226,0,0,0,0,0,0
asymmetric_p2p_tornado_16mib,sglb,7228,0,0,0,0,0,0
asymmetric_p2p_tornado_16mib,sglb,7230,0,0,0,0,0,0
asymmetric_p2p_tornado_16mib,sglb,7232,0,0,0,0,0,0
asymmetric_p2p_tornado_16mib,sglb,7234,0,0,0,0,0,0
asymmetric_p2p_tornado_16mib,sglb,7236,0,0,0,0,0,0
asymmetric_p2p_tornado_16mib,sglb,7238,0,0,0,0,0,0
asymmetric_p2p_tornado_16mib,sglb,7240,0,0,0,0,0,0
asymmetric_p2p_tornado_16mib,sglb,7242,0,0,0,0,0,0
asymmetric_p2p_tornado_16mib,sglb,7244,0,0,0,0,0,0
asymmetric_p2p_tornado_16mib,sglb,7246,0,0,0,0,0,0
asymmetric_p2p_tornado_16mib,sglb,7248,0,0,0,0,0,0
asymmetric_p2p_tornado_16mib,sglb,7250,0,0,0,0,0,0
asymmetric_p2p_tornado_16mib,sglb,7252,0,0,0,0,0,0
asymmetric_p2p_tornado_16mib,sglb,7254,0,0,0,0,0,0
asymmetric_p2p_tornado_16mib,sglb,7256,0,0,0,0,0,0
asymmetric_p2p_tornado_16mib,sglb,7258,0,0,0,0,0,0
asymmetric_p2p_tornado_16mib,sglb,7260,0,0,0,0,0,0
asymmetric_p2p_tornado_16mib,sglb,7262,0,0,0,0,0,0
asymmetric_p2p_tornado_16mib,sglb,7264,0,0,0,0,0,0
asymmetric_p2p_tornado_16mib,sglb,7266,0,0,0,0,0,0
asymmetric_p2p_tornado_16mib,sglb,7268,0,0,0,0,0,0
asymmetric_p2p_tornado_16mib,sglb,7270,0,0,0,0,0,0
asymmetric_p2p_tornado_16mib,sglb,7272,0,0,0,0,0,0
asymmetric_p2p_tornado_16mib,sglb,7274,0,0,0,0,0,0
asymmetric_p2p_tornado_16mib,sglb,7276,0,0,0,0,0,0
asymmetric_p2p_tornado_16mib,sglb,7278,0,0,0,0,0,0
asymmetric_p2p_tornado_16mib,sglb,7280,0,0,0,0,0,0
asymmetric_p2p_tornado_16mib,sglb,7282,0,0,0,0,0,0
asymmetric_p2p_tornado_16mib,sglb,7284,0,0,0,0,0,0
asymmetric_p2p_tornado_16mib,sglb,7286,0,0,0,0,0,0
asymmetric_p2p_tornado_16mib,sglb,7288,0,0,0,0,0,0
asymmetric_p2p_tornado_16mib,sglb,7290,0,0,0,0,0,0
asymmetric_p2p_tornado_16mib,sglb,7292,0,0,0,0,0,0
asymmetric_p2p_tornado_16mib,sglb,7294,0,0,0,0,0,0
asymmetric_p2p_tornado_16mib,sglb,7296,0,0,0,0,0,0
asymmetric_p2p_tornado_16mib,sglb,7298,0,0,0,0,0,0
asymmetric_p2p_tornado_16mib,sglb,7300,0,0,0,0,0,0
asymmetric_p2p_tornado_16mib,sglb,7302,0,0,0,0,0,0
asymmetric_p2p_tornado_16mib,sglb,7304,0,0,0,0,0,0
asymmetric_p2p_tornado_16mib,sglb,7306,0,0,0,0,0,0
asymmetric_p2p_tornado_16mib,sglb,7308,0,0,0,0,0,0
asymmetric_p2p_tornado_16mib,sglb,7310,0,0,0,0,0,0
asymmetric_p2p_tornado_16mib,sglb,7312,0,0,0,0,0,0
asymmetric_p2p_tornado_16mib,sglb,7314,0,0,0,0,0,0
asymmetric_p2p_tornado_16mib,sglb,7316,0,0,0,0,0,0
asymmetric_p2p_tornado_16mib,sglb,7318,0,0,0,0,0,0
asymmetric_p2p_tornado_16mib,sglb,7320,0,0,0,0,0,0
asymmetric_p2p_tornado_16mib,sglb,7322,0,0,0,0,0,0
asymmetric_p2p_tornado_16mib,sglb,7324,0,0,0,0,0,0
asymmetric_p2p_tornado_16mib,sglb,7326,0,0,0,0,0,0
asymmetric_p2p_tornado_16mib,sglb,7328,0,0,0,0,0,0
asymmetric_p2p_tornado_16mib,sglb,7330,0,0,0,0,0,0
asymmetric_p2p_tornado_16mib,sglb,7332,0,0,0,0,0,0
asymmetric_p2p_tornado_16mib,sglb,7334,0,0,0,0,0,0
asymmetric_p2p_tornado_16mib,sglb,7336,0,0,0,0,0,0
asymmetric_p2p_tornado_16mib,sglb,7338,0,0,0,0,0,0
asymmetric_p2p_tornado_16mib,sglb,7340,0,0,0,0,0,0
asymmetric_p2p_tornado_16mib,sglb,7342,0,0,0,0,0,0
asymmetric_p2p_tornado_16mib,sglb,7344,0,0,0,0,0,0
asymmetric_p2p_tornado_16mib,sglb,7346,0,0,0,0,0,0
asymmetric_p2p_tornado_16mib,sglb,7348,0,0,0,0,0,0
asymmetric_p2p_tornado_16mib,sglb,7350,0,0,0,0,0,0
asymmetric_p2p_tornado_16mib,sglb,7352,0,0,0,0,0,0
asymmetric_p2p_tornado_16mib,sglb,7354,0,0,0,0,0,0
asymmetric_p2p_tornado_16mib,sglb,7356,0,0,0,0,0,0
asymmetric_p2p_tornado_16mib,sglb,7358,0,0,0,0,0,0
asymmetric_p2p_tornado_16mib,sglb,7360,0,0,0,0,0,0
asymmetric_p2p_tornado_16mib,sglb,7362,0,0,0,0,0,0
asymmetric_p2p_tornado_16mib,sglb,7364,0,0,0,0,0,0
asymmetric_p2p_tornado_16mib,sglb,7366,0,0,0,0,0,0
asymmetric_p2p_tornado_16mib,sglb,7368,0,0,0,0,0,0
asymmetric_p2p_tornado_16mib,sglb,7370,0,0,0,0,0,0
asymmetric_p2p_tornado_16mib,sglb,7372,0,0,0,0,0,0
asymmetric_p2p_tornado_16mib,sglb,7374,0,0,0,0,0,0
asymmetric_p2p_tornado_16mib,sglb,7376,0,0,0,0,0,0
asymmetric_p2p_tornado_16mib,sglb,7378,0,0,0,0,0,0
asymmetric_p2p_tornado_16mib,sglb,7380,0,0,0,0,0,0
asymmetric_p2p_tornado_16mib,sglb,7382,0,0,0,0,0,0
asymmetric_p2p_tornado_16mib,sglb,7384,0,0,0,0,0,0
asymmetric_p2p_tornado_16mib,sglb,7386,0,0,0,0,0,0
asymmetric_p2p_tornado_16mib,sglb,7388,0,0,0,0,0,0
asymmetric_p2p_tornado_16mib,sglb,7390,0,0,0,0,0,0
asymmetric_p2p_tornado_16mib,sglb,7392,0,0,0,0,0,0
asymmetric_p2p_tornado_16mib,sglb,7394,0,0,0,0,0,0
asymmetric_p2p_tornado_16mib,sglb,7396,0,0,0,0,0,0
asymmetric_p2p_tornado_16mib,sglb,7398,0,0,0,0,0,0
asymmetric_p2p_tornado_16mib,sglb,7400,0,0,0,0,0,0
asymmetric_p2p_tornado_16mib,sglb,7402,0,0,0,0,0,0
asymmetric_p2p_tornado_16mib,sglb,7404,0,0,0,0,0,0
asymmetric_p2p_tornado_16mib,sglb,7406,0,0,0,0,0,0
asymmetric_p2p_tornado_16mib,sglb,7408,0,0,0,0,0,0
asymmetric_p2p_tornado_16mib,sglb,7410,0,0,0,0,0,0
asymmetric_p2p_tornado_16mib,sglb,7412,0,0,0,0,0,0
asymmetric_p2p_tornado_16mib,sglb,7414,0,0,0,0,0,0
asymmetric_p2p_tornado_16mib,sglb,7416,0,0,0,0,0,0
asymmetric_p2p_tornado_16mib,sglb,7418,0,0,0,0,0,0
asymmetric_p2p_tornado_16mib,sglb,7420,0,0,0,0,0,0
asymmetric_p2p_tornado_16mib,sglb,7422,0,0,0,0,0,0
asymmetric_p2p_tornado_16mib,sglb,7424,0,0,0,0,0,0
asymmetric_p2p_tornado_16mib,sglb,7426,0,0,0,0,0,0
asymmetric_p2p_tornado_16mib,sglb,7428,0,0,0,0,0,0
asymmetric_p2p_tornado_16mib,sglb,7430,0,0,0,0,0,0
asymmetric_p2p_tornado_16mib,sglb,7432,0,0,0,0,0,0
asymmetric_p2p_tornado_16mib,sglb,7434,0,0,0,0,0,0
asymmetric_p2p_tornado_16mib,sglb,7436,0,0,0,0,0,0
asymmetric_p2p_tornado_16mib,sglb,7438,0,0,0,0,0,0
asymmetric_p2p_tornado_16mib,sglb,7440,0,0,0,0,0,0
asymmetric_p2p_tornado_16mib,sglb,7442,0,0,0,0,0,0
asymmetric_p2p_tornado_16mib,sglb,7444,0,0,0,0,0,0
asymmetric_p2p_tornado_16mib,sglb,7446,0,0,0,0,0,0
asymmetric_p2p_tornado_16mib,sglb,7448,0,0,0,0,0,0
asymmetric_p2p_tornado_16mib,sglb,7450,0,0,0,0,0,0
asymmetric_p2p_tornado_16mib,sglb,7452,0,0,0,0,0,0
asymmetric_p2p_tornado_16mib,sglb,7454,0,0,0,0,0,0
asymmetric_p2p_tornado_16mib,sglb,7456,0,0,0,0,0,0
asymmetric_p2p_tornado_16mib,sglb,7458,0,0,0,0,0,0
asymmetric_p2p_tornado_16mib,sglb,7460,0,0,0,0,0,0
asymmetric_p2p_tornado_16mib,sglb,7462,0,0,0,0,0,0
asymmetric_p2p_tornado_16mib,sglb,7464,0,0,0,0,0,0
asymmetric_p2p_tornado_16mib,sglb,7466,0,0,0,0,0,0
asymmetric_p2p_tornado_16mib,sglb,7468,0,0,0,0,0,0
asymmetric_p2p_tornado_16mib,sglb,7470,0,0,0,0,0,0
asymmetric_p2p_tornado_16mib,sglb,7472,0,0,0,0,0,0
asymmetric_p2p_tornado_16mib,sglb,7474,0,0,0,0,0,0
asymmetric_p2p_tornado_16mib,sglb,7476,0,0,0,0,0,0
asymmetric_p2p_tornado_16mib,sglb,7478,0,0,0,0,0,0
asymmetric_p2p_tornado_16mib,sglb,7480,0,0,0,0,0,0
asymmetric_p2p_tornado_16mib,sglb,7482,0,0,0,0,0,0
asymmetric_p2p_tornado_16mib,sglb,7484,0,0,0,0,0,0
asymmetric_p2p_tornado_16mib,sglb,7486,0,0,0,0,0,0
asymmetric_p2p_tornado_16mib,sglb,7488,0,0,0,0,0,0
asymmetric_p2p_tornado_16mib,sglb,7490,0,0,0,0,0,0
asymmetric_p2p_tornado_16mib,sglb,7492,0,0,0,0,0,0
asymmetric_p2p_tornado_16mib,sglb,7494,0,0,0,0,0,0
asymmetric_p2p_tornado_16mib,sglb,7496,0,0,0,0,0,0
asymmetric_p2p_tornado_16mib,sglb,7498,0,0,0,0,0,0
asymmetric_p2p_tornado_16mib,sglb,7500,0,0,0,0,0,0
asymmetric_p2p_tornado_16mib,sglb,7502,0,0,0,0,0,0
asymmetric_p2p_tornado_16mib,sglb,7504,0,0,0,0,0,0
asymmetric_p2p_tornado_16mib,sglb,7506,0,0,0,0,0,0
asymmetric_p2p_tornado_16mib,sglb,7508,0,0,0,0,0,0
asymmetric_p2p_tornado_16mib,sglb,7510,0,0,0,0,0,0
asymmetric_p2p_tornado_16mib,sglb,7512,0,0,0,0,0,0
asymmetric_p2p_tornado_16mib,sglb,7514,0,0,0,0,0,0
asymmetric_p2p_tornado_16mib,sglb,7516,0,0,0,0,0,0
asymmetric_p2p_tornado_16mib,sglb,7518,0,0,0,0,0,0
asymmetric_p2p_tornado_16mib,sglb,7520,0,0,0,0,0,0
asymmetric_p2p_tornado_16mib,sglb,7522,0,0,0,0,0,0
asymmetric_p2p_tornado_16mib,sglb,7524,0,0,0,0,0,0
asymmetric_p2p_tornado_16mib,sglb,7526,0,0,0,0,0,0
asymmetric_p2p_tornado_16mib,sglb,7528,0,0,0,0,0,0
asymmetric_p2p_tornado_16mib,sglb,7530,0,0,0,0,0,0
asymmetric_p2p_tornado_16mib,sglb,7532,0,0,0,0,0,0
asymmetric_p2p_tornado_16mib,sglb,7534,0,0,0,0,0,0
asymmetric_p2p_tornado_16mib,sglb,7536,0,0,0,0,0,0
asymmetric_p2p_tornado_16mib,sglb,7538,0,0,0,0,0,0
asymmetric_p2p_tornado_16mib,sglb,7540,0,0,0,0,0,0
asymmetric_p2p_tornado_16mib,sglb,7542,0,0,0,0,0,0
asymmetric_p2p_tornado_16mib,sglb,7544,0,0,0,0,0,0
asymmetric_p2p_tornado_16mib,sglb,7546,0,0,0,0,0,0
asymmetric_p2p_tornado_16mib,sglb,7548,0,0,0,0,0,0
asymmetric_p2p_tornado_16mib,sglb,7550,0,0,0,0,0,0
asymmetric_p2p_tornado_16mib,sglb,7552,0,0,0,0,0,0
asymmetric_p2p_tornado_16mib,sglb,7554,0,0,0,0,0,0
asymmetric_p2p_tornado_16mib,sglb,7556,0,0,0,0,0,0
asymmetric_p2p_tornado_16mib,sglb,7558,0,0,0,0,0,0
asymmetric_p2p_tornado_16mib,sglb,7560,0,0,0,0,0,0
asymmetric_p2p_tornado_16mib,sglb,7562,0,0,0,0,0,0
asymmetric_p2p_tornado_16mib,sglb,7564,0,0,0,0,0,0
asymmetric_p2p_tornado_16mib,sglb,7566,0,0,0,0,0,0
asymmetric_p2p_tornado_16mib,sglb,7568,0,0,0,0,0,0
asymmetric_p2p_tornado_16mib,sglb,7570,0,0,0,0,0,0
asymmetric_p2p_tornado_16mib,sglb,7572,0,0,0,0,0,0
asymmetric_p2p_tornado_16mib,sglb,7574,0,0,0,0,0,0
asymmetric_p2p_tornado_16mib,sglb,7576,0,0,0,0,0,0
asymmetric_p2p_tornado_16mib,sglb,7578,0,0,0,0,0,0
asymmetric_p2p_tornado_16mib,sglb,7580,0,0,0,0,0,0
asymmetric_p2p_tornado_16mib,sglb,7582,0,0,0,0,0,0
asymmetric_p2p_tornado_16mib,sglb,7584,0,0,0,0,0,0
asymmetric_p2p_tornado_16mib,sglb,7586,0,0,0,0,0,0
asymmetric_p2p_tornado_16mib,sglb,7588,0,0,0,0,0,0
asymmetric_p2p_tornado_16mib,sglb,7590,0,0,0,0,0,0
asymmetric_p2p_tornado_16mib,sglb,7592,0,0,0,0,0,0
asymmetric_p2p_tornado_16mib,sglb,7594,0,0,0,0,0,0
asymmetric_p2p_tornado_16mib,sglb,7596,0,0,0,0,0,0
asymmetric_p2p_tornado_16mib,sglb,7598,0,0,0,0,0,0
asymmetric_p2p_tornado_16mib,sglb,7600,0,0,0,0,0,0
asymmetric_p2p_tornado_16mib,sglb,7602,0,0,0,0,0,0
asymmetric_p2p_tornado_16mib,sglb,7604,0,0,0,0,0,0
asymmetric_p2p_tornado_16mib,sglb,7606,0,0,0,0,0,0
asymmetric_p2p_tornado_16mib,sglb,7608,0,0,0,0,0,0
asymmetric_p2p_tornado_16mib,sglb,7610,0,0,0,0,0,0
asymmetric_p2p_tornado_16mib,sglb,7612,0,0,0,0,0,0
asymmetric_p2p_tornado_16mib,sglb,7614,0,0,0,0,0,0
asymmetric_p2p_tornado_16mib,sglb,7616,0,0,0,0,0,0
asymmetric_p2p_tornado_16mib,sglb,7618,0,0,0,0,0,0
asymmetric_p2p_tornado_16mib,sglb,7620,0,0,0,0,0,0
asymmetric_p2p_tornado_16mib,sglb,7622,0,0,0,0,0,0
asymmetric_p2p_tornado_16mib,sglb,7624,0,0,0,0,0,0
asymmetric_p2p_tornado_16mib,sglb,7626,0,0,0,0,0,0
asymmetric_p2p_tornado_16mib,sglb,7628,0,0,0,0,0,0
asymmetric_p2p_tornado_16mib,sglb,7630,0,0,0,0,0,0
asymmetric_p2p_tornado_16mib,sglb,7632,0,0,0,0,0,0
asymmetric_p2p_tornado_16mib,sglb,7634,0,0,0,0,0,0
asymmetric_p2p_tornado_16mib,sglb,7636,0,0,0,0,0,0
asymmetric_p2p_tornado_16mib,sglb,7638,0,0,0,0,0,0
asymmetric_p2p_tornado_16mib,sglb,7640,0,0,0,0,0,0
asymmetric_p2p_tornado_16mib,sglb,7642,0,0,0,0,0,0
asymmetric_p2p_tornado_16mib,sglb,7644,0,0,0,0,0,0
asymmetric_p2p_tornado_16mib,sglb,7646,0,0,0,0,0,0
asymmetric_p2p_tornado_16mib,sglb,7648,0,0,0,0,0,0
asymmetric_p2p_tornado_16mib,sglb,7650,0,0,0,0,0,0
asymmetric_p2p_tornado_16mib,sglb,7652,0,0,0,0,0,0
asymmetric_p2p_tornado_16mib,sglb,7654,0,0,0,0,0,0
asymmetric_p2p_tornado_16mib,sglb,7656,0,0,0,0,0,0
asymmetric_p2p_tornado_16mib,sglb,7658,0,0,0,0,0,0
asymmetric_p2p_tornado_16mib,sglb,7660,0,0,0,0,0,0
asymmetric_p2p_tornado_16mib,sglb,7662,0,0,0,0,0,0
asymmetric_p2p_tornado_16mib,sglb,7664,0,0,0,0,0,0
asymmetric_p2p_tornado_16mib,sglb,7666,0,0,0,0,0,0
asymmetric_p2p_tornado_16mib,sglb,7668,0,0,0,0,0,0
asymmetric_p2p_tornado_16mib,sglb,7670,0,0,0,0,0,0
asymmetric_p2p_tornado_16mib,sglb,7672,0,0,0,0,0,0
asymmetric_p2p_tornado_16mib,sglb,7674,0,0,0,0,0,0
asymmetric_p2p_tornado_16mib,sglb,7676,0,0,0,0,0,0
asymmetric_p2p_tornado_16mib,sglb,7678,0,0,0,0,0,0
asymmetric_p2p_tornado_16mib,sglb,7680,0,0,0,0,0,0
asymmetric_p2p_tornado_16mib,sglb,7682,0,0,0,0,0,0
asymmetric_p2p_tornado_16mib,sglb,7684,0,0,0,0,0,0
asymmetric_p2p_tornado_16mib,sglb,7686,0,0,0,0,0,0
asymmetric_p2p_tornado_16mib,sglb,7688,0,0,0,0,0,0
asymmetric_p2p_tornado_16mib,sglb,7690,0,0,0,0,0,0
asymmetric_p2p_tornado_16mib,sglb,7692,0,0,0,0,0,0
asymmetric_p2p_tornado_16mib,sglb,7694,0,0,0,0,0,0
asymmetric_p2p_tornado_16mib,sglb,7696,0,0,0,0,0,0
asymmetric_p2p_tornado_16mib,sglb,7698,0,0,0,0,0,0
asymmetric_p2p_tornado_16mib,sglb,7700,0,0,0,0,0,0
asymmetric_p2p_tornado_16mib,sglb,7702,0,0,0,0,0,0
asymmetric_p2p_tornado_16mib,sglb,7704,0,0,0,0,0,0
asymmetric_p2p_tornado_16mib,sglb,7706,0,0,0,0,0,0
asymmetric_p2p_tornado_16mib,sglb,7708,0,0,0,0,0,0
asymmetric_p2p_tornado_16mib,sglb,7710,0,0,0,0,0,0
asymmetric_p2p_tornado_16mib,sglb,7712,0,0,0,0,0,0
asymmetric_p2p_tornado_16mib,sglb,7714,0,0,0,0,0,0
asymmetric_p2p_tornado_16mib,sglb,7716,0,0,0,0,0,0
asymmetric_p2p_tornado_16mib,sglb,7718,0,0,0,0,0,0
asymmetric_p2p_tornado_16mib,sglb,7720,0,0,0,0,0,0
asymmetric_p2p_tornado_16mib,sglb,7722,0,0,0,0,0,0
asymmetric_p2p_tornado_16mib,sglb,7724,0,0,0,0,0,0
asymmetric_p2p_tornado_16mib,sglb,7726,0,0,0,0,0,0
asymmetric_p2p_tornado_16mib,sglb,7728,0,0,0,0,0,0
asymmetric_p2p_tornado_16mib,sglb,7730,0,0,0,0,0,0
asymmetric_p2p_tornado_16mib,sglb,7732,0,0,0,0,0,0
asymmetric_p2p_tornado_16mib,sglb,7734,0,0,0,0,0,0
asymmetric_p2p_tornado_16mib,sglb,7736,0,0,0,0,0,0
asymmetric_p2p_tornado_16mib,sglb,7738,0,0,0,0,0,0
asymmetric_p2p_tornado_16mib,sglb,7740,0,0,0,0,0,0
asymmetric_p2p_tornado_16mib,sglb,7742,0,0,0,0,0,0
asymmetric_p2p_tornado_16mib,sglb,7744,0,0,0,0,0,0
asymmetric_p2p_tornado_16mib,sglb,7746,0,0,0,0,0,0
asymmetric_p2p_tornado_16mib,sglb,7748,0,0,0,0,0,0
asymmetric_p2p_tornado_16mib,sglb,7750,0,0,0,0,0,0
asymmetric_p2p_tornado_16mib,sglb,7752,0,0,0,0,0,0
asymmetric_p2p_tornado_16mib,sglb,7754,0,0,0,0,0,0
asymmetric_p2p_tornado_16mib,sglb,7756,0,0,0,0,0,0
asymmetric_p2p_tornado_16mib,sglb,7758,0,0,0,0,0,0
asymmetric_p2p_tornado_16mib,sglb,7760,0,0,0,0,0,0
asymmetric_p2p_tornado_16mib,sglb,7762,0,0,0,0,0,0
asymmetric_p2p_tornado_16mib,sglb,7764,0,0,0,0,0,0
asymmetric_p2p_tornado_16mib,sglb,7766,0,0,0,0,0,0
asymmetric_p2p_tornado_16mib,sglb,7768,0,0,0,0,0,0
asymmetric_p2p_tornado_16mib,sglb,7770,0,0,0,0,0,0
asymmetric_p2p_tornado_16mib,sglb,7772,0,0,0,0,0,0
asymmetric_p2p_tornado_16mib,sglb,7774,0,0,0,0,0,0
asymmetric_p2p_tornado_16mib,sglb,7776,0,0,0,0,0,0
asymmetric_p2p_tornado_16mib,sglb,7778,0,0,0,0,0,0
asymmetric_p2p_tornado_16mib,sglb,7780,0,0,0,0,0,0
asymmetric_p2p_tornado_16mib,sglb,7782,0,0,0,0,0,0
asymmetric_p2p_tornado_16mib,sglb,7784,0,0,0,0,0,0
asymmetric_p2p_tornado_16mib,sglb,7786,0,0,0,0,0,0
asymmetric_p2p_tornado_16mib,sglb,7788,0,0,0,0,0,0
asymmetric_p2p_tornado_16mib,sglb,7790,0,0,0,0,0,0
asymmetric_p2p_tornado_16mib,sglb,7792,0,0,0,0,0,0
asymmetric_p2p_tornado_16mib,sglb,7794,0,0,0,0,0,0
asymmetric_p2p_tornado_16mib,sglb,7796,0,0,0,0,0,0
asymmetric_p2p_tornado_16mib,sglb,7798,0,0,0,0,0,0
asymmetric_p2p_tornado_16mib,sglb,7800,0,0,0,0,0,0
asymmetric_p2p_tornado_16mib,sglb,7802,0,0,0,0,0,0
asymmetric_p2p_tornado_16mib,sglb,7804,0,0,0,0,0,0
asymmetric_p2p_tornado_16mib,sglb,7806,0,0,0,0,0,0
asymmetric_p2p_tornado_16mib,sglb,7808,0,0,0,0,0,0
asymmetric_p2p_tornado_16mib,sglb,7810,0,0,0,0,0,0
asymmetric_p2p_tornado_16mib,sglb,7812,0,0,0,0,0,0
asymmetric_p2p_tornado_16mib,sglb,7814,0,0,0,0,0,0
asymmetric_p2p_tornado_16mib,sglb,7816,0,0,0,0,0,0
asymmetric_p2p_tornado_16mib,sglb,7818,0,0,0,0,0,0
asymmetric_p2p_tornado_16mib,sglb,7820,0,0,0,0,0,0
asymmetric_p2p_tornado_16mib,sglb,7822,0,0,0,0,0,0
asymmetric_p2p_tornado_16mib,sglb,7824,0,0,0,0,0,0
asymmetric_p2p_tornado_16mib,sglb,7826,0,0,0,0,0,0
asymmetric_p2p_tornado_16mib,sglb,7828,0,0,0,0,0,0
asymmetric_p2p_tornado_16mib,sglb,7830,0,0,0,0,0,0
asymmetric_p2p_tornado_16mib,sglb,7832,0,0,0,0,0,0
asymmetric_p2p_tornado_16mib,sglb,7834,0,0,0,0,0,0
asymmetric_p2p_tornado_16mib,sglb,7836,0,0,0,0,0,0
asymmetric_p2p_tornado_16mib,sglb,7838,0,0,0,0,0,0
asymmetric_p2p_tornado_16mib,sglb,7840,0,0,0,0,0,0
asymmetric_p2p_tornado_16mib,sglb,7842,0,0,0,0,0,0
asymmetric_p2p_tornado_16mib,sglb,7844,0,0,0,0,0,0
asymmetric_p2p_tornado_16mib,sglb,7846,0,0,0,0,0,0
asymmetric_p2p_tornado_16mib,sglb,7848,0,0,0,0,0,0
asymmetric_p2p_tornado_16mib,sglb,7850,0,0,0,0,0,0
asymmetric_p2p_tornado_16mib,sglb,7852,0,0,0,0,0,0
asymmetric_p2p_tornado_16mib,sglb,7854,0,0,0,0,0,0
asymmetric_p2p_tornado_16mib,sglb,7856,0,0,0,0,0,0
asymmetric_p2p_tornado_16mib,sglb,7858,0,0,0,0,0,0
asymmetric_p2p_tornado_16mib,sglb,7860,0,0,0,0,0,0
asymmetric_p2p_tornado_16mib,sglb,7862,0,0,0,0,0,0
asymmetric_p2p_tornado_16mib,sglb,7864,0,0,0,0,0,0
asymmetric_p2p_tornado_16mib,sglb,7866,0,0,0,0,0,0
asymmetric_p2p_tornado_16mib,sglb,7868,0,0,0,0,0,0
asymmetric_p2p_tornado_16mib,sglb,7870,0,0,0,0,0,0
asymmetric_p2p_tornado_16mib,sglb,7872,0,0,0,0,0,0
asymmetric_p2p_tornado_16mib,sglb,7874,0,0,0,0,0,0
asymmetric_p2p_tornado_16mib,sglb,7876,0,0,0,0,0,0
asymmetric_p2p_tornado_16mib,sglb,7878,0,0,0,0,0,0
asymmetric_p2p_tornado_16mib,sglb,7880,0,0,0,0,0,0
asymmetric_p2p_tornado_16mib,sglb,7882,0,0,0,0,0,0
asymmetric_p2p_tornado_16mib,sglb,7884,0,0,0,0,0,0
asymmetric_p2p_tornado_16mib,sglb,7886,0,0,0,0,0,0
asymmetric_p2p_tornado_16mib,sglb,7888,0,0,0,0,0,0
asymmetric_p2p_tornado_16mib,sglb,7890,0,0,0,0,0,0
asymmetric_p2p_tornado_16mib,sglb,7892,0,0,0,0,0,0
asymmetric_p2p_tornado_16mib,sglb,7894,0,0,0,0,0,0
asymmetric_p2p_tornado_16mib,sglb,7896,0,0,0,0,0,0
asymmetric_p2p_tornado_16mib,sglb,7898,0,0,0,0,0,0
asymmetric_p2p_tornado_16mib,sglb,7900,0,0,0,0,0,0
asymmetric_p2p_tornado_16mib,sglb,7902,0,0,0,0,0,0
asymmetric_p2p_tornado_16mib,sglb,7904,0,0,0,0,0,0
asymmetric_p2p_tornado_16mib,sglb,7906,0,0,0,0,0,0
asymmetric_p2p_tornado_16mib,sglb,7908,0,0,0,0,0,0
asymmetric_p2p_tornado_16mib,sglb,7910,0,0,0,0,0,0
asymmetric_p2p_tornado_16mib,sglb,7912,0,0,0,0,0,0
asymmetric_p2p_tornado_16mib,sglb,7914,0,0,0,0,0,0
asymmetric_p2p_tornado_16mib,sglb,7916,0,0,0,0,0,0
asymmetric_p2p_tornado_16mib,sglb,7918,0,0,0,0,0,0
asymmetric_p2p_tornado_16mib,sglb,7920,0,0,0,0,0,0
asymmetric_p2p_tornado_16mib,sglb,7922,0,0,0,0,0,0
asymmetric_p2p_tornado_16mib,sglb,7924,0,0,0,0,0,0
asymmetric_p2p_tornado_16mib,sglb,7926,0,0,0,0,0,0
asymmetric_p2p_tornado_16mib,sglb,7928,0,0,0,0,0,0
asymmetric_p2p_tornado_16mib,sglb,7930,0,0,0,0,0,0
asymmetric_p2p_tornado_16mib,sglb,7932,0,0,0,0,0,0
asymmetric_p2p_tornado_16mib,sglb,7934,0,0,0,0,0,0
asymmetric_p2p_tornado_16mib,sglb,7936,0,0,0,0,0,0
asymmetric_p2p_tornado_16mib,sglb,7938,0,0,0,0,0,0
asymmetric_p2p_tornado_16mib,sglb,7940,0,0,0,0,0,0
asymmetric_p2p_tornado_16mib,sglb,7942,0,0,0,0,0,0
asymmetric_p2p_tornado_16mib,sglb,7944,0,0,0,0,0,0
asymmetric_p2p_tornado_16mib,sglb,7946,0,0,0,0,0,0
asymmetric_p2p_tornado_16mib,sglb,7948,0,0,0,0,0,0
asymmetric_p2p_tornado_16mib,sglb,7950,0,0,0,0,0,0
asymmetric_p2p_tornado_16mib,sglb,7952,0,0,0,0,0,0
asymmetric_p2p_tornado_16mib,sglb,7954,0,0,0,0,0,0
asymmetric_p2p_tornado_16mib,sglb,7956,0,0,0,0,0,0
asymmetric_p2p_tornado_16mib,sglb,7958,0,0,0,0,0,0
asymmetric_p2p_tornado_16mib,sglb,7960,0,0,0,0,0,0
asymmetric_p2p_tornado_16mib,sglb,7962,0,0,0,0,0,0
asymmetric_p2p_tornado_16mib,sglb,7964,0,0,0,0,0,0
asymmetric_p2p_tornado_16mib,sglb,7966,0,0,0,0,0,0
asymmetric_p2p_tornado_16mib,sglb,7968,0,0,0,0,0,0
asymmetric_p2p_tornado_16mib,sglb,7970,0,0,0,0,0,0
asymmetric_p2p_tornado_16mib,sglb,7972,0,0,0,0,0,0
asymmetric_p2p_tornado_16mib,sglb,7974,0,0,0,0,0,0
asymmetric_p2p_tornado_16mib,sglb,7976,0,0,0,0,0,0
asymmetric_p2p_tornado_16mib,sglb,7978,0,0,0,0,0,0
asymmetric_p2p_tornado_16mib,sglb,7980,0,0,0,0,0,0
asymmetric_p2p_tornado_16mib,sglb,7982,0,0,0,0,0,0
asymmetric_p2p_tornado_16mib,sglb,7984,0,0,0,0,0,0
asymmetric_p2p_tornado_16mib,sglb,7986,0,0,0,0,0,0
asymmetric_p2p_tornado_16mib,sglb,7988,0,0,0,0,0,0
asymmetric_p2p_tornado_16mib,sglb,7990,0,0,0,0,0,0
asymmetric_p2p_tornado_16mib,sglb,7992,0,0,0,0,0,0
asymmetric_p2p_tornado_16mib,sglb,7994,0,0,0,0,0,0
asymmetric_p2p_tornado_16mib,sglb,7996,0,0,0,0,0,0
asymmetric_p2p_tornado_16mib,sglb,7998,0,0,0,0,0,0
asymmetric_p2p_tornado_16mib,sglb,8000,0,0,0,0,0,0
asymmetric_p2p_tornado_16mib,sglb,8002,0,0,0,0,0,0
asymmetric_p2p_tornado_16mib,sglb,8004,0,0,0,0,0,0
asymmetric_p2p_tornado_16mib,sglb,8006,0,0,0,0,0,0
asymmetric_p2p_tornado_16mib,sglb,8008,0,0,0,0,0,0
asymmetric_p2p_tornado_16mib,sglb,8010,0,0,0,0,0,0
asymmetric_p2p_tornado_16mib,sglb,8012,0,0,0,0,0,0
asymmetric_p2p_tornado_16mib,sglb,8014,0,0,0,0,0,0
asymmetric_p2p_tornado_16mib,sglb,8016,0,0,0,0,0,0
asymmetric_p2p_tornado_16mib,sglb,8018,0,0,0,0,0,0
asymmetric_p2p_tornado_16mib,sglb,8020,0,0,0,0,0,0
asymmetric_p2p_tornado_16mib,sglb,8022,0,0,0,0,0,0
asymmetric_p2p_tornado_16mib,sglb,8024,0,0,0,0,0,0
asymmetric_p2p_tornado_16mib,sglb,8026,0,0,0,0,0,0
asymmetric_p2p_tornado_16mib,sglb,8028,0,0,0,0,0,0
asymmetric_p2p_tornado_16mib,sglb,8030,0,0,0,0,0,0
asymmetric_p2p_tornado_16mib,sglb,8032,0,0,0,0,0,0
asymmetric_p2p_tornado_16mib,sglb,8034,0,0,0,0,0,0
asymmetric_p2p_tornado_16mib,sglb,8036,0,0,0,0,0,0
asymmetric_p2p_tornado_16mib,sglb,8038,0,0,0,0,0,0
asymmetric_p2p_tornado_16mib,sglb,8040,0,0,0,0,0,0
asymmetric_p2p_tornado_16mib,sglb,8042,0,0,0,0,0,0
asymmetric_p2p_tornado_16mib,sglb,8044,0,0,0,0,0,0
asymmetric_p2p_tornado_16mib,sglb,8046,0,0,0,0,0,0
asymmetric_p2p_tornado_16mib,sglb,8048,0,0,0,0,0,0
asymmetric_p2p_tornado_16mib,sglb,8050,0,0,0,0,0,0
asymmetric_p2p_tornado_16mib,sglb,8052,0,0,0,0,0,0
asymmetric_p2p_tornado_16mib,sglb,8054,0,0,0,0,0,0
asymmetric_p2p_tornado_16mib,sglb,8056,0,0,0,0,0,0
asymmetric_p2p_tornado_16mib,sglb,8058,0,0,0,0,0,0
asymmetric_p2p_tornado_16mib,sglb,8060,0,0,0,0,0,0
asymmetric_p2p_tornado_16mib,sglb,8062,0,0,0,0,0,0
asymmetric_p2p_tornado_16mib,sglb,8064,0,0,0,0,0,0
asymmetric_p2p_tornado_16mib,sglb,8066,0,0,0,0,0,0
asymmetric_p2p_tornado_16mib,sglb,8068,0,0,0,0,0,0
asymmetric_p2p_tornado_16mib,sglb,8070,0,0,0,0,0,0
asymmetric_p2p_tornado_16mib,sglb,8072,0,0,0,0,0,0
asymmetric_p2p_tornado_16mib,sglb,8074,0,0,0,0,0,0
asymmetric_p2p_tornado_16mib,sglb,8076,0,0,0,0,0,0
asymmetric_p2p_tornado_16mib,sglb,8078,0,0,0,0,0,0
asymmetric_p2p_tornado_16mib,sglb,8080,0,0,0,0,0,0
asymmetric_p2p_tornado_16mib,sglb,8082,0,0,0,0,0,0
asymmetric_p2p_tornado_16mib,sglb,8084,0,0,0,0,0,0
asymmetric_p2p_tornado_16mib,sglb,8086,0,0,0,0,0,0
asymmetric_p2p_tornado_16mib,sglb,8088,0,0,0,0,0,0
asymmetric_p2p_tornado_16mib,sglb,8090,0,0,0,0,0,0
asymmetric_p2p_tornado_16mib,sglb,8092,0,0,0,0,0,0
asymmetric_p2p_tornado_16mib,sglb,8094,0,0,0,0,0,0
asymmetric_p2p_tornado_16mib,sglb,8096,0,0,0,0,0,0
asymmetric_p2p_tornado_16mib,sglb,8098,0,0,0,0,0,0
asymmetric_p2p_tornado_16mib,sglb,8100,0,0,0,0,0,0
asymmetric_p2p_tornado_16mib,sglb,8102,0,0,0,0,0,0
asymmetric_p2p_tornado_16mib,sglb,8104,0,0,0,0,0,0
asymmetric_p2p_tornado_16mib,sglb,8106,0,0,0,0,0,0
asymmetric_p2p_tornado_16mib,sglb,8108,0,0,0,0,0,0
asymmetric_p2p_tornado_16mib,sglb,8110,0,0,0,0,0,0
asymmetric_p2p_tornado_16mib,sglb,8112,0,0,0,0,0,0
asymmetric_p2p_tornado_16mib,sglb,8114,0,0,0,0,0,0
asymmetric_p2p_tornado_16mib,sglb,8116,0,0,0,0,0,0
asymmetric_p2p_tornado_16mib,sglb,8118,0,0,0,0,0,0
asymmetric_p2p_tornado_16mib,sglb,8120,0,0,0,0,0,0
asymmetric_p2p_tornado_16mib,sglb,8122,0,0,0,0,0,0
asymmetric_p2p_tornado_16mib,sglb,8124,0,0,0,0,0,0
asymmetric_p2p_tornado_16mib,sglb,8126,0,0,0,0,0,0
asymmetric_p2p_tornado_16mib,sglb,8128,0,0,0,0,0,0
asymmetric_p2p_tornado_16mib,sglb,8130,0,0,0,0,0,0
asymmetric_p2p_tornado_16mib,sglb,8132,0,0,0,0,0,0
asymmetric_p2p_tornado_16mib,sglb,8134,0,0,0,0,0,0
asymmetric_p2p_tornado_16mib,sglb,8136,0,0,0,0,0,0
asymmetric_p2p_tornado_16mib,sglb,8138,0,0,0,0,0,0
asymmetric_p2p_tornado_16mib,sglb,8140,0,0,0,0,0,0
asymmetric_p2p_tornado_16mib,sglb,8142,0,0,0,0,0,0
asymmetric_p2p_tornado_16mib,sglb,8144,0,0,0,0,0,0
asymmetric_p2p_tornado_16mib,sglb,8146,0,0,0,0,0,0
asymmetric_p2p_tornado_16mib,sglb,8148,0,0,0,0,0,0
asymmetric_p2p_tornado_16mib,sglb,8150,0,0,0,0,0,0
asymmetric_p2p_tornado_16mib,sglb,8152,0,0,0,0,0,0
asymmetric_p2p_tornado_16mib,sglb,8154,0,0,0,0,0,0
asymmetric_p2p_tornado_16mib,sglb,8156,0,0,0,0,0,0
asymmetric_p2p_tornado_16mib,sglb,8158,0,0,0,0,0,0
asymmetric_p2p_tornado_16mib,sglb,8160,0,0,0,0,0,0
asymmetric_p2p_tornado_16mib,sglb,8162,0,0,0,0,0,0
asymmetric_p2p_tornado_16mib,sglb,8164,0,0,0,0,0,0
asymmetric_p2p_tornado_16mib,sglb,8166,0,0,0,0,0,0
asymmetric_p2p_tornado_16mib,sglb,8168,0,0,0,0,0,0
asymmetric_p2p_tornado_16mib,sglb,8170,0,0,0,0,0,0
asymmetric_p2p_tornado_16mib,sglb,8172,0,0,0,0,0,0
asymmetric_p2p_tornado_16mib,sglb,8174,0,0,0,0,0,0
asymmetric_p2p_tornado_16mib,sglb,8176,0,0,0,0,0,0
asymmetric_p2p_tornado_16mib,sglb,8178,0,0,0,0,0,0
asymmetric_p2p_tornado_16mib,sglb,8180,0,0,0,0,0,0
asymmetric_p2p_tornado_16mib,sglb,8182,0,0,0,0,0,0
asymmetric_p2p_tornado_16mib,sglb,8184,0,0,0,0,0,0
asymmetric_p2p_tornado_16mib,sglb,8186,0,0,0,0,0,0
asymmetric_p2p_tornado_16mib,sglb,8188,0,0,0,0,0,0
asymmetric_p2p_tornado_16mib,sglb,8190,0,0,0,0,0,0
asymmetric_p2p_tornado_16mib,sglb,8192,0,0,0,0,0,0
asymmetric_p2p_tornado_16mib,sglb,8194,0,0,0,0,0,0
asymmetric_p2p_tornado_16mib,sglb,8196,0,0,0,0,0,0
asymmetric_p2p_tornado_16mib,sglb,8198,0,0,0,0,0,0
asymmetric_p2p_tornado_16mib,sglb,8200,0,0,0,0,0,0
asymmetric_p2p_tornado_16mib,sglb,8202,0,0,0,0,0,0
asymmetric_p2p_tornado_16mib,sglb,8204,0,0,0,0,0,0
asymmetric_p2p_tornado_16mib,sglb,8206,0,0,0,0,0,0
asymmetric_p2p_tornado_16mib,sglb,8208,0,0,0,0,0,0
asymmetric_p2p_tornado_16mib,sglb,8210,0,0,0,0,0,0
asymmetric_p2p_tornado_16mib,sglb,8212,0,0,0,0,0,0
asymmetric_p2p_tornado_16mib,sglb,8214,0,0,0,0,0,0
asymmetric_p2p_tornado_16mib,sglb,8216,0,0,0,0,0,0
asymmetric_p2p_tornado_16mib,sglb,8218,0,0,0,0,0,0
asymmetric_p2p_tornado_16mib,sglb,8220,0,0,0,0,0,0
asymmetric_p2p_tornado_16mib,sglb,8222,0,0,0,0,0,0
asymmetric_p2p_tornado_16mib,sglb,8224,0,0,0,0,0,0
asymmetric_p2p_tornado_16mib,sglb,8226,0,0,0,0,0,0
asymmetric_p2p_tornado_16mib,sglb,8228,0,0,0,0,0,0
asymmetric_p2p_tornado_16mib,sglb,8230,0,0,0,0,0,0
asymmetric_p2p_tornado_16mib,sglb,8232,0,0,0,0,0,0
asymmetric_p2p_tornado_16mib,sglb,8234,0,0,0,0,0,0
asymmetric_p2p_tornado_16mib,sglb,8236,0,0,0,0,0,0
asymmetric_p2p_tornado_16mib,sglb,8238,0,0,0,0,0,0
asymmetric_p2p_tornado_16mib,sglb,8240,0,0,0,0,0,0
asymmetric_p2p_tornado_16mib,sglb,8242,0,0,0,0,0,0
asymmetric_p2p_tornado_16mib,sglb,8244,0,0,0,0,0,0
asymmetric_p2p_tornado_16mib,sglb,8246,0,0,0,0,0,0
asymmetric_p2p_tornado_16mib,sglb,8248,0,0,0,0,0,0
asymmetric_p2p_tornado_16mib,sglb,8250,0,0,0,0,0,0
asymmetric_p2p_tornado_16mib,sglb,8252,0,0,0,0,0,0
asymmetric_p2p_tornado_16mib,sglb,8254,0,0,0,0,0,0
asymmetric_p2p_tornado_16mib,sglb,8256,0,0,0,0,0,0
asymmetric_p2p_tornado_16mib,sglb,8258,0,0,0,0,0,0
asymmetric_p2p_tornado_16mib,sglb,8260,0,0,0,0,0,0
asymmetric_p2p_tornado_16mib,sglb,8262,0,0,0,0,0,0
asymmetric_p2p_tornado_16mib,sglb,8264,0,0,0,0,0,0
asymmetric_p2p_tornado_16mib,sglb,8266,0,0,0,0,0,0
asymmetric_p2p_tornado_16mib,sglb,8268,0,0,0,0,0,0
asymmetric_p2p_tornado_16mib,sglb,8270,0,0,0,0,0,0
asymmetric_p2p_tornado_16mib,sglb,8272,0,0,0,0,0,0
asymmetric_p2p_tornado_16mib,sglb,8274,0,0,0,0,0,0
asymmetric_p2p_tornado_16mib,sglb,8276,0,0,0,0,0,0
asymmetric_p2p_tornado_16mib,sglb,8278,0,0,0,0,0,0
asymmetric_p2p_tornado_16mib,sglb,8280,0,0,0,0,0,0
asymmetric_p2p_tornado_16mib,sglb,8282,0,0,0,0,0,0
asymmetric_p2p_tornado_16mib,sglb,8284,0,0,0,0,0,0
asymmetric_p2p_tornado_16mib,sglb,8286,0,0,0,0,0,0
asymmetric_p2p_tornado_16mib,sglb,8288,0,0,0,0,0,0
asymmetric_p2p_tornado_16mib,sglb,8290,0,0,0,0,0,0
asymmetric_p2p_tornado_16mib,sglb,8292,0,0,0,0,0,0
asymmetric_p2p_tornado_16mib,sglb,8294,0,0,0,0,0,0
asymmetric_p2p_tornado_16mib,sglb,8296,0,0,0,0,0,0
asymmetric_p2p_tornado_16mib,sglb,8298,0,0,0,0,0,0
asymmetric_p2p_tornado_16mib,sglb,8300,0,0,0,0,0,0
asymmetric_p2p_tornado_16mib,sglb,8302,0,0,0,0,0,0
asymmetric_p2p_tornado_16mib,sglb,8304,0,0,0,0,0,0
asymmetric_p2p_tornado_16mib,sglb,8306,0,0,0,0,0,0
asymmetric_p2p_tornado_16mib,sglb,8308,0,0,0,0,0,0
asymmetric_p2p_tornado_16mib,sglb,8310,0,0,0,0,0,0
asymmetric_p2p_tornado_16mib,sglb,8312,0,0,0,0,0,0
asymmetric_p2p_tornado_16mib,sglb,8314,0,0,0,0,0,0
asymmetric_p2p_tornado_16mib,sglb,8316,0,0,0,0,0,0
asymmetric_p2p_tornado_16mib,sglb,8318,0,0,0,0,0,0
asymmetric_p2p_tornado_16mib,sglb,8320,0,0,0,0,0,0
asymmetric_p2p_tornado_16mib,sglb,8322,0,0,0,0,0,0
asymmetric_p2p_tornado_16mib,sglb,8324,0,0,0,0,0,0
asymmetric_p2p_tornado_16mib,sglb,8326,0,0,0,0,0,0
asymmetric_p2p_tornado_16mib,sglb,8328,0,0,0,0,0,0
asymmetric_p2p_tornado_16mib,sglb,8330,0,0,0,0,0,0
asymmetric_p2p_tornado_16mib,sglb,8332,0,0,0,0,0,0
asymmetric_p2p_tornado_16mib,sglb,8334,0,0,0,0,0,0
asymmetric_p2p_tornado_16mib,sglb,8336,0,0,0,0,0,0
asymmetric_p2p_tornado_16mib,sglb,8338,0,0,0,0,0,0
asymmetric_p2p_tornado_16mib,sglb,8340,0,0,0,0,0,0
asymmetric_p2p_tornado_16mib,sglb,8342,0,0,0,0,0,0
asymmetric_p2p_tornado_16mib,sglb,8344,0,0,0,0,0,0
asymmetric_p2p_tornado_16mib,sglb,8346,0,0,0,0,0,0
asymmetric_p2p_tornado_16mib,sglb,8348,0,0,0,0,0,0
asymmetric_p2p_tornado_16mib,sglb,8350,0,0,0,0,0,0
asymmetric_p2p_tornado_16mib,sglb,8352,0,0,0,0,0,0
asymmetric_p2p_tornado_16mib,sglb,8354,0,0,0,0,0,0
asymmetric_p2p_tornado_16mib,sglb,8356,0,0,0,0,0,0
asymmetric_p2p_tornado_16mib,sglb,8358,0,0,0,0,0,0
asymmetric_p2p_tornado_16mib,sglb,8360,0,0,0,0,0,0
asymmetric_p2p_tornado_16mib,sglb,8362,0,0,0,0,0,0
asymmetric_p2p_tornado_16mib,sglb,8364,0,0,0,0,0,0
asymmetric_p2p_tornado_16mib,sglb,8366,0,0,0,0,0,0
asymmetric_p2p_tornado_16mib,sglb,8368,0,0,0,0,0,0
asymmetric_p2p_tornado_16mib,sglb,8370,0,0,0,0,0,0
asymmetric_p2p_tornado_16mib,sglb,8372,0,0,0,0,0,0
asymmetric_p2p_tornado_16mib,sglb,8374,0,0,0,0,0,0
asymmetric_p2p_tornado_16mib,sglb,8376,0,0,0,0,0,0
asymmetric_p2p_tornado_16mib,sglb,8378,0,0,0,0,0,0
asymmetric_p2p_tornado_16mib,sglb,8380,0,0,0,0,0,0
asymmetric_p2p_tornado_16mib,sglb,8382,0,0,0,0,0,0
asymmetric_p2p_tornado_16mib,sglb,8384,0,0,0,0,0,0
asymmetric_p2p_tornado_16mib,sglb,8386,0,0,0,0,0,0
asymmetric_p2p_tornado_16mib,sglb,8388,0,0,0,0,0,0
asymmetric_p2p_tornado_16mib,sglb,8390,0,0,0,0,0,0
asymmetric_p2p_tornado_16mib,sglb,8392,0,0,0,0,0,0
asymmetric_p2p_tornado_16mib,sglb,8394,0,0,0,0,0,0
asymmetric_p2p_tornado_16mib,sglb,8396,0,0,0,0,0,0
asymmetric_p2p_tornado_16mib,sglb,8398,0,0,0,0,0,0
asymmetric_p2p_tornado_16mib,sglb,8400,0,0,0,0,0,0
asymmetric_p2p_tornado_16mib,sglb,8402,0,0,0,0,0,0
asymmetric_p2p_tornado_16mib,sglb,8404,0,0,0,0,0,0
asymmetric_p2p_tornado_16mib,sglb,8406,0,0,0,0,0,0
asymmetric_p2p_tornado_16mib,sglb,8408,0,0,0,0,0,0
asymmetric_p2p_tornado_16mib,sglb,8410,0,0,0,0,0,0
asymmetric_p2p_tornado_16mib,sglb,8412,0,0,0,0,0,0
asymmetric_p2p_tornado_16mib,sglb,8414,0,0,0,0,0,0
asymmetric_p2p_tornado_16mib,sglb,8416,0,0,0,0,0,0
asymmetric_p2p_tornado_16mib,sglb,8418,0,0,0,0,0,0
asymmetric_p2p_tornado_16mib,sglb,8420,0,0,0,0,0,0
asymmetric_p2p_tornado_16mib,sglb,8422,0,0,0,0,0,0
asymmetric_p2p_tornado_16mib,sglb,8424,0,0,0,0,0,0
asymmetric_p2p_tornado_16mib,sglb,8426,0,0,0,0,0,0
asymmetric_p2p_tornado_16mib,sglb,8428,0,0,0,0,0,0
asymmetric_p2p_tornado_16mib,sglb,8430,0,0,0,0,0,0
asymmetric_p2p_tornado_16mib,sglb,8432,0,0,0,0,0,0
asymmetric_p2p_tornado_16mib,sglb,8434,0,0,0,0,0,0
asymmetric_p2p_tornado_16mib,sglb,8436,0,0,0,0,0,0
asymmetric_p2p_tornado_16mib,sglb,8438,0,0,0,0,0,0
asymmetric_p2p_tornado_16mib,sglb,8440,0,0,0,0,0,0
asymmetric_p2p_tornado_16mib,sglb,8442,0,0,0,0,0,0
asymmetric_p2p_tornado_16mib,sglb,8444,0,0,0,0,0,0
asymmetric_p2p_tornado_16mib,sglb,8446,0,0,0,0,0,0
asymmetric_p2p_tornado_16mib,sglb,8448,0,0,0,0,0,0
asymmetric_p2p_tornado_16mib,sglb,8450,0,0,0,0,0,0
asymmetric_p2p_tornado_16mib,sglb,8452,0,0,0,0,0,0
asymmetric_p2p_tornado_16mib,sglb,8454,0,0,0,0,0,0
asymmetric_p2p_tornado_16mib,sglb,8456,0,0,0,0,0,0
asymmetric_p2p_tornado_16mib,sglb,8458,0,0,0,0,0,0
asymmetric_p2p_tornado_16mib,sglb,8460,0,0,0,0,0,0
asymmetric_p2p_tornado_16mib,sglb,8462,0,0,0,0,0,0
asymmetric_p2p_tornado_16mib,sglb,8464,0,0,0,0,0,0
asymmetric_p2p_tornado_16mib,sglb,8466,0,0,0,0,0,0
asymmetric_p2p_tornado_16mib,sglb,8468,0,0,0,0,0,0
asymmetric_p2p_tornado_16mib,sglb,8470,0,0,0,0,0,0
asymmetric_p2p_tornado_16mib,sglb,8472,0,0,0,0,0,0
asymmetric_p2p_tornado_16mib,sglb,8474,0,0,0,0,0,0
asymmetric_p2p_tornado_16mib,sglb,8476,0,0,0,0,0,0
asymmetric_p2p_tornado_16mib,sglb,8478,0,0,0,0,0,0
asymmetric_p2p_tornado_16mib,sglb,8480,0,0,0,0,0,0
asymmetric_p2p_tornado_16mib,sglb,8482,0,0,0,0,0,0
asymmetric_p2p_tornado_16mib,sglb,8484,0,0,0,0,0,0
asymmetric_p2p_tornado_16mib,sglb,8486,0,0,0,0,0,0
asymmetric_p2p_tornado_16mib,sglb,8488,0,0,0,0,0,0
asymmetric_p2p_tornado_16mib,sglb,8490,0,0,0,0,0,0
asymmetric_p2p_tornado_16mib,sglb,8492,0,0,0,0,0,0
asymmetric_p2p_tornado_16mib,sglb,8494,0,0,0,0,0,0
asymmetric_p2p_tornado_16mib,sglb,8496,0,0,0,0,0,0
asymmetric_p2p_tornado_16mib,sglb,8498,0,0,0,0,0,0
asymmetric_p2p_tornado_16mib,sglb,8500,0,0,0,0,0,0
asymmetric_p2p_tornado_16mib,sglb,8502,0,0,0,0,0,0
asymmetric_p2p_tornado_16mib,sglb,8504,0,0,0,0,0,0
asymmetric_p2p_tornado_16mib,sglb,8506,0,0,0,0,0,0
asymmetric_p2p_tornado_16mib,sglb,8508,0,0,0,0,0,0
asymmetric_p2p_tornado_16mib,sglb,8510,0,0,0,0,0,0
asymmetric_p2p_tornado_16mib,sglb,8512,0,0,0,0,0,0
asymmetric_p2p_tornado_16mib,sglb,8514,0,0,0,0,0,0
asymmetric_p2p_tornado_16mib,sglb,8516,0,0,0,0,0,0
asymmetric_p2p_tornado_16mib,sglb,8518,0,0,0,0,0,0
asymmetric_p2p_tornado_16mib,sglb,8520,0,0,0,0,0,0
asymmetric_p2p_tornado_16mib,sglb,8522,0,0,0,0,0,0
asymmetric_p2p_tornado_16mib,sglb,8524,0,0,0,0,0,0
asymmetric_p2p_tornado_16mib,sglb,8526,0,0,0,0,0,0
asymmetric_p2p_tornado_16mib,sglb,8528,0,0,0,0,0,0
asymmetric_p2p_tornado_16mib,sglb,8530,0,0,0,0,0,0
asymmetric_p2p_tornado_16mib,sglb,8532,0,0,0,0,0,0
asymmetric_p2p_tornado_16mib,sglb,8534,0,0,0,0,0,0
asymmetric_p2p_tornado_16mib,sglb,8536,0,0,0,0,0,0
asymmetric_p2p_tornado_16mib,sglb,8538,0,0,0,0,0,0
asymmetric_p2p_tornado_16mib,sglb,8540,0,0,0,0,0,0
asymmetric_p2p_tornado_16mib,sglb,8542,0,0,0,0,0,0
asymmetric_p2p_tornado_16mib,sglb,8544,0,0,0,0,0,0
asymmetric_p2p_tornado_16mib,sglb,8546,0,0,0,0,0,0
asymmetric_p2p_tornado_16mib,sglb,8548,0,0,0,0,0,0
asymmetric_p2p_tornado_16mib,sglb,8550,0,0,0,0,0,0
asymmetric_p2p_tornado_16mib,sglb,8552,0,0,0,0,0,0
asymmetric_p2p_tornado_16mib,sglb,8554,0,0,0,0,0,0
asymmetric_p2p_tornado_16mib,sglb,8556,0,0,0,0,0,0
asymmetric_p2p_tornado_16mib,sglb,8558,0,0,0,0,0,0
asymmetric_p2p_tornado_16mib,sglb,8560,0,0,0,0,0,0
asymmetric_p2p_tornado_16mib,sglb,8562,0,0,0,0,0,0
asymmetric_p2p_tornado_16mib,sglb,8564,0,0,0,0,0,0
asymmetric_p2p_tornado_16mib,sglb,8566,0,0,0,0,0,0
asymmetric_p2p_tornado_16mib,sglb,8568,0,0,0,0,0,0
asymmetric_p2p_tornado_16mib,sglb,8570,0,0,0,0,0,0
asymmetric_p2p_tornado_16mib,sglb,8572,0,0,0,0,0,0
asymmetric_p2p_tornado_16mib,sglb,8574,0,0,0,0,0,0
asymmetric_p2p_tornado_16mib,sglb,8576,0,0,0,0,0,0
asymmetric_p2p_tornado_16mib,sglb,8578,0,0,0,0,0,0
asymmetric_p2p_tornado_16mib,sglb,8580,0,0,0,0,0,0
asymmetric_p2p_tornado_16mib,sglb,8582,0,0,0,0,0,0
asymmetric_p2p_tornado_16mib,sglb,8584,0,0,0,0,0,0
asymmetric_p2p_tornado_16mib,sglb,8586,0,0,0,0,0,0
asymmetric_p2p_tornado_16mib,sglb,8588,0,0,0,0,0,0
asymmetric_p2p_tornado_16mib,sglb,8590,0,0,0,0,0,0
asymmetric_p2p_tornado_16mib,sglb,8592,0,0,0,0,0,0
asymmetric_p2p_tornado_16mib,sglb,8594,0,0,0,0,0,0
asymmetric_p2p_tornado_16mib,sglb,8596,0,0,0,0,0,0
asymmetric_p2p_tornado_16mib,sglb,8598,0,0,0,0,0,0
asymmetric_p2p_tornado_16mib,sglb,8600,0,0,0,0,0,0
asymmetric_p2p_tornado_16mib,sglb,8602,0,0,0,0,0,0
asymmetric_p2p_tornado_16mib,sglb,8604,0,0,0,0,0,0
asymmetric_p2p_tornado_16mib,sglb,8606,0,0,0,0,0,0
asymmetric_p2p_tornado_16mib,sglb,8608,0,0,0,0,0,0
asymmetric_p2p_tornado_16mib,sglb,8610,0,0,0,0,0,0
asymmetric_p2p_tornado_16mib,sglb,8612,0,0,0,0,0,0
asymmetric_p2p_tornado_16mib,sglb,8614,0,0,0,0,0,0
asymmetric_p2p_tornado_16mib,sglb,8616,0,0,0,0,0,0
asymmetric_p2p_tornado_16mib,sglb,8618,0,0,0,0,0,0
asymmetric_p2p_tornado_16mib,sglb,8620,0,0,0,0,0,0
asymmetric_p2p_tornado_16mib,sglb,8622,0,0,0,0,0,0
asymmetric_p2p_tornado_16mib,sglb,8624,0,0,0,0,0,0
asymmetric_p2p_tornado_16mib,sglb,8626,0,0,0,0,0,0
asymmetric_p2p_tornado_16mib,sglb,8628,0,0,0,0,0,0
asymmetric_p2p_tornado_16mib,sglb,8630,0,0,0,0,0,0
asymmetric_p2p_tornado_16mib,sglb,8632,0,0,0,0,0,0
asymmetric_p2p_tornado_16mib,sglb,8634,0,0,0,0,0,0
asymmetric_p2p_tornado_16mib,sglb,8636,0,0,0,0,0,0
asymmetric_p2p_tornado_16mib,sglb,8638,0,0,0,0,0,0
asymmetric_p2p_tornado_16mib,sglb,8640,0,0,0,0,0,0
asymmetric_p2p_tornado_16mib,sglb,8642,0,0,0,0,0,0
asymmetric_p2p_tornado_16mib,sglb,8644,0,0,0,0,0,0
asymmetric_p2p_tornado_16mib,sglb,8646,0,0,0,0,0,0
asymmetric_p2p_tornado_16mib,sglb,8648,0,0,0,0,0,0
asymmetric_p2p_tornado_16mib,sglb,8650,0,0,0,0,0,0
asymmetric_p2p_tornado_16mib,sglb,8652,0,0,0,0,0,0
asymmetric_p2p_tornado_16mib,sglb,8654,0,0,0,0,0,0
asymmetric_p2p_tornado_16mib,sglb,8656,0,0,0,0,0,0
asymmetric_p2p_tornado_16mib,sglb,8658,0,0,0,0,0,0
asymmetric_p2p_tornado_16mib,sglb,8660,0,0,0,0,0,0
asymmetric_p2p_tornado_16mib,sglb,8662,0,0,0,0,0,0
asymmetric_p2p_tornado_16mib,sglb,8664,0,0,0,0,0,0
asymmetric_p2p_tornado_16mib,sglb,8666,0,0,0,0,0,0
asymmetric_p2p_tornado_16mib,sglb,8668,0,0,0,0,0,0
asymmetric_p2p_tornado_16mib,sglb,8670,0,0,0,0,0,0
asymmetric_p2p_tornado_16mib,sglb,8672,0,0,0,0,0,0
asymmetric_p2p_tornado_16mib,sglb,8674,0,0,0,0,0,0
asymmetric_p2p_tornado_16mib,sglb,8676,0,0,0,0,0,0
asymmetric_p2p_tornado_16mib,sglb,8678,0,0,0,0,0,0
asymmetric_p2p_tornado_16mib,sglb,8680,0,0,0,0,0,0
asymmetric_p2p_tornado_16mib,sglb,8682,0,0,0,0,0,0
asymmetric_p2p_tornado_16mib,sglb,8684,0,0,0,0,0,0
asymmetric_p2p_tornado_16mib,sglb,8686,0,0,0,0,0,0
asymmetric_p2p_tornado_16mib,sglb,8688,0,0,0,0,0,0
asymmetric_p2p_tornado_16mib,sglb,8690,0,0,0,0,0,0
asymmetric_p2p_tornado_16mib,sglb,8692,0,0,0,0,0,0
asymmetric_p2p_tornado_16mib,sglb,8694,0,0,0,0,0,0
asymmetric_p2p_tornado_16mib,sglb,8696,0,0,0,0,0,0
asymmetric_p2p_tornado_16mib,sglb,8698,0,0,0,0,0,0
asymmetric_p2p_tornado_16mib,sglb,8700,0,0,0,0,0,0
asymmetric_p2p_tornado_16mib,sglb,8702,0,0,0,0,0,0
asymmetric_p2p_tornado_16mib,sglb,8704,0,0,0,0,0,0
asymmetric_p2p_tornado_16mib,sglb,8706,0,0,0,0,0,0
asymmetric_p2p_tornado_16mib,sglb,8708,0,0,0,0,0,0
asymmetric_p2p_tornado_16mib,sglb,8710,0,0,0,0,0,0
asymmetric_p2p_tornado_16mib,sglb,8712,0,0,0,0,0,0
asymmetric_p2p_tornado_16mib,sglb,8714,0,0,0,0,0,0
asymmetric_p2p_tornado_16mib,sglb,8716,0,0,0,0,0,0
asymmetric_p2p_tornado_16mib,sglb,8718,0,0,0,0,0,0
asymmetric_p2p_tornado_16mib,sglb,8720,0,0,0,0,0,0
asymmetric_p2p_tornado_16mib,sglb,8722,0,0,0,0,0,0
asymmetric_p2p_tornado_16mib,sglb,8724,0,0,0,0,0,0
asymmetric_p2p_tornado_16mib,sglb,8726,0,0,0,0,0,0
asymmetric_p2p_tornado_16mib,sglb,8728,0,0,0,0,0,0
asymmetric_p2p_tornado_16mib,sglb,8730,0,0,0,0,0,0
asymmetric_p2p_tornado_16mib,sglb,8732,0,0,0,0,0,0
asymmetric_p2p_tornado_16mib,sglb,8734,0,0,0,0,0,0
asymmetric_p2p_tornado_16mib,sglb,8736,0,0,0,0,0,0
asymmetric_p2p_tornado_16mib,sglb,8738,0,0,0,0,0,0
asymmetric_p2p_tornado_16mib,sglb,8740,0,0,0,0,0,0
asymmetric_p2p_tornado_16mib,sglb,8742,0,0,0,0,0,0
asymmetric_p2p_tornado_16mib,sglb,8744,0,0,0,0,0,0
asymmetric_p2p_tornado_16mib,sglb,8746,0,0,0,0,0,0
asymmetric_p2p_tornado_16mib,sglb,8748,0,0,0,0,0,0
asymmetric_p2p_tornado_16mib,sglb,8750,0,0,0,0,0,0
asymmetric_p2p_tornado_16mib,sglb,8752,0,0,0,0,0,0
asymmetric_p2p_tornado_16mib,sglb,8754,0,0,0,0,0,0
asymmetric_p2p_tornado_16mib,sglb,8756,0,0,0,0,0,0
asymmetric_p2p_tornado_16mib,sglb,8758,0,0,0,0,0,0
asymmetric_p2p_tornado_16mib,sglb,8760,0,0,0,0,0,0
asymmetric_p2p_tornado_16mib,sglb,8762,0,0,0,0,0,0
asymmetric_p2p_tornado_16mib,sglb,8764,0,0,0,0,0,0
asymmetric_p2p_tornado_16mib,sglb,8766,0,0,0,0,0,0
asymmetric_p2p_tornado_16mib,sglb,8768,0,0,0,0,0,0
asymmetric_p2p_tornado_16mib,sglb,8770,0,0,0,0,0,0
asymmetric_p2p_tornado_16mib,sglb,8772,0,0,0,0,0,0
asymmetric_p2p_tornado_16mib,sglb,8774,0,0,0,0,0,0
asymmetric_p2p_tornado_16mib,sglb,8776,0,0,0,0,0,0
asymmetric_p2p_tornado_16mib,sglb,8778,0,0,0,0,0,0
asymmetric_p2p_tornado_16mib,sglb,8780,0,0,0,0,0,0
asymmetric_p2p_tornado_16mib,sglb,8782,0,0,0,0,0,0
asymmetric_p2p_tornado_16mib,sglb,8784,0,0,0,0,0,0
asymmetric_p2p_tornado_16mib,sglb,8786,0,0,0,0,0,0
asymmetric_p2p_tornado_16mib,sglb,8788,0,0,0,0,0,0
asymmetric_p2p_tornado_16mib,sglb,8790,0,0,0,0,0,0
asymmetric_p2p_tornado_16mib,sglb,8792,0,0,0,0,0,0
asymmetric_p2p_tornado_16mib,sglb,8794,0,0,0,0,0,0
asymmetric_p2p_tornado_16mib,sglb,8796,0,0,0,0,0,0
asymmetric_p2p_tornado_16mib,sglb,8798,0,0,0,0,0,0
asymmetric_p2p_tornado_16mib,sglb,8800,0,0,0,0,0,0
asymmetric_p2p_tornado_16mib,sglb,8802,0,0,0,0,0,0
asymmetric_p2p_tornado_16mib,sglb,8804,0,0,0,0,0,0
asymmetric_p2p_tornado_16mib,sglb,8806,0,0,0,0,0,0
asymmetric_p2p_tornado_16mib,sglb,8808,0,0,0,0,0,0
asymmetric_p2p_tornado_16mib,sglb,8810,0,0,0,0,0,0
asymmetric_p2p_tornado_16mib,sglb,8812,0,0,0,0,0,0
asymmetric_p2p_tornado_16mib,sglb,8814,0,0,0,0,0,0
asymmetric_p2p_tornado_16mib,sglb,8816,0,0,0,0,0,0
asymmetric_p2p_tornado_16mib,sglb,8818,0,0,0,0,0,0
asymmetric_p2p_tornado_16mib,sglb,8820,0,0,0,0,0,0
asymmetric_p2p_tornado_16mib,sglb,8822,0,0,0,0,0,0
asymmetric_p2p_tornado_16mib,sglb,8824,0,0,0,0,0,0
asymmetric_p2p_tornado_16mib,sglb,8826,0,0,0,0,0,0
asymmetric_p2p_tornado_16mib,sglb,8828,0,0,0,0,0,0
asymmetric_p2p_tornado_16mib,sglb,8830,0,0,0,0,0,0
asymmetric_p2p_tornado_16mib,sglb,8832,0,0,0,0,0,0
asymmetric_p2p_tornado_16mib,sglb,8834,0,0,0,0,0,0
asymmetric_p2p_tornado_16mib,sglb,8836,0,0,0,0,0,0
asymmetric_p2p_tornado_16mib,sglb,8838,0,0,0,0,0,0
asymmetric_p2p_tornado_16mib,sglb,8840,0,0,0,0,0,0
asymmetric_p2p_tornado_16mib,sglb,8842,0,0,0,0,0,0
asymmetric_p2p_tornado_16mib,sglb,8844,0,0,0,0,0,0
asymmetric_p2p_tornado_16mib,sglb,8846,0,0,0,0,0,0
asymmetric_p2p_tornado_16mib,sglb,8848,0,0,0,0,0,0
asymmetric_p2p_tornado_16mib,sglb,8850,0,0,0,0,0,0
asymmetric_p2p_tornado_16mib,sglb,8852,0,0,0,0,0,0
asymmetric_p2p_tornado_16mib,sglb,8854,0,0,0,0,0,0
asymmetric_p2p_tornado_16mib,sglb,8856,0,0,0,0,0,0
asymmetric_p2p_tornado_16mib,sglb,8858,0,0,0,0,0,0
asymmetric_p2p_tornado_16mib,sglb,8860,0,0,0,0,0,0
asymmetric_p2p_tornado_16mib,sglb,8862,0,0,0,0,0,0
asymmetric_p2p_tornado_16mib,sglb,8864,0,0,0,0,0,0
asymmetric_p2p_tornado_16mib,sglb,8866,0,0,0,0,0,0
asymmetric_p2p_tornado_16mib,sglb,8868,0,0,0,0,0,0
asymmetric_p2p_tornado_16mib,sglb,8870,0,0,0,0,0,0
asymmetric_p2p_tornado_16mib,sglb,8872,0,0,0,0,0,0
asymmetric_p2p_tornado_16mib,sglb,8874,0,0,0,0,0,0
asymmetric_p2p_tornado_16mib,sglb,8876,0,0,0,0,0,0
asymmetric_p2p_tornado_16mib,sglb,8878,0,0,0,0,0,0
asymmetric_p2p_tornado_16mib,sglb,8880,0,0,0,0,0,0
asymmetric_p2p_tornado_16mib,sglb,8882,0,0,0,0,0,0
asymmetric_p2p_tornado_16mib,sglb,8884,0,0,0,0,0,0
asymmetric_p2p_tornado_16mib,sglb,8886,0,0,0,0,0,0
asymmetric_p2p_tornado_16mib,sglb,8888,0,0,0,0,0,0
asymmetric_p2p_tornado_16mib,sglb,8890,0,0,0,0,0,0
asymmetric_p2p_tornado_16mib,sglb,8892,0,0,0,0,0,0
asymmetric_p2p_tornado_16mib,sglb,8894,0,0,0,0,0,0
asymmetric_p2p_tornado_16mib,sglb,8896,0,0,0,0,0,0
asymmetric_p2p_tornado_16mib,sglb,8898,0,0,0,0,0,0
asymmetric_p2p_tornado_16mib,sglb,8900,0,0,0,0,0,0
asymmetric_p2p_tornado_16mib,sglb,8902,0,0,0,0,0,0
asymmetric_p2p_tornado_16mib,sglb,8904,0,0,0,0,0,0
asymmetric_p2p_tornado_16mib,sglb,8906,0,0,0,0,0,0
asymmetric_p2p_tornado_16mib,sglb,8908,0,0,0,0,0,0
asymmetric_p2p_tornado_16mib,sglb,8910,0,0,0,0,0,0
asymmetric_p2p_tornado_16mib,sglb,8912,0,0,0,0,0,0
asymmetric_p2p_tornado_16mib,sglb,8914,0,0,0,0,0,0
asymmetric_p2p_tornado_16mib,sglb,8916,0,0,0,0,0,0
asymmetric_p2p_tornado_16mib,sglb,8918,0,0,0,0,0,0
asymmetric_p2p_tornado_16mib,sglb,8920,0,0,0,0,0,0
asymmetric_p2p_tornado_16mib,sglb,8922,0,0,0,0,0,0
asymmetric_p2p_tornado_16mib,sglb,8924,0,0,0,0,0,0
asymmetric_p2p_tornado_16mib,sglb,8926,0,0,0,0,0,0
asymmetric_p2p_tornado_16mib,sglb,8928,0,0,0,0,0,0
asymmetric_p2p_tornado_16mib,sglb,8930,0,0,0,0,0,0
asymmetric_p2p_tornado_16mib,sglb,8932,0,0,0,0,0,0
asymmetric_p2p_tornado_16mib,sglb,8934,0,0,0,0,0,0
asymmetric_p2p_tornado_16mib,sglb,8936,0,0,0,0,0,0
asymmetric_p2p_tornado_16mib,sglb,8938,0,0,0,0,0,0
asymmetric_p2p_tornado_16mib,sglb,8940,0,0,0,0,0,0
asymmetric_p2p_tornado_16mib,sglb,8942,0,0,0,0,0,0
asymmetric_p2p_tornado_16mib,sglb,8944,0,0,0,0,0,0
asymmetric_p2p_tornado_16mib,sglb,8946,0,0,0,0,0,0
asymmetric_p2p_tornado_16mib,sglb,8948,0,0,0,0,0,0
asymmetric_p2p_tornado_16mib,sglb,8950,0,0,0,0,0,0
asymmetric_p2p_tornado_16mib,sglb,8952,0,0,0,0,0,0
asymmetric_p2p_tornado_16mib,sglb,8954,0,0,0,0,0,0
asymmetric_p2p_tornado_16mib,sglb,8956,0,0,0,0,0,0
asymmetric_p2p_tornado_16mib,sglb,8958,0,0,0,0,0,0
asymmetric_p2p_tornado_16mib,sglb,8960,0,0,0,0,0,0
asymmetric_p2p_tornado_16mib,sglb,8962,0,0,0,0,0,0
asymmetric_p2p_tornado_16mib,sglb,8964,0,0,0,0,0,0
asymmetric_p2p_tornado_16mib,sglb,8966,0,0,0,0,0,0
asymmetric_p2p_tornado_16mib,sglb,8968,0,0,0,0,0,0
asymmetric_p2p_tornado_16mib,sglb,8970,0,0,0,0,0,0
asymmetric_p2p_tornado_16mib,sglb,8972,0,0,0,0,0,0
asymmetric_p2p_tornado_16mib,sglb,8974,0,0,0,0,0,0
asymmetric_p2p_tornado_16mib,sglb,8976,0,0,0,0,0,0
asymmetric_p2p_tornado_16mib,sglb,8978,0,0,0,0,0,0
asymmetric_p2p_tornado_16mib,sglb,8980,0,0,0,0,0,0
asymmetric_p2p_tornado_16mib,sglb,8982,0,0,0,0,0,0
asymmetric_p2p_tornado_16mib,sglb,8984,0,0,0,0,0,0
asymmetric_p2p_tornado_16mib,sglb,8986,0,0,0,0,0,0
asymmetric_p2p_tornado_16mib,sglb,8988,0,0,0,0,0,0
asymmetric_p2p_tornado_16mib,sglb,8990,0,0,0,0,0,0
asymmetric_p2p_tornado_16mib,sglb,8992,0,0,0,0,0,0
asymmetric_p2p_tornado_16mib,sglb,8994,0,0,0,0,0,0
asymmetric_p2p_tornado_16mib,sglb,8996,0,0,0,0,0,0
asymmetric_p2p_tornado_16mib,sglb,8998,0,0,0,0,0,0
asymmetric_p2p_tornado_16mib,sglb,9000,0,0,0,0,0,0
asymmetric_p2p_tornado_16mib,sglb,9002,0,0,0,0,0,0
asymmetric_p2p_tornado_16mib,sglb,9004,0,0,0,0,0,0
asymmetric_p2p_tornado_16mib,sglb,9006,0,0,0,0,0,0
asymmetric_p2p_tornado_16mib,sglb,9008,0,0,0,0,0,0
asymmetric_p2p_tornado_16mib,sglb,9010,0,0,0,0,0,0
asymmetric_p2p_tornado_16mib,sglb,9012,0,0,0,0,0,0
asymmetric_p2p_tornado_16mib,sglb,9014,0,0,0,0,0,0
asymmetric_p2p_tornado_16mib,sglb,9016,0,0,0,0,0,0
asymmetric_p2p_tornado_16mib,sglb,9018,0,0,0,0,0,0
asymmetric_p2p_tornado_16mib,sglb,9020,0,0,0,0,0,0
asymmetric_p2p_tornado_16mib,sglb,9022,0,0,0,0,0,0
asymmetric_p2p_tornado_16mib,sglb,9024,0,0,0,0,0,0
asymmetric_p2p_tornado_16mib,sglb,9026,0,0,0,0,0,0
asymmetric_p2p_tornado_16mib,sglb,9028,0,0,0,0,0,0
asymmetric_p2p_tornado_16mib,sglb,9030,0,0,0,0,0,0
asymmetric_p2p_tornado_16mib,sglb,9032,0,0,0,0,0,0
asymmetric_p2p_tornado_16mib,sglb,9034,0,0,0,0,0,0
asymmetric_p2p_tornado_16mib,sglb,9036,0,0,0,0,0,0
asymmetric_p2p_tornado_16mib,sglb,9038,0,0,0,0,0,0
asymmetric_p2p_tornado_16mib,sglb,9040,0,0,0,0,0,0
asymmetric_p2p_tornado_16mib,sglb,9042,0,0,0,0,0,0
asymmetric_p2p_tornado_16mib,sglb,9044,0,0,0,0,0,0
asymmetric_p2p_tornado_16mib,sglb,9046,0,0,0,0,0,0
asymmetric_p2p_tornado_16mib,sglb,9048,0,0,0,0,0,0
asymmetric_p2p_tornado_16mib,sglb,9050,0,0,0,0,0,0
asymmetric_p2p_tornado_16mib,sglb,9052,0,0,0,0,0,0
asymmetric_p2p_tornado_16mib,sglb,9054,0,0,0,0,0,0
asymmetric_p2p_tornado_16mib,sglb,9056,0,0,0,0,0,0
asymmetric_p2p_tornado_16mib,sglb,9058,0,0,0,0,0,0
asymmetric_p2p_tornado_16mib,sglb,9060,0,0,0,0,0,0
asymmetric_p2p_tornado_16mib,sglb,9062,0,0,0,0,0,0
asymmetric_p2p_tornado_16mib,sglb,9064,0,0,0,0,0,0
asymmetric_p2p_tornado_16mib,sglb,9066,0,0,0,0,0,0
asymmetric_p2p_tornado_16mib,sglb,9068,0,0,0,0,0,0
asymmetric_p2p_tornado_16mib,sglb,9070,0,0,0,0,0,0
asymmetric_p2p_tornado_16mib,sglb,9072,0,0,0,0,0,0
asymmetric_p2p_tornado_16mib,sglb,9074,0,0,0,0,0,0
asymmetric_p2p_tornado_16mib,sglb,9076,0,0,0,0,0,0
asymmetric_p2p_tornado_16mib,sglb,9078,0,0,0,0,0,0
asymmetric_p2p_tornado_16mib,sglb,9080,0,0,0,0,0,0
asymmetric_p2p_tornado_16mib,sglb,9082,0,0,0,0,0,0
asymmetric_p2p_tornado_16mib,sglb,9084,0,0,0,0,0,0
asymmetric_p2p_tornado_16mib,sglb,9086,0,0,0,0,0,0
asymmetric_p2p_tornado_16mib,sglb,9088,0,0,0,0,0,0
asymmetric_p2p_tornado_16mib,sglb,9090,0,0,0,0,0,0
asymmetric_p2p_tornado_16mib,sglb,9092,0,0,0,0,0,0
asymmetric_p2p_tornado_16mib,sglb,9094,0,0,0,0,0,0
asymmetric_p2p_tornado_16mib,sglb,9096,0,0,0,0,0,0
asymmetric_p2p_tornado_16mib,sglb,9098,0,0,0,0,0,0
asymmetric_p2p_tornado_16mib,sglb,9100,0,0,0,0,0,0
asymmetric_p2p_tornado_16mib,sglb,9102,0,0,0,0,0,0
asymmetric_p2p_tornado_16mib,sglb,9104,0,0,0,0,0,0
asymmetric_p2p_tornado_16mib,sglb,9106,0,0,0,0,0,0
asymmetric_p2p_tornado_16mib,sglb,9108,0,0,0,0,0,0
asymmetric_p2p_tornado_16mib,sglb,9110,0,0,0,0,0,0
asymmetric_p2p_tornado_16mib,sglb,9112,0,0,0,0,0,0
asymmetric_p2p_tornado_16mib,sglb,9114,0,0,0,0,0,0
asymmetric_p2p_tornado_16mib,sglb,9116,0,0,0,0,0,0
asymmetric_p2p_tornado_16mib,sglb,9118,0,0,0,0,0,0
asymmetric_p2p_tornado_16mib,sglb,9120,0,0,0,0,0,0
asymmetric_p2p_tornado_16mib,sglb,9122,0,0,0,0,0,0
asymmetric_p2p_tornado_16mib,sglb,9124,0,0,0,0,0,0
asymmetric_p2p_tornado_16mib,sglb,9126,0,0,0,0,0,0
asymmetric_p2p_tornado_16mib,sglb,9128,0,0,0,0,0,0
asymmetric_p2p_tornado_16mib,sglb,9130,0,0,0,0,0,0
asymmetric_p2p_tornado_16mib,sglb,9132,0,0,0,0,0,0
asymmetric_p2p_tornado_16mib,sglb,9134,0,0,0,0,0,0
asymmetric_p2p_tornado_16mib,sglb,9136,0,0,0,0,0,0
asymmetric_p2p_tornado_16mib,sglb,9138,0,0,0,0,0,0
asymmetric_p2p_tornado_16mib,sglb,9140,0,0,0,0,0,0
asymmetric_p2p_tornado_16mib,sglb,9142,0,0,0,0,0,0
asymmetric_p2p_tornado_16mib,sglb,9144,0,0,0,0,0,0
asymmetric_p2p_tornado_16mib,sglb,9146,0,0,0,0,0,0
asymmetric_p2p_tornado_16mib,sglb,9148,0,0,0,0,0,0
asymmetric_p2p_tornado_16mib,sglb,9150,0,0,0,0,0,0
asymmetric_p2p_tornado_16mib,sglb,9152,0,0,0,0,0,0
asymmetric_p2p_tornado_16mib,sglb,9154,0,0,0,0,0,0
asymmetric_p2p_tornado_16mib,sglb,9156,0,0,0,0,0,0
asymmetric_p2p_tornado_16mib,sglb,9158,0,0,0,0,0,0
asymmetric_p2p_tornado_16mib,sglb,9160,0,0,0,0,0,0
asymmetric_p2p_tornado_16mib,sglb,9162,0,0,0,0,0,0
asymmetric_p2p_tornado_16mib,sglb,9164,0,0,0,0,0,0
asymmetric_p2p_tornado_16mib,sglb,9166,0,0,0,0,0,0
asymmetric_p2p_tornado_16mib,sglb,9168,0,0,0,0,0,0
asymmetric_p2p_tornado_16mib,sglb,9170,0,0,0,0,0,0
asymmetric_p2p_tornado_16mib,sglb,9172,0,0,0,0,0,0
asymmetric_p2p_tornado_16mib,sglb,9174,0,0,0,0,0,0
asymmetric_p2p_tornado_16mib,sglb,9176,0,0,0,0,0,0
asymmetric_p2p_tornado_16mib,sglb,9178,0,0,0,0,0,0
asymmetric_p2p_tornado_16mib,sglb,9180,0,0,0,0,0,0
asymmetric_p2p_tornado_16mib,sglb,9182,0,0,0,0,0,0
asymmetric_p2p_tornado_16mib,sglb,9184,0,0,0,0,0,0
asymmetric_p2p_tornado_16mib,sglb,9186,0,0,0,0,0,0
asymmetric_p2p_tornado_16mib,sglb,9188,0,0,0,0,0,0
asymmetric_p2p_tornado_16mib,sglb,9190,0,0,0,0,0,0
asymmetric_p2p_tornado_16mib,sglb,9192,0,0,0,0,0,0
asymmetric_p2p_tornado_16mib,sglb,9194,0,0,0,0,0,0
asymmetric_p2p_tornado_16mib,sglb,9196,0,0,0,0,0,0
asymmetric_p2p_tornado_16mib,sglb,9198,0,0,0,0,0,0
asymmetric_p2p_tornado_16mib,sglb,9200,0,0,0,0,0,0
asymmetric_p2p_tornado_16mib,sglb,9202,0,0,0,0,0,0
asymmetric_p2p_tornado_16mib,sglb,9204,0,0,0,0,0,0
asymmetric_p2p_tornado_16mib,sglb,9206,0,0,0,0,0,0
asymmetric_p2p_tornado_16mib,sglb,9208,0,0,0,0,0,0
asymmetric_p2p_tornado_16mib,sglb,9210,0,0,0,0,0,0
asymmetric_p2p_tornado_16mib,sglb,9212,0,0,0,0,0,0
asymmetric_p2p_tornado_16mib,sglb,9214,0,0,0,0,0,0
asymmetric_p2p_tornado_16mib,sglb,9216,0,0,0,0,0,0
asymmetric_p2p_tornado_16mib,sglb,9218,0,0,0,0,0,0
asymmetric_p2p_tornado_16mib,sglb,9220,0,0,0,0,0,0
asymmetric_p2p_tornado_16mib,sglb,9222,0,0,0,0,0,0
asymmetric_p2p_tornado_16mib,sglb,9224,0,0,0,0,0,0
asymmetric_p2p_tornado_16mib,sglb,9226,0,0,0,0,0,0
asymmetric_p2p_tornado_16mib,sglb,9228,0,0,0,0,0,0
asymmetric_p2p_tornado_16mib,sglb,9230,0,0,0,0,0,0
asymmetric_p2p_tornado_16mib,sglb,9232,0,0,0,0,0,0
asymmetric_p2p_tornado_16mib,sglb,9234,0,0,0,0,0,0
asymmetric_p2p_tornado_16mib,sglb,9236,0,0,0,0,0,0
asymmetric_p2p_tornado_16mib,sglb,9238,0,0,0,0,0,0
asymmetric_p2p_tornado_16mib,sglb,9240,0,0,0,0,0,0
asymmetric_p2p_tornado_16mib,sglb,9242,0,0,0,0,0,0
asymmetric_p2p_tornado_16mib,sglb,9244,0,0,0,0,0,0
asymmetric_p2p_tornado_16mib,sglb,9246,0,0,0,0,0,0
asymmetric_p2p_tornado_16mib,sglb,9248,0,0,0,0,0,0
asymmetric_p2p_tornado_16mib,sglb,9250,0,0,0,0,0,0
asymmetric_p2p_tornado_16mib,sglb,9252,0,0,0,0,0,0
asymmetric_p2p_tornado_16mib,sglb,9254,0,0,0,0,0,0
asymmetric_p2p_tornado_16mib,sglb,9256,0,0,0,0,0,0
asymmetric_p2p_tornado_16mib,sglb,9258,0,0,0,0,0,0
asymmetric_p2p_tornado_16mib,sglb,9260,0,0,0,0,0,0
asymmetric_p2p_tornado_16mib,sglb,9262,0,0,0,0,0,0
asymmetric_p2p_tornado_16mib,sglb,9264,0,0,0,0,0,0
asymmetric_p2p_tornado_16mib,sglb,9266,0,0,0,0,0,0
asymmetric_p2p_tornado_16mib,sglb,9268,0,0,0,0,0,0
asymmetric_p2p_tornado_16mib,sglb,9270,0,0,0,0,0,0
asymmetric_p2p_tornado_16mib,sglb,9272,0,0,0,0,0,0
asymmetric_p2p_tornado_16mib,sglb,9274,0,0,0,0,0,0
asymmetric_p2p_tornado_16mib,sglb,9276,0,0,0,0,0,0
asymmetric_p2p_tornado_16mib,sglb,9278,0,0,0,0,0,0
asymmetric_p2p_tornado_16mib,sglb,9280,0,0,0,0,0,0
asymmetric_p2p_tornado_16mib,sglb,9282,0,0,0,0,0,0
asymmetric_p2p_tornado_16mib,sglb,9284,0,0,0,0,0,0
asymmetric_p2p_tornado_16mib,sglb,9286,0,0,0,0,0,0
asymmetric_p2p_tornado_16mib,sglb,9288,0,0,0,0,0,0
asymmetric_p2p_tornado_16mib,sglb,9290,0,0,0,0,0,0
asymmetric_p2p_tornado_16mib,sglb,9292,0,0,0,0,0,0
asymmetric_p2p_tornado_16mib,sglb,9294,0,0,0,0,0,0
asymmetric_p2p_tornado_16mib,sglb,9296,0,0,0,0,0,0
asymmetric_p2p_tornado_16mib,sglb,9298,0,0,0,0,0,0
asymmetric_p2p_tornado_16mib,sglb,9300,0,0,0,0,0,0
asymmetric_p2p_tornado_16mib,sglb,9302,0,0,0,0,0,0
asymmetric_p2p_tornado_16mib,sglb,9304,0,0,0,0,0,0
asymmetric_p2p_tornado_16mib,sglb,9306,0,0,0,0,0,0
asymmetric_p2p_tornado_16mib,sglb,9308,0,0,0,0,0,0
asymmetric_p2p_tornado_16mib,sglb,9310,0,0,0,0,0,0
asymmetric_p2p_tornado_16mib,sglb,9312,0,0,0,0,0,0
asymmetric_p2p_tornado_16mib,sglb,9314,0,0,0,0,0,0
asymmetric_p2p_tornado_16mib,sglb,9316,0,0,0,0,0,0
asymmetric_p2p_tornado_16mib,sglb,9318,0,0,0,0,0,0
asymmetric_p2p_tornado_16mib,sglb,9320,0,0,0,0,0,0
asymmetric_p2p_tornado_16mib,sglb,9322,0,0,0,0,0,0
asymmetric_p2p_tornado_16mib,sglb,9324,0,0,0,0,0,0
asymmetric_p2p_tornado_16mib,sglb,9326,0,0,0,0,0,0
asymmetric_p2p_tornado_16mib,sglb,9328,0,0,0,0,0,0
asymmetric_p2p_tornado_16mib,sglb,9330,0,0,0,0,0,0
asymmetric_p2p_tornado_16mib,sglb,9332,0,0,0,0,0,0
asymmetric_p2p_tornado_16mib,sglb,9334,0,0,0,0,0,0
asymmetric_p2p_tornado_16mib,sglb,9336,0,0,0,0,0,0
asymmetric_p2p_tornado_16mib,sglb,9338,0,0,0,0,0,0
asymmetric_p2p_tornado_16mib,sglb,9340,0,0,0,0,0,0
asymmetric_p2p_tornado_16mib,sglb,9342,0,0,0,0,0,0
asymmetric_p2p_tornado_16mib,sglb,9344,0,0,0,0,0,0
asymmetric_p2p_tornado_16mib,sglb,9346,0,0,0,0,0,0
asymmetric_p2p_tornado_16mib,sglb,9348,0,0,0,0,0,0
asymmetric_p2p_tornado_16mib,sglb,9350,0,0,0,0,0,0
asymmetric_p2p_tornado_16mib,sglb,9352,0,0,0,0,0,0
asymmetric_p2p_tornado_16mib,sglb,9354,0,0,0,0,0,0
asymmetric_p2p_tornado_16mib,sglb,9356,0,0,0,0,0,0
asymmetric_p2p_tornado_16mib,sglb,9358,0,0,0,0,0,0
asymmetric_p2p_tornado_16mib,sglb,9360,0,0,0,0,0,0
asymmetric_p2p_tornado_16mib,sglb,9362,0,0,0,0,0,0
asymmetric_p2p_tornado_16mib,sglb,9364,0,0,0,0,0,0
asymmetric_p2p_tornado_16mib,sglb,9366,0,0,0,0,0,0
asymmetric_p2p_tornado_16mib,sglb,9368,0,0,0,0,0,0
asymmetric_p2p_tornado_16mib,sglb,9370,0,0,0,0,0,0
asymmetric_p2p_tornado_16mib,sglb,9372,0,0,0,0,0,0
asymmetric_p2p_tornado_16mib,sglb,9374,0,0,0,0,0,0
asymmetric_p2p_tornado_16mib,sglb,9376,0,0,0,0,0,0
asymmetric_p2p_tornado_16mib,sglb,9378,0,0,0,0,0,0
asymmetric_p2p_tornado_16mib,sglb,9380,0,0,0,0,0,0
asymmetric_p2p_tornado_16mib,sglb,9382,0,0,0,0,0,0
asymmetric_p2p_tornado_16mib,sglb,9384,0,0,0,0,0,0
asymmetric_p2p_tornado_16mib,sglb,9386,0,0,0,0,0,0
asymmetric_p2p_tornado_16mib,sglb,9388,0,0,0,0,0,0
asymmetric_p2p_tornado_16mib,sglb,9390,0,0,0,0,0,0
asymmetric_p2p_tornado_16mib,sglb,9392,0,0,0,0,0,0
asymmetric_p2p_tornado_16mib,sglb,9394,0,0,0,0,0,0
asymmetric_p2p_tornado_16mib,sglb,9396,0,0,0,0,0,0
asymmetric_p2p_tornado_16mib,sglb,9398,0,0,0,0,0,0
asymmetric_p2p_tornado_16mib,sglb,9400,0,0,0,0,0,0
asymmetric_p2p_tornado_16mib,sglb,9402,0,0,0,0,0,0
asymmetric_p2p_tornado_16mib,sglb,9404,0,0,0,0,0,0
asymmetric_p2p_tornado_16mib,sglb,9406,0,0,0,0,0,0
asymmetric_p2p_tornado_16mib,sglb,9408,0,0,0,0,0,0
asymmetric_p2p_tornado_16mib,sglb,9410,0,0,0,0,0,0
asymmetric_p2p_tornado_16mib,sglb,9412,0,0,0,0,0,0
asymmetric_p2p_tornado_16mib,sglb,9414,0,0,0,0,0,0
asymmetric_p2p_tornado_16mib,sglb,9416,0,0,0,0,0,0
asymmetric_p2p_tornado_16mib,sglb,9418,0,0,0,0,0,0
asymmetric_p2p_tornado_16mib,sglb,9420,0,0,0,0,0,0
asymmetric_p2p_tornado_16mib,sglb,9422,0,0,0,0,0,0
asymmetric_p2p_tornado_16mib,sglb,9424,0,0,0,0,0,0
asymmetric_p2p_tornado_16mib,sglb,9426,0,0,0,0,0,0
asymmetric_p2p_tornado_16mib,sglb,9428,0,0,0,0,0,0
asymmetric_p2p_tornado_16mib,sglb,9430,0,0,0,0,0,0
asymmetric_p2p_tornado_16mib,sglb,9432,0,0,0,0,0,0
asymmetric_p2p_tornado_16mib,sglb,9434,0,0,0,0,0,0
asymmetric_p2p_tornado_16mib,sglb,9436,0,0,0,0,0,0
asymmetric_p2p_tornado_16mib,sglb,9438,0,0,0,0,0,0
asymmetric_p2p_tornado_16mib,sglb,9440,0,0,0,0,0,0
asymmetric_p2p_tornado_16mib,sglb,9442,0,0,0,0,0,0
asymmetric_p2p_tornado_16mib,sglb,9444,0,0,0,0,0,0
asymmetric_p2p_tornado_16mib,sglb,9446,0,0,0,0,0,0
asymmetric_p2p_tornado_16mib,sglb,9448,0,0,0,0,0,0
asymmetric_p2p_tornado_16mib,sglb,9450,0,0,0,0,0,0
asymmetric_p2p_tornado_16mib,sglb,9452,0,0,0,0,0,0
asymmetric_p2p_tornado_16mib,sglb,9454,0,0,0,0,0,0
asymmetric_p2p_tornado_16mib,sglb,9456,0,0,0,0,0,0
asymmetric_p2p_tornado_16mib,sglb,9458,0,0,0,0,0,0
asymmetric_p2p_tornado_16mib,sglb,9460,0,0,0,0,0,0
asymmetric_p2p_tornado_16mib,sglb,9462,0,0,0,0,0,0
asymmetric_p2p_tornado_16mib,sglb,9464,0,0,0,0,0,0
asymmetric_p2p_tornado_16mib,sglb,9466,0,0,0,0,0,0
asymmetric_p2p_tornado_16mib,sglb,9468,0,0,0,0,0,0
asymmetric_p2p_tornado_16mib,sglb,9470,0,0,0,0,0,0
asymmetric_p2p_tornado_16mib,sglb,9472,0,0,0,0,0,0
asymmetric_p2p_tornado_16mib,sglb,9474,0,0,0,0,0,0
asymmetric_p2p_tornado_16mib,sglb,9476,0,0,0,0,0,0
asymmetric_p2p_tornado_16mib,sglb,9478,0,0,0,0,0,0
asymmetric_p2p_tornado_16mib,sglb,9480,0,0,0,0,0,0
asymmetric_p2p_tornado_16mib,sglb,9482,0,0,0,0,0,0
asymmetric_p2p_tornado_16mib,sglb,9484,0,0,0,0,0,0
asymmetric_p2p_tornado_16mib,sglb,9486,0,0,0,0,0,0
asymmetric_p2p_tornado_16mib,sglb,9488,0,0,0,0,0,0
asymmetric_p2p_tornado_16mib,sglb,9490,0,0,0,0,0,0
asymmetric_p2p_tornado_16mib,sglb,9492,0,0,0,0,0,0
asymmetric_p2p_tornado_16mib,sglb,9494,0,0,0,0,0,0
asymmetric_p2p_tornado_16mib,sglb,9496,0,0,0,0,0,0
asymmetric_p2p_tornado_16mib,sglb,9498,0,0,0,0,0,0
asymmetric_p2p_tornado_16mib,sglb,9500,0,0,0,0,0,0
asymmetric_p2p_tornado_16mib,sglb,9502,0,0,0,0,0,0
asymmetric_p2p_tornado_16mib,sglb,9504,0,0,0,0,0,0
asymmetric_p2p_tornado_16mib,sglb,9506,0,0,0,0,0,0
asymmetric_p2p_tornado_16mib,sglb,9508,0,0,0,0,0,0
asymmetric_p2p_tornado_16mib,sglb,9510,0,0,0,0,0,0
asymmetric_p2p_tornado_16mib,sglb,9512,0,0,0,0,0,0
asymmetric_p2p_tornado_16mib,sglb,9514,0,0,0,0,0,0
asymmetric_p2p_tornado_16mib,sglb,9516,0,0,0,0,0,0
asymmetric_p2p_tornado_16mib,sglb,9518,0,0,0,0,0,0
asymmetric_p2p_tornado_16mib,sglb,9520,0,0,0,0,0,0
asymmetric_p2p_tornado_16mib,sglb,9522,0,0,0,0,0,0
asymmetric_p2p_tornado_16mib,sglb,9524,0,0,0,0,0,0
asymmetric_p2p_tornado_16mib,sglb,9526,0,0,0,0,0,0
asymmetric_p2p_tornado_16mib,sglb,9528,0,0,0,0,0,0
asymmetric_p2p_tornado_16mib,sglb,9530,0,0,0,0,0,0
asymmetric_p2p_tornado_16mib,sglb,9532,0,0,0,0,0,0
asymmetric_p2p_tornado_16mib,sglb,9534,0,0,0,0,0,0
asymmetric_p2p_tornado_16mib,sglb,9536,0,0,0,0,0,0
asymmetric_p2p_tornado_16mib,sglb,9538,0,0,0,0,0,0
asymmetric_p2p_tornado_16mib,sglb,9540,0,0,0,0,0,0
asymmetric_p2p_tornado_16mib,sglb,9542,0,0,0,0,0,0
asymmetric_p2p_tornado_16mib,sglb,9544,0,0,0,0,0,0
asymmetric_p2p_tornado_16mib,sglb,9546,0,0,0,0,0,0
asymmetric_p2p_tornado_16mib,sglb,9548,0,0,0,0,0,0
asymmetric_p2p_tornado_16mib,sglb,9550,0,0,0,0,0,0
asymmetric_p2p_tornado_16mib,sglb,9552,0,0,0,0,0,0
asymmetric_p2p_tornado_16mib,sglb,9554,0,0,0,0,0,0
asymmetric_p2p_tornado_16mib,sglb,9556,0,0,0,0,0,0
asymmetric_p2p_tornado_16mib,sglb,9558,0,0,0,0,0,0
asymmetric_p2p_tornado_16mib,sglb,9560,0,0,0,0,0,0
asymmetric_p2p_tornado_16mib,sglb,9562,0,0,0,0,0,0
asymmetric_p2p_tornado_16mib,sglb,9564,0,0,0,0,0,0
asymmetric_p2p_tornado_16mib,sglb,9566,0,0,0,0,0,0
asymmetric_p2p_tornado_16mib,sglb,9568,0,0,0,0,0,0
asymmetric_p2p_tornado_16mib,sglb,9570,0,0,0,0,0,0
asymmetric_p2p_tornado_16mib,sglb,9572,0,0,0,0,0,0
asymmetric_p2p_tornado_16mib,sglb,9574,0,0,0,0,0,0
asymmetric_p2p_tornado_16mib,sglb,9576,0,0,0,0,0,0
asymmetric_p2p_tornado_16mib,sglb,9578,0,0,0,0,0,0
asymmetric_p2p_tornado_16mib,sglb,9580,0,0,0,0,0,0
asymmetric_p2p_tornado_16mib,sglb,9582,0,0,0,0,0,0
asymmetric_p2p_tornado_16mib,sglb,9584,0,0,0,0,0,0
asymmetric_p2p_tornado_16mib,sglb,9586,0,0,0,0,0,0
asymmetric_p2p_tornado_16mib,sglb,9588,0,0,0,0,0,0
asymmetric_p2p_tornado_16mib,sglb,9590,0,0,0,0,0,0
asymmetric_p2p_tornado_16mib,sglb,9592,0,0,0,0,0,0
asymmetric_p2p_tornado_16mib,sglb,9594,0,0,0,0,0,0
asymmetric_p2p_tornado_16mib,sglb,9596,0,0,0,0,0,0
asymmetric_p2p_tornado_16mib,sglb,9598,0,0,0,0,0,0
asymmetric_p2p_tornado_16mib,sglb,9600,0,0,0,0,0,0
asymmetric_p2p_tornado_16mib,sglb,9602,0,0,0,0,0,0
asymmetric_p2p_tornado_16mib,sglb,9604,0,0,0,0,0,0
asymmetric_p2p_tornado_16mib,sglb,9606,0,0,0,0,0,0
asymmetric_p2p_tornado_16mib,sglb,9608,0,0,0,0,0,0
asymmetric_p2p_tornado_16mib,sglb,9610,0,0,0,0,0,0
asymmetric_p2p_tornado_16mib,sglb,9612,0,0,0,0,0,0
asymmetric_p2p_tornado_16mib,sglb,9614,0,0,0,0,0,0
asymmetric_p2p_tornado_16mib,sglb,9616,0,0,0,0,0,0
asymmetric_p2p_tornado_16mib,sglb,9618,0,0,0,0,0,0
asymmetric_p2p_tornado_16mib,sglb,9620,0,0,0,0,0,0
asymmetric_p2p_tornado_16mib,sglb,9622,0,0,0,0,0,0
asymmetric_p2p_tornado_16mib,sglb,9624,0,0,0,0,0,0
asymmetric_p2p_tornado_16mib,sglb,9626,0,0,0,0,0,0
asymmetric_p2p_tornado_16mib,sglb,9628,0,0,0,0,0,0
asymmetric_p2p_tornado_16mib,sglb,9630,0,0,0,0,0,0
asymmetric_p2p_tornado_16mib,sglb,9632,0,0,0,0,0,0
asymmetric_p2p_tornado_16mib,sglb,9634,0,0,0,0,0,0
asymmetric_p2p_tornado_16mib,sglb,9636,0,0,0,0,0,0
asymmetric_p2p_tornado_16mib,sglb,9638,0,0,0,0,0,0
asymmetric_p2p_tornado_16mib,sglb,9640,0,0,0,0,0,0
asymmetric_p2p_tornado_16mib,sglb,9642,0,0,0,0,0,0
asymmetric_p2p_tornado_16mib,sglb,9644,0,0,0,0,0,0
asymmetric_p2p_tornado_16mib,sglb,9646,0,0,0,0,0,0
asymmetric_p2p_tornado_16mib,sglb,9648,0,0,0,0,0,0
asymmetric_p2p_tornado_16mib,sglb,9650,0,0,0,0,0,0
asymmetric_p2p_tornado_16mib,sglb,9652,0,0,0,0,0,0
asymmetric_p2p_tornado_16mib,sglb,9654,0,0,0,0,0,0
asymmetric_p2p_tornado_16mib,sglb,9656,0,0,0,0,0,0
asymmetric_p2p_tornado_16mib,sglb,9658,0,0,0,0,0,0
asymmetric_p2p_tornado_16mib,sglb,9660,0,0,0,0,0,0
asymmetric_p2p_tornado_16mib,sglb,9662,0,0,0,0,0,0
asymmetric_p2p_tornado_16mib,sglb,9664,0,0,0,0,0,0
asymmetric_p2p_tornado_16mib,sglb,9666,0,0,0,0,0,0
asymmetric_p2p_tornado_16mib,sglb,9668,0,0,0,0,0,0
asymmetric_p2p_tornado_16mib,sglb,9670,0,0,0,0,0,0
asymmetric_p2p_tornado_16mib,sglb,9672,0,0,0,0,0,0
asymmetric_p2p_tornado_16mib,sglb,9674,0,0,0,0,0,0
asymmetric_p2p_tornado_16mib,sglb,9676,0,0,0,0,0,0
asymmetric_p2p_tornado_16mib,sglb,9678,0,0,0,0,0,0
asymmetric_p2p_tornado_16mib,sglb,9680,0,0,0,0,0,0
asymmetric_p2p_tornado_16mib,sglb,9682,0,0,0,0,0,0
asymmetric_p2p_tornado_16mib,sglb,9684,0,0,0,0,0,0
asymmetric_p2p_tornado_16mib,sglb,9686,0,0,0,0,0,0
asymmetric_p2p_tornado_16mib,sglb,9688,0,0,0,0,0,0
asymmetric_p2p_tornado_16mib,sglb,9690,0,0,0,0,0,0
asymmetric_p2p_tornado_16mib,sglb,9692,0,0,0,0,0,0
asymmetric_p2p_tornado_16mib,sglb,9694,0,0,0,0,0,0
asymmetric_p2p_tornado_16mib,sglb,9696,0,0,0,0,0,0
asymmetric_p2p_tornado_16mib,sglb,9698,0,0,0,0,0,0
asymmetric_p2p_tornado_16mib,sglb,9700,0,0,0,0,0,0
asymmetric_p2p_tornado_16mib,sglb,9702,0,0,0,0,0,0
asymmetric_p2p_tornado_16mib,sglb,9704,0,0,0,0,0,0
asymmetric_p2p_tornado_16mib,sglb,9706,0,0,0,0,0,0
asymmetric_p2p_tornado_16mib,sglb,9708,0,0,0,0,0,0
asymmetric_p2p_tornado_16mib,sglb,9710,0,0,0,0,0,0
asymmetric_p2p_tornado_16mib,sglb,9712,0,0,0,0,0,0
asymmetric_p2p_tornado_16mib,sglb,9714,0,0,0,0,0,0
asymmetric_p2p_tornado_16mib,sglb,9716,0,0,0,0,0,0
asymmetric_p2p_tornado_16mib,sglb,9718,0,0,0,0,0,0
asymmetric_p2p_tornado_16mib,sglb,9720,0,0,0,0,0,0
asymmetric_p2p_tornado_16mib,sglb,9722,0,0,0,0,0,0
asymmetric_p2p_tornado_16mib,sglb,9724,0,0,0,0,0,0
asymmetric_p2p_tornado_16mib,sglb,9726,0,0,0,0,0,0
asymmetric_p2p_tornado_16mib,sglb,9728,0,0,0,0,0,0
asymmetric_p2p_tornado_16mib,sglb,9730,0,0,0,0,0,0
asymmetric_p2p_tornado_16mib,sglb,9732,0,0,0,0,0,0
asymmetric_p2p_tornado_16mib,sglb,9734,0,0,0,0,0,0
asymmetric_p2p_tornado_16mib,sglb,9736,0,0,0,0,0,0
asymmetric_p2p_tornado_16mib,sglb,9738,0,0,0,0,0,0
asymmetric_p2p_tornado_16mib,sglb,9740,0,0,0,0,0,0
asymmetric_p2p_tornado_16mib,sglb,9742,0,0,0,0,0,0
asymmetric_p2p_tornado_16mib,sglb,9744,0,0,0,0,0,0
asymmetric_p2p_tornado_16mib,sglb,9746,0,0,0,0,0,0
asymmetric_p2p_tornado_16mib,sglb,9748,0,0,0,0,0,0
asymmetric_p2p_tornado_16mib,sglb,9750,0,0,0,0,0,0
asymmetric_p2p_tornado_16mib,sglb,9752,0,0,0,0,0,0
asymmetric_p2p_tornado_16mib,sglb,9754,0,0,0,0,0,0
asymmetric_p2p_tornado_16mib,sglb,9756,0,0,0,0,0,0
asymmetric_p2p_tornado_16mib,sglb,9758,0,0,0,0,0,0
asymmetric_p2p_tornado_16mib,sglb,9760,0,0,0,0,0,0
asymmetric_p2p_tornado_16mib,sglb,9762,0,0,0,0,0,0
asymmetric_p2p_tornado_16mib,sglb,9764,0,0,0,0,0,0
asymmetric_p2p_tornado_16mib,sglb,9766,0,0,0,0,0,0
asymmetric_p2p_tornado_16mib,sglb,9768,0,0,0,0,0,0
asymmetric_p2p_tornado_16mib,sglb,9770,0,0,0,0,0,0
asymmetric_p2p_tornado_16mib,sglb,9772,0,0,0,0,0,0
asymmetric_p2p_tornado_16mib,sglb,9774,0,0,0,0,0,0
asymmetric_p2p_tornado_16mib,sglb,9776,0,0,0,0,0,0
asymmetric_p2p_tornado_16mib,sglb,9778,0,0,0,0,0,0
asymmetric_p2p_tornado_16mib,sglb,9780,0,0,0,0,0,0
asymmetric_p2p_tornado_16mib,sglb,9782,0,0,0,0,0,0
asymmetric_p2p_tornado_16mib,sglb,9784,0,0,0,0,0,0
asymmetric_p2p_tornado_16mib,sglb,9786,0,0,0,0,0,0
asymmetric_p2p_tornado_16mib,sglb,9788,0,0,0,0,0,0
asymmetric_p2p_tornado_16mib,sglb,9790,0,0,0,0,0,0
asymmetric_p2p_tornado_16mib,sglb,9792,0,0,0,0,0,0
asymmetric_p2p_tornado_16mib,sglb,9794,0,0,0,0,0,0
asymmetric_p2p_tornado_16mib,sglb,9796,0,0,0,0,0,0
asymmetric_p2p_tornado_16mib,sglb,9798,0,0,0,0,0,0
asymmetric_p2p_tornado_16mib,sglb,9800,0,0,0,0,0,0
asymmetric_p2p_tornado_16mib,sglb,9802,0,0,0,0,0,0
asymmetric_p2p_tornado_16mib,sglb,9804,0,0,0,0,0,0
asymmetric_p2p_tornado_16mib,sglb,9806,0,0,0,0,0,0
asymmetric_p2p_tornado_16mib,sglb,9808,0,0,0,0,0,0
asymmetric_p2p_tornado_16mib,sglb,9810,0,0,0,0,0,0
asymmetric_p2p_tornado_16mib,sglb,9812,0,0,0,0,0,0
asymmetric_p2p_tornado_16mib,sglb,9814,0,0,0,0,0,0
asymmetric_p2p_tornado_16mib,sglb,9816,0,0,0,0,0,0
asymmetric_p2p_tornado_16mib,sglb,9818,0,0,0,0,0,0
asymmetric_p2p_tornado_16mib,sglb,9820,0,0,0,0,0,0
asymmetric_p2p_tornado_16mib,sglb,9822,0,0,0,0,0,0
asymmetric_p2p_tornado_16mib,sglb,9824,0,0,0,0,0,0
asymmetric_p2p_tornado_16mib,sglb,9826,0,0,0,0,0,0
asymmetric_p2p_tornado_16mib,sglb,9828,0,0,0,0,0,0
asymmetric_p2p_tornado_16mib,sglb,9830,0,0,0,0,0,0
asymmetric_p2p_tornado_16mib,sglb,9832,0,0,0,0,0,0
asymmetric_p2p_tornado_16mib,sglb,9834,0,0,0,0,0,0
asymmetric_p2p_tornado_16mib,sglb,9836,0,0,0,0,0,0
asymmetric_p2p_tornado_16mib,sglb,9838,0,0,0,0,0,0
asymmetric_p2p_tornado_16mib,sglb,9840,0,0,0,0,0,0
asymmetric_p2p_tornado_16mib,sglb,9842,0,0,0,0,0,0
asymmetric_p2p_tornado_16mib,sglb,9844,0,0,0,0,0,0
asymmetric_p2p_tornado_16mib,sglb,9846,0,0,0,0,0,0
asymmetric_p2p_tornado_16mib,sglb,9848,0,0,0,0,0,0
asymmetric_p2p_tornado_16mib,sglb,9850,0,0,0,0,0,0
asymmetric_p2p_tornado_16mib,sglb,9852,0,0,0,0,0,0
asymmetric_p2p_tornado_16mib,sglb,9854,0,0,0,0,0,0
asymmetric_p2p_tornado_16mib,sglb,9856,0,0,0,0,0,0
asymmetric_p2p_tornado_16mib,sglb,9858,0,0,0,0,0,0
asymmetric_p2p_tornado_16mib,sglb,9860,0,0,0,0,0,0
asymmetric_p2p_tornado_16mib,sglb,9862,0,0,0,0,0,0
asymmetric_p2p_tornado_16mib,sglb,9864,0,0,0,0,0,0
asymmetric_p2p_tornado_16mib,sglb,9866,0,0,0,0,0,0
asymmetric_p2p_tornado_16mib,sglb,9868,0,0,0,0,0,0
asymmetric_p2p_tornado_16mib,sglb,9870,0,0,0,0,0,0
asymmetric_p2p_tornado_16mib,sglb,9872,0,0,0,0,0,0
asymmetric_p2p_tornado_16mib,sglb,9874,0,0,0,0,0,0
asymmetric_p2p_tornado_16mib,sglb,9876,0,0,0,0,0,0
asymmetric_p2p_tornado_16mib,sglb,9878,0,0,0,0,0,0
asymmetric_p2p_tornado_16mib,sglb,9880,0,0,0,0,0,0
asymmetric_p2p_tornado_16mib,sglb,9882,0,0,0,0,0,0
asymmetric_p2p_tornado_16mib,sglb,9884,0,0,0,0,0,0
asymmetric_p2p_tornado_16mib,sglb,9886,0,0,0,0,0,0
asymmetric_p2p_tornado_16mib,sglb,9888,0,0,0,0,0,0
asymmetric_p2p_tornado_16mib,sglb,9890,0,0,0,0,0,0
asymmetric_p2p_tornado_16mib,sglb,9892,0,0,0,0,0,0
asymmetric_p2p_tornado_16mib,sglb,9894,0,0,0,0,0,0
asymmetric_p2p_tornado_16mib,sglb,9896,0,0,0,0,0,0
asymmetric_p2p_tornado_16mib,sglb,9898,0,0,0,0,0,0
asymmetric_p2p_tornado_16mib,sglb,9900,0,0,0,0,0,0
asymmetric_p2p_tornado_16mib,sglb,9902,0,0,0,0,0,0
asymmetric_p2p_tornado_16mib,sglb,9904,0,0,0,0,0,0
asymmetric_p2p_tornado_16mib,sglb,9906,0,0,0,0,0,0
asymmetric_p2p_tornado_16mib,sglb,9908,0,0,0,0,0,0
asymmetric_p2p_tornado_16mib,sglb,9910,0,0,0,0,0,0
asymmetric_p2p_tornado_16mib,sglb,9912,0,0,0,0,0,0
asymmetric_p2p_tornado_16mib,sglb,9914,0,0,0,0,0,0
asymmetric_p2p_tornado_16mib,sglb,9916,0,0,0,0,0,0
asymmetric_p2p_tornado_16mib,sglb,9918,0,0,0,0,0,0
asymmetric_p2p_tornado_16mib,sglb,9920,0,0,0,0,0,0
asymmetric_p2p_tornado_16mib,sglb,9922,0,0,0,0,0,0
asymmetric_p2p_tornado_16mib,sglb,9924,0,0,0,0,0,0
asymmetric_p2p_tornado_16mib,sglb,9926,0,0,0,0,0,0
asymmetric_p2p_tornado_16mib,sglb,9928,0,0,0,0,0,0
asymmetric_p2p_tornado_16mib,sglb,9930,0,0,0,0,0,0
asymmetric_p2p_tornado_16mib,sglb,9932,0,0,0,0,0,0
asymmetric_p2p_tornado_16mib,sglb,9934,0,0,0,0,0,0
asymmetric_p2p_tornado_16mib,sglb,9936,0,0,0,0,0,0
asymmetric_p2p_tornado_16mib,sglb,9938,0,0,0,0,0,0
asymmetric_p2p_tornado_16mib,sglb,9940,0,0,0,0,0,0
asymmetric_p2p_tornado_16mib,sglb,9942,0,0,0,0,0,0
asymmetric_p2p_tornado_16mib,sglb,9944,0,0,0,0,0,0
asymmetric_p2p_tornado_16mib,sglb,9946,0,0,0,0,0,0
asymmetric_p2p_tornado_16mib,sglb,9948,0,0,0,0,0,0
asymmetric_p2p_tornado_16mib,sglb,9950,0,0,0,0,0,0
asymmetric_p2p_tornado_16mib,sglb,9952,0,0,0,0,0,0
asymmetric_p2p_tornado_16mib,sglb,9954,0,0,0,0,0,0
asymmetric_p2p_tornado_16mib,sglb,9956,0,0,0,0,0,0
asymmetric_p2p_tornado_16mib,sglb,9958,0,0,0,0,0,0
asymmetric_p2p_tornado_16mib,sglb,9960,0,0,0,0,0,0
asymmetric_p2p_tornado_16mib,sglb,9962,0,0,0,0,0,0
asymmetric_p2p_tornado_16mib,sglb,9964,0,0,0,0,0,0
asymmetric_p2p_tornado_16mib,sglb,9966,0,0,0,0,0,0
asymmetric_p2p_tornado_16mib,sglb,9968,0,0,0,0,0,0
asymmetric_p2p_tornado_16mib,sglb,9970,0,0,0,0,0,0
asymmetric_p2p_tornado_16mib,sglb,9972,0,0,0,0,0,0
asymmetric_p2p_tornado_16mib,sglb,9974,0,0,0,0,0,0
asymmetric_p2p_tornado_16mib,sglb,9976,0,0,0,0,0,0
asymmetric_p2p_tornado_16mib,sglb,9978,0,0,0,0,0,0
asymmetric_p2p_tornado_16mib,sglb,9980,0,0,0,0,0,0
asymmetric_p2p_tornado_16mib,sglb,9982,0,0,0,0,0,0
asymmetric_p2p_tornado_16mib,sglb,9984,0,0,0,0,0,0
asymmetric_p2p_tornado_16mib,sglb,9986,0,0,0,0,0,0
asymmetric_p2p_tornado_16mib,sglb,9988,0,0,0,0,0,0
asymmetric_p2p_tornado_16mib,sglb,9990,0,0,0,0,0,0
asymmetric_p2p_tornado_16mib,sglb,9992,0,0,0,0,0,0
asymmetric_p2p_tornado_16mib,sglb,9994,0,0,0,0,0,0
asymmetric_p2p_tornado_16mib,sglb,9996,0,0,0,0,0,0
asymmetric_p2p_tornado_16mib,sglb,9998,0,0,0,0,0,0
asymmetric_p2p_tornado_16mib,n-mrc,2,2837120,0.109648264108,0.0132643979609,0.0110957110883,0.0220507244731,1
asymmetric_p2p_tornado_16mib,n-mrc,4,12812800,0.0110957110883,0.0220507244731,0.0106603299818,0.0231585835302,1
asymmetric_p2p_tornado_16mib,n-mrc,6,24728832,0.0102249488753,0.0242664425872,0.0102249488753,0.0220507244731,1
asymmetric_p2p_tornado_16mib,n-mrc,8,25004928,0.00235723154965,0.0265921659248,0.00530920762157,0.0220698866733,1
asymmetric_p2p_tornado_16mib,n-mrc,10,20370752,0.00343924669057,0.0183084177416,0.00343924669057,0.0220698866733,1
asymmetric_p2p_tornado_16mib,n-mrc,12,24068032,0.00530920762157,0.0220698866733,0.00235723154965,0.0220698866733,1
asymmetric_p2p_tornado_16mib,n-mrc,14,24996800,0.00231884055519,0.0218030352925,0.00300529806488,0.0218030352925,1
asymmetric_p2p_tornado_16mib,n-mrc,16,24973504,0.00139853108268,0.0223338992097,0.00271511073283,0.0219747853834,1
asymmetric_p2p_tornado_16mib,n-mrc,18,22120128,0.00300529806488,0.0207313715025,0.00231884055519,0.0218030352925,1
asymmetric_p2p_tornado_16mib,n-mrc,20,23965760,0.00271511073283,0.0219747853834,0.00188847345544,0.0212728810865,1
asymmetric_p2p_tornado_16mib,n-mrc,22,24853952,0.00188847345544,0.0212728810865,0.00188847345544,0.0207313715025,1
asymmetric_p2p_tornado_16mib,n-mrc,24,24855616,0.00149637218796,0.020037274028,0.00149637218796,0.021133067996,1
asymmetric_p2p_tornado_16mib,n-mrc,26,23453184,0.00110801280852,0.0206284633903,0.0013507948686,0.021133067996,1
asymmetric_p2p_tornado_16mib,n-mrc,28,23824768,0.0013507948686,0.021133067996,0.0013507948686,0.0206348507903,1
asymmetric_p2p_tornado_16mib,n-mrc,30,24684864,0.00127470631866,0.021728515625,0.0013507948686,0.021133067996,1
asymmetric_p2p_tornado_16mib,n-mrc,32,24819328,0.00174713154294,0.0206348507903,0.0013507948686,0.0211713923964,1
asymmetric_p2p_tornado_16mib,n-mrc,34,24261504,0.00137441727051,0.0216887718023,0.00127470631866,0.0216887718023,1
asymmetric_p2p_tornado_16mib,n-mrc,36,24240128,0.00102866051695,0.0211713923964,0.00133823616541,0.0216887718023,1
asymmetric_p2p_tornado_16mib,n-mrc,38,24649280,0.00109049184365,0.0216979980469,0.00109049184365,0.0216979980469,1
asymmetric_p2p_tornado_16mib,n-mrc,40,24716800,0.00133823616541,0.0221401480741,0.00102866051695,0.0216979980469,1
asymmetric_p2p_tornado_16mib,n-mrc,42,24787072,0.000960558497012,0.022097565407,0.00109049184365,0.022097565407,1
asymmetric_p2p_tornado_16mib,n-mrc,44,24804224,0.00101330488373,0.0209024118823,0.00110169796062,0.0221401480741,1
asymmetric_p2p_tornado_16mib,n-mrc,46,24552320,0.00110169796062,0.0224240325218,0.00110169796062,0.0224240325218,1
asymmetric_p2p_tornado_16mib,n-mrc,48,24763904,0.00120737572984,0.0227583064589,0.00110169796062,0.0227583064589,1
asymmetric_p2p_tornado_16mib,n-mrc,50,24900224,0.00118030091754,0.0230272869731,0.00118030091754,0.0228314067042,1
asymmetric_p2p_tornado_16mib,n-mrc,52,25006656,0.000911220078849,0.0228314067042,0.00118030091754,0.0230272869731,1
asymmetric_p2p_tornado_16mib,n-mrc,54,24893056,0.00128824476651,0.0236745435138,0.00118030091754,0.0236745435138,1
asymmetric_p2p_tornado_16mib,n-mrc,56,24896704,0.00063706990394,0.0239059093387,0.00119771363213,0.0237497728924,1
asymmetric_p2p_tornado_16mib,n-mrc,58,25130240,0.00119771363213,0.0237497728924,0.00119771363213,0.0239059093387,1
asymmetric_p2p_tornado_16mib,n-mrc,60,25083264,0.00125780181237,0.0240790788517,0.00100370295414,0.0240790788517,1
asymmetric_p2p_tornado_16mib,n-mrc,62,25111424,0.000828600290656,0.0245893611464,0.00100370295414,0.0245893611464,1
asymmetric_p2p_tornado_16mib,n-mrc,64,25086720,0.00100370295414,0.0248178881268,0.000828600290656,0.0248178881268,1
asymmetric_p2p_tornado_16mib,n-mrc,66,25114560,0.000635930047695,0.0250982240189,0.000690463954307,0.0250982240189,1
asymmetric_p2p_tornado_16mib,n-mrc,68,25233088,0.000614271744046,0.0257021881813,0.000690463954307,0.0256546375363,1
asymmetric_p2p_tornado_16mib,n-mrc,70,25183168,0.000690463954307,0.0256546375363,0.000635930047695,0.0257021881813,1
asymmetric_p2p_tornado_16mib,n-mrc,72,25120320,0.00122407817516,0.0263480252998,0.000631313131313,0.0263480252998,1
asymmetric_p2p_tornado_16mib,n-mrc,74,25251584,0.000439479387705,0.0265240336573,0.000631313131313,0.0265240336573,1
asymmetric_p2p_tornado_16mib,n-mrc,76,25175744,0.000631313131313,0.027212453443,0.000631113916062,0.0269434729288,1
asymmetric_p2p_tornado_16mib,n-mrc,78,25148224,0.000631113916062,0.0269434729288,0.000523374592134,0.027212453443,1
asymmetric_p2p_tornado_16mib,n-mrc,80,25247744,0.000523374592134,0.0275410496911,0.000631113916062,0.0275410496911,1
asymmetric_p2p_tornado_16mib,n-mrc,82,25175104,0.000446264929749,0.0278107399164,0.000610977022592,0.0278107399164,1
asymmetric_p2p_tornado_16mib,n-mrc,84,25157184,0.000932694274491,0.027909389762,0.000523374592134,0.027909389762,1
asymmetric_p2p_tornado_16mib,n-mrc,86,25228736,0.000610977022592,0.0287574945494,0.000610977022592,0.0283671534339,1
asymmetric_p2p_tornado_16mib,n-mrc,88,25197888,0.000492546572947,0.0283671534339,0.00068763195197,0.028606326081,1
asymmetric_p2p_tornado_16mib,n-mrc,90,25153024,0.000833832748523,0.028606326081,0.00068763195197,0.0287574945494,1
asymmetric_p2p_tornado_16mib,n-mrc,92,25221184,0.00068763195197,0.0297709620276,0.00068763195197,0.0296652150709,1
asymmetric_p2p_tornado_16mib,n-mrc,94,25218496,0.000830036536111,0.0296652150709,0.000768492812805,0.0297099268714,1
asymmetric_p2p_tornado_16mib,n-mrc,96,25166016,0.000686332694621,0.0297099268714,0.000768492812805,0.0297709620276,1
asymmetric_p2p_tornado_16mib,n-mrc,98,25208896,0.000768492812805,0.0306375193041,0.000768492812805,0.0300803960756,1
asymmetric_p2p_tornado_16mib,n-mrc,100,25246272,0.000771249919012,0.0300803960756,0.000700795901389,0.0306375193041,1
asymmetric_p2p_tornado_16mib,n-mrc,102,25129408,0.000686116628922,0.0309036609738,0.000768492812805,0.0309036609738,1
asymmetric_p2p_tornado_16mib,n-mrc,104,25204544,0.000700795901389,0.0312776787336,0.000704051630195,0.0312230309775,1
asymmetric_p2p_tornado_16mib,n-mrc,106,25309952,0.000828470059987,0.0315076251363,0.000704051630195,0.0312776787336,1
asymmetric_p2p_tornado_16mib,n-mrc,108,25070464,0.000704051630195,0.0312230309775,0.000770522095874,0.0315076251363,1
asymmetric_p2p_tornado_16mib,n-mrc,110,25207360,0.000932400281024,0.0325239314589,0.000770522095874,0.0324785099473,1
asymmetric_p2p_tornado_16mib,n-mrc,112,25301952,0.000770522095874,0.0324785099473,0.000770522095874,0.0325239314589,1
asymmetric_p2p_tornado_16mib,n-mrc,114,25065664,0.000545527813408,0.0326069676599,0.000875572316847,0.0326069676599,1
asymmetric_p2p_tornado_16mib,n-mrc,116,25241472,0.000996306761238,0.0330789255541,0.000770522095874,0.0330789255541,1
asymmetric_p2p_tornado_16mib,n-mrc,118,25281472,0.000875572316847,0.0335012036701,0.000734728558731,0.0332520950672,1
asymmetric_p2p_tornado_16mib,n-mrc,120,25061376,0.000734728558731,0.0332520950672,0.000875572316847,0.0335012036701,1
asymmetric_p2p_tornado_16mib,n-mrc,122,25250624,0.000704495267013,0.0335331406704,0.00073519185411,0.0335331406704,1
asymmetric_p2p_tornado_16mib,n-mrc,124,25289024,0.0013623177659,0.0340966512991,0.000734728558731,0.0338056697402,1
asymmetric_p2p_tornado_16mib,n-mrc,126,25044608,0.00073519185411,0.0338056697402,0.00073519185411,0.0340966512991,1
asymmetric_p2p_tornado_16mib,n-mrc,128,25266816,0.000663633123823,0.0342712402344,0.00073519185411,0.0342712402344,1
asymmetric_p2p_tornado_16mib,n-mrc,130,25268864,0.000944584382872,0.0349170773528,0.000663633123823,0.0344664107922,1
asymmetric_p2p_tornado_16mib,n-mrc,132,25073088,0.000584550996067,0.0344664107922,0.000663633123823,0.0345984170603,1
asymmetric_p2p_tornado_16mib,n-mrc,134,25242752,0.000584182629941,0.0345984170603,0.000664470449742,0.0349170773528,1
asymmetric_p2p_tornado_16mib,n-mrc,136,25259392,0.000755844211712,0.0359000272529,0.000625325292145,0.0351896064226,1
asymmetric_p2p_tornado_16mib,n-mrc,138,25107968,0.000664470449742,0.0357091149618,0.000625325292145,0.0357091149618,1
asymmetric_p2p_tornado_16mib,n-mrc,140,25238976,0.000625325292145,0.0351896064226,0.000664470449742,0.0359000272529,1
asymmetric_p2p_tornado_16mib,n-mrc,142,25241088,0.000445702351835,0.0365011525709,0.000664470449742,0.0363485646802,1
asymmetric_p2p_tornado_16mib,n-mrc,144,25128640,0.000800322653189,0.0363577909248,0.000625325292145,0.0363577909248,1
asymmetric_p2p_tornado_16mib,n-mrc,146,25213504,0.000877504233701,0.0363485646802,0.000800322653189,0.036489797193,1
asymmetric_p2p_tornado_16mib,n-mrc,148,25251456,0.00043871754494,0.036489797193,0.000860240684066,0.036489797193,1
asymmetric_p2p_tornado_16mib,n-mrc,150,25140160,0.000860240684066,0.0371902820676,0.000860240684066,0.0367176144622,1
asymmetric_p2p_tornado_16mib,n-mrc,152,25200384,0.000877504233701,0.0367176144622,0.000700685409327,0.0368127157522,1
asymmetric_p2p_tornado_16mib,n-mrc,154,25263296,0.000438648417461,0.0368127157522,0.0007560825356,0.0369532385538,1
asymmetric_p2p_tornado_16mib,n-mrc,156,25138560,0.000700685409327,0.0374152604924,0.000700685409327,0.0369532385538,1
asymmetric_p2p_tornado_16mib,n-mrc,158,25166400,0.0007560825356,0.0369532385538,0.000438994272872,0.0369986600654,1
asymmetric_p2p_tornado_16mib,n-mrc,160,25284160,0.000377773259024,0.0369986600654,0.000664051522829,0.0374152604924,1
asymmetric_p2p_tornado_16mib,n-mrc,162,25128768,0.000438994272872,0.0379766419876,0.000438994272872,0.0375089423601,1
asymmetric_p2p_tornado_16mib,n-mrc,164,25170432,0.000664051522829,0.0379319301871,0.000438994272872,0.0379319301871,1
asymmetric_p2p_tornado_16mib,n-mrc,166,25284800,0.000377713753116,0.0375089423601,0.000438994272872,0.0379766419876,1
asymmetric_p2p_tornado_16mib,n-mrc,168,25115840,0.000546215959498,0.0385770575945,0.000546215959498,0.0379319301871,1
asymmetric_p2p_tornado_16mib,n-mrc,170,25183360,0.000305175584761,0.0381136162336,0.000546215959498,0.0381136162336,1
asymmetric_p2p_tornado_16mib,n-mrc,172,25272896,0.000686765234527,0.0377807617188,0.000546215959498,0.0385770575945,1
asymmetric_p2p_tornado_16mib,n-mrc,174,25141248,0.00077222249142,0.0386189305505,0.000686765234527,0.0384698912155,1
asymmetric_p2p_tornado_16mib,n-mrc,176,25178688,0.000540113022958,0.038663642351,0.000767887366644,0.0386189305505,1
asymmetric_p2p_tornado_16mib,n-mrc,178,25272000,0.000767887366644,0.0384698912155,0.000767887366644,0.0386210596839,1
asymmetric_p2p_tornado_16mib,n-mrc,180,25165696,0.000818420605246,0.0386210596839,0.000686765234527,0.038663642351,1
asymmetric_p2p_tornado_16mib,n-mrc,182,25142720,0.000686765234527,0.0392200558685,0.000754892416703,0.0388907499092,1
asymmetric_p2p_tornado_16mib,n-mrc,184,25272128,0.000546043760268,0.0388907499092,0.000754892416703,0.0390376601108,1
asymmetric_p2p_tornado_16mib,n-mrc,186,25228480,0.000754892416703,0.0390376601108,0.000754892416703,0.0392200558685,1
asymmetric_p2p_tornado_16mib,n-mrc,188,25099456,0.000771492832373,0.0396387854288,0.000754892416703,0.039074565089,1
asymmetric_p2p_tornado_16mib,n-mrc,190,25234112,0.000819194769463,0.0395486521166,0.000754892416703,0.0395486521166,1
asymmetric_p2p_tornado_16mib,n-mrc,192,25297984,0.000582988639816,0.039074565089,0.000771492832373,0.0396387854288,1
asymmetric_p2p_tornado_16mib,n-mrc,194,25056448,0.000625029839609,0.0397729208303,0.000765595345598,0.0397729208303,1
asymmetric_p2p_tornado_16mib,n-mrc,196,25221440,0.00083056001205,0.0402377816134,0.000625029839609,0.0397729208303,1
asymmetric_p2p_tornado_16mib,n-mrc,198,25336192,0.000765595345598,0.0399929312773,0.000765595345598,0.0398694415425,1
asymmetric_p2p_tornado_16mib,n-mrc,200,25031424,0.000491848310498,0.0396799486737,0.00083056001205,0.0398694415425,1
asymmetric_p2p_tornado_16mib,n-mrc,202,25213632,0.000859833854704,0.0398694415425,0.000765595345598,0.0398694415425,1
asymmetric_p2p_tornado_16mib,n-mrc,204,25352192,0.00103909799351,0.0393492232922,0.000687198319965,0.0398694415425,1
asymmetric_p2p_tornado_16mib,n-mrc,206,25001472,0.000522549990603,0.0403222372366,0.000859833854704,0.0398694415425,1
asymmetric_p2p_tornado_16mib,n-mrc,208,25238912,0.000687198319965,0.0402817837028,0.000687198319965,0.0399602845658,1
asymmetric_p2p_tornado_16mib,n-mrc,210,25335488,0.00135017404585,0.0394301303597,0.000687198319965,0.0402817837028,1
asymmetric_p2p_tornado_16mib,n-mrc,212,25031168,0.000377713753116,0.0399602845658,0.000799944160565,0.0399602845658,1
asymmetric_p2p_tornado_16mib,n-mrc,214,25221248,0.000799944160565,0.040372626726,0.000799944160565,0.0399595748547,1
asymmetric_p2p_tornado_16mib,n-mrc,216,25322432,0.0013696510493,0.0399595748547,0.000799944160565,0.0399602845658,1
asymmetric_p2p_tornado_16mib,n-mrc,218,25086400,0.000545871669577,0.0396778195403,0.000834095621395,0.0403215275254,1
asymmetric_p2p_tornado_16mib,n-mrc,220,25184320,0.000834095621395,0.0404102414153,0.000834095621395,0.0403215275254,1
asymmetric_p2p_tornado_16mib,n-mrc,222,25289856,0.00089140470367,0.0403215275254,0.000545871669577,0.040402434593,1
asymmetric_p2p_tornado_16mib,n-mrc,224,25111488,0.000416982082122,0.040402434593,0.000540453653954,0.0404102414153,1
asymmetric_p2p_tornado_16mib,n-mrc,226,25187328,0.000522879519211,0.0409694937773,0.000522879519211,0.0405401185501,1
asymmetric_p2p_tornado_16mib,n-mrc,228,25279680,0.000540453653954,0.0410596270894,0.000522879519211,0.0405401185501,1
asymmetric_p2p_tornado_16mib,n-mrc,230,25176192,0.000416982082122,0.0405401185501,0.000522879519211,0.0409694937773,1
asymmetric_p2p_tornado_16mib,n-mrc,232,25157440,0.000664156205027,0.040509600972,0.000445983463378,0.0405401185501,1
asymmetric_p2p_tornado_16mib,n-mrc,234,25254400,0.000445983463378,0.041158276935,0.000445983463378,0.0405401185501,1
asymmetric_p2p_tornado_16mib,n-mrc,236,25204992,0.000377773259024,0.0403236566588,0.000664156205027,0.0410546591116,1
asymmetric_p2p_tornado_16mib,n-mrc,238,25133184,0.00077222249142,0.0410546591116,0.000492158404791,0.041158276935,1
asymmetric_p2p_tornado_16mib,n-mrc,240,25259392,0.000877780917993,0.0412909929142,0.00077222249142,0.0412036984466,1
asymmetric_p2p_tornado_16mib,n-mrc,242,25199424,0.000492158404791,0.0412036984466,0.000833832748523,0.0412036984466,1
asymmetric_p2p_tornado_16mib,n-mrc,244,25154048,0.000833832748523,0.0412491199582,0.000833832748523,0.0412036984466,1
asymmetric_p2p_tornado_16mib,n-mrc,246,25229952,0.00119797305538,0.0406054119731,0.000630318310747,0.0411568575127,1
asymmetric_p2p_tornado_16mib,n-mrc,248,25187776,0.000546215959498,0.0411568575127,0.000833832748523,0.0411568575127,1
asymmetric_p2p_tornado_16mib,n-mrc,250,25158400,0.000630318310747,0.0408701342206,0.000630318310747,0.0408701342206,1
asymmetric_p2p_tornado_16mib,n-mrc,252,25225856,0.0010334812489,0.0413782873819,0.000625029839609,0.0408701342206,1
asymmetric_p2p_tornado_16mib,n-mrc,254,25179392,0.000445983463378,0.0406848996185,0.000630318310747,0.0407423862191,1
asymmetric_p2p_tornado_16mib,n-mrc,256,25192064,0.000625029839609,0.040181714435,0.000687198319965,0.0406848996185,1
asymmetric_p2p_tornado_16mib,n-mrc,258,25221312,0.00121815655455,0.0407423862191,0.000687198319965,0.0406565111737,1
asymmetric_p2p_tornado_16mib,n-mrc,260,25173760,0.000687198319965,0.0406565111737,0.000887426385509,0.0403293343477,1
asymmetric_p2p_tornado_16mib,n-mrc,262,25183808,0.000887426385509,0.0403151401254,0.000887426385509,0.040420177371,1
asymmetric_p2p_tornado_16mib,n-mrc,264,25238528,0.0010804814185,0.0403293343477,0.000887426385509,0.0403293343477,1
asymmetric_p2p_tornado_16mib,n-mrc,266,25187328,0.00077222249142,0.040420177371,0.000887426385509,0.0403293343477,1
asymmetric_p2p_tornado_16mib,n-mrc,268,25170496,0.00106492554975,0.039670012718,0.00098392910011,0.0403293343477,1
asymmetric_p2p_tornado_16mib,n-mrc,270,25230400,0.00068698170899,0.0404563726381,0.000876675226394,0.0401888115461,1
asymmetric_p2p_tornado_16mib,n-mrc,272,25178816,0.00098392910011,0.0401888115461,0.000876675226394,0.0400042866552,1
asymmetric_p2p_tornado_16mib,n-mrc,274,25184192,0.000876675226394,0.0392917366915,0.000771979118432,0.0400042866552,1
asymmetric_p2p_tornado_16mib,n-mrc,276,25224960,0.000771979118432,0.0400042866552,0.000833045123131,0.0397218216297,1
asymmetric_p2p_tornado_16mib,n-mrc,278,25234048,0.000770764550907,0.0397218216297,0.000771979118432,0.0396359465843,1
asymmetric_p2p_tornado_16mib,n-mrc,280,25129664,0.000833045123131,0.0393967739371,0.000771979118432,0.0397218216297,1
asymmetric_p2p_tornado_16mib,n-mrc,282,25237184,0.00075560603802,0.0396359465843,0.000770764550907,0.0396359465843,1
asymmetric_p2p_tornado_16mib,n-mrc,284,25254784,0.000982072338166,0.0397793082304,0.00075560603802,0.0396359465843,1
asymmetric_p2p_tornado_16mib,n-mrc,286,25095424,0.000522385382006,0.0395876862282,0.00075560603802,0.0397793082304,1
asymmetric_p2p_tornado_16mib,n-mrc,288,25234624,0.000630119722747,0.0399106047874,0.000630119722747,0.0399106047874,1
asymmetric_p2p_tornado_16mib,n-mrc,290,25272192,0.00101586730472,0.0405947663063,0.000630119722747,0.0404130802598,1
asymmetric_p2p_tornado_16mib,n-mrc,292,25061312,0.000416850687106,0.0405905080396,0.000818420605246,0.0405905080396,1
asymmetric_p2p_tornado_16mib,n-mrc,294,25266944,0.000818420605246,0.0404130802598,0.000818420605246,0.0405947663063,1
asymmetric_p2p_tornado_16mib,n-mrc,296,25277248,0.000940336615798,0.0405983148619,0.000818420605246,0.0405983148619,1
asymmetric_p2p_tornado_16mib,n-mrc,298,25048768,0.000704717295146,0.0406032828398,0.000932106472838,0.0406032828398,1
asymmetric_p2p_tornado_16mib,n-mrc,300,25258432,0.000932106472838,0.0408807798874,0.000932106472838,0.0408807798874,1
asymmetric_p2p_tornado_16mib,n-mrc,302,25268416,0.0011666192366,0.0412015693132,0.000704939463272,0.0408807798874,1
asymmetric_p2p_tornado_16mib,n-mrc,304,25047296,0.000664051522829,0.0411071777344,0.000932106472838,0.0408807798874,1
asymmetric_p2p_tornado_16mib,n-mrc,306,25243968,0.000704939463272,0.040831100109,0.000704939463272,0.0409162654433,1
asymmetric_p2p_tornado_16mib,n-mrc,308,25280192,0.000995992963833,0.0408779410429,0.000704939463272,0.0408779410429,1
asymmetric_p2p_tornado_16mib,n-mrc,310,25057152,0.000630715862504,0.0409162654433,0.000704939463272,0.0408360680868,1
asymmetric_p2p_tornado_16mib,n-mrc,312,25274880,0.000891685726591,0.0402306845022,0.000756321009827,0.0408360680868,1
asymmetric_p2p_tornado_16mib,n-mrc,314,25255680,0.000491848310498,0.0408360680868,0.000756321009827,0.0406373489735,1
asymmetric_p2p_tornado_16mib,n-mrc,316,25081664,0.000756321009827,0.0404655988826,0.000756321009827,0.0405408282613,1
asymmetric_p2p_tornado_16mib,n-mrc,318,25231680,0.00113703919125,0.0406373489735,0.00063051702396,0.0406373489735,1
asymmetric_p2p_tornado_16mib,n-mrc,320,25275712,0.000522549990603,0.0405408282613,0.000756321009827,0.0406373489735,1
asymmetric_p2p_tornado_16mib,n-mrc,322,25140672,0.00063051702396,0.0414180312046,0.00063051702396,0.0406785122184,1
asymmetric_p2p_tornado_16mib,n-mrc,324,25159488,0.000800322653189,0.0411022097565,0.000522549990603,0.0411022097565,1
asymmetric_p2p_tornado_16mib,n-mrc,326,25283328,0.00030512749911,0.0406785122184,0.00063051702396,0.0411022097565,1
asymmetric_p2p_tornado_16mib,n-mrc,328,25142080,0.000417113559998,0.0414187409157,0.000540113022958,0.0408339389535,1
asymmetric_p2p_tornado_16mib,n-mrc,330,25166400,0.000799944160565,0.0408339389535,0.000417113559998,0.0408339389535,1
asymmetric_p2p_tornado_16mib,n-mrc,332,25284096,0.000540113022958,0.0406025731286,0.000540113022958,0.0408807798874,1
asymmetric_p2p_tornado_16mib,n-mrc,334,25154560,0.00037801147027,0.0408807798874,0.000545871669577,0.0408339389535,1
asymmetric_p2p_tornado_16mib,n-mrc,336,25133120,0.000755844211712,0.0410163347111,0.000540113022958,0.0408807798874,1
asymmetric_p2p_tornado_16mib,n-mrc,338,25285120,0.000545871669577,0.0406863190407,0.000545871669577,0.0410163347111,1
asymmetric_p2p_tornado_16mib,n-mrc,340,25162112,0.000377951889299,0.0410227221112,0.000610399266542,0.0410163347111,1
asymmetric_p2p_tornado_16mib,n-mrc,342,25124416,0.00063051702396,0.0411142748456,0.000610206923934,0.040968074355,1
asymmetric_p2p_tornado_16mib,n-mrc,344,25296576,0.000610399266542,0.0406430266624,0.000610399266542,0.040968074355,1
asymmetric_p2p_tornado_16mib,n-mrc,346,25170944,0.000610206923934,0.040968074355,0.000625325292145,0.0406430266624,1
asymmetric_p2p_tornado_16mib,n-mrc,348,25136256,0.000625325292145,0.0405117301054,0.000625325292145,0.0405117301054,1
asymmetric_p2p_tornado_16mib,n-mrc,350,21115648,0.00136127556015,0.0296318586483,0.00136127556015,0.0296318586483,1
asymmetric_p2p_tornado_16mib,n-mrc,352,7273792,0.00172555651898,0.0257369640262,0.00143913305119,0.0277717058049,1
asymmetric_p2p_tornado_16mib,n-mrc,354,6237760,0.00159833307898,0.0268178540607,0.00143913305119,0.0277717058049,1
asymmetric_p2p_tornado_16mib,n-mrc,356,6089088,0.00143913305119,0.0277717058049,0.00159833307898,0.0277717058049,1
asymmetric_p2p_tornado_16mib,n-mrc,358,6086080,0.0013835831686,0.027909389762,0.00159753496256,0.0277717058049,1
asymmetric_p2p_tornado_16mib,n-mrc,360,6082624,0.00190013921868,0.0281407555868,0.00159753496256,0.0277717058049,1
asymmetric_p2p_tornado_16mib,n-mrc,362,6098816,0.00159753496256,0.0268022404161,0.00179860346549,0.0268022404161,1
asymmetric_p2p_tornado_16mib,n-mrc,364,6082240,0.00212132034356,0.0251876476199,0.00190013921868,0.0251876476199,1
asymmetric_p2p_tornado_16mib,n-mrc,366,6107328,0.00179860346549,0.020067081895,0.00212132034356,0.020067081895,1
asymmetric_p2p_tornado_16mib,n-mrc,368,5882048,0.00380458956473,0.0131012672602,0.00380458956473,0.0131012672602,1
asymmetric_p2p_tornado_16mib,n-mrc,370,5280320,0.00390087128115,0.00678128974382,0.00390087128115,0.00678128974382,1
asymmetric_p2p_tornado_16mib,n-mrc,372,3523392,0.00545181568152,0.00272174214208,0.00545181568152,0.00272174214208,1
asymmetric_p2p_tornado_16mib,n-mrc,374,1858112,0.0103820372566,0.00138393668241,0.0103820372566,0.00138393668241,1
asymmetric_p2p_tornado_16mib,n-mrc,376,1048896,0.014630805949,0.00032291855923,0.014630805949,0.00032291855923,1
asymmetric_p2p_tornado_16mib,n-mrc,378,326016,0.0189624222199,9.22624454942e-05,0.0189624222199,9.22624454942e-05,1
asymmetric_p2p_tornado_16mib,n-mrc,380,78400,0.0236762327196,0,0.0236762327196,0,1
asymmetric_p2p_tornado_16mib,n-mrc,382,4800,0.0250283913141,0,0.0250283913141,0,1
asymmetric_p2p_tornado_16mib,n-mrc,384,1088,0.0291138364064,0,0.0291138364064,0,1
asymmetric_p2p_tornado_16mib,n-mrc,386,0,0.0313522266165,0,0.0313522266165,0,0
asymmetric_p2p_tornado_16mib,n-mrc,388,0,0.0372931234293,0,0.0372931234293,0,0
asymmetric_p2p_tornado_16mib,n-mrc,390,0,0.0447416793051,0,0.0447416793051,0,0
asymmetric_p2p_tornado_16mib,n-mrc,392,0,0.0509275481923,0,0.0509275481923,0,0
asymmetric_p2p_tornado_16mib,n-mrc,394,0,0.0647132948604,0,0.0647132948604,0,0
asymmetric_p2p_tornado_16mib,n-mrc,396,0,0.093378674475,0,0.093378674475,0,0
asymmetric_p2p_tornado_16mib,n-mrc,398,0,0.133769867317,0,0.133769867317,0,0
asymmetric_p2p_tornado_16mib,n-mrc,400,0,0.247804295966,0,0.247804295966,0,0
asymmetric_p2p_tornado_16mib,n-mrc,402,0,0.398044709751,0,0.398044709751,0,0
asymmetric_p2p_tornado_16mib,n-mrc,404,0,0.767192946941,0,0.398044709751,0,0
asymmetric_p2p_tornado_16mib,n-mrc,406,0,1.85592145428,0,0.398044709751,0,0
asymmetric_p2p_tornado_16mib,n-mrc,408,0,0,0,0,0,0
asymmetric_p2p_tornado_16mib,n-mrc,410,0,0,0,0,0,0
asymmetric_p2p_tornado_16mib,n-mrc,412,0,0,0,0,0,0
asymmetric_p2p_tornado_16mib,n-mrc,414,0,0,0,0,0,0
asymmetric_p2p_tornado_16mib,n-mrc,416,0,0,0,0,0,0
asymmetric_p2p_tornado_16mib,n-mrc,418,0,0,0,0,0,0
asymmetric_p2p_tornado_16mib,n-mrc,420,0,0,0,0,0,0
asymmetric_p2p_tornado_16mib,n-mrc,422,0,0,0,0,0,0
asymmetric_p2p_tornado_16mib,n-mrc,424,0,0,0,0,0,0
asymmetric_p2p_tornado_16mib,n-mrc,426,0,0,0,0,0,0
asymmetric_p2p_tornado_16mib,n-mrc,428,0,0,0,0,0,0
asymmetric_p2p_tornado_16mib,n-mrc,430,0,0,0,0,0,0
asymmetric_p2p_tornado_16mib,n-mrc,432,0,0,0,0,0,0
asymmetric_p2p_tornado_16mib,n-mrc,434,0,0,0,0,0,0
asymmetric_p2p_tornado_16mib,n-mrc,436,0,0,0,0,0,0
asymmetric_p2p_tornado_16mib,n-mrc,438,0,0,0,0,0,0
asymmetric_p2p_tornado_16mib,n-mrc,440,0,0,0,0,0,0
asymmetric_p2p_tornado_16mib,n-mrc,442,0,0,0,0,0,0
asymmetric_p2p_tornado_16mib,n-mrc,444,0,0,0,0,0,0
asymmetric_p2p_tornado_16mib,n-mrc,446,0,0,0,0,0,0
asymmetric_p2p_tornado_16mib,n-mrc,448,0,0,0,0,0,0
asymmetric_p2p_tornado_16mib,n-mrc,450,0,0,0,0,0,0
asymmetric_p2p_tornado_16mib,n-mrc,452,0,0,0,0,0,0
asymmetric_p2p_tornado_16mib,n-mrc,454,0,0,0,0,0,0
asymmetric_p2p_tornado_16mib,n-mrc,456,0,0,0,0,0,0
asymmetric_p2p_tornado_16mib,n-mrc,458,0,0,0,0,0,0
asymmetric_p2p_tornado_16mib,n-mrc,460,0,0,0,0,0,0
asymmetric_p2p_tornado_16mib,n-mrc,462,0,0,0,0,0,0
asymmetric_p2p_tornado_16mib,n-mrc,464,0,0,0,0,0,0
asymmetric_p2p_tornado_16mib,n-mrc,466,0,0,0,0,0,0
asymmetric_p2p_tornado_16mib,n-mrc,468,0,0,0,0,0,0
asymmetric_p2p_tornado_16mib,n-mrc,470,0,0,0,0,0,0
asymmetric_p2p_tornado_16mib,n-mrc,472,0,0,0,0,0,0
asymmetric_p2p_tornado_16mib,n-mrc,474,0,0,0,0,0,0
asymmetric_p2p_tornado_16mib,n-mrc,476,0,0,0,0,0,0
asymmetric_p2p_tornado_16mib,n-mrc,478,0,0,0,0,0,0
asymmetric_p2p_tornado_16mib,n-mrc,480,0,0,0,0,0,0
asymmetric_p2p_tornado_16mib,n-mrc,482,0,0,0,0,0,0
asymmetric_p2p_tornado_16mib,n-mrc,484,0,0,0,0,0,0
asymmetric_p2p_tornado_16mib,n-mrc,486,0,0,0,0,0,0
asymmetric_p2p_tornado_16mib,n-mrc,488,0,0,0,0,0,0
asymmetric_p2p_tornado_16mib,n-mrc,490,0,0,0,0,0,0
asymmetric_p2p_tornado_16mib,n-mrc,492,0,0,0,0,0,0
asymmetric_p2p_tornado_16mib,n-mrc,494,0,0,0,0,0,0
asymmetric_p2p_tornado_16mib,n-mrc,496,0,0,0,0,0,0
asymmetric_p2p_tornado_16mib,n-mrc,498,0,0,0,0,0,0
asymmetric_p2p_tornado_16mib,n-mrc,500,0,0,0,0,0,0
asymmetric_p2p_tornado_16mib,n-mrc,502,0,0,0,0,0,0
asymmetric_p2p_tornado_16mib,n-mrc,504,0,0,0,0,0,0
asymmetric_p2p_tornado_16mib,n-mrc,506,0,0,0,0,0,0
asymmetric_p2p_tornado_16mib,n-mrc,508,0,0,0,0,0,0
asymmetric_p2p_tornado_16mib,n-mrc,510,0,0,0,0,0,0
asymmetric_p2p_tornado_16mib,n-mrc,512,0,0,0,0,0,0
asymmetric_p2p_tornado_16mib,n-mrc,514,0,0,0,0,0,0
asymmetric_p2p_tornado_16mib,n-mrc,516,0,0,0,0,0,0
asymmetric_p2p_tornado_16mib,n-mrc,518,0,0,0,0,0,0
asymmetric_p2p_tornado_16mib,n-mrc,520,0,0,0,0,0,0
asymmetric_p2p_tornado_16mib,n-mrc,522,0,0,0,0,0,0
asymmetric_p2p_tornado_16mib,n-mrc,524,0,0,0,0,0,0
asymmetric_p2p_tornado_16mib,n-mrc,526,0,0,0,0,0,0
asymmetric_p2p_tornado_16mib,n-mrc,528,0,0,0,0,0,0
asymmetric_p2p_tornado_16mib,n-mrc,530,0,0,0,0,0,0
asymmetric_p2p_tornado_16mib,n-mrc,532,0,0,0,0,0,0
asymmetric_p2p_tornado_16mib,n-mrc,534,0,0,0,0,0,0
asymmetric_p2p_tornado_16mib,n-mrc,536,0,0,0,0,0,0
asymmetric_p2p_tornado_16mib,n-mrc,538,0,0,0,0,0,0
asymmetric_p2p_tornado_16mib,n-mrc,540,0,0,0,0,0,0
asymmetric_p2p_tornado_16mib,n-mrc,542,0,0,0,0,0,0
asymmetric_p2p_tornado_16mib,n-mrc,544,0,0,0,0,0,0
asymmetric_p2p_tornado_16mib,n-mrc,546,0,0,0,0,0,0
asymmetric_p2p_tornado_16mib,n-mrc,548,0,0,0,0,0,0
asymmetric_p2p_tornado_16mib,n-mrc,550,0,0,0,0,0,0
asymmetric_p2p_tornado_16mib,n-mrc,552,0,0,0,0,0,0
asymmetric_p2p_tornado_16mib,n-mrc,554,0,0,0,0,0,0
asymmetric_p2p_tornado_16mib,n-mrc,556,0,0,0,0,0,0
asymmetric_p2p_tornado_16mib,n-mrc,558,0,0,0,0,0,0
asymmetric_p2p_tornado_16mib,n-mrc,560,0,0,0,0,0,0
asymmetric_p2p_tornado_16mib,n-mrc,562,0,0,0,0,0,0
asymmetric_p2p_tornado_16mib,n-mrc,564,0,0,0,0,0,0
asymmetric_p2p_tornado_16mib,n-mrc,566,0,0,0,0,0,0
asymmetric_p2p_tornado_16mib,n-mrc,568,0,0,0,0,0,0
asymmetric_p2p_tornado_16mib,n-mrc,570,0,0,0,0,0,0
asymmetric_p2p_tornado_16mib,n-mrc,572,0,0,0,0,0,0
asymmetric_p2p_tornado_16mib,n-mrc,574,0,0,0,0,0,0
asymmetric_p2p_tornado_16mib,n-mrc,576,0,0,0,0,0,0
asymmetric_p2p_tornado_16mib,n-mrc,578,0,0,0,0,0,0
asymmetric_p2p_tornado_16mib,n-mrc,580,0,0,0,0,0,0
asymmetric_p2p_tornado_16mib,n-mrc,582,0,0,0,0,0,0
asymmetric_p2p_tornado_16mib,n-mrc,584,0,0,0,0,0,0
asymmetric_p2p_tornado_16mib,n-mrc,586,0,0,0,0,0,0
asymmetric_p2p_tornado_16mib,n-mrc,588,0,0,0,0,0,0
asymmetric_p2p_tornado_16mib,n-mrc,590,0,0,0,0,0,0
asymmetric_p2p_tornado_16mib,n-mrc,592,0,0,0,0,0,0
asymmetric_p2p_tornado_16mib,n-mrc,594,0,0,0,0,0,0
asymmetric_p2p_tornado_16mib,n-mrc,596,0,0,0,0,0,0
asymmetric_p2p_tornado_16mib,n-mrc,598,0,0,0,0,0,0
asymmetric_p2p_tornado_16mib,n-mrc,600,0,0,0,0,0,0
asymmetric_p2p_tornado_16mib,n-mrc,602,0,0,0,0,0,0
asymmetric_p2p_tornado_16mib,n-mrc,604,0,0,0,0,0,0
asymmetric_p2p_tornado_16mib,n-mrc,606,0,0,0,0,0,0
asymmetric_p2p_tornado_16mib,n-mrc,608,0,0,0,0,0,0
asymmetric_p2p_tornado_16mib,n-mrc,610,0,0,0,0,0,0
asymmetric_p2p_tornado_16mib,n-mrc,612,0,0,0,0,0,0
asymmetric_p2p_tornado_16mib,n-mrc,614,0,0,0,0,0,0
asymmetric_p2p_tornado_16mib,n-mrc,616,0,0,0,0,0,0
asymmetric_p2p_tornado_16mib,n-mrc,618,0,0,0,0,0,0
asymmetric_p2p_tornado_16mib,n-mrc,620,0,0,0,0,0,0
asymmetric_p2p_tornado_16mib,n-mrc,622,0,0,0,0,0,0
asymmetric_p2p_tornado_16mib,n-mrc,624,0,0,0,0,0,0
asymmetric_p2p_tornado_16mib,n-mrc,626,0,0,0,0,0,0
asymmetric_p2p_tornado_16mib,n-mrc,628,0,0,0,0,0,0
asymmetric_p2p_tornado_16mib,n-mrc,630,0,0,0,0,0,0
asymmetric_p2p_tornado_16mib,n-mrc,632,0,0,0,0,0,0
asymmetric_p2p_tornado_16mib,n-mrc,634,0,0,0,0,0,0
asymmetric_p2p_tornado_16mib,n-mrc,636,0,0,0,0,0,0
asymmetric_p2p_tornado_16mib,n-mrc,638,0,0,0,0,0,0
asymmetric_p2p_tornado_16mib,n-mrc,640,0,0,0,0,0,0
asymmetric_p2p_tornado_16mib,n-mrc,642,0,0,0,0,0,0
asymmetric_p2p_tornado_16mib,n-mrc,644,0,0,0,0,0,0
asymmetric_p2p_tornado_16mib,n-mrc,646,0,0,0,0,0,0
asymmetric_p2p_tornado_16mib,n-mrc,648,0,0,0,0,0,0
asymmetric_p2p_tornado_16mib,n-mrc,650,0,0,0,0,0,0
asymmetric_p2p_tornado_16mib,n-mrc,652,0,0,0,0,0,0
asymmetric_p2p_tornado_16mib,n-mrc,654,0,0,0,0,0,0
asymmetric_p2p_tornado_16mib,n-mrc,656,0,0,0,0,0,0
asymmetric_p2p_tornado_16mib,n-mrc,658,0,0,0,0,0,0
asymmetric_p2p_tornado_16mib,n-mrc,660,0,0,0,0,0,0
asymmetric_p2p_tornado_16mib,n-mrc,662,0,0,0,0,0,0
asymmetric_p2p_tornado_16mib,n-mrc,664,0,0,0,0,0,0
asymmetric_p2p_tornado_16mib,n-mrc,666,0,0,0,0,0,0
asymmetric_p2p_tornado_16mib,n-mrc,668,0,0,0,0,0,0
asymmetric_p2p_tornado_16mib,n-mrc,670,0,0,0,0,0,0
asymmetric_p2p_tornado_16mib,n-mrc,672,0,0,0,0,0,0
asymmetric_p2p_tornado_16mib,n-mrc,674,0,0,0,0,0,0
asymmetric_p2p_tornado_16mib,n-mrc,676,0,0,0,0,0,0
asymmetric_p2p_tornado_16mib,n-mrc,678,0,0,0,0,0,0
asymmetric_p2p_tornado_16mib,n-mrc,680,0,0,0,0,0,0
asymmetric_p2p_tornado_16mib,n-mrc,682,0,0,0,0,0,0
asymmetric_p2p_tornado_16mib,n-mrc,684,0,0,0,0,0,0
asymmetric_p2p_tornado_16mib,n-mrc,686,0,0,0,0,0,0
asymmetric_p2p_tornado_16mib,n-mrc,688,0,0,0,0,0,0
asymmetric_p2p_tornado_16mib,n-mrc,690,0,0,0,0,0,0
asymmetric_p2p_tornado_16mib,n-mrc,692,0,0,0,0,0,0
asymmetric_p2p_tornado_16mib,n-mrc,694,0,0,0,0,0,0
asymmetric_p2p_tornado_16mib,n-mrc,696,0,0,0,0,0,0
asymmetric_p2p_tornado_16mib,n-mrc,698,0,0,0,0,0,0
asymmetric_p2p_tornado_16mib,n-mrc,700,0,0,0,0,0,0
asymmetric_p2p_tornado_16mib,n-mrc,702,0,0,0,0,0,0
asymmetric_p2p_tornado_16mib,n-mrc,704,0,0,0,0,0,0
asymmetric_p2p_tornado_16mib,n-mrc,706,0,0,0,0,0,0
asymmetric_p2p_tornado_16mib,n-mrc,708,0,0,0,0,0,0
asymmetric_p2p_tornado_16mib,n-mrc,710,0,0,0,0,0,0
asymmetric_p2p_tornado_16mib,n-mrc,712,0,0,0,0,0,0
asymmetric_p2p_tornado_16mib,n-mrc,714,0,0,0,0,0,0
asymmetric_p2p_tornado_16mib,n-mrc,716,0,0,0,0,0,0
asymmetric_p2p_tornado_16mib,n-mrc,718,0,0,0,0,0,0
asymmetric_p2p_tornado_16mib,n-mrc,720,0,0,0,0,0,0
asymmetric_p2p_tornado_16mib,n-mrc,722,0,0,0,0,0,0
asymmetric_p2p_tornado_16mib,n-mrc,724,0,0,0,0,0,0
asymmetric_p2p_tornado_16mib,n-mrc,726,0,0,0,0,0,0
asymmetric_p2p_tornado_16mib,n-mrc,728,0,0,0,0,0,0
asymmetric_p2p_tornado_16mib,n-mrc,730,0,0,0,0,0,0
asymmetric_p2p_tornado_16mib,n-mrc,732,0,0,0,0,0,0
asymmetric_p2p_tornado_16mib,n-mrc,734,0,0,0,0,0,0
asymmetric_p2p_tornado_16mib,n-mrc,736,0,0,0,0,0,0
asymmetric_p2p_tornado_16mib,n-mrc,738,0,0,0,0,0,0
asymmetric_p2p_tornado_16mib,n-mrc,740,0,0,0,0,0,0
asymmetric_p2p_tornado_16mib,n-mrc,742,0,0,0,0,0,0
asymmetric_p2p_tornado_16mib,n-mrc,744,0,0,0,0,0,0
asymmetric_p2p_tornado_16mib,n-mrc,746,0,0,0,0,0,0
asymmetric_p2p_tornado_16mib,n-mrc,748,0,0,0,0,0,0
asymmetric_p2p_tornado_16mib,n-mrc,750,0,0,0,0,0,0
asymmetric_p2p_tornado_16mib,n-mrc,752,0,0,0,0,0,0
asymmetric_p2p_tornado_16mib,n-mrc,754,0,0,0,0,0,0
asymmetric_p2p_tornado_16mib,n-mrc,756,0,0,0,0,0,0
asymmetric_p2p_tornado_16mib,n-mrc,758,0,0,0,0,0,0
asymmetric_p2p_tornado_16mib,n-mrc,760,0,0,0,0,0,0
asymmetric_p2p_tornado_16mib,n-mrc,762,0,0,0,0,0,0
asymmetric_p2p_tornado_16mib,n-mrc,764,0,0,0,0,0,0
asymmetric_p2p_tornado_16mib,n-mrc,766,0,0,0,0,0,0
asymmetric_p2p_tornado_16mib,n-mrc,768,0,0,0,0,0,0
asymmetric_p2p_tornado_16mib,n-mrc,770,0,0,0,0,0,0
asymmetric_p2p_tornado_16mib,n-mrc,772,0,0,0,0,0,0
asymmetric_p2p_tornado_16mib,n-mrc,774,0,0,0,0,0,0
asymmetric_p2p_tornado_16mib,n-mrc,776,0,0,0,0,0,0
asymmetric_p2p_tornado_16mib,n-mrc,778,0,0,0,0,0,0
asymmetric_p2p_tornado_16mib,n-mrc,780,0,0,0,0,0,0
asymmetric_p2p_tornado_16mib,n-mrc,782,0,0,0,0,0,0
asymmetric_p2p_tornado_16mib,n-mrc,784,0,0,0,0,0,0
asymmetric_p2p_tornado_16mib,n-mrc,786,0,0,0,0,0,0
asymmetric_p2p_tornado_16mib,n-mrc,788,0,0,0,0,0,0
asymmetric_p2p_tornado_16mib,n-mrc,790,0,0,0,0,0,0
asymmetric_p2p_tornado_16mib,n-mrc,792,0,0,0,0,0,0
asymmetric_p2p_tornado_16mib,n-mrc,794,0,0,0,0,0,0
asymmetric_p2p_tornado_16mib,n-mrc,796,0,0,0,0,0,0
asymmetric_p2p_tornado_16mib,n-mrc,798,0,0,0,0,0,0
asymmetric_p2p_tornado_16mib,n-mrc,800,0,0,0,0,0,0
asymmetric_p2p_tornado_16mib,n-mrc,802,0,0,0,0,0,0
asymmetric_p2p_tornado_16mib,n-mrc,804,0,0,0,0,0,0
asymmetric_p2p_tornado_16mib,n-mrc,806,0,0,0,0,0,0
asymmetric_p2p_tornado_16mib,n-mrc,808,0,0,0,0,0,0
asymmetric_p2p_tornado_16mib,n-mrc,810,0,0,0,0,0,0
asymmetric_p2p_tornado_16mib,n-mrc,812,0,0,0,0,0,0
asymmetric_p2p_tornado_16mib,n-mrc,814,0,0,0,0,0,0
asymmetric_p2p_tornado_16mib,n-mrc,816,0,0,0,0,0,0
asymmetric_p2p_tornado_16mib,n-mrc,818,0,0,0,0,0,0
asymmetric_p2p_tornado_16mib,n-mrc,820,0,0,0,0,0,0
asymmetric_p2p_tornado_16mib,n-mrc,822,0,0,0,0,0,0
asymmetric_p2p_tornado_16mib,n-mrc,824,0,0,0,0,0,0
asymmetric_p2p_tornado_16mib,n-mrc,826,0,0,0,0,0,0
asymmetric_p2p_tornado_16mib,n-mrc,828,0,0,0,0,0,0
asymmetric_p2p_tornado_16mib,n-mrc,830,0,0,0,0,0,0
asymmetric_p2p_tornado_16mib,n-mrc,832,0,0,0,0,0,0
asymmetric_p2p_tornado_16mib,n-mrc,834,0,0,0,0,0,0
asymmetric_p2p_tornado_16mib,n-mrc,836,0,0,0,0,0,0
asymmetric_p2p_tornado_16mib,n-mrc,838,0,0,0,0,0,0
asymmetric_p2p_tornado_16mib,n-mrc,840,0,0,0,0,0,0
asymmetric_p2p_tornado_16mib,n-mrc,842,0,0,0,0,0,0
asymmetric_p2p_tornado_16mib,n-mrc,844,0,0,0,0,0,0
asymmetric_p2p_tornado_16mib,n-mrc,846,0,0,0,0,0,0
asymmetric_p2p_tornado_16mib,n-mrc,848,0,0,0,0,0,0
asymmetric_p2p_tornado_16mib,n-mrc,850,0,0,0,0,0,0
asymmetric_p2p_tornado_16mib,n-mrc,852,0,0,0,0,0,0
asymmetric_p2p_tornado_16mib,n-mrc,854,0,0,0,0,0,0
asymmetric_p2p_tornado_16mib,n-mrc,856,0,0,0,0,0,0
asymmetric_p2p_tornado_16mib,n-mrc,858,0,0,0,0,0,0
asymmetric_p2p_tornado_16mib,n-mrc,860,0,0,0,0,0,0
asymmetric_p2p_tornado_16mib,n-mrc,862,0,0,0,0,0,0
asymmetric_p2p_tornado_16mib,n-mrc,864,0,0,0,0,0,0
asymmetric_p2p_tornado_16mib,n-mrc,866,0,0,0,0,0,0
asymmetric_p2p_tornado_16mib,n-mrc,868,0,0,0,0,0,0
asymmetric_p2p_tornado_16mib,n-mrc,870,0,0,0,0,0,0
asymmetric_p2p_tornado_16mib,n-mrc,872,0,0,0,0,0,0
asymmetric_p2p_tornado_16mib,n-mrc,874,0,0,0,0,0,0
asymmetric_p2p_tornado_16mib,n-mrc,876,0,0,0,0,0,0
asymmetric_p2p_tornado_16mib,n-mrc,878,0,0,0,0,0,0
asymmetric_p2p_tornado_16mib,n-mrc,880,0,0,0,0,0,0
asymmetric_p2p_tornado_16mib,n-mrc,882,0,0,0,0,0,0
asymmetric_p2p_tornado_16mib,n-mrc,884,0,0,0,0,0,0
asymmetric_p2p_tornado_16mib,n-mrc,886,0,0,0,0,0,0
asymmetric_p2p_tornado_16mib,n-mrc,888,0,0,0,0,0,0
asymmetric_p2p_tornado_16mib,n-mrc,890,0,0,0,0,0,0
asymmetric_p2p_tornado_16mib,n-mrc,892,0,0,0,0,0,0
asymmetric_p2p_tornado_16mib,n-mrc,894,0,0,0,0,0,0
asymmetric_p2p_tornado_16mib,n-mrc,896,0,0,0,0,0,0
asymmetric_p2p_tornado_16mib,n-mrc,898,0,0,0,0,0,0
asymmetric_p2p_tornado_16mib,n-mrc,900,0,0,0,0,0,0
asymmetric_p2p_tornado_16mib,n-mrc,902,0,0,0,0,0,0
asymmetric_p2p_tornado_16mib,n-mrc,904,0,0,0,0,0,0
asymmetric_p2p_tornado_16mib,n-mrc,906,0,0,0,0,0,0
asymmetric_p2p_tornado_16mib,n-mrc,908,0,0,0,0,0,0
asymmetric_p2p_tornado_16mib,n-mrc,910,0,0,0,0,0,0
asymmetric_p2p_tornado_16mib,n-mrc,912,0,0,0,0,0,0
asymmetric_p2p_tornado_16mib,n-mrc,914,0,0,0,0,0,0
asymmetric_p2p_tornado_16mib,n-mrc,916,0,0,0,0,0,0
asymmetric_p2p_tornado_16mib,n-mrc,918,0,0,0,0,0,0
asymmetric_p2p_tornado_16mib,n-mrc,920,0,0,0,0,0,0
asymmetric_p2p_tornado_16mib,n-mrc,922,0,0,0,0,0,0
asymmetric_p2p_tornado_16mib,n-mrc,924,0,0,0,0,0,0
asymmetric_p2p_tornado_16mib,n-mrc,926,0,0,0,0,0,0
asymmetric_p2p_tornado_16mib,n-mrc,928,0,0,0,0,0,0
asymmetric_p2p_tornado_16mib,n-mrc,930,0,0,0,0,0,0
asymmetric_p2p_tornado_16mib,n-mrc,932,0,0,0,0,0,0
asymmetric_p2p_tornado_16mib,n-mrc,934,0,0,0,0,0,0
asymmetric_p2p_tornado_16mib,n-mrc,936,0,0,0,0,0,0
asymmetric_p2p_tornado_16mib,n-mrc,938,0,0,0,0,0,0
asymmetric_p2p_tornado_16mib,n-mrc,940,0,0,0,0,0,0
asymmetric_p2p_tornado_16mib,n-mrc,942,0,0,0,0,0,0
asymmetric_p2p_tornado_16mib,n-mrc,944,0,0,0,0,0,0
asymmetric_p2p_tornado_16mib,n-mrc,946,0,0,0,0,0,0
asymmetric_p2p_tornado_16mib,n-mrc,948,0,0,0,0,0,0
asymmetric_p2p_tornado_16mib,n-mrc,950,0,0,0,0,0,0
asymmetric_p2p_tornado_16mib,n-mrc,952,0,0,0,0,0,0
asymmetric_p2p_tornado_16mib,n-mrc,954,0,0,0,0,0,0
asymmetric_p2p_tornado_16mib,n-mrc,956,0,0,0,0,0,0
asymmetric_p2p_tornado_16mib,n-mrc,958,0,0,0,0,0,0
asymmetric_p2p_tornado_16mib,n-mrc,960,0,0,0,0,0,0
asymmetric_p2p_tornado_16mib,n-mrc,962,0,0,0,0,0,0
asymmetric_p2p_tornado_16mib,n-mrc,964,0,0,0,0,0,0
asymmetric_p2p_tornado_16mib,n-mrc,966,0,0,0,0,0,0
asymmetric_p2p_tornado_16mib,n-mrc,968,0,0,0,0,0,0
asymmetric_p2p_tornado_16mib,n-mrc,970,0,0,0,0,0,0
asymmetric_p2p_tornado_16mib,n-mrc,972,0,0,0,0,0,0
asymmetric_p2p_tornado_16mib,n-mrc,974,0,0,0,0,0,0
asymmetric_p2p_tornado_16mib,n-mrc,976,0,0,0,0,0,0
asymmetric_p2p_tornado_16mib,n-mrc,978,0,0,0,0,0,0
asymmetric_p2p_tornado_16mib,n-mrc,980,0,0,0,0,0,0
asymmetric_p2p_tornado_16mib,n-mrc,982,0,0,0,0,0,0
asymmetric_p2p_tornado_16mib,n-mrc,984,0,0,0,0,0,0
asymmetric_p2p_tornado_16mib,n-mrc,986,0,0,0,0,0,0
asymmetric_p2p_tornado_16mib,n-mrc,988,0,0,0,0,0,0
asymmetric_p2p_tornado_16mib,n-mrc,990,0,0,0,0,0,0
asymmetric_p2p_tornado_16mib,n-mrc,992,0,0,0,0,0,0
asymmetric_p2p_tornado_16mib,n-mrc,994,0,0,0,0,0,0
asymmetric_p2p_tornado_16mib,n-mrc,996,0,0,0,0,0,0
asymmetric_p2p_tornado_16mib,n-mrc,998,0,0,0,0,0,0
asymmetric_p2p_tornado_16mib,n-mrc,1000,0,0,0,0,0,0
asymmetric_p2p_tornado_16mib,n-mrc,1002,0,0,0,0,0,0
asymmetric_p2p_tornado_16mib,n-mrc,1004,0,0,0,0,0,0
asymmetric_p2p_tornado_16mib,n-mrc,1006,0,0,0,0,0,0
asymmetric_p2p_tornado_16mib,n-mrc,1008,0,0,0,0,0,0
asymmetric_p2p_tornado_16mib,n-mrc,1010,0,0,0,0,0,0
asymmetric_p2p_tornado_16mib,n-mrc,1012,0,0,0,0,0,0
asymmetric_p2p_tornado_16mib,n-mrc,1014,0,0,0,0,0,0
asymmetric_p2p_tornado_16mib,n-mrc,1016,0,0,0,0,0,0
asymmetric_p2p_tornado_16mib,n-mrc,1018,0,0,0,0,0,0
asymmetric_p2p_tornado_16mib,n-mrc,1020,0,0,0,0,0,0
asymmetric_p2p_tornado_16mib,n-mrc,1022,0,0,0,0,0,0
asymmetric_p2p_tornado_16mib,n-mrc,1024,0,0,0,0,0,0
asymmetric_p2p_tornado_16mib,n-mrc,1026,0,0,0,0,0,0
asymmetric_p2p_tornado_16mib,n-mrc,1028,0,0,0,0,0,0
asymmetric_p2p_tornado_16mib,n-mrc,1030,0,0,0,0,0,0
asymmetric_p2p_tornado_16mib,n-mrc,1032,0,0,0,0,0,0
asymmetric_p2p_tornado_16mib,n-mrc,1034,0,0,0,0,0,0
asymmetric_p2p_tornado_16mib,n-mrc,1036,0,0,0,0,0,0
asymmetric_p2p_tornado_16mib,n-mrc,1038,0,0,0,0,0,0
asymmetric_p2p_tornado_16mib,n-mrc,1040,0,0,0,0,0,0
asymmetric_p2p_tornado_16mib,n-mrc,1042,0,0,0,0,0,0
asymmetric_p2p_tornado_16mib,n-mrc,1044,0,0,0,0,0,0
asymmetric_p2p_tornado_16mib,n-mrc,1046,0,0,0,0,0,0
asymmetric_p2p_tornado_16mib,n-mrc,1048,0,0,0,0,0,0
asymmetric_p2p_tornado_16mib,n-mrc,1050,0,0,0,0,0,0
asymmetric_p2p_tornado_16mib,n-mrc,1052,0,0,0,0,0,0
asymmetric_p2p_tornado_16mib,n-mrc,1054,0,0,0,0,0,0
asymmetric_p2p_tornado_16mib,n-mrc,1056,0,0,0,0,0,0
asymmetric_p2p_tornado_16mib,n-mrc,1058,0,0,0,0,0,0
asymmetric_p2p_tornado_16mib,n-mrc,1060,0,0,0,0,0,0
asymmetric_p2p_tornado_16mib,n-mrc,1062,0,0,0,0,0,0
asymmetric_p2p_tornado_16mib,n-mrc,1064,0,0,0,0,0,0
asymmetric_p2p_tornado_16mib,n-mrc,1066,0,0,0,0,0,0
asymmetric_p2p_tornado_16mib,n-mrc,1068,0,0,0,0,0,0
asymmetric_p2p_tornado_16mib,n-mrc,1070,0,0,0,0,0,0
asymmetric_p2p_tornado_16mib,n-mrc,1072,0,0,0,0,0,0
asymmetric_p2p_tornado_16mib,n-mrc,1074,0,0,0,0,0,0
asymmetric_p2p_tornado_16mib,n-mrc,1076,0,0,0,0,0,0
asymmetric_p2p_tornado_16mib,n-mrc,1078,0,0,0,0,0,0
asymmetric_p2p_tornado_16mib,n-mrc,1080,0,0,0,0,0,0
asymmetric_p2p_tornado_16mib,n-mrc,1082,0,0,0,0,0,0
asymmetric_p2p_tornado_16mib,n-mrc,1084,0,0,0,0,0,0
asymmetric_p2p_tornado_16mib,n-mrc,1086,0,0,0,0,0,0
asymmetric_p2p_tornado_16mib,n-mrc,1088,0,0,0,0,0,0
asymmetric_p2p_tornado_16mib,n-mrc,1090,0,0,0,0,0,0
asymmetric_p2p_tornado_16mib,n-mrc,1092,0,0,0,0,0,0
asymmetric_p2p_tornado_16mib,n-mrc,1094,0,0,0,0,0,0
asymmetric_p2p_tornado_16mib,n-mrc,1096,0,0,0,0,0,0
asymmetric_p2p_tornado_16mib,n-mrc,1098,0,0,0,0,0,0
asymmetric_p2p_tornado_16mib,n-mrc,1100,0,0,0,0,0,0
asymmetric_p2p_tornado_16mib,n-mrc,1102,0,0,0,0,0,0
asymmetric_p2p_tornado_16mib,n-mrc,1104,0,0,0,0,0,0
asymmetric_p2p_tornado_16mib,n-mrc,1106,0,0,0,0,0,0
asymmetric_p2p_tornado_16mib,n-mrc,1108,0,0,0,0,0,0
asymmetric_p2p_tornado_16mib,n-mrc,1110,0,0,0,0,0,0
asymmetric_p2p_tornado_16mib,n-mrc,1112,0,0,0,0,0,0
asymmetric_p2p_tornado_16mib,n-mrc,1114,0,0,0,0,0,0
asymmetric_p2p_tornado_16mib,n-mrc,1116,0,0,0,0,0,0
asymmetric_p2p_tornado_16mib,n-mrc,1118,0,0,0,0,0,0
asymmetric_p2p_tornado_16mib,n-mrc,1120,0,0,0,0,0,0
asymmetric_p2p_tornado_16mib,n-mrc,1122,0,0,0,0,0,0
asymmetric_p2p_tornado_16mib,n-mrc,1124,0,0,0,0,0,0
asymmetric_p2p_tornado_16mib,n-mrc,1126,0,0,0,0,0,0
asymmetric_p2p_tornado_16mib,n-mrc,1128,0,0,0,0,0,0
asymmetric_p2p_tornado_16mib,n-mrc,1130,0,0,0,0,0,0
asymmetric_p2p_tornado_16mib,n-mrc,1132,0,0,0,0,0,0
asymmetric_p2p_tornado_16mib,n-mrc,1134,0,0,0,0,0,0
asymmetric_p2p_tornado_16mib,n-mrc,1136,0,0,0,0,0,0
asymmetric_p2p_tornado_16mib,n-mrc,1138,0,0,0,0,0,0
asymmetric_p2p_tornado_16mib,n-mrc,1140,0,0,0,0,0,0
asymmetric_p2p_tornado_16mib,n-mrc,1142,0,0,0,0,0,0
asymmetric_p2p_tornado_16mib,n-mrc,1144,0,0,0,0,0,0
asymmetric_p2p_tornado_16mib,n-mrc,1146,0,0,0,0,0,0
asymmetric_p2p_tornado_16mib,n-mrc,1148,0,0,0,0,0,0
asymmetric_p2p_tornado_16mib,n-mrc,1150,0,0,0,0,0,0
asymmetric_p2p_tornado_16mib,n-mrc,1152,0,0,0,0,0,0
asymmetric_p2p_tornado_16mib,n-mrc,1154,0,0,0,0,0,0
asymmetric_p2p_tornado_16mib,n-mrc,1156,0,0,0,0,0,0
asymmetric_p2p_tornado_16mib,n-mrc,1158,0,0,0,0,0,0
asymmetric_p2p_tornado_16mib,n-mrc,1160,0,0,0,0,0,0
asymmetric_p2p_tornado_16mib,n-mrc,1162,0,0,0,0,0,0
asymmetric_p2p_tornado_16mib,n-mrc,1164,0,0,0,0,0,0
asymmetric_p2p_tornado_16mib,n-mrc,1166,0,0,0,0,0,0
asymmetric_p2p_tornado_16mib,n-mrc,1168,0,0,0,0,0,0
asymmetric_p2p_tornado_16mib,n-mrc,1170,0,0,0,0,0,0
asymmetric_p2p_tornado_16mib,n-mrc,1172,0,0,0,0,0,0
asymmetric_p2p_tornado_16mib,n-mrc,1174,0,0,0,0,0,0
asymmetric_p2p_tornado_16mib,n-mrc,1176,0,0,0,0,0,0
asymmetric_p2p_tornado_16mib,n-mrc,1178,0,0,0,0,0,0
asymmetric_p2p_tornado_16mib,n-mrc,1180,0,0,0,0,0,0
asymmetric_p2p_tornado_16mib,n-mrc,1182,0,0,0,0,0,0
asymmetric_p2p_tornado_16mib,n-mrc,1184,0,0,0,0,0,0
asymmetric_p2p_tornado_16mib,n-mrc,1186,0,0,0,0,0,0
asymmetric_p2p_tornado_16mib,n-mrc,1188,0,0,0,0,0,0
asymmetric_p2p_tornado_16mib,n-mrc,1190,0,0,0,0,0,0
asymmetric_p2p_tornado_16mib,n-mrc,1192,0,0,0,0,0,0
asymmetric_p2p_tornado_16mib,n-mrc,1194,0,0,0,0,0,0
asymmetric_p2p_tornado_16mib,n-mrc,1196,0,0,0,0,0,0
asymmetric_p2p_tornado_16mib,n-mrc,1198,0,0,0,0,0,0
asymmetric_p2p_tornado_16mib,n-mrc,1200,0,0,0,0,0,0
asymmetric_p2p_tornado_16mib,n-mrc,1202,0,0,0,0,0,0
asymmetric_p2p_tornado_16mib,n-mrc,1204,0,0,0,0,0,0
asymmetric_p2p_tornado_16mib,n-mrc,1206,0,0,0,0,0,0
asymmetric_p2p_tornado_16mib,n-mrc,1208,0,0,0,0,0,0
asymmetric_p2p_tornado_16mib,n-mrc,1210,0,0,0,0,0,0
asymmetric_p2p_tornado_16mib,n-mrc,1212,0,0,0,0,0,0
asymmetric_p2p_tornado_16mib,n-mrc,1214,0,0,0,0,0,0
asymmetric_p2p_tornado_16mib,n-mrc,1216,0,0,0,0,0,0
asymmetric_p2p_tornado_16mib,n-mrc,1218,0,0,0,0,0,0
asymmetric_p2p_tornado_16mib,n-mrc,1220,0,0,0,0,0,0
asymmetric_p2p_tornado_16mib,n-mrc,1222,0,0,0,0,0,0
asymmetric_p2p_tornado_16mib,n-mrc,1224,0,0,0,0,0,0
asymmetric_p2p_tornado_16mib,n-mrc,1226,0,0,0,0,0,0
asymmetric_p2p_tornado_16mib,n-mrc,1228,0,0,0,0,0,0
asymmetric_p2p_tornado_16mib,n-mrc,1230,0,0,0,0,0,0
asymmetric_p2p_tornado_16mib,n-mrc,1232,0,0,0,0,0,0
asymmetric_p2p_tornado_16mib,n-mrc,1234,0,0,0,0,0,0
asymmetric_p2p_tornado_16mib,n-mrc,1236,0,0,0,0,0,0
asymmetric_p2p_tornado_16mib,n-mrc,1238,0,0,0,0,0,0
asymmetric_p2p_tornado_16mib,n-mrc,1240,0,0,0,0,0,0
asymmetric_p2p_tornado_16mib,n-mrc,1242,0,0,0,0,0,0
asymmetric_p2p_tornado_16mib,n-mrc,1244,0,0,0,0,0,0
asymmetric_p2p_tornado_16mib,n-mrc,1246,0,0,0,0,0,0
asymmetric_p2p_tornado_16mib,n-mrc,1248,0,0,0,0,0,0
asymmetric_p2p_tornado_16mib,n-mrc,1250,0,0,0,0,0,0
asymmetric_p2p_tornado_16mib,n-mrc,1252,0,0,0,0,0,0
asymmetric_p2p_tornado_16mib,n-mrc,1254,0,0,0,0,0,0
asymmetric_p2p_tornado_16mib,n-mrc,1256,0,0,0,0,0,0
asymmetric_p2p_tornado_16mib,n-mrc,1258,0,0,0,0,0,0
asymmetric_p2p_tornado_16mib,n-mrc,1260,0,0,0,0,0,0
asymmetric_p2p_tornado_16mib,n-mrc,1262,0,0,0,0,0,0
asymmetric_p2p_tornado_16mib,n-mrc,1264,0,0,0,0,0,0
asymmetric_p2p_tornado_16mib,n-mrc,1266,0,0,0,0,0,0
asymmetric_p2p_tornado_16mib,n-mrc,1268,0,0,0,0,0,0
asymmetric_p2p_tornado_16mib,n-mrc,1270,0,0,0,0,0,0
asymmetric_p2p_tornado_16mib,n-mrc,1272,0,0,0,0,0,0
asymmetric_p2p_tornado_16mib,n-mrc,1274,0,0,0,0,0,0
asymmetric_p2p_tornado_16mib,n-mrc,1276,0,0,0,0,0,0
asymmetric_p2p_tornado_16mib,n-mrc,1278,0,0,0,0,0,0
asymmetric_p2p_tornado_16mib,n-mrc,1280,0,0,0,0,0,0
asymmetric_p2p_tornado_16mib,n-mrc,1282,0,0,0,0,0,0
asymmetric_p2p_tornado_16mib,n-mrc,1284,0,0,0,0,0,0
asymmetric_p2p_tornado_16mib,n-mrc,1286,0,0,0,0,0,0
asymmetric_p2p_tornado_16mib,n-mrc,1288,0,0,0,0,0,0
asymmetric_p2p_tornado_16mib,n-mrc,1290,0,0,0,0,0,0
asymmetric_p2p_tornado_16mib,n-mrc,1292,0,0,0,0,0,0
asymmetric_p2p_tornado_16mib,n-mrc,1294,0,0,0,0,0,0
asymmetric_p2p_tornado_16mib,n-mrc,1296,0,0,0,0,0,0
asymmetric_p2p_tornado_16mib,n-mrc,1298,0,0,0,0,0,0
asymmetric_p2p_tornado_16mib,n-mrc,1300,0,0,0,0,0,0
asymmetric_p2p_tornado_16mib,n-mrc,1302,0,0,0,0,0,0
asymmetric_p2p_tornado_16mib,n-mrc,1304,0,0,0,0,0,0
asymmetric_p2p_tornado_16mib,n-mrc,1306,0,0,0,0,0,0
asymmetric_p2p_tornado_16mib,n-mrc,1308,0,0,0,0,0,0
asymmetric_p2p_tornado_16mib,n-mrc,1310,0,0,0,0,0,0
asymmetric_p2p_tornado_16mib,n-mrc,1312,0,0,0,0,0,0
asymmetric_p2p_tornado_16mib,n-mrc,1314,0,0,0,0,0,0
asymmetric_p2p_tornado_16mib,n-mrc,1316,0,0,0,0,0,0
asymmetric_p2p_tornado_16mib,n-mrc,1318,0,0,0,0,0,0
asymmetric_p2p_tornado_16mib,n-mrc,1320,0,0,0,0,0,0
asymmetric_p2p_tornado_16mib,n-mrc,1322,0,0,0,0,0,0
asymmetric_p2p_tornado_16mib,n-mrc,1324,0,0,0,0,0,0
asymmetric_p2p_tornado_16mib,n-mrc,1326,0,0,0,0,0,0
asymmetric_p2p_tornado_16mib,n-mrc,1328,0,0,0,0,0,0
asymmetric_p2p_tornado_16mib,n-mrc,1330,0,0,0,0,0,0
asymmetric_p2p_tornado_16mib,n-mrc,1332,0,0,0,0,0,0
asymmetric_p2p_tornado_16mib,n-mrc,1334,0,0,0,0,0,0
asymmetric_p2p_tornado_16mib,n-mrc,1336,0,0,0,0,0,0
asymmetric_p2p_tornado_16mib,n-mrc,1338,0,0,0,0,0,0
asymmetric_p2p_tornado_16mib,n-mrc,1340,0,0,0,0,0,0
asymmetric_p2p_tornado_16mib,n-mrc,1342,0,0,0,0,0,0
asymmetric_p2p_tornado_16mib,n-mrc,1344,0,0,0,0,0,0
asymmetric_p2p_tornado_16mib,n-mrc,1346,0,0,0,0,0,0
asymmetric_p2p_tornado_16mib,n-mrc,1348,0,0,0,0,0,0
asymmetric_p2p_tornado_16mib,n-mrc,1350,0,0,0,0,0,0
asymmetric_p2p_tornado_16mib,n-mrc,1352,0,0,0,0,0,0
asymmetric_p2p_tornado_16mib,n-mrc,1354,0,0,0,0,0,0
asymmetric_p2p_tornado_16mib,n-mrc,1356,0,0,0,0,0,0
asymmetric_p2p_tornado_16mib,n-mrc,1358,0,0,0,0,0,0
asymmetric_p2p_tornado_16mib,n-mrc,1360,0,0,0,0,0,0
asymmetric_p2p_tornado_16mib,n-mrc,1362,0,0,0,0,0,0
asymmetric_p2p_tornado_16mib,n-mrc,1364,0,0,0,0,0,0
asymmetric_p2p_tornado_16mib,n-mrc,1366,0,0,0,0,0,0
asymmetric_p2p_tornado_16mib,n-mrc,1368,0,0,0,0,0,0
asymmetric_p2p_tornado_16mib,n-mrc,1370,0,0,0,0,0,0
asymmetric_p2p_tornado_16mib,n-mrc,1372,0,0,0,0,0,0
asymmetric_p2p_tornado_16mib,n-mrc,1374,0,0,0,0,0,0
asymmetric_p2p_tornado_16mib,n-mrc,1376,0,0,0,0,0,0
asymmetric_p2p_tornado_16mib,n-mrc,1378,0,0,0,0,0,0
asymmetric_p2p_tornado_16mib,n-mrc,1380,0,0,0,0,0,0
asymmetric_p2p_tornado_16mib,n-mrc,1382,0,0,0,0,0,0
asymmetric_p2p_tornado_16mib,n-mrc,1384,0,0,0,0,0,0
asymmetric_p2p_tornado_16mib,n-mrc,1386,0,0,0,0,0,0
asymmetric_p2p_tornado_16mib,n-mrc,1388,0,0,0,0,0,0
asymmetric_p2p_tornado_16mib,n-mrc,1390,0,0,0,0,0,0
asymmetric_p2p_tornado_16mib,n-mrc,1392,0,0,0,0,0,0
asymmetric_p2p_tornado_16mib,n-mrc,1394,0,0,0,0,0,0
asymmetric_p2p_tornado_16mib,n-mrc,1396,0,0,0,0,0,0
asymmetric_p2p_tornado_16mib,n-mrc,1398,0,0,0,0,0,0
asymmetric_p2p_tornado_16mib,n-mrc,1400,0,0,0,0,0,0
asymmetric_p2p_tornado_16mib,n-mrc,1402,0,0,0,0,0,0
asymmetric_p2p_tornado_16mib,n-mrc,1404,0,0,0,0,0,0
asymmetric_p2p_tornado_16mib,n-mrc,1406,0,0,0,0,0,0
asymmetric_p2p_tornado_16mib,n-mrc,1408,0,0,0,0,0,0
asymmetric_p2p_tornado_16mib,n-mrc,1410,0,0,0,0,0,0
asymmetric_p2p_tornado_16mib,n-mrc,1412,0,0,0,0,0,0
asymmetric_p2p_tornado_16mib,n-mrc,1414,0,0,0,0,0,0
asymmetric_p2p_tornado_16mib,n-mrc,1416,0,0,0,0,0,0
asymmetric_p2p_tornado_16mib,n-mrc,1418,0,0,0,0,0,0
asymmetric_p2p_tornado_16mib,n-mrc,1420,0,0,0,0,0,0
asymmetric_p2p_tornado_16mib,n-mrc,1422,0,0,0,0,0,0
asymmetric_p2p_tornado_16mib,n-mrc,1424,0,0,0,0,0,0
asymmetric_p2p_tornado_16mib,n-mrc,1426,0,0,0,0,0,0
asymmetric_p2p_tornado_16mib,n-mrc,1428,0,0,0,0,0,0
asymmetric_p2p_tornado_16mib,n-mrc,1430,0,0,0,0,0,0
asymmetric_p2p_tornado_16mib,n-mrc,1432,0,0,0,0,0,0
asymmetric_p2p_tornado_16mib,n-mrc,1434,0,0,0,0,0,0
asymmetric_p2p_tornado_16mib,n-mrc,1436,0,0,0,0,0,0
asymmetric_p2p_tornado_16mib,n-mrc,1438,0,0,0,0,0,0
asymmetric_p2p_tornado_16mib,n-mrc,1440,0,0,0,0,0,0
asymmetric_p2p_tornado_16mib,n-mrc,1442,0,0,0,0,0,0
asymmetric_p2p_tornado_16mib,n-mrc,1444,0,0,0,0,0,0
asymmetric_p2p_tornado_16mib,n-mrc,1446,0,0,0,0,0,0
asymmetric_p2p_tornado_16mib,n-mrc,1448,0,0,0,0,0,0
asymmetric_p2p_tornado_16mib,n-mrc,1450,0,0,0,0,0,0
asymmetric_p2p_tornado_16mib,n-mrc,1452,0,0,0,0,0,0
asymmetric_p2p_tornado_16mib,n-mrc,1454,0,0,0,0,0,0
asymmetric_p2p_tornado_16mib,n-mrc,1456,0,0,0,0,0,0
asymmetric_p2p_tornado_16mib,n-mrc,1458,0,0,0,0,0,0
asymmetric_p2p_tornado_16mib,n-mrc,1460,0,0,0,0,0,0
asymmetric_p2p_tornado_16mib,n-mrc,1462,0,0,0,0,0,0
asymmetric_p2p_tornado_16mib,n-mrc,1464,0,0,0,0,0,0
asymmetric_p2p_tornado_16mib,n-mrc,1466,0,0,0,0,0,0
asymmetric_p2p_tornado_16mib,n-mrc,1468,0,0,0,0,0,0
asymmetric_p2p_tornado_16mib,n-mrc,1470,0,0,0,0,0,0
asymmetric_p2p_tornado_16mib,n-mrc,1472,0,0,0,0,0,0
asymmetric_p2p_tornado_16mib,n-mrc,1474,0,0,0,0,0,0
asymmetric_p2p_tornado_16mib,n-mrc,1476,0,0,0,0,0,0
asymmetric_p2p_tornado_16mib,n-mrc,1478,0,0,0,0,0,0
asymmetric_p2p_tornado_16mib,n-mrc,1480,0,0,0,0,0,0
asymmetric_p2p_tornado_16mib,n-mrc,1482,0,0,0,0,0,0
asymmetric_p2p_tornado_16mib,n-mrc,1484,0,0,0,0,0,0
asymmetric_p2p_tornado_16mib,n-mrc,1486,0,0,0,0,0,0
asymmetric_p2p_tornado_16mib,n-mrc,1488,0,0,0,0,0,0
asymmetric_p2p_tornado_16mib,n-mrc,1490,0,0,0,0,0,0
asymmetric_p2p_tornado_16mib,n-mrc,1492,0,0,0,0,0,0
asymmetric_p2p_tornado_16mib,n-mrc,1494,0,0,0,0,0,0
asymmetric_p2p_tornado_16mib,n-mrc,1496,0,0,0,0,0,0
asymmetric_p2p_tornado_16mib,n-mrc,1498,0,0,0,0,0,0
asymmetric_p2p_tornado_16mib,n-mrc,1500,0,0,0,0,0,0
asymmetric_p2p_tornado_16mib,n-mrc,1502,0,0,0,0,0,0
asymmetric_p2p_tornado_16mib,n-mrc,1504,0,0,0,0,0,0
asymmetric_p2p_tornado_16mib,n-mrc,1506,0,0,0,0,0,0
asymmetric_p2p_tornado_16mib,n-mrc,1508,0,0,0,0,0,0
asymmetric_p2p_tornado_16mib,n-mrc,1510,0,0,0,0,0,0
asymmetric_p2p_tornado_16mib,n-mrc,1512,0,0,0,0,0,0
asymmetric_p2p_tornado_16mib,n-mrc,1514,0,0,0,0,0,0
asymmetric_p2p_tornado_16mib,n-mrc,1516,0,0,0,0,0,0
asymmetric_p2p_tornado_16mib,n-mrc,1518,0,0,0,0,0,0
asymmetric_p2p_tornado_16mib,n-mrc,1520,0,0,0,0,0,0
asymmetric_p2p_tornado_16mib,n-mrc,1522,0,0,0,0,0,0
asymmetric_p2p_tornado_16mib,n-mrc,1524,0,0,0,0,0,0
asymmetric_p2p_tornado_16mib,n-mrc,1526,0,0,0,0,0,0
asymmetric_p2p_tornado_16mib,n-mrc,1528,0,0,0,0,0,0
asymmetric_p2p_tornado_16mib,n-mrc,1530,0,0,0,0,0,0
asymmetric_p2p_tornado_16mib,n-mrc,1532,0,0,0,0,0,0
asymmetric_p2p_tornado_16mib,n-mrc,1534,0,0,0,0,0,0
asymmetric_p2p_tornado_16mib,n-mrc,1536,0,0,0,0,0,0
asymmetric_p2p_tornado_16mib,n-mrc,1538,0,0,0,0,0,0
asymmetric_p2p_tornado_16mib,n-mrc,1540,0,0,0,0,0,0
asymmetric_p2p_tornado_16mib,n-mrc,1542,0,0,0,0,0,0
asymmetric_p2p_tornado_16mib,n-mrc,1544,0,0,0,0,0,0
asymmetric_p2p_tornado_16mib,n-mrc,1546,0,0,0,0,0,0
asymmetric_p2p_tornado_16mib,n-mrc,1548,0,0,0,0,0,0
asymmetric_p2p_tornado_16mib,n-mrc,1550,0,0,0,0,0,0
asymmetric_p2p_tornado_16mib,n-mrc,1552,0,0,0,0,0,0
asymmetric_p2p_tornado_16mib,n-mrc,1554,0,0,0,0,0,0
asymmetric_p2p_tornado_16mib,n-mrc,1556,0,0,0,0,0,0
asymmetric_p2p_tornado_16mib,n-mrc,1558,0,0,0,0,0,0
asymmetric_p2p_tornado_16mib,n-mrc,1560,0,0,0,0,0,0
asymmetric_p2p_tornado_16mib,n-mrc,1562,0,0,0,0,0,0
asymmetric_p2p_tornado_16mib,n-mrc,1564,0,0,0,0,0,0
asymmetric_p2p_tornado_16mib,n-mrc,1566,0,0,0,0,0,0
asymmetric_p2p_tornado_16mib,n-mrc,1568,0,0,0,0,0,0
asymmetric_p2p_tornado_16mib,n-mrc,1570,0,0,0,0,0,0
asymmetric_p2p_tornado_16mib,n-mrc,1572,0,0,0,0,0,0
asymmetric_p2p_tornado_16mib,n-mrc,1574,0,0,0,0,0,0
asymmetric_p2p_tornado_16mib,n-mrc,1576,0,0,0,0,0,0
asymmetric_p2p_tornado_16mib,n-mrc,1578,0,0,0,0,0,0
asymmetric_p2p_tornado_16mib,n-mrc,1580,0,0,0,0,0,0
asymmetric_p2p_tornado_16mib,n-mrc,1582,0,0,0,0,0,0
asymmetric_p2p_tornado_16mib,n-mrc,1584,0,0,0,0,0,0
asymmetric_p2p_tornado_16mib,n-mrc,1586,0,0,0,0,0,0
asymmetric_p2p_tornado_16mib,n-mrc,1588,0,0,0,0,0,0
asymmetric_p2p_tornado_16mib,n-mrc,1590,0,0,0,0,0,0
asymmetric_p2p_tornado_16mib,n-mrc,1592,0,0,0,0,0,0
asymmetric_p2p_tornado_16mib,n-mrc,1594,0,0,0,0,0,0
asymmetric_p2p_tornado_16mib,n-mrc,1596,0,0,0,0,0,0
asymmetric_p2p_tornado_16mib,n-mrc,1598,0,0,0,0,0,0
asymmetric_p2p_tornado_16mib,n-mrc,1600,0,0,0,0,0,0
asymmetric_p2p_tornado_16mib,n-mrc,1602,0,0,0,0,0,0
asymmetric_p2p_tornado_16mib,n-mrc,1604,0,0,0,0,0,0
asymmetric_p2p_tornado_16mib,n-mrc,1606,0,0,0,0,0,0
asymmetric_p2p_tornado_16mib,n-mrc,1608,0,0,0,0,0,0
asymmetric_p2p_tornado_16mib,n-mrc,1610,0,0,0,0,0,0
asymmetric_p2p_tornado_16mib,n-mrc,1612,0,0,0,0,0,0
asymmetric_p2p_tornado_16mib,n-mrc,1614,0,0,0,0,0,0
asymmetric_p2p_tornado_16mib,n-mrc,1616,0,0,0,0,0,0
asymmetric_p2p_tornado_16mib,n-mrc,1618,0,0,0,0,0,0
asymmetric_p2p_tornado_16mib,n-mrc,1620,0,0,0,0,0,0
asymmetric_p2p_tornado_16mib,n-mrc,1622,0,0,0,0,0,0
asymmetric_p2p_tornado_16mib,n-mrc,1624,0,0,0,0,0,0
asymmetric_p2p_tornado_16mib,n-mrc,1626,0,0,0,0,0,0
asymmetric_p2p_tornado_16mib,n-mrc,1628,0,0,0,0,0,0
asymmetric_p2p_tornado_16mib,n-mrc,1630,0,0,0,0,0,0
asymmetric_p2p_tornado_16mib,n-mrc,1632,0,0,0,0,0,0
asymmetric_p2p_tornado_16mib,n-mrc,1634,0,0,0,0,0,0
asymmetric_p2p_tornado_16mib,n-mrc,1636,0,0,0,0,0,0
asymmetric_p2p_tornado_16mib,n-mrc,1638,0,0,0,0,0,0
asymmetric_p2p_tornado_16mib,n-mrc,1640,0,0,0,0,0,0
asymmetric_p2p_tornado_16mib,n-mrc,1642,0,0,0,0,0,0
asymmetric_p2p_tornado_16mib,n-mrc,1644,0,0,0,0,0,0
asymmetric_p2p_tornado_16mib,n-mrc,1646,0,0,0,0,0,0
asymmetric_p2p_tornado_16mib,n-mrc,1648,0,0,0,0,0,0
asymmetric_p2p_tornado_16mib,n-mrc,1650,0,0,0,0,0,0
asymmetric_p2p_tornado_16mib,n-mrc,1652,0,0,0,0,0,0
asymmetric_p2p_tornado_16mib,n-mrc,1654,0,0,0,0,0,0
asymmetric_p2p_tornado_16mib,n-mrc,1656,0,0,0,0,0,0
asymmetric_p2p_tornado_16mib,n-mrc,1658,0,0,0,0,0,0
asymmetric_p2p_tornado_16mib,n-mrc,1660,0,0,0,0,0,0
asymmetric_p2p_tornado_16mib,n-mrc,1662,0,0,0,0,0,0
asymmetric_p2p_tornado_16mib,n-mrc,1664,0,0,0,0,0,0
asymmetric_p2p_tornado_16mib,n-mrc,1666,0,0,0,0,0,0
asymmetric_p2p_tornado_16mib,n-mrc,1668,0,0,0,0,0,0
asymmetric_p2p_tornado_16mib,n-mrc,1670,0,0,0,0,0,0
asymmetric_p2p_tornado_16mib,n-mrc,1672,0,0,0,0,0,0
asymmetric_p2p_tornado_16mib,n-mrc,1674,0,0,0,0,0,0
asymmetric_p2p_tornado_16mib,n-mrc,1676,0,0,0,0,0,0
asymmetric_p2p_tornado_16mib,n-mrc,1678,0,0,0,0,0,0
asymmetric_p2p_tornado_16mib,n-mrc,1680,0,0,0,0,0,0
asymmetric_p2p_tornado_16mib,n-mrc,1682,0,0,0,0,0,0
asymmetric_p2p_tornado_16mib,n-mrc,1684,0,0,0,0,0,0
asymmetric_p2p_tornado_16mib,n-mrc,1686,0,0,0,0,0,0
asymmetric_p2p_tornado_16mib,n-mrc,1688,0,0,0,0,0,0
asymmetric_p2p_tornado_16mib,n-mrc,1690,0,0,0,0,0,0
asymmetric_p2p_tornado_16mib,n-mrc,1692,0,0,0,0,0,0
asymmetric_p2p_tornado_16mib,n-mrc,1694,0,0,0,0,0,0
asymmetric_p2p_tornado_16mib,n-mrc,1696,0,0,0,0,0,0
asymmetric_p2p_tornado_16mib,n-mrc,1698,0,0,0,0,0,0
asymmetric_p2p_tornado_16mib,n-mrc,1700,0,0,0,0,0,0
asymmetric_p2p_tornado_16mib,n-mrc,1702,0,0,0,0,0,0
asymmetric_p2p_tornado_16mib,n-mrc,1704,0,0,0,0,0,0
asymmetric_p2p_tornado_16mib,n-mrc,1706,0,0,0,0,0,0
asymmetric_p2p_tornado_16mib,n-mrc,1708,0,0,0,0,0,0
asymmetric_p2p_tornado_16mib,n-mrc,1710,0,0,0,0,0,0
asymmetric_p2p_tornado_16mib,n-mrc,1712,0,0,0,0,0,0
asymmetric_p2p_tornado_16mib,n-mrc,1714,0,0,0,0,0,0
asymmetric_p2p_tornado_16mib,n-mrc,1716,0,0,0,0,0,0
asymmetric_p2p_tornado_16mib,n-mrc,1718,0,0,0,0,0,0
asymmetric_p2p_tornado_16mib,n-mrc,1720,0,0,0,0,0,0
asymmetric_p2p_tornado_16mib,n-mrc,1722,0,0,0,0,0,0
asymmetric_p2p_tornado_16mib,n-mrc,1724,0,0,0,0,0,0
asymmetric_p2p_tornado_16mib,n-mrc,1726,0,0,0,0,0,0
asymmetric_p2p_tornado_16mib,n-mrc,1728,0,0,0,0,0,0
asymmetric_p2p_tornado_16mib,n-mrc,1730,0,0,0,0,0,0
asymmetric_p2p_tornado_16mib,n-mrc,1732,0,0,0,0,0,0
asymmetric_p2p_tornado_16mib,n-mrc,1734,0,0,0,0,0,0
asymmetric_p2p_tornado_16mib,n-mrc,1736,0,0,0,0,0,0
asymmetric_p2p_tornado_16mib,n-mrc,1738,0,0,0,0,0,0
asymmetric_p2p_tornado_16mib,n-mrc,1740,0,0,0,0,0,0
asymmetric_p2p_tornado_16mib,n-mrc,1742,0,0,0,0,0,0
asymmetric_p2p_tornado_16mib,n-mrc,1744,0,0,0,0,0,0
asymmetric_p2p_tornado_16mib,n-mrc,1746,0,0,0,0,0,0
asymmetric_p2p_tornado_16mib,n-mrc,1748,0,0,0,0,0,0
asymmetric_p2p_tornado_16mib,n-mrc,1750,0,0,0,0,0,0
asymmetric_p2p_tornado_16mib,n-mrc,1752,0,0,0,0,0,0
asymmetric_p2p_tornado_16mib,n-mrc,1754,0,0,0,0,0,0
asymmetric_p2p_tornado_16mib,n-mrc,1756,0,0,0,0,0,0
asymmetric_p2p_tornado_16mib,n-mrc,1758,0,0,0,0,0,0
asymmetric_p2p_tornado_16mib,n-mrc,1760,0,0,0,0,0,0
asymmetric_p2p_tornado_16mib,n-mrc,1762,0,0,0,0,0,0
asymmetric_p2p_tornado_16mib,n-mrc,1764,0,0,0,0,0,0
asymmetric_p2p_tornado_16mib,n-mrc,1766,0,0,0,0,0,0
asymmetric_p2p_tornado_16mib,n-mrc,1768,0,0,0,0,0,0
asymmetric_p2p_tornado_16mib,n-mrc,1770,0,0,0,0,0,0
asymmetric_p2p_tornado_16mib,n-mrc,1772,0,0,0,0,0,0
asymmetric_p2p_tornado_16mib,n-mrc,1774,0,0,0,0,0,0
asymmetric_p2p_tornado_16mib,n-mrc,1776,0,0,0,0,0,0
asymmetric_p2p_tornado_16mib,n-mrc,1778,0,0,0,0,0,0
asymmetric_p2p_tornado_16mib,n-mrc,1780,0,0,0,0,0,0
asymmetric_p2p_tornado_16mib,n-mrc,1782,0,0,0,0,0,0
asymmetric_p2p_tornado_16mib,n-mrc,1784,0,0,0,0,0,0
asymmetric_p2p_tornado_16mib,n-mrc,1786,0,0,0,0,0,0
asymmetric_p2p_tornado_16mib,n-mrc,1788,0,0,0,0,0,0
asymmetric_p2p_tornado_16mib,n-mrc,1790,0,0,0,0,0,0
asymmetric_p2p_tornado_16mib,n-mrc,1792,0,0,0,0,0,0
asymmetric_p2p_tornado_16mib,n-mrc,1794,0,0,0,0,0,0
asymmetric_p2p_tornado_16mib,n-mrc,1796,0,0,0,0,0,0
asymmetric_p2p_tornado_16mib,n-mrc,1798,0,0,0,0,0,0
asymmetric_p2p_tornado_16mib,n-mrc,1800,0,0,0,0,0,0
asymmetric_p2p_tornado_16mib,n-mrc,1802,0,0,0,0,0,0
asymmetric_p2p_tornado_16mib,n-mrc,1804,0,0,0,0,0,0
asymmetric_p2p_tornado_16mib,n-mrc,1806,0,0,0,0,0,0
asymmetric_p2p_tornado_16mib,n-mrc,1808,0,0,0,0,0,0
asymmetric_p2p_tornado_16mib,n-mrc,1810,0,0,0,0,0,0
asymmetric_p2p_tornado_16mib,n-mrc,1812,0,0,0,0,0,0
asymmetric_p2p_tornado_16mib,n-mrc,1814,0,0,0,0,0,0
asymmetric_p2p_tornado_16mib,n-mrc,1816,0,0,0,0,0,0
asymmetric_p2p_tornado_16mib,n-mrc,1818,0,0,0,0,0,0
asymmetric_p2p_tornado_16mib,n-mrc,1820,0,0,0,0,0,0
asymmetric_p2p_tornado_16mib,n-mrc,1822,0,0,0,0,0,0
asymmetric_p2p_tornado_16mib,n-mrc,1824,0,0,0,0,0,0
asymmetric_p2p_tornado_16mib,n-mrc,1826,0,0,0,0,0,0
asymmetric_p2p_tornado_16mib,n-mrc,1828,0,0,0,0,0,0
asymmetric_p2p_tornado_16mib,n-mrc,1830,0,0,0,0,0,0
asymmetric_p2p_tornado_16mib,n-mrc,1832,0,0,0,0,0,0
asymmetric_p2p_tornado_16mib,n-mrc,1834,0,0,0,0,0,0
asymmetric_p2p_tornado_16mib,n-mrc,1836,0,0,0,0,0,0
asymmetric_p2p_tornado_16mib,n-mrc,1838,0,0,0,0,0,0
asymmetric_p2p_tornado_16mib,n-mrc,1840,0,0,0,0,0,0
asymmetric_p2p_tornado_16mib,n-mrc,1842,0,0,0,0,0,0
asymmetric_p2p_tornado_16mib,n-mrc,1844,0,0,0,0,0,0
asymmetric_p2p_tornado_16mib,n-mrc,1846,0,0,0,0,0,0
asymmetric_p2p_tornado_16mib,n-mrc,1848,0,0,0,0,0,0
asymmetric_p2p_tornado_16mib,n-mrc,1850,0,0,0,0,0,0
asymmetric_p2p_tornado_16mib,n-mrc,1852,0,0,0,0,0,0
asymmetric_p2p_tornado_16mib,n-mrc,1854,0,0,0,0,0,0
asymmetric_p2p_tornado_16mib,n-mrc,1856,0,0,0,0,0,0
asymmetric_p2p_tornado_16mib,n-mrc,1858,0,0,0,0,0,0
asymmetric_p2p_tornado_16mib,n-mrc,1860,0,0,0,0,0,0
asymmetric_p2p_tornado_16mib,n-mrc,1862,0,0,0,0,0,0
asymmetric_p2p_tornado_16mib,n-mrc,1864,0,0,0,0,0,0
asymmetric_p2p_tornado_16mib,n-mrc,1866,0,0,0,0,0,0
asymmetric_p2p_tornado_16mib,n-mrc,1868,0,0,0,0,0,0
asymmetric_p2p_tornado_16mib,n-mrc,1870,0,0,0,0,0,0
asymmetric_p2p_tornado_16mib,n-mrc,1872,0,0,0,0,0,0
asymmetric_p2p_tornado_16mib,n-mrc,1874,0,0,0,0,0,0
asymmetric_p2p_tornado_16mib,n-mrc,1876,0,0,0,0,0,0
asymmetric_p2p_tornado_16mib,n-mrc,1878,0,0,0,0,0,0
asymmetric_p2p_tornado_16mib,n-mrc,1880,0,0,0,0,0,0
asymmetric_p2p_tornado_16mib,n-mrc,1882,0,0,0,0,0,0
asymmetric_p2p_tornado_16mib,n-mrc,1884,0,0,0,0,0,0
asymmetric_p2p_tornado_16mib,n-mrc,1886,0,0,0,0,0,0
asymmetric_p2p_tornado_16mib,n-mrc,1888,0,0,0,0,0,0
asymmetric_p2p_tornado_16mib,n-mrc,1890,0,0,0,0,0,0
asymmetric_p2p_tornado_16mib,n-mrc,1892,0,0,0,0,0,0
asymmetric_p2p_tornado_16mib,n-mrc,1894,0,0,0,0,0,0
asymmetric_p2p_tornado_16mib,n-mrc,1896,0,0,0,0,0,0
asymmetric_p2p_tornado_16mib,n-mrc,1898,0,0,0,0,0,0
asymmetric_p2p_tornado_16mib,n-mrc,1900,0,0,0,0,0,0
asymmetric_p2p_tornado_16mib,n-mrc,1902,0,0,0,0,0,0
asymmetric_p2p_tornado_16mib,n-mrc,1904,0,0,0,0,0,0
asymmetric_p2p_tornado_16mib,n-mrc,1906,0,0,0,0,0,0
asymmetric_p2p_tornado_16mib,n-mrc,1908,0,0,0,0,0,0
asymmetric_p2p_tornado_16mib,n-mrc,1910,0,0,0,0,0,0
asymmetric_p2p_tornado_16mib,n-mrc,1912,0,0,0,0,0,0
asymmetric_p2p_tornado_16mib,n-mrc,1914,0,0,0,0,0,0
asymmetric_p2p_tornado_16mib,n-mrc,1916,0,0,0,0,0,0
asymmetric_p2p_tornado_16mib,n-mrc,1918,0,0,0,0,0,0
asymmetric_p2p_tornado_16mib,n-mrc,1920,0,0,0,0,0,0
asymmetric_p2p_tornado_16mib,n-mrc,1922,0,0,0,0,0,0
asymmetric_p2p_tornado_16mib,n-mrc,1924,0,0,0,0,0,0
asymmetric_p2p_tornado_16mib,n-mrc,1926,0,0,0,0,0,0
asymmetric_p2p_tornado_16mib,n-mrc,1928,0,0,0,0,0,0
asymmetric_p2p_tornado_16mib,n-mrc,1930,0,0,0,0,0,0
asymmetric_p2p_tornado_16mib,n-mrc,1932,0,0,0,0,0,0
asymmetric_p2p_tornado_16mib,n-mrc,1934,0,0,0,0,0,0
asymmetric_p2p_tornado_16mib,n-mrc,1936,0,0,0,0,0,0
asymmetric_p2p_tornado_16mib,n-mrc,1938,0,0,0,0,0,0
asymmetric_p2p_tornado_16mib,n-mrc,1940,0,0,0,0,0,0
asymmetric_p2p_tornado_16mib,n-mrc,1942,0,0,0,0,0,0
asymmetric_p2p_tornado_16mib,n-mrc,1944,0,0,0,0,0,0
asymmetric_p2p_tornado_16mib,n-mrc,1946,0,0,0,0,0,0
asymmetric_p2p_tornado_16mib,n-mrc,1948,0,0,0,0,0,0
asymmetric_p2p_tornado_16mib,n-mrc,1950,0,0,0,0,0,0
asymmetric_p2p_tornado_16mib,n-mrc,1952,0,0,0,0,0,0
asymmetric_p2p_tornado_16mib,n-mrc,1954,0,0,0,0,0,0
asymmetric_p2p_tornado_16mib,n-mrc,1956,0,0,0,0,0,0
asymmetric_p2p_tornado_16mib,n-mrc,1958,0,0,0,0,0,0
asymmetric_p2p_tornado_16mib,n-mrc,1960,0,0,0,0,0,0
asymmetric_p2p_tornado_16mib,n-mrc,1962,0,0,0,0,0,0
asymmetric_p2p_tornado_16mib,n-mrc,1964,0,0,0,0,0,0
asymmetric_p2p_tornado_16mib,n-mrc,1966,0,0,0,0,0,0
asymmetric_p2p_tornado_16mib,n-mrc,1968,0,0,0,0,0,0
asymmetric_p2p_tornado_16mib,n-mrc,1970,0,0,0,0,0,0
asymmetric_p2p_tornado_16mib,n-mrc,1972,0,0,0,0,0,0
asymmetric_p2p_tornado_16mib,n-mrc,1974,0,0,0,0,0,0
asymmetric_p2p_tornado_16mib,n-mrc,1976,0,0,0,0,0,0
asymmetric_p2p_tornado_16mib,n-mrc,1978,0,0,0,0,0,0
asymmetric_p2p_tornado_16mib,n-mrc,1980,0,0,0,0,0,0
asymmetric_p2p_tornado_16mib,n-mrc,1982,0,0,0,0,0,0
asymmetric_p2p_tornado_16mib,n-mrc,1984,0,0,0,0,0,0
asymmetric_p2p_tornado_16mib,n-mrc,1986,0,0,0,0,0,0
asymmetric_p2p_tornado_16mib,n-mrc,1988,0,0,0,0,0,0
asymmetric_p2p_tornado_16mib,n-mrc,1990,0,0,0,0,0,0
asymmetric_p2p_tornado_16mib,n-mrc,1992,0,0,0,0,0,0
asymmetric_p2p_tornado_16mib,n-mrc,1994,0,0,0,0,0,0
asymmetric_p2p_tornado_16mib,n-mrc,1996,0,0,0,0,0,0
asymmetric_p2p_tornado_16mib,n-mrc,1998,0,0,0,0,0,0
asymmetric_p2p_tornado_16mib,n-mrc,2000,0,0,0,0,0,0
asymmetric_p2p_tornado_16mib,n-mrc,2002,0,0,0,0,0,0
asymmetric_p2p_tornado_16mib,n-mrc,2004,0,0,0,0,0,0
asymmetric_p2p_tornado_16mib,n-mrc,2006,0,0,0,0,0,0
asymmetric_p2p_tornado_16mib,n-mrc,2008,0,0,0,0,0,0
asymmetric_p2p_tornado_16mib,n-mrc,2010,0,0,0,0,0,0
asymmetric_p2p_tornado_16mib,n-mrc,2012,0,0,0,0,0,0
asymmetric_p2p_tornado_16mib,n-mrc,2014,0,0,0,0,0,0
asymmetric_p2p_tornado_16mib,n-mrc,2016,0,0,0,0,0,0
asymmetric_p2p_tornado_16mib,n-mrc,2018,0,0,0,0,0,0
asymmetric_p2p_tornado_16mib,n-mrc,2020,0,0,0,0,0,0
asymmetric_p2p_tornado_16mib,n-mrc,2022,0,0,0,0,0,0
asymmetric_p2p_tornado_16mib,n-mrc,2024,0,0,0,0,0,0
asymmetric_p2p_tornado_16mib,n-mrc,2026,0,0,0,0,0,0
asymmetric_p2p_tornado_16mib,n-mrc,2028,0,0,0,0,0,0
asymmetric_p2p_tornado_16mib,n-mrc,2030,0,0,0,0,0,0
asymmetric_p2p_tornado_16mib,n-mrc,2032,0,0,0,0,0,0
asymmetric_p2p_tornado_16mib,n-mrc,2034,0,0,0,0,0,0
asymmetric_p2p_tornado_16mib,n-mrc,2036,0,0,0,0,0,0
asymmetric_p2p_tornado_16mib,n-mrc,2038,0,0,0,0,0,0
asymmetric_p2p_tornado_16mib,n-mrc,2040,0,0,0,0,0,0
asymmetric_p2p_tornado_16mib,n-mrc,2042,0,0,0,0,0,0
asymmetric_p2p_tornado_16mib,n-mrc,2044,0,0,0,0,0,0
asymmetric_p2p_tornado_16mib,n-mrc,2046,0,0,0,0,0,0
asymmetric_p2p_tornado_16mib,n-mrc,2048,0,0,0,0,0,0
asymmetric_p2p_tornado_16mib,n-mrc,2050,0,0,0,0,0,0
asymmetric_p2p_tornado_16mib,n-mrc,2052,0,0,0,0,0,0
asymmetric_p2p_tornado_16mib,n-mrc,2054,0,0,0,0,0,0
asymmetric_p2p_tornado_16mib,n-mrc,2056,0,0,0,0,0,0
asymmetric_p2p_tornado_16mib,n-mrc,2058,0,0,0,0,0,0
asymmetric_p2p_tornado_16mib,n-mrc,2060,0,0,0,0,0,0
asymmetric_p2p_tornado_16mib,n-mrc,2062,0,0,0,0,0,0
asymmetric_p2p_tornado_16mib,n-mrc,2064,0,0,0,0,0,0
asymmetric_p2p_tornado_16mib,n-mrc,2066,0,0,0,0,0,0
asymmetric_p2p_tornado_16mib,n-mrc,2068,0,0,0,0,0,0
asymmetric_p2p_tornado_16mib,n-mrc,2070,0,0,0,0,0,0
asymmetric_p2p_tornado_16mib,n-mrc,2072,0,0,0,0,0,0
asymmetric_p2p_tornado_16mib,n-mrc,2074,0,0,0,0,0,0
asymmetric_p2p_tornado_16mib,n-mrc,2076,0,0,0,0,0,0
asymmetric_p2p_tornado_16mib,n-mrc,2078,0,0,0,0,0,0
asymmetric_p2p_tornado_16mib,n-mrc,2080,0,0,0,0,0,0
asymmetric_p2p_tornado_16mib,n-mrc,2082,0,0,0,0,0,0
asymmetric_p2p_tornado_16mib,n-mrc,2084,0,0,0,0,0,0
asymmetric_p2p_tornado_16mib,n-mrc,2086,0,0,0,0,0,0
asymmetric_p2p_tornado_16mib,n-mrc,2088,0,0,0,0,0,0
asymmetric_p2p_tornado_16mib,n-mrc,2090,0,0,0,0,0,0
asymmetric_p2p_tornado_16mib,n-mrc,2092,0,0,0,0,0,0
asymmetric_p2p_tornado_16mib,n-mrc,2094,0,0,0,0,0,0
asymmetric_p2p_tornado_16mib,n-mrc,2096,0,0,0,0,0,0
asymmetric_p2p_tornado_16mib,n-mrc,2098,0,0,0,0,0,0
asymmetric_p2p_tornado_16mib,n-mrc,2100,0,0,0,0,0,0
asymmetric_p2p_tornado_16mib,n-mrc,2102,0,0,0,0,0,0
asymmetric_p2p_tornado_16mib,n-mrc,2104,0,0,0,0,0,0
asymmetric_p2p_tornado_16mib,n-mrc,2106,0,0,0,0,0,0
asymmetric_p2p_tornado_16mib,n-mrc,2108,0,0,0,0,0,0
asymmetric_p2p_tornado_16mib,n-mrc,2110,0,0,0,0,0,0
asymmetric_p2p_tornado_16mib,n-mrc,2112,0,0,0,0,0,0
asymmetric_p2p_tornado_16mib,n-mrc,2114,0,0,0,0,0,0
asymmetric_p2p_tornado_16mib,n-mrc,2116,0,0,0,0,0,0
asymmetric_p2p_tornado_16mib,n-mrc,2118,0,0,0,0,0,0
asymmetric_p2p_tornado_16mib,n-mrc,2120,0,0,0,0,0,0
asymmetric_p2p_tornado_16mib,n-mrc,2122,0,0,0,0,0,0
asymmetric_p2p_tornado_16mib,n-mrc,2124,0,0,0,0,0,0
asymmetric_p2p_tornado_16mib,n-mrc,2126,0,0,0,0,0,0
asymmetric_p2p_tornado_16mib,n-mrc,2128,0,0,0,0,0,0
asymmetric_p2p_tornado_16mib,n-mrc,2130,0,0,0,0,0,0
asymmetric_p2p_tornado_16mib,n-mrc,2132,0,0,0,0,0,0
asymmetric_p2p_tornado_16mib,n-mrc,2134,0,0,0,0,0,0
asymmetric_p2p_tornado_16mib,n-mrc,2136,0,0,0,0,0,0
asymmetric_p2p_tornado_16mib,n-mrc,2138,0,0,0,0,0,0
asymmetric_p2p_tornado_16mib,n-mrc,2140,0,0,0,0,0,0
asymmetric_p2p_tornado_16mib,n-mrc,2142,0,0,0,0,0,0
asymmetric_p2p_tornado_16mib,n-mrc,2144,0,0,0,0,0,0
asymmetric_p2p_tornado_16mib,n-mrc,2146,0,0,0,0,0,0
asymmetric_p2p_tornado_16mib,n-mrc,2148,0,0,0,0,0,0
asymmetric_p2p_tornado_16mib,n-mrc,2150,0,0,0,0,0,0
asymmetric_p2p_tornado_16mib,n-mrc,2152,0,0,0,0,0,0
asymmetric_p2p_tornado_16mib,n-mrc,2154,0,0,0,0,0,0
asymmetric_p2p_tornado_16mib,n-mrc,2156,0,0,0,0,0,0
asymmetric_p2p_tornado_16mib,n-mrc,2158,0,0,0,0,0,0
asymmetric_p2p_tornado_16mib,n-mrc,2160,0,0,0,0,0,0
asymmetric_p2p_tornado_16mib,n-mrc,2162,0,0,0,0,0,0
asymmetric_p2p_tornado_16mib,n-mrc,2164,0,0,0,0,0,0
asymmetric_p2p_tornado_16mib,n-mrc,2166,0,0,0,0,0,0
asymmetric_p2p_tornado_16mib,n-mrc,2168,0,0,0,0,0,0
asymmetric_p2p_tornado_16mib,n-mrc,2170,0,0,0,0,0,0
asymmetric_p2p_tornado_16mib,n-mrc,2172,0,0,0,0,0,0
asymmetric_p2p_tornado_16mib,n-mrc,2174,0,0,0,0,0,0
asymmetric_p2p_tornado_16mib,n-mrc,2176,0,0,0,0,0,0
asymmetric_p2p_tornado_16mib,n-mrc,2178,0,0,0,0,0,0
asymmetric_p2p_tornado_16mib,n-mrc,2180,0,0,0,0,0,0
asymmetric_p2p_tornado_16mib,n-mrc,2182,0,0,0,0,0,0
asymmetric_p2p_tornado_16mib,n-mrc,2184,0,0,0,0,0,0
asymmetric_p2p_tornado_16mib,n-mrc,2186,0,0,0,0,0,0
asymmetric_p2p_tornado_16mib,n-mrc,2188,0,0,0,0,0,0
asymmetric_p2p_tornado_16mib,n-mrc,2190,0,0,0,0,0,0
asymmetric_p2p_tornado_16mib,n-mrc,2192,0,0,0,0,0,0
asymmetric_p2p_tornado_16mib,n-mrc,2194,0,0,0,0,0,0
asymmetric_p2p_tornado_16mib,n-mrc,2196,0,0,0,0,0,0
asymmetric_p2p_tornado_16mib,n-mrc,2198,0,0,0,0,0,0
asymmetric_p2p_tornado_16mib,n-mrc,2200,0,0,0,0,0,0
asymmetric_p2p_tornado_16mib,n-mrc,2202,0,0,0,0,0,0
asymmetric_p2p_tornado_16mib,n-mrc,2204,0,0,0,0,0,0
asymmetric_p2p_tornado_16mib,n-mrc,2206,0,0,0,0,0,0
asymmetric_p2p_tornado_16mib,n-mrc,2208,0,0,0,0,0,0
asymmetric_p2p_tornado_16mib,n-mrc,2210,0,0,0,0,0,0
asymmetric_p2p_tornado_16mib,n-mrc,2212,0,0,0,0,0,0
asymmetric_p2p_tornado_16mib,n-mrc,2214,0,0,0,0,0,0
asymmetric_p2p_tornado_16mib,n-mrc,2216,0,0,0,0,0,0
asymmetric_p2p_tornado_16mib,n-mrc,2218,0,0,0,0,0,0
asymmetric_p2p_tornado_16mib,n-mrc,2220,0,0,0,0,0,0
asymmetric_p2p_tornado_16mib,n-mrc,2222,0,0,0,0,0,0
asymmetric_p2p_tornado_16mib,n-mrc,2224,0,0,0,0,0,0
asymmetric_p2p_tornado_16mib,n-mrc,2226,0,0,0,0,0,0
asymmetric_p2p_tornado_16mib,n-mrc,2228,0,0,0,0,0,0
asymmetric_p2p_tornado_16mib,n-mrc,2230,0,0,0,0,0,0
asymmetric_p2p_tornado_16mib,n-mrc,2232,0,0,0,0,0,0
asymmetric_p2p_tornado_16mib,n-mrc,2234,0,0,0,0,0,0
asymmetric_p2p_tornado_16mib,n-mrc,2236,0,0,0,0,0,0
asymmetric_p2p_tornado_16mib,n-mrc,2238,0,0,0,0,0,0
asymmetric_p2p_tornado_16mib,n-mrc,2240,0,0,0,0,0,0
asymmetric_p2p_tornado_16mib,n-mrc,2242,0,0,0,0,0,0
asymmetric_p2p_tornado_16mib,n-mrc,2244,0,0,0,0,0,0
asymmetric_p2p_tornado_16mib,n-mrc,2246,0,0,0,0,0,0
asymmetric_p2p_tornado_16mib,n-mrc,2248,0,0,0,0,0,0
asymmetric_p2p_tornado_16mib,n-mrc,2250,0,0,0,0,0,0
asymmetric_p2p_tornado_16mib,n-mrc,2252,0,0,0,0,0,0
asymmetric_p2p_tornado_16mib,n-mrc,2254,0,0,0,0,0,0
asymmetric_p2p_tornado_16mib,n-mrc,2256,0,0,0,0,0,0
asymmetric_p2p_tornado_16mib,n-mrc,2258,0,0,0,0,0,0
asymmetric_p2p_tornado_16mib,n-mrc,2260,0,0,0,0,0,0
asymmetric_p2p_tornado_16mib,n-mrc,2262,0,0,0,0,0,0
asymmetric_p2p_tornado_16mib,n-mrc,2264,0,0,0,0,0,0
asymmetric_p2p_tornado_16mib,n-mrc,2266,0,0,0,0,0,0
asymmetric_p2p_tornado_16mib,n-mrc,2268,0,0,0,0,0,0
asymmetric_p2p_tornado_16mib,n-mrc,2270,0,0,0,0,0,0
asymmetric_p2p_tornado_16mib,n-mrc,2272,0,0,0,0,0,0
asymmetric_p2p_tornado_16mib,n-mrc,2274,0,0,0,0,0,0
asymmetric_p2p_tornado_16mib,n-mrc,2276,0,0,0,0,0,0
asymmetric_p2p_tornado_16mib,n-mrc,2278,0,0,0,0,0,0
asymmetric_p2p_tornado_16mib,n-mrc,2280,0,0,0,0,0,0
asymmetric_p2p_tornado_16mib,n-mrc,2282,0,0,0,0,0,0
asymmetric_p2p_tornado_16mib,n-mrc,2284,0,0,0,0,0,0
asymmetric_p2p_tornado_16mib,n-mrc,2286,0,0,0,0,0,0
asymmetric_p2p_tornado_16mib,n-mrc,2288,0,0,0,0,0,0
asymmetric_p2p_tornado_16mib,n-mrc,2290,0,0,0,0,0,0
asymmetric_p2p_tornado_16mib,n-mrc,2292,0,0,0,0,0,0
asymmetric_p2p_tornado_16mib,n-mrc,2294,0,0,0,0,0,0
asymmetric_p2p_tornado_16mib,n-mrc,2296,0,0,0,0,0,0
asymmetric_p2p_tornado_16mib,n-mrc,2298,0,0,0,0,0,0
asymmetric_p2p_tornado_16mib,n-mrc,2300,0,0,0,0,0,0
asymmetric_p2p_tornado_16mib,n-mrc,2302,0,0,0,0,0,0
asymmetric_p2p_tornado_16mib,n-mrc,2304,0,0,0,0,0,0
asymmetric_p2p_tornado_16mib,n-mrc,2306,0,0,0,0,0,0
asymmetric_p2p_tornado_16mib,n-mrc,2308,0,0,0,0,0,0
asymmetric_p2p_tornado_16mib,n-mrc,2310,0,0,0,0,0,0
asymmetric_p2p_tornado_16mib,n-mrc,2312,0,0,0,0,0,0
asymmetric_p2p_tornado_16mib,n-mrc,2314,0,0,0,0,0,0
asymmetric_p2p_tornado_16mib,n-mrc,2316,0,0,0,0,0,0
asymmetric_p2p_tornado_16mib,n-mrc,2318,0,0,0,0,0,0
asymmetric_p2p_tornado_16mib,n-mrc,2320,0,0,0,0,0,0
asymmetric_p2p_tornado_16mib,n-mrc,2322,0,0,0,0,0,0
asymmetric_p2p_tornado_16mib,n-mrc,2324,0,0,0,0,0,0
asymmetric_p2p_tornado_16mib,n-mrc,2326,0,0,0,0,0,0
asymmetric_p2p_tornado_16mib,n-mrc,2328,0,0,0,0,0,0
asymmetric_p2p_tornado_16mib,n-mrc,2330,0,0,0,0,0,0
asymmetric_p2p_tornado_16mib,n-mrc,2332,0,0,0,0,0,0
asymmetric_p2p_tornado_16mib,n-mrc,2334,0,0,0,0,0,0
asymmetric_p2p_tornado_16mib,n-mrc,2336,0,0,0,0,0,0
asymmetric_p2p_tornado_16mib,n-mrc,2338,0,0,0,0,0,0
asymmetric_p2p_tornado_16mib,n-mrc,2340,0,0,0,0,0,0
asymmetric_p2p_tornado_16mib,n-mrc,2342,0,0,0,0,0,0
asymmetric_p2p_tornado_16mib,n-mrc,2344,0,0,0,0,0,0
asymmetric_p2p_tornado_16mib,n-mrc,2346,0,0,0,0,0,0
asymmetric_p2p_tornado_16mib,n-mrc,2348,0,0,0,0,0,0
asymmetric_p2p_tornado_16mib,n-mrc,2350,0,0,0,0,0,0
asymmetric_p2p_tornado_16mib,n-mrc,2352,0,0,0,0,0,0
asymmetric_p2p_tornado_16mib,n-mrc,2354,0,0,0,0,0,0
asymmetric_p2p_tornado_16mib,n-mrc,2356,0,0,0,0,0,0
asymmetric_p2p_tornado_16mib,n-mrc,2358,0,0,0,0,0,0
asymmetric_p2p_tornado_16mib,n-mrc,2360,0,0,0,0,0,0
asymmetric_p2p_tornado_16mib,n-mrc,2362,0,0,0,0,0,0
asymmetric_p2p_tornado_16mib,n-mrc,2364,0,0,0,0,0,0
asymmetric_p2p_tornado_16mib,n-mrc,2366,0,0,0,0,0,0
asymmetric_p2p_tornado_16mib,n-mrc,2368,0,0,0,0,0,0
asymmetric_p2p_tornado_16mib,n-mrc,2370,0,0,0,0,0,0
asymmetric_p2p_tornado_16mib,n-mrc,2372,0,0,0,0,0,0
asymmetric_p2p_tornado_16mib,n-mrc,2374,0,0,0,0,0,0
asymmetric_p2p_tornado_16mib,n-mrc,2376,0,0,0,0,0,0
asymmetric_p2p_tornado_16mib,n-mrc,2378,0,0,0,0,0,0
asymmetric_p2p_tornado_16mib,n-mrc,2380,0,0,0,0,0,0
asymmetric_p2p_tornado_16mib,n-mrc,2382,0,0,0,0,0,0
asymmetric_p2p_tornado_16mib,n-mrc,2384,0,0,0,0,0,0
asymmetric_p2p_tornado_16mib,n-mrc,2386,0,0,0,0,0,0
asymmetric_p2p_tornado_16mib,n-mrc,2388,0,0,0,0,0,0
asymmetric_p2p_tornado_16mib,n-mrc,2390,0,0,0,0,0,0
asymmetric_p2p_tornado_16mib,n-mrc,2392,0,0,0,0,0,0
asymmetric_p2p_tornado_16mib,n-mrc,2394,0,0,0,0,0,0
asymmetric_p2p_tornado_16mib,n-mrc,2396,0,0,0,0,0,0
asymmetric_p2p_tornado_16mib,n-mrc,2398,0,0,0,0,0,0
asymmetric_p2p_tornado_16mib,n-mrc,2400,0,0,0,0,0,0
asymmetric_p2p_tornado_16mib,n-mrc,2402,0,0,0,0,0,0
asymmetric_p2p_tornado_16mib,n-mrc,2404,0,0,0,0,0,0
asymmetric_p2p_tornado_16mib,n-mrc,2406,0,0,0,0,0,0
asymmetric_p2p_tornado_16mib,n-mrc,2408,0,0,0,0,0,0
asymmetric_p2p_tornado_16mib,n-mrc,2410,0,0,0,0,0,0
asymmetric_p2p_tornado_16mib,n-mrc,2412,0,0,0,0,0,0
asymmetric_p2p_tornado_16mib,n-mrc,2414,0,0,0,0,0,0
asymmetric_p2p_tornado_16mib,n-mrc,2416,0,0,0,0,0,0
asymmetric_p2p_tornado_16mib,n-mrc,2418,0,0,0,0,0,0
asymmetric_p2p_tornado_16mib,n-mrc,2420,0,0,0,0,0,0
asymmetric_p2p_tornado_16mib,n-mrc,2422,0,0,0,0,0,0
asymmetric_p2p_tornado_16mib,n-mrc,2424,0,0,0,0,0,0
asymmetric_p2p_tornado_16mib,n-mrc,2426,0,0,0,0,0,0
asymmetric_p2p_tornado_16mib,n-mrc,2428,0,0,0,0,0,0
asymmetric_p2p_tornado_16mib,n-mrc,2430,0,0,0,0,0,0
asymmetric_p2p_tornado_16mib,n-mrc,2432,0,0,0,0,0,0
asymmetric_p2p_tornado_16mib,n-mrc,2434,0,0,0,0,0,0
asymmetric_p2p_tornado_16mib,n-mrc,2436,0,0,0,0,0,0
asymmetric_p2p_tornado_16mib,n-mrc,2438,0,0,0,0,0,0
asymmetric_p2p_tornado_16mib,n-mrc,2440,0,0,0,0,0,0
asymmetric_p2p_tornado_16mib,n-mrc,2442,0,0,0,0,0,0
asymmetric_p2p_tornado_16mib,n-mrc,2444,0,0,0,0,0,0
asymmetric_p2p_tornado_16mib,n-mrc,2446,0,0,0,0,0,0
asymmetric_p2p_tornado_16mib,n-mrc,2448,0,0,0,0,0,0
asymmetric_p2p_tornado_16mib,n-mrc,2450,0,0,0,0,0,0
asymmetric_p2p_tornado_16mib,n-mrc,2452,0,0,0,0,0,0
asymmetric_p2p_tornado_16mib,n-mrc,2454,0,0,0,0,0,0
asymmetric_p2p_tornado_16mib,n-mrc,2456,0,0,0,0,0,0
asymmetric_p2p_tornado_16mib,n-mrc,2458,0,0,0,0,0,0
asymmetric_p2p_tornado_16mib,n-mrc,2460,0,0,0,0,0,0
asymmetric_p2p_tornado_16mib,n-mrc,2462,0,0,0,0,0,0
asymmetric_p2p_tornado_16mib,n-mrc,2464,0,0,0,0,0,0
asymmetric_p2p_tornado_16mib,n-mrc,2466,0,0,0,0,0,0
asymmetric_p2p_tornado_16mib,n-mrc,2468,0,0,0,0,0,0
asymmetric_p2p_tornado_16mib,n-mrc,2470,0,0,0,0,0,0
asymmetric_p2p_tornado_16mib,n-mrc,2472,0,0,0,0,0,0
asymmetric_p2p_tornado_16mib,n-mrc,2474,0,0,0,0,0,0
asymmetric_p2p_tornado_16mib,n-mrc,2476,0,0,0,0,0,0
asymmetric_p2p_tornado_16mib,n-mrc,2478,0,0,0,0,0,0
asymmetric_p2p_tornado_16mib,n-mrc,2480,0,0,0,0,0,0
asymmetric_p2p_tornado_16mib,n-mrc,2482,0,0,0,0,0,0
asymmetric_p2p_tornado_16mib,n-mrc,2484,0,0,0,0,0,0
asymmetric_p2p_tornado_16mib,n-mrc,2486,0,0,0,0,0,0
asymmetric_p2p_tornado_16mib,n-mrc,2488,0,0,0,0,0,0
asymmetric_p2p_tornado_16mib,n-mrc,2490,0,0,0,0,0,0
asymmetric_p2p_tornado_16mib,n-mrc,2492,0,0,0,0,0,0
asymmetric_p2p_tornado_16mib,n-mrc,2494,0,0,0,0,0,0
asymmetric_p2p_tornado_16mib,n-mrc,2496,0,0,0,0,0,0
asymmetric_p2p_tornado_16mib,n-mrc,2498,0,0,0,0,0,0
asymmetric_p2p_tornado_16mib,n-mrc,2500,0,0,0,0,0,0
asymmetric_p2p_tornado_16mib,n-mrc,2502,0,0,0,0,0,0
asymmetric_p2p_tornado_16mib,n-mrc,2504,0,0,0,0,0,0
asymmetric_p2p_tornado_16mib,n-mrc,2506,0,0,0,0,0,0
asymmetric_p2p_tornado_16mib,n-mrc,2508,0,0,0,0,0,0
asymmetric_p2p_tornado_16mib,n-mrc,2510,0,0,0,0,0,0
asymmetric_p2p_tornado_16mib,n-mrc,2512,0,0,0,0,0,0
asymmetric_p2p_tornado_16mib,n-mrc,2514,0,0,0,0,0,0
asymmetric_p2p_tornado_16mib,n-mrc,2516,0,0,0,0,0,0
asymmetric_p2p_tornado_16mib,n-mrc,2518,0,0,0,0,0,0
asymmetric_p2p_tornado_16mib,n-mrc,2520,0,0,0,0,0,0
asymmetric_p2p_tornado_16mib,n-mrc,2522,0,0,0,0,0,0
asymmetric_p2p_tornado_16mib,n-mrc,2524,0,0,0,0,0,0
asymmetric_p2p_tornado_16mib,n-mrc,2526,0,0,0,0,0,0
asymmetric_p2p_tornado_16mib,n-mrc,2528,0,0,0,0,0,0
asymmetric_p2p_tornado_16mib,n-mrc,2530,0,0,0,0,0,0
asymmetric_p2p_tornado_16mib,n-mrc,2532,0,0,0,0,0,0
asymmetric_p2p_tornado_16mib,n-mrc,2534,0,0,0,0,0,0
asymmetric_p2p_tornado_16mib,n-mrc,2536,0,0,0,0,0,0
asymmetric_p2p_tornado_16mib,n-mrc,2538,0,0,0,0,0,0
asymmetric_p2p_tornado_16mib,n-mrc,2540,0,0,0,0,0,0
asymmetric_p2p_tornado_16mib,n-mrc,2542,0,0,0,0,0,0
asymmetric_p2p_tornado_16mib,n-mrc,2544,0,0,0,0,0,0
asymmetric_p2p_tornado_16mib,n-mrc,2546,0,0,0,0,0,0
asymmetric_p2p_tornado_16mib,n-mrc,2548,0,0,0,0,0,0
asymmetric_p2p_tornado_16mib,n-mrc,2550,0,0,0,0,0,0
asymmetric_p2p_tornado_16mib,n-mrc,2552,0,0,0,0,0,0
asymmetric_p2p_tornado_16mib,n-mrc,2554,0,0,0,0,0,0
asymmetric_p2p_tornado_16mib,n-mrc,2556,0,0,0,0,0,0
asymmetric_p2p_tornado_16mib,n-mrc,2558,0,0,0,0,0,0
asymmetric_p2p_tornado_16mib,n-mrc,2560,0,0,0,0,0,0
asymmetric_p2p_tornado_16mib,n-mrc,2562,0,0,0,0,0,0
asymmetric_p2p_tornado_16mib,n-mrc,2564,0,0,0,0,0,0
asymmetric_p2p_tornado_16mib,n-mrc,2566,0,0,0,0,0,0
asymmetric_p2p_tornado_16mib,n-mrc,2568,0,0,0,0,0,0
asymmetric_p2p_tornado_16mib,n-mrc,2570,0,0,0,0,0,0
asymmetric_p2p_tornado_16mib,n-mrc,2572,0,0,0,0,0,0
asymmetric_p2p_tornado_16mib,n-mrc,2574,0,0,0,0,0,0
asymmetric_p2p_tornado_16mib,n-mrc,2576,0,0,0,0,0,0
asymmetric_p2p_tornado_16mib,n-mrc,2578,0,0,0,0,0,0
asymmetric_p2p_tornado_16mib,n-mrc,2580,0,0,0,0,0,0
asymmetric_p2p_tornado_16mib,n-mrc,2582,0,0,0,0,0,0
asymmetric_p2p_tornado_16mib,n-mrc,2584,0,0,0,0,0,0
asymmetric_p2p_tornado_16mib,n-mrc,2586,0,0,0,0,0,0
asymmetric_p2p_tornado_16mib,n-mrc,2588,0,0,0,0,0,0
asymmetric_p2p_tornado_16mib,n-mrc,2590,0,0,0,0,0,0
asymmetric_p2p_tornado_16mib,n-mrc,2592,0,0,0,0,0,0
asymmetric_p2p_tornado_16mib,n-mrc,2594,0,0,0,0,0,0
asymmetric_p2p_tornado_16mib,n-mrc,2596,0,0,0,0,0,0
asymmetric_p2p_tornado_16mib,n-mrc,2598,0,0,0,0,0,0
asymmetric_p2p_tornado_16mib,n-mrc,2600,0,0,0,0,0,0
asymmetric_p2p_tornado_16mib,n-mrc,2602,0,0,0,0,0,0
asymmetric_p2p_tornado_16mib,n-mrc,2604,0,0,0,0,0,0
asymmetric_p2p_tornado_16mib,n-mrc,2606,0,0,0,0,0,0
asymmetric_p2p_tornado_16mib,n-mrc,2608,0,0,0,0,0,0
asymmetric_p2p_tornado_16mib,n-mrc,2610,0,0,0,0,0,0
asymmetric_p2p_tornado_16mib,n-mrc,2612,0,0,0,0,0,0
asymmetric_p2p_tornado_16mib,n-mrc,2614,0,0,0,0,0,0
asymmetric_p2p_tornado_16mib,n-mrc,2616,0,0,0,0,0,0
asymmetric_p2p_tornado_16mib,n-mrc,2618,0,0,0,0,0,0
asymmetric_p2p_tornado_16mib,n-mrc,2620,0,0,0,0,0,0
asymmetric_p2p_tornado_16mib,n-mrc,2622,0,0,0,0,0,0
asymmetric_p2p_tornado_16mib,n-mrc,2624,0,0,0,0,0,0
asymmetric_p2p_tornado_16mib,n-mrc,2626,0,0,0,0,0,0
asymmetric_p2p_tornado_16mib,n-mrc,2628,0,0,0,0,0,0
asymmetric_p2p_tornado_16mib,n-mrc,2630,0,0,0,0,0,0
asymmetric_p2p_tornado_16mib,n-mrc,2632,0,0,0,0,0,0
asymmetric_p2p_tornado_16mib,n-mrc,2634,0,0,0,0,0,0
asymmetric_p2p_tornado_16mib,n-mrc,2636,0,0,0,0,0,0
asymmetric_p2p_tornado_16mib,n-mrc,2638,0,0,0,0,0,0
asymmetric_p2p_tornado_16mib,n-mrc,2640,0,0,0,0,0,0
asymmetric_p2p_tornado_16mib,n-mrc,2642,0,0,0,0,0,0
asymmetric_p2p_tornado_16mib,n-mrc,2644,0,0,0,0,0,0
asymmetric_p2p_tornado_16mib,n-mrc,2646,0,0,0,0,0,0
asymmetric_p2p_tornado_16mib,n-mrc,2648,0,0,0,0,0,0
asymmetric_p2p_tornado_16mib,n-mrc,2650,0,0,0,0,0,0
asymmetric_p2p_tornado_16mib,n-mrc,2652,0,0,0,0,0,0
asymmetric_p2p_tornado_16mib,n-mrc,2654,0,0,0,0,0,0
asymmetric_p2p_tornado_16mib,n-mrc,2656,0,0,0,0,0,0
asymmetric_p2p_tornado_16mib,n-mrc,2658,0,0,0,0,0,0
asymmetric_p2p_tornado_16mib,n-mrc,2660,0,0,0,0,0,0
asymmetric_p2p_tornado_16mib,n-mrc,2662,0,0,0,0,0,0
asymmetric_p2p_tornado_16mib,n-mrc,2664,0,0,0,0,0,0
asymmetric_p2p_tornado_16mib,n-mrc,2666,0,0,0,0,0,0
asymmetric_p2p_tornado_16mib,n-mrc,2668,0,0,0,0,0,0
asymmetric_p2p_tornado_16mib,n-mrc,2670,0,0,0,0,0,0
asymmetric_p2p_tornado_16mib,n-mrc,2672,0,0,0,0,0,0
asymmetric_p2p_tornado_16mib,n-mrc,2674,0,0,0,0,0,0
asymmetric_p2p_tornado_16mib,n-mrc,2676,0,0,0,0,0,0
asymmetric_p2p_tornado_16mib,n-mrc,2678,0,0,0,0,0,0
asymmetric_p2p_tornado_16mib,n-mrc,2680,0,0,0,0,0,0
asymmetric_p2p_tornado_16mib,n-mrc,2682,0,0,0,0,0,0
asymmetric_p2p_tornado_16mib,n-mrc,2684,0,0,0,0,0,0
asymmetric_p2p_tornado_16mib,n-mrc,2686,0,0,0,0,0,0
asymmetric_p2p_tornado_16mib,n-mrc,2688,0,0,0,0,0,0
asymmetric_p2p_tornado_16mib,n-mrc,2690,0,0,0,0,0,0
asymmetric_p2p_tornado_16mib,n-mrc,2692,0,0,0,0,0,0
asymmetric_p2p_tornado_16mib,n-mrc,2694,0,0,0,0,0,0
asymmetric_p2p_tornado_16mib,n-mrc,2696,0,0,0,0,0,0
asymmetric_p2p_tornado_16mib,n-mrc,2698,0,0,0,0,0,0
asymmetric_p2p_tornado_16mib,n-mrc,2700,0,0,0,0,0,0
asymmetric_p2p_tornado_16mib,n-mrc,2702,0,0,0,0,0,0
asymmetric_p2p_tornado_16mib,n-mrc,2704,0,0,0,0,0,0
asymmetric_p2p_tornado_16mib,n-mrc,2706,0,0,0,0,0,0
asymmetric_p2p_tornado_16mib,n-mrc,2708,0,0,0,0,0,0
asymmetric_p2p_tornado_16mib,n-mrc,2710,0,0,0,0,0,0
asymmetric_p2p_tornado_16mib,n-mrc,2712,0,0,0,0,0,0
asymmetric_p2p_tornado_16mib,n-mrc,2714,0,0,0,0,0,0
asymmetric_p2p_tornado_16mib,n-mrc,2716,0,0,0,0,0,0
asymmetric_p2p_tornado_16mib,n-mrc,2718,0,0,0,0,0,0
asymmetric_p2p_tornado_16mib,n-mrc,2720,0,0,0,0,0,0
asymmetric_p2p_tornado_16mib,n-mrc,2722,0,0,0,0,0,0
asymmetric_p2p_tornado_16mib,n-mrc,2724,0,0,0,0,0,0
asymmetric_p2p_tornado_16mib,n-mrc,2726,0,0,0,0,0,0
asymmetric_p2p_tornado_16mib,n-mrc,2728,0,0,0,0,0,0
asymmetric_p2p_tornado_16mib,n-mrc,2730,0,0,0,0,0,0
asymmetric_p2p_tornado_16mib,n-mrc,2732,0,0,0,0,0,0
asymmetric_p2p_tornado_16mib,n-mrc,2734,0,0,0,0,0,0
asymmetric_p2p_tornado_16mib,n-mrc,2736,0,0,0,0,0,0
asymmetric_p2p_tornado_16mib,n-mrc,2738,0,0,0,0,0,0
asymmetric_p2p_tornado_16mib,n-mrc,2740,0,0,0,0,0,0
asymmetric_p2p_tornado_16mib,n-mrc,2742,0,0,0,0,0,0
asymmetric_p2p_tornado_16mib,n-mrc,2744,0,0,0,0,0,0
asymmetric_p2p_tornado_16mib,n-mrc,2746,0,0,0,0,0,0
asymmetric_p2p_tornado_16mib,n-mrc,2748,0,0,0,0,0,0
asymmetric_p2p_tornado_16mib,n-mrc,2750,0,0,0,0,0,0
asymmetric_p2p_tornado_16mib,n-mrc,2752,0,0,0,0,0,0
asymmetric_p2p_tornado_16mib,n-mrc,2754,0,0,0,0,0,0
asymmetric_p2p_tornado_16mib,n-mrc,2756,0,0,0,0,0,0
asymmetric_p2p_tornado_16mib,n-mrc,2758,0,0,0,0,0,0
asymmetric_p2p_tornado_16mib,n-mrc,2760,0,0,0,0,0,0
asymmetric_p2p_tornado_16mib,n-mrc,2762,0,0,0,0,0,0
asymmetric_p2p_tornado_16mib,n-mrc,2764,0,0,0,0,0,0
asymmetric_p2p_tornado_16mib,n-mrc,2766,0,0,0,0,0,0
asymmetric_p2p_tornado_16mib,n-mrc,2768,0,0,0,0,0,0
asymmetric_p2p_tornado_16mib,n-mrc,2770,0,0,0,0,0,0
asymmetric_p2p_tornado_16mib,n-mrc,2772,0,0,0,0,0,0
asymmetric_p2p_tornado_16mib,n-mrc,2774,0,0,0,0,0,0
asymmetric_p2p_tornado_16mib,n-mrc,2776,0,0,0,0,0,0
asymmetric_p2p_tornado_16mib,n-mrc,2778,0,0,0,0,0,0
asymmetric_p2p_tornado_16mib,n-mrc,2780,0,0,0,0,0,0
asymmetric_p2p_tornado_16mib,n-mrc,2782,0,0,0,0,0,0
asymmetric_p2p_tornado_16mib,n-mrc,2784,0,0,0,0,0,0
asymmetric_p2p_tornado_16mib,n-mrc,2786,0,0,0,0,0,0
asymmetric_p2p_tornado_16mib,n-mrc,2788,0,0,0,0,0,0
asymmetric_p2p_tornado_16mib,n-mrc,2790,0,0,0,0,0,0
asymmetric_p2p_tornado_16mib,n-mrc,2792,0,0,0,0,0,0
asymmetric_p2p_tornado_16mib,n-mrc,2794,0,0,0,0,0,0
asymmetric_p2p_tornado_16mib,n-mrc,2796,0,0,0,0,0,0
asymmetric_p2p_tornado_16mib,n-mrc,2798,0,0,0,0,0,0
asymmetric_p2p_tornado_16mib,n-mrc,2800,0,0,0,0,0,0
asymmetric_p2p_tornado_16mib,n-mrc,2802,0,0,0,0,0,0
asymmetric_p2p_tornado_16mib,n-mrc,2804,0,0,0,0,0,0
asymmetric_p2p_tornado_16mib,n-mrc,2806,0,0,0,0,0,0
asymmetric_p2p_tornado_16mib,n-mrc,2808,0,0,0,0,0,0
asymmetric_p2p_tornado_16mib,n-mrc,2810,0,0,0,0,0,0
asymmetric_p2p_tornado_16mib,n-mrc,2812,0,0,0,0,0,0
asymmetric_p2p_tornado_16mib,n-mrc,2814,0,0,0,0,0,0
asymmetric_p2p_tornado_16mib,n-mrc,2816,0,0,0,0,0,0
asymmetric_p2p_tornado_16mib,n-mrc,2818,0,0,0,0,0,0
asymmetric_p2p_tornado_16mib,n-mrc,2820,0,0,0,0,0,0
asymmetric_p2p_tornado_16mib,n-mrc,2822,0,0,0,0,0,0
asymmetric_p2p_tornado_16mib,n-mrc,2824,0,0,0,0,0,0
asymmetric_p2p_tornado_16mib,n-mrc,2826,0,0,0,0,0,0
asymmetric_p2p_tornado_16mib,n-mrc,2828,0,0,0,0,0,0
asymmetric_p2p_tornado_16mib,n-mrc,2830,0,0,0,0,0,0
asymmetric_p2p_tornado_16mib,n-mrc,2832,0,0,0,0,0,0
asymmetric_p2p_tornado_16mib,n-mrc,2834,0,0,0,0,0,0
asymmetric_p2p_tornado_16mib,n-mrc,2836,0,0,0,0,0,0
asymmetric_p2p_tornado_16mib,n-mrc,2838,0,0,0,0,0,0
asymmetric_p2p_tornado_16mib,n-mrc,2840,0,0,0,0,0,0
asymmetric_p2p_tornado_16mib,n-mrc,2842,0,0,0,0,0,0
asymmetric_p2p_tornado_16mib,n-mrc,2844,0,0,0,0,0,0
asymmetric_p2p_tornado_16mib,n-mrc,2846,0,0,0,0,0,0
asymmetric_p2p_tornado_16mib,n-mrc,2848,0,0,0,0,0,0
asymmetric_p2p_tornado_16mib,n-mrc,2850,0,0,0,0,0,0
asymmetric_p2p_tornado_16mib,n-mrc,2852,0,0,0,0,0,0
asymmetric_p2p_tornado_16mib,n-mrc,2854,0,0,0,0,0,0
asymmetric_p2p_tornado_16mib,n-mrc,2856,0,0,0,0,0,0
asymmetric_p2p_tornado_16mib,n-mrc,2858,0,0,0,0,0,0
asymmetric_p2p_tornado_16mib,n-mrc,2860,0,0,0,0,0,0
asymmetric_p2p_tornado_16mib,n-mrc,2862,0,0,0,0,0,0
asymmetric_p2p_tornado_16mib,n-mrc,2864,0,0,0,0,0,0
asymmetric_p2p_tornado_16mib,n-mrc,2866,0,0,0,0,0,0
asymmetric_p2p_tornado_16mib,n-mrc,2868,0,0,0,0,0,0
asymmetric_p2p_tornado_16mib,n-mrc,2870,0,0,0,0,0,0
asymmetric_p2p_tornado_16mib,n-mrc,2872,0,0,0,0,0,0
asymmetric_p2p_tornado_16mib,n-mrc,2874,0,0,0,0,0,0
asymmetric_p2p_tornado_16mib,n-mrc,2876,0,0,0,0,0,0
asymmetric_p2p_tornado_16mib,n-mrc,2878,0,0,0,0,0,0
asymmetric_p2p_tornado_16mib,n-mrc,2880,0,0,0,0,0,0
asymmetric_p2p_tornado_16mib,n-mrc,2882,0,0,0,0,0,0
asymmetric_p2p_tornado_16mib,n-mrc,2884,0,0,0,0,0,0
asymmetric_p2p_tornado_16mib,n-mrc,2886,0,0,0,0,0,0
asymmetric_p2p_tornado_16mib,n-mrc,2888,0,0,0,0,0,0
asymmetric_p2p_tornado_16mib,n-mrc,2890,0,0,0,0,0,0
asymmetric_p2p_tornado_16mib,n-mrc,2892,0,0,0,0,0,0
asymmetric_p2p_tornado_16mib,n-mrc,2894,0,0,0,0,0,0
asymmetric_p2p_tornado_16mib,n-mrc,2896,0,0,0,0,0,0
asymmetric_p2p_tornado_16mib,n-mrc,2898,0,0,0,0,0,0
asymmetric_p2p_tornado_16mib,n-mrc,2900,0,0,0,0,0,0
asymmetric_p2p_tornado_16mib,n-mrc,2902,0,0,0,0,0,0
asymmetric_p2p_tornado_16mib,n-mrc,2904,0,0,0,0,0,0
asymmetric_p2p_tornado_16mib,n-mrc,2906,0,0,0,0,0,0
asymmetric_p2p_tornado_16mib,n-mrc,2908,0,0,0,0,0,0
asymmetric_p2p_tornado_16mib,n-mrc,2910,0,0,0,0,0,0
asymmetric_p2p_tornado_16mib,n-mrc,2912,0,0,0,0,0,0
asymmetric_p2p_tornado_16mib,n-mrc,2914,0,0,0,0,0,0
asymmetric_p2p_tornado_16mib,n-mrc,2916,0,0,0,0,0,0
asymmetric_p2p_tornado_16mib,n-mrc,2918,0,0,0,0,0,0
asymmetric_p2p_tornado_16mib,n-mrc,2920,0,0,0,0,0,0
asymmetric_p2p_tornado_16mib,n-mrc,2922,0,0,0,0,0,0
asymmetric_p2p_tornado_16mib,n-mrc,2924,0,0,0,0,0,0
asymmetric_p2p_tornado_16mib,n-mrc,2926,0,0,0,0,0,0
asymmetric_p2p_tornado_16mib,n-mrc,2928,0,0,0,0,0,0
asymmetric_p2p_tornado_16mib,n-mrc,2930,0,0,0,0,0,0
asymmetric_p2p_tornado_16mib,n-mrc,2932,0,0,0,0,0,0
asymmetric_p2p_tornado_16mib,n-mrc,2934,0,0,0,0,0,0
asymmetric_p2p_tornado_16mib,n-mrc,2936,0,0,0,0,0,0
asymmetric_p2p_tornado_16mib,n-mrc,2938,0,0,0,0,0,0
asymmetric_p2p_tornado_16mib,n-mrc,2940,0,0,0,0,0,0
asymmetric_p2p_tornado_16mib,n-mrc,2942,0,0,0,0,0,0
asymmetric_p2p_tornado_16mib,n-mrc,2944,0,0,0,0,0,0
asymmetric_p2p_tornado_16mib,n-mrc,2946,0,0,0,0,0,0
asymmetric_p2p_tornado_16mib,n-mrc,2948,0,0,0,0,0,0
asymmetric_p2p_tornado_16mib,n-mrc,2950,0,0,0,0,0,0
asymmetric_p2p_tornado_16mib,n-mrc,2952,0,0,0,0,0,0
asymmetric_p2p_tornado_16mib,n-mrc,2954,0,0,0,0,0,0
asymmetric_p2p_tornado_16mib,n-mrc,2956,0,0,0,0,0,0
asymmetric_p2p_tornado_16mib,n-mrc,2958,0,0,0,0,0,0
asymmetric_p2p_tornado_16mib,n-mrc,2960,0,0,0,0,0,0
asymmetric_p2p_tornado_16mib,n-mrc,2962,0,0,0,0,0,0
asymmetric_p2p_tornado_16mib,n-mrc,2964,0,0,0,0,0,0
asymmetric_p2p_tornado_16mib,n-mrc,2966,0,0,0,0,0,0
asymmetric_p2p_tornado_16mib,n-mrc,2968,0,0,0,0,0,0
asymmetric_p2p_tornado_16mib,n-mrc,2970,0,0,0,0,0,0
asymmetric_p2p_tornado_16mib,n-mrc,2972,0,0,0,0,0,0
asymmetric_p2p_tornado_16mib,n-mrc,2974,0,0,0,0,0,0
asymmetric_p2p_tornado_16mib,n-mrc,2976,0,0,0,0,0,0
asymmetric_p2p_tornado_16mib,n-mrc,2978,0,0,0,0,0,0
asymmetric_p2p_tornado_16mib,n-mrc,2980,0,0,0,0,0,0
asymmetric_p2p_tornado_16mib,n-mrc,2982,0,0,0,0,0,0
asymmetric_p2p_tornado_16mib,n-mrc,2984,0,0,0,0,0,0
asymmetric_p2p_tornado_16mib,n-mrc,2986,0,0,0,0,0,0
asymmetric_p2p_tornado_16mib,n-mrc,2988,0,0,0,0,0,0
asymmetric_p2p_tornado_16mib,n-mrc,2990,0,0,0,0,0,0
asymmetric_p2p_tornado_16mib,n-mrc,2992,0,0,0,0,0,0
asymmetric_p2p_tornado_16mib,n-mrc,2994,0,0,0,0,0,0
asymmetric_p2p_tornado_16mib,n-mrc,2996,0,0,0,0,0,0
asymmetric_p2p_tornado_16mib,n-mrc,2998,0,0,0,0,0,0
asymmetric_p2p_tornado_16mib,n-mrc,3000,0,0,0,0,0,0
asymmetric_p2p_tornado_16mib,n-mrc,3002,0,0,0,0,0,0
asymmetric_p2p_tornado_16mib,n-mrc,3004,0,0,0,0,0,0
asymmetric_p2p_tornado_16mib,n-mrc,3006,0,0,0,0,0,0
asymmetric_p2p_tornado_16mib,n-mrc,3008,0,0,0,0,0,0
asymmetric_p2p_tornado_16mib,n-mrc,3010,0,0,0,0,0,0
asymmetric_p2p_tornado_16mib,n-mrc,3012,0,0,0,0,0,0
asymmetric_p2p_tornado_16mib,n-mrc,3014,0,0,0,0,0,0
asymmetric_p2p_tornado_16mib,n-mrc,3016,0,0,0,0,0,0
asymmetric_p2p_tornado_16mib,n-mrc,3018,0,0,0,0,0,0
asymmetric_p2p_tornado_16mib,n-mrc,3020,0,0,0,0,0,0
asymmetric_p2p_tornado_16mib,n-mrc,3022,0,0,0,0,0,0
asymmetric_p2p_tornado_16mib,n-mrc,3024,0,0,0,0,0,0
asymmetric_p2p_tornado_16mib,n-mrc,3026,0,0,0,0,0,0
asymmetric_p2p_tornado_16mib,n-mrc,3028,0,0,0,0,0,0
asymmetric_p2p_tornado_16mib,n-mrc,3030,0,0,0,0,0,0
asymmetric_p2p_tornado_16mib,n-mrc,3032,0,0,0,0,0,0
asymmetric_p2p_tornado_16mib,n-mrc,3034,0,0,0,0,0,0
asymmetric_p2p_tornado_16mib,n-mrc,3036,0,0,0,0,0,0
asymmetric_p2p_tornado_16mib,n-mrc,3038,0,0,0,0,0,0
asymmetric_p2p_tornado_16mib,n-mrc,3040,0,0,0,0,0,0
asymmetric_p2p_tornado_16mib,n-mrc,3042,0,0,0,0,0,0
asymmetric_p2p_tornado_16mib,n-mrc,3044,0,0,0,0,0,0
asymmetric_p2p_tornado_16mib,n-mrc,3046,0,0,0,0,0,0
asymmetric_p2p_tornado_16mib,n-mrc,3048,0,0,0,0,0,0
asymmetric_p2p_tornado_16mib,n-mrc,3050,0,0,0,0,0,0
asymmetric_p2p_tornado_16mib,n-mrc,3052,0,0,0,0,0,0
asymmetric_p2p_tornado_16mib,n-mrc,3054,0,0,0,0,0,0
asymmetric_p2p_tornado_16mib,n-mrc,3056,0,0,0,0,0,0
asymmetric_p2p_tornado_16mib,n-mrc,3058,0,0,0,0,0,0
asymmetric_p2p_tornado_16mib,n-mrc,3060,0,0,0,0,0,0
asymmetric_p2p_tornado_16mib,n-mrc,3062,0,0,0,0,0,0
asymmetric_p2p_tornado_16mib,n-mrc,3064,0,0,0,0,0,0
asymmetric_p2p_tornado_16mib,n-mrc,3066,0,0,0,0,0,0
asymmetric_p2p_tornado_16mib,n-mrc,3068,0,0,0,0,0,0
asymmetric_p2p_tornado_16mib,n-mrc,3070,0,0,0,0,0,0
asymmetric_p2p_tornado_16mib,n-mrc,3072,0,0,0,0,0,0
asymmetric_p2p_tornado_16mib,n-mrc,3074,0,0,0,0,0,0
asymmetric_p2p_tornado_16mib,n-mrc,3076,0,0,0,0,0,0
asymmetric_p2p_tornado_16mib,n-mrc,3078,0,0,0,0,0,0
asymmetric_p2p_tornado_16mib,n-mrc,3080,0,0,0,0,0,0
asymmetric_p2p_tornado_16mib,n-mrc,3082,0,0,0,0,0,0
asymmetric_p2p_tornado_16mib,n-mrc,3084,0,0,0,0,0,0
asymmetric_p2p_tornado_16mib,n-mrc,3086,0,0,0,0,0,0
asymmetric_p2p_tornado_16mib,n-mrc,3088,0,0,0,0,0,0
asymmetric_p2p_tornado_16mib,n-mrc,3090,0,0,0,0,0,0
asymmetric_p2p_tornado_16mib,n-mrc,3092,0,0,0,0,0,0
asymmetric_p2p_tornado_16mib,n-mrc,3094,0,0,0,0,0,0
asymmetric_p2p_tornado_16mib,n-mrc,3096,0,0,0,0,0,0
asymmetric_p2p_tornado_16mib,n-mrc,3098,0,0,0,0,0,0
asymmetric_p2p_tornado_16mib,n-mrc,3100,0,0,0,0,0,0
asymmetric_p2p_tornado_16mib,n-mrc,3102,0,0,0,0,0,0
asymmetric_p2p_tornado_16mib,n-mrc,3104,0,0,0,0,0,0
asymmetric_p2p_tornado_16mib,n-mrc,3106,0,0,0,0,0,0
asymmetric_p2p_tornado_16mib,n-mrc,3108,0,0,0,0,0,0
asymmetric_p2p_tornado_16mib,n-mrc,3110,0,0,0,0,0,0
asymmetric_p2p_tornado_16mib,n-mrc,3112,0,0,0,0,0,0
asymmetric_p2p_tornado_16mib,n-mrc,3114,0,0,0,0,0,0
asymmetric_p2p_tornado_16mib,n-mrc,3116,0,0,0,0,0,0
asymmetric_p2p_tornado_16mib,n-mrc,3118,0,0,0,0,0,0
asymmetric_p2p_tornado_16mib,n-mrc,3120,0,0,0,0,0,0
asymmetric_p2p_tornado_16mib,n-mrc,3122,0,0,0,0,0,0
asymmetric_p2p_tornado_16mib,n-mrc,3124,0,0,0,0,0,0
asymmetric_p2p_tornado_16mib,n-mrc,3126,0,0,0,0,0,0
asymmetric_p2p_tornado_16mib,n-mrc,3128,0,0,0,0,0,0
asymmetric_p2p_tornado_16mib,n-mrc,3130,0,0,0,0,0,0
asymmetric_p2p_tornado_16mib,n-mrc,3132,0,0,0,0,0,0
asymmetric_p2p_tornado_16mib,n-mrc,3134,0,0,0,0,0,0
asymmetric_p2p_tornado_16mib,n-mrc,3136,0,0,0,0,0,0
asymmetric_p2p_tornado_16mib,n-mrc,3138,0,0,0,0,0,0
asymmetric_p2p_tornado_16mib,n-mrc,3140,0,0,0,0,0,0
asymmetric_p2p_tornado_16mib,n-mrc,3142,0,0,0,0,0,0
asymmetric_p2p_tornado_16mib,n-mrc,3144,0,0,0,0,0,0
asymmetric_p2p_tornado_16mib,n-mrc,3146,0,0,0,0,0,0
asymmetric_p2p_tornado_16mib,n-mrc,3148,0,0,0,0,0,0
asymmetric_p2p_tornado_16mib,n-mrc,3150,0,0,0,0,0,0
asymmetric_p2p_tornado_16mib,n-mrc,3152,0,0,0,0,0,0
asymmetric_p2p_tornado_16mib,n-mrc,3154,0,0,0,0,0,0
asymmetric_p2p_tornado_16mib,n-mrc,3156,0,0,0,0,0,0
asymmetric_p2p_tornado_16mib,n-mrc,3158,0,0,0,0,0,0
asymmetric_p2p_tornado_16mib,n-mrc,3160,0,0,0,0,0,0
asymmetric_p2p_tornado_16mib,n-mrc,3162,0,0,0,0,0,0
asymmetric_p2p_tornado_16mib,n-mrc,3164,0,0,0,0,0,0
asymmetric_p2p_tornado_16mib,n-mrc,3166,0,0,0,0,0,0
asymmetric_p2p_tornado_16mib,n-mrc,3168,0,0,0,0,0,0
asymmetric_p2p_tornado_16mib,n-mrc,3170,0,0,0,0,0,0
asymmetric_p2p_tornado_16mib,n-mrc,3172,0,0,0,0,0,0
asymmetric_p2p_tornado_16mib,n-mrc,3174,0,0,0,0,0,0
asymmetric_p2p_tornado_16mib,n-mrc,3176,0,0,0,0,0,0
asymmetric_p2p_tornado_16mib,n-mrc,3178,0,0,0,0,0,0
asymmetric_p2p_tornado_16mib,n-mrc,3180,0,0,0,0,0,0
asymmetric_p2p_tornado_16mib,n-mrc,3182,0,0,0,0,0,0
asymmetric_p2p_tornado_16mib,n-mrc,3184,0,0,0,0,0,0
asymmetric_p2p_tornado_16mib,n-mrc,3186,0,0,0,0,0,0
asymmetric_p2p_tornado_16mib,n-mrc,3188,0,0,0,0,0,0
asymmetric_p2p_tornado_16mib,n-mrc,3190,0,0,0,0,0,0
asymmetric_p2p_tornado_16mib,n-mrc,3192,0,0,0,0,0,0
asymmetric_p2p_tornado_16mib,n-mrc,3194,0,0,0,0,0,0
asymmetric_p2p_tornado_16mib,n-mrc,3196,0,0,0,0,0,0
asymmetric_p2p_tornado_16mib,n-mrc,3198,0,0,0,0,0,0
asymmetric_p2p_tornado_16mib,n-mrc,3200,0,0,0,0,0,0
asymmetric_p2p_tornado_16mib,n-mrc,3202,0,0,0,0,0,0
asymmetric_p2p_tornado_16mib,n-mrc,3204,0,0,0,0,0,0
asymmetric_p2p_tornado_16mib,n-mrc,3206,0,0,0,0,0,0
asymmetric_p2p_tornado_16mib,n-mrc,3208,0,0,0,0,0,0
asymmetric_p2p_tornado_16mib,n-mrc,3210,0,0,0,0,0,0
asymmetric_p2p_tornado_16mib,n-mrc,3212,0,0,0,0,0,0
asymmetric_p2p_tornado_16mib,n-mrc,3214,0,0,0,0,0,0
asymmetric_p2p_tornado_16mib,n-mrc,3216,0,0,0,0,0,0
asymmetric_p2p_tornado_16mib,n-mrc,3218,0,0,0,0,0,0
asymmetric_p2p_tornado_16mib,n-mrc,3220,0,0,0,0,0,0
asymmetric_p2p_tornado_16mib,n-mrc,3222,0,0,0,0,0,0
asymmetric_p2p_tornado_16mib,n-mrc,3224,0,0,0,0,0,0
asymmetric_p2p_tornado_16mib,n-mrc,3226,0,0,0,0,0,0
asymmetric_p2p_tornado_16mib,n-mrc,3228,0,0,0,0,0,0
asymmetric_p2p_tornado_16mib,n-mrc,3230,0,0,0,0,0,0
asymmetric_p2p_tornado_16mib,n-mrc,3232,0,0,0,0,0,0
asymmetric_p2p_tornado_16mib,n-mrc,3234,0,0,0,0,0,0
asymmetric_p2p_tornado_16mib,n-mrc,3236,0,0,0,0,0,0
asymmetric_p2p_tornado_16mib,n-mrc,3238,0,0,0,0,0,0
asymmetric_p2p_tornado_16mib,n-mrc,3240,0,0,0,0,0,0
asymmetric_p2p_tornado_16mib,n-mrc,3242,0,0,0,0,0,0
asymmetric_p2p_tornado_16mib,n-mrc,3244,0,0,0,0,0,0
asymmetric_p2p_tornado_16mib,n-mrc,3246,0,0,0,0,0,0
asymmetric_p2p_tornado_16mib,n-mrc,3248,0,0,0,0,0,0
asymmetric_p2p_tornado_16mib,n-mrc,3250,0,0,0,0,0,0
asymmetric_p2p_tornado_16mib,n-mrc,3252,0,0,0,0,0,0
asymmetric_p2p_tornado_16mib,n-mrc,3254,0,0,0,0,0,0
asymmetric_p2p_tornado_16mib,n-mrc,3256,0,0,0,0,0,0
asymmetric_p2p_tornado_16mib,n-mrc,3258,0,0,0,0,0,0
asymmetric_p2p_tornado_16mib,n-mrc,3260,0,0,0,0,0,0
asymmetric_p2p_tornado_16mib,n-mrc,3262,0,0,0,0,0,0
asymmetric_p2p_tornado_16mib,n-mrc,3264,0,0,0,0,0,0
asymmetric_p2p_tornado_16mib,n-mrc,3266,0,0,0,0,0,0
asymmetric_p2p_tornado_16mib,n-mrc,3268,0,0,0,0,0,0
asymmetric_p2p_tornado_16mib,n-mrc,3270,0,0,0,0,0,0
asymmetric_p2p_tornado_16mib,n-mrc,3272,0,0,0,0,0,0
asymmetric_p2p_tornado_16mib,n-mrc,3274,0,0,0,0,0,0
asymmetric_p2p_tornado_16mib,n-mrc,3276,0,0,0,0,0,0
asymmetric_p2p_tornado_16mib,n-mrc,3278,0,0,0,0,0,0
asymmetric_p2p_tornado_16mib,n-mrc,3280,0,0,0,0,0,0
asymmetric_p2p_tornado_16mib,n-mrc,3282,0,0,0,0,0,0
asymmetric_p2p_tornado_16mib,n-mrc,3284,0,0,0,0,0,0
asymmetric_p2p_tornado_16mib,n-mrc,3286,0,0,0,0,0,0
asymmetric_p2p_tornado_16mib,n-mrc,3288,0,0,0,0,0,0
asymmetric_p2p_tornado_16mib,n-mrc,3290,0,0,0,0,0,0
asymmetric_p2p_tornado_16mib,n-mrc,3292,0,0,0,0,0,0
asymmetric_p2p_tornado_16mib,n-mrc,3294,0,0,0,0,0,0
asymmetric_p2p_tornado_16mib,n-mrc,3296,0,0,0,0,0,0
asymmetric_p2p_tornado_16mib,n-mrc,3298,0,0,0,0,0,0
asymmetric_p2p_tornado_16mib,n-mrc,3300,0,0,0,0,0,0
asymmetric_p2p_tornado_16mib,n-mrc,3302,0,0,0,0,0,0
asymmetric_p2p_tornado_16mib,n-mrc,3304,0,0,0,0,0,0
asymmetric_p2p_tornado_16mib,n-mrc,3306,0,0,0,0,0,0
asymmetric_p2p_tornado_16mib,n-mrc,3308,0,0,0,0,0,0
asymmetric_p2p_tornado_16mib,n-mrc,3310,0,0,0,0,0,0
asymmetric_p2p_tornado_16mib,n-mrc,3312,0,0,0,0,0,0
asymmetric_p2p_tornado_16mib,n-mrc,3314,0,0,0,0,0,0
asymmetric_p2p_tornado_16mib,n-mrc,3316,0,0,0,0,0,0
asymmetric_p2p_tornado_16mib,n-mrc,3318,0,0,0,0,0,0
asymmetric_p2p_tornado_16mib,n-mrc,3320,0,0,0,0,0,0
asymmetric_p2p_tornado_16mib,n-mrc,3322,0,0,0,0,0,0
asymmetric_p2p_tornado_16mib,n-mrc,3324,0,0,0,0,0,0
asymmetric_p2p_tornado_16mib,n-mrc,3326,0,0,0,0,0,0
asymmetric_p2p_tornado_16mib,n-mrc,3328,0,0,0,0,0,0
asymmetric_p2p_tornado_16mib,n-mrc,3330,0,0,0,0,0,0
asymmetric_p2p_tornado_16mib,n-mrc,3332,0,0,0,0,0,0
asymmetric_p2p_tornado_16mib,n-mrc,3334,0,0,0,0,0,0
asymmetric_p2p_tornado_16mib,n-mrc,3336,0,0,0,0,0,0
asymmetric_p2p_tornado_16mib,n-mrc,3338,0,0,0,0,0,0
asymmetric_p2p_tornado_16mib,n-mrc,3340,0,0,0,0,0,0
asymmetric_p2p_tornado_16mib,n-mrc,3342,0,0,0,0,0,0
asymmetric_p2p_tornado_16mib,n-mrc,3344,0,0,0,0,0,0
asymmetric_p2p_tornado_16mib,n-mrc,3346,0,0,0,0,0,0
asymmetric_p2p_tornado_16mib,n-mrc,3348,0,0,0,0,0,0
asymmetric_p2p_tornado_16mib,n-mrc,3350,0,0,0,0,0,0
asymmetric_p2p_tornado_16mib,n-mrc,3352,0,0,0,0,0,0
asymmetric_p2p_tornado_16mib,n-mrc,3354,0,0,0,0,0,0
asymmetric_p2p_tornado_16mib,n-mrc,3356,0,0,0,0,0,0
asymmetric_p2p_tornado_16mib,n-mrc,3358,0,0,0,0,0,0
asymmetric_p2p_tornado_16mib,n-mrc,3360,0,0,0,0,0,0
asymmetric_p2p_tornado_16mib,n-mrc,3362,0,0,0,0,0,0
asymmetric_p2p_tornado_16mib,n-mrc,3364,0,0,0,0,0,0
asymmetric_p2p_tornado_16mib,n-mrc,3366,0,0,0,0,0,0
asymmetric_p2p_tornado_16mib,n-mrc,3368,0,0,0,0,0,0
asymmetric_p2p_tornado_16mib,n-mrc,3370,0,0,0,0,0,0
asymmetric_p2p_tornado_16mib,n-mrc,3372,0,0,0,0,0,0
asymmetric_p2p_tornado_16mib,n-mrc,3374,0,0,0,0,0,0
asymmetric_p2p_tornado_16mib,n-mrc,3376,0,0,0,0,0,0
asymmetric_p2p_tornado_16mib,n-mrc,3378,0,0,0,0,0,0
asymmetric_p2p_tornado_16mib,n-mrc,3380,0,0,0,0,0,0
asymmetric_p2p_tornado_16mib,n-mrc,3382,0,0,0,0,0,0
asymmetric_p2p_tornado_16mib,n-mrc,3384,0,0,0,0,0,0
asymmetric_p2p_tornado_16mib,n-mrc,3386,0,0,0,0,0,0
asymmetric_p2p_tornado_16mib,n-mrc,3388,0,0,0,0,0,0
asymmetric_p2p_tornado_16mib,n-mrc,3390,0,0,0,0,0,0
asymmetric_p2p_tornado_16mib,n-mrc,3392,0,0,0,0,0,0
asymmetric_p2p_tornado_16mib,n-mrc,3394,0,0,0,0,0,0
asymmetric_p2p_tornado_16mib,n-mrc,3396,0,0,0,0,0,0
asymmetric_p2p_tornado_16mib,n-mrc,3398,0,0,0,0,0,0
asymmetric_p2p_tornado_16mib,n-mrc,3400,0,0,0,0,0,0
asymmetric_p2p_tornado_16mib,n-mrc,3402,0,0,0,0,0,0
asymmetric_p2p_tornado_16mib,n-mrc,3404,0,0,0,0,0,0
asymmetric_p2p_tornado_16mib,n-mrc,3406,0,0,0,0,0,0
asymmetric_p2p_tornado_16mib,n-mrc,3408,0,0,0,0,0,0
asymmetric_p2p_tornado_16mib,n-mrc,3410,0,0,0,0,0,0
asymmetric_p2p_tornado_16mib,n-mrc,3412,0,0,0,0,0,0
asymmetric_p2p_tornado_16mib,n-mrc,3414,0,0,0,0,0,0
asymmetric_p2p_tornado_16mib,n-mrc,3416,0,0,0,0,0,0
asymmetric_p2p_tornado_16mib,n-mrc,3418,0,0,0,0,0,0
asymmetric_p2p_tornado_16mib,n-mrc,3420,0,0,0,0,0,0
asymmetric_p2p_tornado_16mib,n-mrc,3422,0,0,0,0,0,0
asymmetric_p2p_tornado_16mib,n-mrc,3424,0,0,0,0,0,0
asymmetric_p2p_tornado_16mib,n-mrc,3426,0,0,0,0,0,0
asymmetric_p2p_tornado_16mib,n-mrc,3428,0,0,0,0,0,0
asymmetric_p2p_tornado_16mib,n-mrc,3430,0,0,0,0,0,0
asymmetric_p2p_tornado_16mib,n-mrc,3432,0,0,0,0,0,0
asymmetric_p2p_tornado_16mib,n-mrc,3434,0,0,0,0,0,0
asymmetric_p2p_tornado_16mib,n-mrc,3436,0,0,0,0,0,0
asymmetric_p2p_tornado_16mib,n-mrc,3438,0,0,0,0,0,0
asymmetric_p2p_tornado_16mib,n-mrc,3440,0,0,0,0,0,0
asymmetric_p2p_tornado_16mib,n-mrc,3442,0,0,0,0,0,0
asymmetric_p2p_tornado_16mib,n-mrc,3444,0,0,0,0,0,0
asymmetric_p2p_tornado_16mib,n-mrc,3446,0,0,0,0,0,0
asymmetric_p2p_tornado_16mib,n-mrc,3448,0,0,0,0,0,0
asymmetric_p2p_tornado_16mib,n-mrc,3450,0,0,0,0,0,0
asymmetric_p2p_tornado_16mib,n-mrc,3452,0,0,0,0,0,0
asymmetric_p2p_tornado_16mib,n-mrc,3454,0,0,0,0,0,0
asymmetric_p2p_tornado_16mib,n-mrc,3456,0,0,0,0,0,0
asymmetric_p2p_tornado_16mib,n-mrc,3458,0,0,0,0,0,0
asymmetric_p2p_tornado_16mib,n-mrc,3460,0,0,0,0,0,0
asymmetric_p2p_tornado_16mib,n-mrc,3462,0,0,0,0,0,0
asymmetric_p2p_tornado_16mib,n-mrc,3464,0,0,0,0,0,0
asymmetric_p2p_tornado_16mib,n-mrc,3466,0,0,0,0,0,0
asymmetric_p2p_tornado_16mib,n-mrc,3468,0,0,0,0,0,0
asymmetric_p2p_tornado_16mib,n-mrc,3470,0,0,0,0,0,0
asymmetric_p2p_tornado_16mib,n-mrc,3472,0,0,0,0,0,0
asymmetric_p2p_tornado_16mib,n-mrc,3474,0,0,0,0,0,0
asymmetric_p2p_tornado_16mib,n-mrc,3476,0,0,0,0,0,0
asymmetric_p2p_tornado_16mib,n-mrc,3478,0,0,0,0,0,0
asymmetric_p2p_tornado_16mib,n-mrc,3480,0,0,0,0,0,0
asymmetric_p2p_tornado_16mib,n-mrc,3482,0,0,0,0,0,0
asymmetric_p2p_tornado_16mib,n-mrc,3484,0,0,0,0,0,0
asymmetric_p2p_tornado_16mib,n-mrc,3486,0,0,0,0,0,0
asymmetric_p2p_tornado_16mib,n-mrc,3488,0,0,0,0,0,0
asymmetric_p2p_tornado_16mib,n-mrc,3490,0,0,0,0,0,0
asymmetric_p2p_tornado_16mib,n-mrc,3492,0,0,0,0,0,0
asymmetric_p2p_tornado_16mib,n-mrc,3494,0,0,0,0,0,0
asymmetric_p2p_tornado_16mib,n-mrc,3496,0,0,0,0,0,0
asymmetric_p2p_tornado_16mib,n-mrc,3498,0,0,0,0,0,0
asymmetric_p2p_tornado_16mib,n-mrc,3500,0,0,0,0,0,0
asymmetric_p2p_tornado_16mib,n-mrc,3502,0,0,0,0,0,0
asymmetric_p2p_tornado_16mib,n-mrc,3504,0,0,0,0,0,0
asymmetric_p2p_tornado_16mib,n-mrc,3506,0,0,0,0,0,0
asymmetric_p2p_tornado_16mib,n-mrc,3508,0,0,0,0,0,0
asymmetric_p2p_tornado_16mib,n-mrc,3510,0,0,0,0,0,0
asymmetric_p2p_tornado_16mib,n-mrc,3512,0,0,0,0,0,0
asymmetric_p2p_tornado_16mib,n-mrc,3514,0,0,0,0,0,0
asymmetric_p2p_tornado_16mib,n-mrc,3516,0,0,0,0,0,0
asymmetric_p2p_tornado_16mib,n-mrc,3518,0,0,0,0,0,0
asymmetric_p2p_tornado_16mib,n-mrc,3520,0,0,0,0,0,0
asymmetric_p2p_tornado_16mib,n-mrc,3522,0,0,0,0,0,0
asymmetric_p2p_tornado_16mib,n-mrc,3524,0,0,0,0,0,0
asymmetric_p2p_tornado_16mib,n-mrc,3526,0,0,0,0,0,0
asymmetric_p2p_tornado_16mib,n-mrc,3528,0,0,0,0,0,0
asymmetric_p2p_tornado_16mib,n-mrc,3530,0,0,0,0,0,0
asymmetric_p2p_tornado_16mib,n-mrc,3532,0,0,0,0,0,0
asymmetric_p2p_tornado_16mib,n-mrc,3534,0,0,0,0,0,0
asymmetric_p2p_tornado_16mib,n-mrc,3536,0,0,0,0,0,0
asymmetric_p2p_tornado_16mib,n-mrc,3538,0,0,0,0,0,0
asymmetric_p2p_tornado_16mib,n-mrc,3540,0,0,0,0,0,0
asymmetric_p2p_tornado_16mib,n-mrc,3542,0,0,0,0,0,0
asymmetric_p2p_tornado_16mib,n-mrc,3544,0,0,0,0,0,0
asymmetric_p2p_tornado_16mib,n-mrc,3546,0,0,0,0,0,0
asymmetric_p2p_tornado_16mib,n-mrc,3548,0,0,0,0,0,0
asymmetric_p2p_tornado_16mib,n-mrc,3550,0,0,0,0,0,0
asymmetric_p2p_tornado_16mib,n-mrc,3552,0,0,0,0,0,0
asymmetric_p2p_tornado_16mib,n-mrc,3554,0,0,0,0,0,0
asymmetric_p2p_tornado_16mib,n-mrc,3556,0,0,0,0,0,0
asymmetric_p2p_tornado_16mib,n-mrc,3558,0,0,0,0,0,0
asymmetric_p2p_tornado_16mib,n-mrc,3560,0,0,0,0,0,0
asymmetric_p2p_tornado_16mib,n-mrc,3562,0,0,0,0,0,0
asymmetric_p2p_tornado_16mib,n-mrc,3564,0,0,0,0,0,0
asymmetric_p2p_tornado_16mib,n-mrc,3566,0,0,0,0,0,0
asymmetric_p2p_tornado_16mib,n-mrc,3568,0,0,0,0,0,0
asymmetric_p2p_tornado_16mib,n-mrc,3570,0,0,0,0,0,0
asymmetric_p2p_tornado_16mib,n-mrc,3572,0,0,0,0,0,0
asymmetric_p2p_tornado_16mib,n-mrc,3574,0,0,0,0,0,0
asymmetric_p2p_tornado_16mib,n-mrc,3576,0,0,0,0,0,0
asymmetric_p2p_tornado_16mib,n-mrc,3578,0,0,0,0,0,0
asymmetric_p2p_tornado_16mib,n-mrc,3580,0,0,0,0,0,0
asymmetric_p2p_tornado_16mib,n-mrc,3582,0,0,0,0,0,0
asymmetric_p2p_tornado_16mib,n-mrc,3584,0,0,0,0,0,0
asymmetric_p2p_tornado_16mib,n-mrc,3586,0,0,0,0,0,0
asymmetric_p2p_tornado_16mib,n-mrc,3588,0,0,0,0,0,0
asymmetric_p2p_tornado_16mib,n-mrc,3590,0,0,0,0,0,0
asymmetric_p2p_tornado_16mib,n-mrc,3592,0,0,0,0,0,0
asymmetric_p2p_tornado_16mib,n-mrc,3594,0,0,0,0,0,0
asymmetric_p2p_tornado_16mib,n-mrc,3596,0,0,0,0,0,0
asymmetric_p2p_tornado_16mib,n-mrc,3598,0,0,0,0,0,0
asymmetric_p2p_tornado_16mib,n-mrc,3600,0,0,0,0,0,0
asymmetric_p2p_tornado_16mib,n-mrc,3602,0,0,0,0,0,0
asymmetric_p2p_tornado_16mib,n-mrc,3604,0,0,0,0,0,0
asymmetric_p2p_tornado_16mib,n-mrc,3606,0,0,0,0,0,0
asymmetric_p2p_tornado_16mib,n-mrc,3608,0,0,0,0,0,0
asymmetric_p2p_tornado_16mib,n-mrc,3610,0,0,0,0,0,0
asymmetric_p2p_tornado_16mib,n-mrc,3612,0,0,0,0,0,0
asymmetric_p2p_tornado_16mib,n-mrc,3614,0,0,0,0,0,0
asymmetric_p2p_tornado_16mib,n-mrc,3616,0,0,0,0,0,0
asymmetric_p2p_tornado_16mib,n-mrc,3618,0,0,0,0,0,0
asymmetric_p2p_tornado_16mib,n-mrc,3620,0,0,0,0,0,0
asymmetric_p2p_tornado_16mib,n-mrc,3622,0,0,0,0,0,0
asymmetric_p2p_tornado_16mib,n-mrc,3624,0,0,0,0,0,0
asymmetric_p2p_tornado_16mib,n-mrc,3626,0,0,0,0,0,0
asymmetric_p2p_tornado_16mib,n-mrc,3628,0,0,0,0,0,0
asymmetric_p2p_tornado_16mib,n-mrc,3630,0,0,0,0,0,0
asymmetric_p2p_tornado_16mib,n-mrc,3632,0,0,0,0,0,0
asymmetric_p2p_tornado_16mib,n-mrc,3634,0,0,0,0,0,0
asymmetric_p2p_tornado_16mib,n-mrc,3636,0,0,0,0,0,0
asymmetric_p2p_tornado_16mib,n-mrc,3638,0,0,0,0,0,0
asymmetric_p2p_tornado_16mib,n-mrc,3640,0,0,0,0,0,0
asymmetric_p2p_tornado_16mib,n-mrc,3642,0,0,0,0,0,0
asymmetric_p2p_tornado_16mib,n-mrc,3644,0,0,0,0,0,0
asymmetric_p2p_tornado_16mib,n-mrc,3646,0,0,0,0,0,0
asymmetric_p2p_tornado_16mib,n-mrc,3648,0,0,0,0,0,0
asymmetric_p2p_tornado_16mib,n-mrc,3650,0,0,0,0,0,0
asymmetric_p2p_tornado_16mib,n-mrc,3652,0,0,0,0,0,0
asymmetric_p2p_tornado_16mib,n-mrc,3654,0,0,0,0,0,0
asymmetric_p2p_tornado_16mib,n-mrc,3656,0,0,0,0,0,0
asymmetric_p2p_tornado_16mib,n-mrc,3658,0,0,0,0,0,0
asymmetric_p2p_tornado_16mib,n-mrc,3660,0,0,0,0,0,0
asymmetric_p2p_tornado_16mib,n-mrc,3662,0,0,0,0,0,0
asymmetric_p2p_tornado_16mib,n-mrc,3664,0,0,0,0,0,0
asymmetric_p2p_tornado_16mib,n-mrc,3666,0,0,0,0,0,0
asymmetric_p2p_tornado_16mib,n-mrc,3668,0,0,0,0,0,0
asymmetric_p2p_tornado_16mib,n-mrc,3670,0,0,0,0,0,0
asymmetric_p2p_tornado_16mib,n-mrc,3672,0,0,0,0,0,0
asymmetric_p2p_tornado_16mib,n-mrc,3674,0,0,0,0,0,0
asymmetric_p2p_tornado_16mib,n-mrc,3676,0,0,0,0,0,0
asymmetric_p2p_tornado_16mib,n-mrc,3678,0,0,0,0,0,0
asymmetric_p2p_tornado_16mib,n-mrc,3680,0,0,0,0,0,0
asymmetric_p2p_tornado_16mib,n-mrc,3682,0,0,0,0,0,0
asymmetric_p2p_tornado_16mib,n-mrc,3684,0,0,0,0,0,0
asymmetric_p2p_tornado_16mib,n-mrc,3686,0,0,0,0,0,0
asymmetric_p2p_tornado_16mib,n-mrc,3688,0,0,0,0,0,0
asymmetric_p2p_tornado_16mib,n-mrc,3690,0,0,0,0,0,0
asymmetric_p2p_tornado_16mib,n-mrc,3692,0,0,0,0,0,0
asymmetric_p2p_tornado_16mib,n-mrc,3694,0,0,0,0,0,0
asymmetric_p2p_tornado_16mib,n-mrc,3696,0,0,0,0,0,0
asymmetric_p2p_tornado_16mib,n-mrc,3698,0,0,0,0,0,0
asymmetric_p2p_tornado_16mib,n-mrc,3700,0,0,0,0,0,0
asymmetric_p2p_tornado_16mib,n-mrc,3702,0,0,0,0,0,0
asymmetric_p2p_tornado_16mib,n-mrc,3704,0,0,0,0,0,0
asymmetric_p2p_tornado_16mib,n-mrc,3706,0,0,0,0,0,0
asymmetric_p2p_tornado_16mib,n-mrc,3708,0,0,0,0,0,0
asymmetric_p2p_tornado_16mib,n-mrc,3710,0,0,0,0,0,0
asymmetric_p2p_tornado_16mib,n-mrc,3712,0,0,0,0,0,0
asymmetric_p2p_tornado_16mib,n-mrc,3714,0,0,0,0,0,0
asymmetric_p2p_tornado_16mib,n-mrc,3716,0,0,0,0,0,0
asymmetric_p2p_tornado_16mib,n-mrc,3718,0,0,0,0,0,0
asymmetric_p2p_tornado_16mib,n-mrc,3720,0,0,0,0,0,0
asymmetric_p2p_tornado_16mib,n-mrc,3722,0,0,0,0,0,0
asymmetric_p2p_tornado_16mib,n-mrc,3724,0,0,0,0,0,0
asymmetric_p2p_tornado_16mib,n-mrc,3726,0,0,0,0,0,0
asymmetric_p2p_tornado_16mib,n-mrc,3728,0,0,0,0,0,0
asymmetric_p2p_tornado_16mib,n-mrc,3730,0,0,0,0,0,0
asymmetric_p2p_tornado_16mib,n-mrc,3732,0,0,0,0,0,0
asymmetric_p2p_tornado_16mib,n-mrc,3734,0,0,0,0,0,0
asymmetric_p2p_tornado_16mib,n-mrc,3736,0,0,0,0,0,0
asymmetric_p2p_tornado_16mib,n-mrc,3738,0,0,0,0,0,0
asymmetric_p2p_tornado_16mib,n-mrc,3740,0,0,0,0,0,0
asymmetric_p2p_tornado_16mib,n-mrc,3742,0,0,0,0,0,0
asymmetric_p2p_tornado_16mib,n-mrc,3744,0,0,0,0,0,0
asymmetric_p2p_tornado_16mib,n-mrc,3746,0,0,0,0,0,0
asymmetric_p2p_tornado_16mib,n-mrc,3748,0,0,0,0,0,0
asymmetric_p2p_tornado_16mib,n-mrc,3750,0,0,0,0,0,0
asymmetric_p2p_tornado_16mib,n-mrc,3752,0,0,0,0,0,0
asymmetric_p2p_tornado_16mib,n-mrc,3754,0,0,0,0,0,0
asymmetric_p2p_tornado_16mib,n-mrc,3756,0,0,0,0,0,0
asymmetric_p2p_tornado_16mib,n-mrc,3758,0,0,0,0,0,0
asymmetric_p2p_tornado_16mib,n-mrc,3760,0,0,0,0,0,0
asymmetric_p2p_tornado_16mib,n-mrc,3762,0,0,0,0,0,0
asymmetric_p2p_tornado_16mib,n-mrc,3764,0,0,0,0,0,0
asymmetric_p2p_tornado_16mib,n-mrc,3766,0,0,0,0,0,0
asymmetric_p2p_tornado_16mib,n-mrc,3768,0,0,0,0,0,0
asymmetric_p2p_tornado_16mib,n-mrc,3770,0,0,0,0,0,0
asymmetric_p2p_tornado_16mib,n-mrc,3772,0,0,0,0,0,0
asymmetric_p2p_tornado_16mib,n-mrc,3774,0,0,0,0,0,0
asymmetric_p2p_tornado_16mib,n-mrc,3776,0,0,0,0,0,0
asymmetric_p2p_tornado_16mib,n-mrc,3778,0,0,0,0,0,0
asymmetric_p2p_tornado_16mib,n-mrc,3780,0,0,0,0,0,0
asymmetric_p2p_tornado_16mib,n-mrc,3782,0,0,0,0,0,0
asymmetric_p2p_tornado_16mib,n-mrc,3784,0,0,0,0,0,0
asymmetric_p2p_tornado_16mib,n-mrc,3786,0,0,0,0,0,0
asymmetric_p2p_tornado_16mib,n-mrc,3788,0,0,0,0,0,0
asymmetric_p2p_tornado_16mib,n-mrc,3790,0,0,0,0,0,0
asymmetric_p2p_tornado_16mib,n-mrc,3792,0,0,0,0,0,0
asymmetric_p2p_tornado_16mib,n-mrc,3794,0,0,0,0,0,0
asymmetric_p2p_tornado_16mib,n-mrc,3796,0,0,0,0,0,0
asymmetric_p2p_tornado_16mib,n-mrc,3798,0,0,0,0,0,0
asymmetric_p2p_tornado_16mib,n-mrc,3800,0,0,0,0,0,0
asymmetric_p2p_tornado_16mib,n-mrc,3802,0,0,0,0,0,0
asymmetric_p2p_tornado_16mib,n-mrc,3804,0,0,0,0,0,0
asymmetric_p2p_tornado_16mib,n-mrc,3806,0,0,0,0,0,0
asymmetric_p2p_tornado_16mib,n-mrc,3808,0,0,0,0,0,0
asymmetric_p2p_tornado_16mib,n-mrc,3810,0,0,0,0,0,0
asymmetric_p2p_tornado_16mib,n-mrc,3812,0,0,0,0,0,0
asymmetric_p2p_tornado_16mib,n-mrc,3814,0,0,0,0,0,0
asymmetric_p2p_tornado_16mib,n-mrc,3816,0,0,0,0,0,0
asymmetric_p2p_tornado_16mib,n-mrc,3818,0,0,0,0,0,0
asymmetric_p2p_tornado_16mib,n-mrc,3820,0,0,0,0,0,0
asymmetric_p2p_tornado_16mib,n-mrc,3822,0,0,0,0,0,0
asymmetric_p2p_tornado_16mib,n-mrc,3824,0,0,0,0,0,0
asymmetric_p2p_tornado_16mib,n-mrc,3826,0,0,0,0,0,0
asymmetric_p2p_tornado_16mib,n-mrc,3828,0,0,0,0,0,0
asymmetric_p2p_tornado_16mib,n-mrc,3830,0,0,0,0,0,0
asymmetric_p2p_tornado_16mib,n-mrc,3832,0,0,0,0,0,0
asymmetric_p2p_tornado_16mib,n-mrc,3834,0,0,0,0,0,0
asymmetric_p2p_tornado_16mib,n-mrc,3836,0,0,0,0,0,0
asymmetric_p2p_tornado_16mib,n-mrc,3838,0,0,0,0,0,0
asymmetric_p2p_tornado_16mib,n-mrc,3840,0,0,0,0,0,0
asymmetric_p2p_tornado_16mib,n-mrc,3842,0,0,0,0,0,0
asymmetric_p2p_tornado_16mib,n-mrc,3844,0,0,0,0,0,0
asymmetric_p2p_tornado_16mib,n-mrc,3846,0,0,0,0,0,0
asymmetric_p2p_tornado_16mib,n-mrc,3848,0,0,0,0,0,0
asymmetric_p2p_tornado_16mib,n-mrc,3850,0,0,0,0,0,0
asymmetric_p2p_tornado_16mib,n-mrc,3852,0,0,0,0,0,0
asymmetric_p2p_tornado_16mib,n-mrc,3854,0,0,0,0,0,0
asymmetric_p2p_tornado_16mib,n-mrc,3856,0,0,0,0,0,0
asymmetric_p2p_tornado_16mib,n-mrc,3858,0,0,0,0,0,0
asymmetric_p2p_tornado_16mib,n-mrc,3860,0,0,0,0,0,0
asymmetric_p2p_tornado_16mib,n-mrc,3862,0,0,0,0,0,0
asymmetric_p2p_tornado_16mib,n-mrc,3864,0,0,0,0,0,0
asymmetric_p2p_tornado_16mib,n-mrc,3866,0,0,0,0,0,0
asymmetric_p2p_tornado_16mib,n-mrc,3868,0,0,0,0,0,0
asymmetric_p2p_tornado_16mib,n-mrc,3870,0,0,0,0,0,0
asymmetric_p2p_tornado_16mib,n-mrc,3872,0,0,0,0,0,0
asymmetric_p2p_tornado_16mib,n-mrc,3874,0,0,0,0,0,0
asymmetric_p2p_tornado_16mib,n-mrc,3876,0,0,0,0,0,0
asymmetric_p2p_tornado_16mib,n-mrc,3878,0,0,0,0,0,0
asymmetric_p2p_tornado_16mib,n-mrc,3880,0,0,0,0,0,0
asymmetric_p2p_tornado_16mib,n-mrc,3882,0,0,0,0,0,0
asymmetric_p2p_tornado_16mib,n-mrc,3884,0,0,0,0,0,0
asymmetric_p2p_tornado_16mib,n-mrc,3886,0,0,0,0,0,0
asymmetric_p2p_tornado_16mib,n-mrc,3888,0,0,0,0,0,0
asymmetric_p2p_tornado_16mib,n-mrc,3890,0,0,0,0,0,0
asymmetric_p2p_tornado_16mib,n-mrc,3892,0,0,0,0,0,0
asymmetric_p2p_tornado_16mib,n-mrc,3894,0,0,0,0,0,0
asymmetric_p2p_tornado_16mib,n-mrc,3896,0,0,0,0,0,0
asymmetric_p2p_tornado_16mib,n-mrc,3898,0,0,0,0,0,0
asymmetric_p2p_tornado_16mib,n-mrc,3900,0,0,0,0,0,0
asymmetric_p2p_tornado_16mib,n-mrc,3902,0,0,0,0,0,0
asymmetric_p2p_tornado_16mib,n-mrc,3904,0,0,0,0,0,0
asymmetric_p2p_tornado_16mib,n-mrc,3906,0,0,0,0,0,0
asymmetric_p2p_tornado_16mib,n-mrc,3908,0,0,0,0,0,0
asymmetric_p2p_tornado_16mib,n-mrc,3910,0,0,0,0,0,0
asymmetric_p2p_tornado_16mib,n-mrc,3912,0,0,0,0,0,0
asymmetric_p2p_tornado_16mib,n-mrc,3914,0,0,0,0,0,0
asymmetric_p2p_tornado_16mib,n-mrc,3916,0,0,0,0,0,0
asymmetric_p2p_tornado_16mib,n-mrc,3918,0,0,0,0,0,0
asymmetric_p2p_tornado_16mib,n-mrc,3920,0,0,0,0,0,0
asymmetric_p2p_tornado_16mib,n-mrc,3922,0,0,0,0,0,0
asymmetric_p2p_tornado_16mib,n-mrc,3924,0,0,0,0,0,0
asymmetric_p2p_tornado_16mib,n-mrc,3926,0,0,0,0,0,0
asymmetric_p2p_tornado_16mib,n-mrc,3928,0,0,0,0,0,0
asymmetric_p2p_tornado_16mib,n-mrc,3930,0,0,0,0,0,0
asymmetric_p2p_tornado_16mib,n-mrc,3932,0,0,0,0,0,0
asymmetric_p2p_tornado_16mib,n-mrc,3934,0,0,0,0,0,0
asymmetric_p2p_tornado_16mib,n-mrc,3936,0,0,0,0,0,0
asymmetric_p2p_tornado_16mib,n-mrc,3938,0,0,0,0,0,0
asymmetric_p2p_tornado_16mib,n-mrc,3940,0,0,0,0,0,0
asymmetric_p2p_tornado_16mib,n-mrc,3942,0,0,0,0,0,0
asymmetric_p2p_tornado_16mib,n-mrc,3944,0,0,0,0,0,0
asymmetric_p2p_tornado_16mib,n-mrc,3946,0,0,0,0,0,0
asymmetric_p2p_tornado_16mib,n-mrc,3948,0,0,0,0,0,0
asymmetric_p2p_tornado_16mib,n-mrc,3950,0,0,0,0,0,0
asymmetric_p2p_tornado_16mib,n-mrc,3952,0,0,0,0,0,0
asymmetric_p2p_tornado_16mib,n-mrc,3954,0,0,0,0,0,0
asymmetric_p2p_tornado_16mib,n-mrc,3956,0,0,0,0,0,0
asymmetric_p2p_tornado_16mib,n-mrc,3958,0,0,0,0,0,0
asymmetric_p2p_tornado_16mib,n-mrc,3960,0,0,0,0,0,0
asymmetric_p2p_tornado_16mib,n-mrc,3962,0,0,0,0,0,0
asymmetric_p2p_tornado_16mib,n-mrc,3964,0,0,0,0,0,0
asymmetric_p2p_tornado_16mib,n-mrc,3966,0,0,0,0,0,0
asymmetric_p2p_tornado_16mib,n-mrc,3968,0,0,0,0,0,0
asymmetric_p2p_tornado_16mib,n-mrc,3970,0,0,0,0,0,0
asymmetric_p2p_tornado_16mib,n-mrc,3972,0,0,0,0,0,0
asymmetric_p2p_tornado_16mib,n-mrc,3974,0,0,0,0,0,0
asymmetric_p2p_tornado_16mib,n-mrc,3976,0,0,0,0,0,0
asymmetric_p2p_tornado_16mib,n-mrc,3978,0,0,0,0,0,0
asymmetric_p2p_tornado_16mib,n-mrc,3980,0,0,0,0,0,0
asymmetric_p2p_tornado_16mib,n-mrc,3982,0,0,0,0,0,0
asymmetric_p2p_tornado_16mib,n-mrc,3984,0,0,0,0,0,0
asymmetric_p2p_tornado_16mib,n-mrc,3986,0,0,0,0,0,0
asymmetric_p2p_tornado_16mib,n-mrc,3988,0,0,0,0,0,0
asymmetric_p2p_tornado_16mib,n-mrc,3990,0,0,0,0,0,0
asymmetric_p2p_tornado_16mib,n-mrc,3992,0,0,0,0,0,0
asymmetric_p2p_tornado_16mib,n-mrc,3994,0,0,0,0,0,0
asymmetric_p2p_tornado_16mib,n-mrc,3996,0,0,0,0,0,0
asymmetric_p2p_tornado_16mib,n-mrc,3998,0,0,0,0,0,0
asymmetric_p2p_tornado_16mib,n-mrc,4000,0,0,0,0,0,0
asymmetric_p2p_tornado_16mib,n-mrc,4002,0,0,0,0,0,0
asymmetric_p2p_tornado_16mib,n-mrc,4004,0,0,0,0,0,0
asymmetric_p2p_tornado_16mib,n-mrc,4006,0,0,0,0,0,0
asymmetric_p2p_tornado_16mib,n-mrc,4008,0,0,0,0,0,0
asymmetric_p2p_tornado_16mib,n-mrc,4010,0,0,0,0,0,0
asymmetric_p2p_tornado_16mib,n-mrc,4012,0,0,0,0,0,0
asymmetric_p2p_tornado_16mib,n-mrc,4014,0,0,0,0,0,0
asymmetric_p2p_tornado_16mib,n-mrc,4016,0,0,0,0,0,0
asymmetric_p2p_tornado_16mib,n-mrc,4018,0,0,0,0,0,0
asymmetric_p2p_tornado_16mib,n-mrc,4020,0,0,0,0,0,0
asymmetric_p2p_tornado_16mib,n-mrc,4022,0,0,0,0,0,0
asymmetric_p2p_tornado_16mib,n-mrc,4024,0,0,0,0,0,0
asymmetric_p2p_tornado_16mib,n-mrc,4026,0,0,0,0,0,0
asymmetric_p2p_tornado_16mib,n-mrc,4028,0,0,0,0,0,0
asymmetric_p2p_tornado_16mib,n-mrc,4030,0,0,0,0,0,0
asymmetric_p2p_tornado_16mib,n-mrc,4032,0,0,0,0,0,0
asymmetric_p2p_tornado_16mib,n-mrc,4034,0,0,0,0,0,0
asymmetric_p2p_tornado_16mib,n-mrc,4036,0,0,0,0,0,0
asymmetric_p2p_tornado_16mib,n-mrc,4038,0,0,0,0,0,0
asymmetric_p2p_tornado_16mib,n-mrc,4040,0,0,0,0,0,0
asymmetric_p2p_tornado_16mib,n-mrc,4042,0,0,0,0,0,0
asymmetric_p2p_tornado_16mib,n-mrc,4044,0,0,0,0,0,0
asymmetric_p2p_tornado_16mib,n-mrc,4046,0,0,0,0,0,0
asymmetric_p2p_tornado_16mib,n-mrc,4048,0,0,0,0,0,0
asymmetric_p2p_tornado_16mib,n-mrc,4050,0,0,0,0,0,0
asymmetric_p2p_tornado_16mib,n-mrc,4052,0,0,0,0,0,0
asymmetric_p2p_tornado_16mib,n-mrc,4054,0,0,0,0,0,0
asymmetric_p2p_tornado_16mib,n-mrc,4056,0,0,0,0,0,0
asymmetric_p2p_tornado_16mib,n-mrc,4058,0,0,0,0,0,0
asymmetric_p2p_tornado_16mib,n-mrc,4060,0,0,0,0,0,0
asymmetric_p2p_tornado_16mib,n-mrc,4062,0,0,0,0,0,0
asymmetric_p2p_tornado_16mib,n-mrc,4064,0,0,0,0,0,0
asymmetric_p2p_tornado_16mib,n-mrc,4066,0,0,0,0,0,0
asymmetric_p2p_tornado_16mib,n-mrc,4068,0,0,0,0,0,0
asymmetric_p2p_tornado_16mib,n-mrc,4070,0,0,0,0,0,0
asymmetric_p2p_tornado_16mib,n-mrc,4072,0,0,0,0,0,0
asymmetric_p2p_tornado_16mib,n-mrc,4074,0,0,0,0,0,0
asymmetric_p2p_tornado_16mib,n-mrc,4076,0,0,0,0,0,0
asymmetric_p2p_tornado_16mib,n-mrc,4078,0,0,0,0,0,0
asymmetric_p2p_tornado_16mib,n-mrc,4080,0,0,0,0,0,0
asymmetric_p2p_tornado_16mib,n-mrc,4082,0,0,0,0,0,0
asymmetric_p2p_tornado_16mib,n-mrc,4084,0,0,0,0,0,0
asymmetric_p2p_tornado_16mib,n-mrc,4086,0,0,0,0,0,0
asymmetric_p2p_tornado_16mib,n-mrc,4088,0,0,0,0,0,0
asymmetric_p2p_tornado_16mib,n-mrc,4090,0,0,0,0,0,0
asymmetric_p2p_tornado_16mib,n-mrc,4092,0,0,0,0,0,0
asymmetric_p2p_tornado_16mib,n-mrc,4094,0,0,0,0,0,0
asymmetric_p2p_tornado_16mib,n-mrc,4096,0,0,0,0,0,0
asymmetric_p2p_tornado_16mib,n-mrc,4098,0,0,0,0,0,0
asymmetric_p2p_tornado_16mib,n-mrc,4100,0,0,0,0,0,0
asymmetric_p2p_tornado_16mib,n-mrc,4102,0,0,0,0,0,0
asymmetric_p2p_tornado_16mib,n-mrc,4104,0,0,0,0,0,0
asymmetric_p2p_tornado_16mib,n-mrc,4106,0,0,0,0,0,0
asymmetric_p2p_tornado_16mib,n-mrc,4108,0,0,0,0,0,0
asymmetric_p2p_tornado_16mib,n-mrc,4110,0,0,0,0,0,0
asymmetric_p2p_tornado_16mib,n-mrc,4112,0,0,0,0,0,0
asymmetric_p2p_tornado_16mib,n-mrc,4114,0,0,0,0,0,0
asymmetric_p2p_tornado_16mib,n-mrc,4116,0,0,0,0,0,0
asymmetric_p2p_tornado_16mib,n-mrc,4118,0,0,0,0,0,0
asymmetric_p2p_tornado_16mib,n-mrc,4120,0,0,0,0,0,0
asymmetric_p2p_tornado_16mib,n-mrc,4122,0,0,0,0,0,0
asymmetric_p2p_tornado_16mib,n-mrc,4124,0,0,0,0,0,0
asymmetric_p2p_tornado_16mib,n-mrc,4126,0,0,0,0,0,0
asymmetric_p2p_tornado_16mib,n-mrc,4128,0,0,0,0,0,0
asymmetric_p2p_tornado_16mib,n-mrc,4130,0,0,0,0,0,0
asymmetric_p2p_tornado_16mib,n-mrc,4132,0,0,0,0,0,0
asymmetric_p2p_tornado_16mib,n-mrc,4134,0,0,0,0,0,0
asymmetric_p2p_tornado_16mib,n-mrc,4136,0,0,0,0,0,0
asymmetric_p2p_tornado_16mib,n-mrc,4138,0,0,0,0,0,0
asymmetric_p2p_tornado_16mib,n-mrc,4140,0,0,0,0,0,0
asymmetric_p2p_tornado_16mib,n-mrc,4142,0,0,0,0,0,0
asymmetric_p2p_tornado_16mib,n-mrc,4144,0,0,0,0,0,0
asymmetric_p2p_tornado_16mib,n-mrc,4146,0,0,0,0,0,0
asymmetric_p2p_tornado_16mib,n-mrc,4148,0,0,0,0,0,0
asymmetric_p2p_tornado_16mib,n-mrc,4150,0,0,0,0,0,0
asymmetric_p2p_tornado_16mib,n-mrc,4152,0,0,0,0,0,0
asymmetric_p2p_tornado_16mib,n-mrc,4154,0,0,0,0,0,0
asymmetric_p2p_tornado_16mib,n-mrc,4156,0,0,0,0,0,0
asymmetric_p2p_tornado_16mib,n-mrc,4158,0,0,0,0,0,0
asymmetric_p2p_tornado_16mib,n-mrc,4160,0,0,0,0,0,0
asymmetric_p2p_tornado_16mib,n-mrc,4162,0,0,0,0,0,0
asymmetric_p2p_tornado_16mib,n-mrc,4164,0,0,0,0,0,0
asymmetric_p2p_tornado_16mib,n-mrc,4166,0,0,0,0,0,0
asymmetric_p2p_tornado_16mib,n-mrc,4168,0,0,0,0,0,0
asymmetric_p2p_tornado_16mib,n-mrc,4170,0,0,0,0,0,0
asymmetric_p2p_tornado_16mib,n-mrc,4172,0,0,0,0,0,0
asymmetric_p2p_tornado_16mib,n-mrc,4174,0,0,0,0,0,0
asymmetric_p2p_tornado_16mib,n-mrc,4176,0,0,0,0,0,0
asymmetric_p2p_tornado_16mib,n-mrc,4178,0,0,0,0,0,0
asymmetric_p2p_tornado_16mib,n-mrc,4180,0,0,0,0,0,0
asymmetric_p2p_tornado_16mib,n-mrc,4182,0,0,0,0,0,0
asymmetric_p2p_tornado_16mib,n-mrc,4184,0,0,0,0,0,0
asymmetric_p2p_tornado_16mib,n-mrc,4186,0,0,0,0,0,0
asymmetric_p2p_tornado_16mib,n-mrc,4188,0,0,0,0,0,0
asymmetric_p2p_tornado_16mib,n-mrc,4190,0,0,0,0,0,0
asymmetric_p2p_tornado_16mib,n-mrc,4192,0,0,0,0,0,0
asymmetric_p2p_tornado_16mib,n-mrc,4194,0,0,0,0,0,0
asymmetric_p2p_tornado_16mib,n-mrc,4196,0,0,0,0,0,0
asymmetric_p2p_tornado_16mib,n-mrc,4198,0,0,0,0,0,0
asymmetric_p2p_tornado_16mib,n-mrc,4200,0,0,0,0,0,0
asymmetric_p2p_tornado_16mib,n-mrc,4202,0,0,0,0,0,0
asymmetric_p2p_tornado_16mib,n-mrc,4204,0,0,0,0,0,0
asymmetric_p2p_tornado_16mib,n-mrc,4206,0,0,0,0,0,0
asymmetric_p2p_tornado_16mib,n-mrc,4208,0,0,0,0,0,0
asymmetric_p2p_tornado_16mib,n-mrc,4210,0,0,0,0,0,0
asymmetric_p2p_tornado_16mib,n-mrc,4212,0,0,0,0,0,0
asymmetric_p2p_tornado_16mib,n-mrc,4214,0,0,0,0,0,0
asymmetric_p2p_tornado_16mib,n-mrc,4216,0,0,0,0,0,0
asymmetric_p2p_tornado_16mib,n-mrc,4218,0,0,0,0,0,0
asymmetric_p2p_tornado_16mib,n-mrc,4220,0,0,0,0,0,0
asymmetric_p2p_tornado_16mib,n-mrc,4222,0,0,0,0,0,0
asymmetric_p2p_tornado_16mib,n-mrc,4224,0,0,0,0,0,0
asymmetric_p2p_tornado_16mib,n-mrc,4226,0,0,0,0,0,0
asymmetric_p2p_tornado_16mib,n-mrc,4228,0,0,0,0,0,0
asymmetric_p2p_tornado_16mib,n-mrc,4230,0,0,0,0,0,0
asymmetric_p2p_tornado_16mib,n-mrc,4232,0,0,0,0,0,0
asymmetric_p2p_tornado_16mib,n-mrc,4234,0,0,0,0,0,0
asymmetric_p2p_tornado_16mib,n-mrc,4236,0,0,0,0,0,0
asymmetric_p2p_tornado_16mib,n-mrc,4238,0,0,0,0,0,0
asymmetric_p2p_tornado_16mib,n-mrc,4240,0,0,0,0,0,0
asymmetric_p2p_tornado_16mib,n-mrc,4242,0,0,0,0,0,0
asymmetric_p2p_tornado_16mib,n-mrc,4244,0,0,0,0,0,0
asymmetric_p2p_tornado_16mib,n-mrc,4246,0,0,0,0,0,0
asymmetric_p2p_tornado_16mib,n-mrc,4248,0,0,0,0,0,0
asymmetric_p2p_tornado_16mib,n-mrc,4250,0,0,0,0,0,0
asymmetric_p2p_tornado_16mib,n-mrc,4252,0,0,0,0,0,0
asymmetric_p2p_tornado_16mib,n-mrc,4254,0,0,0,0,0,0
asymmetric_p2p_tornado_16mib,n-mrc,4256,0,0,0,0,0,0
asymmetric_p2p_tornado_16mib,n-mrc,4258,0,0,0,0,0,0
asymmetric_p2p_tornado_16mib,n-mrc,4260,0,0,0,0,0,0
asymmetric_p2p_tornado_16mib,n-mrc,4262,0,0,0,0,0,0
asymmetric_p2p_tornado_16mib,n-mrc,4264,0,0,0,0,0,0
asymmetric_p2p_tornado_16mib,n-mrc,4266,0,0,0,0,0,0
asymmetric_p2p_tornado_16mib,n-mrc,4268,0,0,0,0,0,0
asymmetric_p2p_tornado_16mib,n-mrc,4270,0,0,0,0,0,0
asymmetric_p2p_tornado_16mib,n-mrc,4272,0,0,0,0,0,0
asymmetric_p2p_tornado_16mib,n-mrc,4274,0,0,0,0,0,0
asymmetric_p2p_tornado_16mib,n-mrc,4276,0,0,0,0,0,0
asymmetric_p2p_tornado_16mib,n-mrc,4278,0,0,0,0,0,0
asymmetric_p2p_tornado_16mib,n-mrc,4280,0,0,0,0,0,0
asymmetric_p2p_tornado_16mib,n-mrc,4282,0,0,0,0,0,0
asymmetric_p2p_tornado_16mib,n-mrc,4284,0,0,0,0,0,0
asymmetric_p2p_tornado_16mib,n-mrc,4286,0,0,0,0,0,0
asymmetric_p2p_tornado_16mib,n-mrc,4288,0,0,0,0,0,0
asymmetric_p2p_tornado_16mib,n-mrc,4290,0,0,0,0,0,0
asymmetric_p2p_tornado_16mib,n-mrc,4292,0,0,0,0,0,0
asymmetric_p2p_tornado_16mib,n-mrc,4294,0,0,0,0,0,0
asymmetric_p2p_tornado_16mib,n-mrc,4296,0,0,0,0,0,0
asymmetric_p2p_tornado_16mib,n-mrc,4298,0,0,0,0,0,0
asymmetric_p2p_tornado_16mib,n-mrc,4300,0,0,0,0,0,0
asymmetric_p2p_tornado_16mib,n-mrc,4302,0,0,0,0,0,0
asymmetric_p2p_tornado_16mib,n-mrc,4304,0,0,0,0,0,0
asymmetric_p2p_tornado_16mib,n-mrc,4306,0,0,0,0,0,0
asymmetric_p2p_tornado_16mib,n-mrc,4308,0,0,0,0,0,0
asymmetric_p2p_tornado_16mib,n-mrc,4310,0,0,0,0,0,0
asymmetric_p2p_tornado_16mib,n-mrc,4312,0,0,0,0,0,0
asymmetric_p2p_tornado_16mib,n-mrc,4314,0,0,0,0,0,0
asymmetric_p2p_tornado_16mib,n-mrc,4316,0,0,0,0,0,0
asymmetric_p2p_tornado_16mib,n-mrc,4318,0,0,0,0,0,0
asymmetric_p2p_tornado_16mib,n-mrc,4320,0,0,0,0,0,0
asymmetric_p2p_tornado_16mib,n-mrc,4322,0,0,0,0,0,0
asymmetric_p2p_tornado_16mib,n-mrc,4324,0,0,0,0,0,0
asymmetric_p2p_tornado_16mib,n-mrc,4326,0,0,0,0,0,0
asymmetric_p2p_tornado_16mib,n-mrc,4328,0,0,0,0,0,0
asymmetric_p2p_tornado_16mib,n-mrc,4330,0,0,0,0,0,0
asymmetric_p2p_tornado_16mib,n-mrc,4332,0,0,0,0,0,0
asymmetric_p2p_tornado_16mib,n-mrc,4334,0,0,0,0,0,0
asymmetric_p2p_tornado_16mib,n-mrc,4336,0,0,0,0,0,0
asymmetric_p2p_tornado_16mib,n-mrc,4338,0,0,0,0,0,0
asymmetric_p2p_tornado_16mib,n-mrc,4340,0,0,0,0,0,0
asymmetric_p2p_tornado_16mib,n-mrc,4342,0,0,0,0,0,0
asymmetric_p2p_tornado_16mib,n-mrc,4344,0,0,0,0,0,0
asymmetric_p2p_tornado_16mib,n-mrc,4346,0,0,0,0,0,0
asymmetric_p2p_tornado_16mib,n-mrc,4348,0,0,0,0,0,0
asymmetric_p2p_tornado_16mib,n-mrc,4350,0,0,0,0,0,0
asymmetric_p2p_tornado_16mib,n-mrc,4352,0,0,0,0,0,0
asymmetric_p2p_tornado_16mib,n-mrc,4354,0,0,0,0,0,0
asymmetric_p2p_tornado_16mib,n-mrc,4356,0,0,0,0,0,0
asymmetric_p2p_tornado_16mib,n-mrc,4358,0,0,0,0,0,0
asymmetric_p2p_tornado_16mib,n-mrc,4360,0,0,0,0,0,0
asymmetric_p2p_tornado_16mib,n-mrc,4362,0,0,0,0,0,0
asymmetric_p2p_tornado_16mib,n-mrc,4364,0,0,0,0,0,0
asymmetric_p2p_tornado_16mib,n-mrc,4366,0,0,0,0,0,0
asymmetric_p2p_tornado_16mib,n-mrc,4368,0,0,0,0,0,0
asymmetric_p2p_tornado_16mib,n-mrc,4370,0,0,0,0,0,0
asymmetric_p2p_tornado_16mib,n-mrc,4372,0,0,0,0,0,0
asymmetric_p2p_tornado_16mib,n-mrc,4374,0,0,0,0,0,0
asymmetric_p2p_tornado_16mib,n-mrc,4376,0,0,0,0,0,0
asymmetric_p2p_tornado_16mib,n-mrc,4378,0,0,0,0,0,0
asymmetric_p2p_tornado_16mib,n-mrc,4380,0,0,0,0,0,0
asymmetric_p2p_tornado_16mib,n-mrc,4382,0,0,0,0,0,0
asymmetric_p2p_tornado_16mib,n-mrc,4384,0,0,0,0,0,0
asymmetric_p2p_tornado_16mib,n-mrc,4386,0,0,0,0,0,0
asymmetric_p2p_tornado_16mib,n-mrc,4388,0,0,0,0,0,0
asymmetric_p2p_tornado_16mib,n-mrc,4390,0,0,0,0,0,0
asymmetric_p2p_tornado_16mib,n-mrc,4392,0,0,0,0,0,0
asymmetric_p2p_tornado_16mib,n-mrc,4394,0,0,0,0,0,0
asymmetric_p2p_tornado_16mib,n-mrc,4396,0,0,0,0,0,0
asymmetric_p2p_tornado_16mib,n-mrc,4398,0,0,0,0,0,0
asymmetric_p2p_tornado_16mib,n-mrc,4400,0,0,0,0,0,0
asymmetric_p2p_tornado_16mib,n-mrc,4402,0,0,0,0,0,0
asymmetric_p2p_tornado_16mib,n-mrc,4404,0,0,0,0,0,0
asymmetric_p2p_tornado_16mib,n-mrc,4406,0,0,0,0,0,0
asymmetric_p2p_tornado_16mib,n-mrc,4408,0,0,0,0,0,0
asymmetric_p2p_tornado_16mib,n-mrc,4410,0,0,0,0,0,0
asymmetric_p2p_tornado_16mib,n-mrc,4412,0,0,0,0,0,0
asymmetric_p2p_tornado_16mib,n-mrc,4414,0,0,0,0,0,0
asymmetric_p2p_tornado_16mib,n-mrc,4416,0,0,0,0,0,0
asymmetric_p2p_tornado_16mib,n-mrc,4418,0,0,0,0,0,0
asymmetric_p2p_tornado_16mib,n-mrc,4420,0,0,0,0,0,0
asymmetric_p2p_tornado_16mib,n-mrc,4422,0,0,0,0,0,0
asymmetric_p2p_tornado_16mib,n-mrc,4424,0,0,0,0,0,0
asymmetric_p2p_tornado_16mib,n-mrc,4426,0,0,0,0,0,0
asymmetric_p2p_tornado_16mib,n-mrc,4428,0,0,0,0,0,0
asymmetric_p2p_tornado_16mib,n-mrc,4430,0,0,0,0,0,0
asymmetric_p2p_tornado_16mib,n-mrc,4432,0,0,0,0,0,0
asymmetric_p2p_tornado_16mib,n-mrc,4434,0,0,0,0,0,0
asymmetric_p2p_tornado_16mib,n-mrc,4436,0,0,0,0,0,0
asymmetric_p2p_tornado_16mib,n-mrc,4438,0,0,0,0,0,0
asymmetric_p2p_tornado_16mib,n-mrc,4440,0,0,0,0,0,0
asymmetric_p2p_tornado_16mib,n-mrc,4442,0,0,0,0,0,0
asymmetric_p2p_tornado_16mib,n-mrc,4444,0,0,0,0,0,0
asymmetric_p2p_tornado_16mib,n-mrc,4446,0,0,0,0,0,0
asymmetric_p2p_tornado_16mib,n-mrc,4448,0,0,0,0,0,0
asymmetric_p2p_tornado_16mib,n-mrc,4450,0,0,0,0,0,0
asymmetric_p2p_tornado_16mib,n-mrc,4452,0,0,0,0,0,0
asymmetric_p2p_tornado_16mib,n-mrc,4454,0,0,0,0,0,0
asymmetric_p2p_tornado_16mib,n-mrc,4456,0,0,0,0,0,0
asymmetric_p2p_tornado_16mib,n-mrc,4458,0,0,0,0,0,0
asymmetric_p2p_tornado_16mib,n-mrc,4460,0,0,0,0,0,0
asymmetric_p2p_tornado_16mib,n-mrc,4462,0,0,0,0,0,0
asymmetric_p2p_tornado_16mib,n-mrc,4464,0,0,0,0,0,0
asymmetric_p2p_tornado_16mib,n-mrc,4466,0,0,0,0,0,0
asymmetric_p2p_tornado_16mib,n-mrc,4468,0,0,0,0,0,0
asymmetric_p2p_tornado_16mib,n-mrc,4470,0,0,0,0,0,0
asymmetric_p2p_tornado_16mib,n-mrc,4472,0,0,0,0,0,0
asymmetric_p2p_tornado_16mib,n-mrc,4474,0,0,0,0,0,0
asymmetric_p2p_tornado_16mib,n-mrc,4476,0,0,0,0,0,0
asymmetric_p2p_tornado_16mib,n-mrc,4478,0,0,0,0,0,0
asymmetric_p2p_tornado_16mib,n-mrc,4480,0,0,0,0,0,0
asymmetric_p2p_tornado_16mib,n-mrc,4482,0,0,0,0,0,0
asymmetric_p2p_tornado_16mib,n-mrc,4484,0,0,0,0,0,0
asymmetric_p2p_tornado_16mib,n-mrc,4486,0,0,0,0,0,0
asymmetric_p2p_tornado_16mib,n-mrc,4488,0,0,0,0,0,0
asymmetric_p2p_tornado_16mib,n-mrc,4490,0,0,0,0,0,0
asymmetric_p2p_tornado_16mib,n-mrc,4492,0,0,0,0,0,0
asymmetric_p2p_tornado_16mib,n-mrc,4494,0,0,0,0,0,0
asymmetric_p2p_tornado_16mib,n-mrc,4496,0,0,0,0,0,0
asymmetric_p2p_tornado_16mib,n-mrc,4498,0,0,0,0,0,0
asymmetric_p2p_tornado_16mib,n-mrc,4500,0,0,0,0,0,0
asymmetric_p2p_tornado_16mib,n-mrc,4502,0,0,0,0,0,0
asymmetric_p2p_tornado_16mib,n-mrc,4504,0,0,0,0,0,0
asymmetric_p2p_tornado_16mib,n-mrc,4506,0,0,0,0,0,0
asymmetric_p2p_tornado_16mib,n-mrc,4508,0,0,0,0,0,0
asymmetric_p2p_tornado_16mib,n-mrc,4510,0,0,0,0,0,0
asymmetric_p2p_tornado_16mib,n-mrc,4512,0,0,0,0,0,0
asymmetric_p2p_tornado_16mib,n-mrc,4514,0,0,0,0,0,0
asymmetric_p2p_tornado_16mib,n-mrc,4516,0,0,0,0,0,0
asymmetric_p2p_tornado_16mib,n-mrc,4518,0,0,0,0,0,0
asymmetric_p2p_tornado_16mib,n-mrc,4520,0,0,0,0,0,0
asymmetric_p2p_tornado_16mib,n-mrc,4522,0,0,0,0,0,0
asymmetric_p2p_tornado_16mib,n-mrc,4524,0,0,0,0,0,0
asymmetric_p2p_tornado_16mib,n-mrc,4526,0,0,0,0,0,0
asymmetric_p2p_tornado_16mib,n-mrc,4528,0,0,0,0,0,0
asymmetric_p2p_tornado_16mib,n-mrc,4530,0,0,0,0,0,0
asymmetric_p2p_tornado_16mib,n-mrc,4532,0,0,0,0,0,0
asymmetric_p2p_tornado_16mib,n-mrc,4534,0,0,0,0,0,0
asymmetric_p2p_tornado_16mib,n-mrc,4536,0,0,0,0,0,0
asymmetric_p2p_tornado_16mib,n-mrc,4538,0,0,0,0,0,0
asymmetric_p2p_tornado_16mib,n-mrc,4540,0,0,0,0,0,0
asymmetric_p2p_tornado_16mib,n-mrc,4542,0,0,0,0,0,0
asymmetric_p2p_tornado_16mib,n-mrc,4544,0,0,0,0,0,0
asymmetric_p2p_tornado_16mib,n-mrc,4546,0,0,0,0,0,0
asymmetric_p2p_tornado_16mib,n-mrc,4548,0,0,0,0,0,0
asymmetric_p2p_tornado_16mib,n-mrc,4550,0,0,0,0,0,0
asymmetric_p2p_tornado_16mib,n-mrc,4552,0,0,0,0,0,0
asymmetric_p2p_tornado_16mib,n-mrc,4554,0,0,0,0,0,0
asymmetric_p2p_tornado_16mib,n-mrc,4556,0,0,0,0,0,0
asymmetric_p2p_tornado_16mib,n-mrc,4558,0,0,0,0,0,0
asymmetric_p2p_tornado_16mib,n-mrc,4560,0,0,0,0,0,0
asymmetric_p2p_tornado_16mib,n-mrc,4562,0,0,0,0,0,0
asymmetric_p2p_tornado_16mib,n-mrc,4564,0,0,0,0,0,0
asymmetric_p2p_tornado_16mib,n-mrc,4566,0,0,0,0,0,0
asymmetric_p2p_tornado_16mib,n-mrc,4568,0,0,0,0,0,0
asymmetric_p2p_tornado_16mib,n-mrc,4570,0,0,0,0,0,0
asymmetric_p2p_tornado_16mib,n-mrc,4572,0,0,0,0,0,0
asymmetric_p2p_tornado_16mib,n-mrc,4574,0,0,0,0,0,0
asymmetric_p2p_tornado_16mib,n-mrc,4576,0,0,0,0,0,0
asymmetric_p2p_tornado_16mib,n-mrc,4578,0,0,0,0,0,0
asymmetric_p2p_tornado_16mib,n-mrc,4580,0,0,0,0,0,0
asymmetric_p2p_tornado_16mib,n-mrc,4582,0,0,0,0,0,0
asymmetric_p2p_tornado_16mib,n-mrc,4584,0,0,0,0,0,0
asymmetric_p2p_tornado_16mib,n-mrc,4586,0,0,0,0,0,0
asymmetric_p2p_tornado_16mib,n-mrc,4588,0,0,0,0,0,0
asymmetric_p2p_tornado_16mib,n-mrc,4590,0,0,0,0,0,0
asymmetric_p2p_tornado_16mib,n-mrc,4592,0,0,0,0,0,0
asymmetric_p2p_tornado_16mib,n-mrc,4594,0,0,0,0,0,0
asymmetric_p2p_tornado_16mib,n-mrc,4596,0,0,0,0,0,0
asymmetric_p2p_tornado_16mib,n-mrc,4598,0,0,0,0,0,0
asymmetric_p2p_tornado_16mib,n-mrc,4600,0,0,0,0,0,0
asymmetric_p2p_tornado_16mib,n-mrc,4602,0,0,0,0,0,0
asymmetric_p2p_tornado_16mib,n-mrc,4604,0,0,0,0,0,0
asymmetric_p2p_tornado_16mib,n-mrc,4606,0,0,0,0,0,0
asymmetric_p2p_tornado_16mib,n-mrc,4608,0,0,0,0,0,0
asymmetric_p2p_tornado_16mib,n-mrc,4610,0,0,0,0,0,0
asymmetric_p2p_tornado_16mib,n-mrc,4612,0,0,0,0,0,0
asymmetric_p2p_tornado_16mib,n-mrc,4614,0,0,0,0,0,0
asymmetric_p2p_tornado_16mib,n-mrc,4616,0,0,0,0,0,0
asymmetric_p2p_tornado_16mib,n-mrc,4618,0,0,0,0,0,0
asymmetric_p2p_tornado_16mib,n-mrc,4620,0,0,0,0,0,0
asymmetric_p2p_tornado_16mib,n-mrc,4622,0,0,0,0,0,0
asymmetric_p2p_tornado_16mib,n-mrc,4624,0,0,0,0,0,0
asymmetric_p2p_tornado_16mib,n-mrc,4626,0,0,0,0,0,0
asymmetric_p2p_tornado_16mib,n-mrc,4628,0,0,0,0,0,0
asymmetric_p2p_tornado_16mib,n-mrc,4630,0,0,0,0,0,0
asymmetric_p2p_tornado_16mib,n-mrc,4632,0,0,0,0,0,0
asymmetric_p2p_tornado_16mib,n-mrc,4634,0,0,0,0,0,0
asymmetric_p2p_tornado_16mib,n-mrc,4636,0,0,0,0,0,0
asymmetric_p2p_tornado_16mib,n-mrc,4638,0,0,0,0,0,0
asymmetric_p2p_tornado_16mib,n-mrc,4640,0,0,0,0,0,0
asymmetric_p2p_tornado_16mib,n-mrc,4642,0,0,0,0,0,0
asymmetric_p2p_tornado_16mib,n-mrc,4644,0,0,0,0,0,0
asymmetric_p2p_tornado_16mib,n-mrc,4646,0,0,0,0,0,0
asymmetric_p2p_tornado_16mib,n-mrc,4648,0,0,0,0,0,0
asymmetric_p2p_tornado_16mib,n-mrc,4650,0,0,0,0,0,0
asymmetric_p2p_tornado_16mib,n-mrc,4652,0,0,0,0,0,0
asymmetric_p2p_tornado_16mib,n-mrc,4654,0,0,0,0,0,0
asymmetric_p2p_tornado_16mib,n-mrc,4656,0,0,0,0,0,0
asymmetric_p2p_tornado_16mib,n-mrc,4658,0,0,0,0,0,0
asymmetric_p2p_tornado_16mib,n-mrc,4660,0,0,0,0,0,0
asymmetric_p2p_tornado_16mib,n-mrc,4662,0,0,0,0,0,0
asymmetric_p2p_tornado_16mib,n-mrc,4664,0,0,0,0,0,0
asymmetric_p2p_tornado_16mib,n-mrc,4666,0,0,0,0,0,0
asymmetric_p2p_tornado_16mib,n-mrc,4668,0,0,0,0,0,0
asymmetric_p2p_tornado_16mib,n-mrc,4670,0,0,0,0,0,0
asymmetric_p2p_tornado_16mib,n-mrc,4672,0,0,0,0,0,0
asymmetric_p2p_tornado_16mib,n-mrc,4674,0,0,0,0,0,0
asymmetric_p2p_tornado_16mib,n-mrc,4676,0,0,0,0,0,0
asymmetric_p2p_tornado_16mib,n-mrc,4678,0,0,0,0,0,0
asymmetric_p2p_tornado_16mib,n-mrc,4680,0,0,0,0,0,0
asymmetric_p2p_tornado_16mib,n-mrc,4682,0,0,0,0,0,0
asymmetric_p2p_tornado_16mib,n-mrc,4684,0,0,0,0,0,0
asymmetric_p2p_tornado_16mib,n-mrc,4686,0,0,0,0,0,0
asymmetric_p2p_tornado_16mib,n-mrc,4688,0,0,0,0,0,0
asymmetric_p2p_tornado_16mib,n-mrc,4690,0,0,0,0,0,0
asymmetric_p2p_tornado_16mib,n-mrc,4692,0,0,0,0,0,0
asymmetric_p2p_tornado_16mib,n-mrc,4694,0,0,0,0,0,0
asymmetric_p2p_tornado_16mib,n-mrc,4696,0,0,0,0,0,0
asymmetric_p2p_tornado_16mib,n-mrc,4698,0,0,0,0,0,0
asymmetric_p2p_tornado_16mib,n-mrc,4700,0,0,0,0,0,0
asymmetric_p2p_tornado_16mib,n-mrc,4702,0,0,0,0,0,0
asymmetric_p2p_tornado_16mib,n-mrc,4704,0,0,0,0,0,0
asymmetric_p2p_tornado_16mib,n-mrc,4706,0,0,0,0,0,0
asymmetric_p2p_tornado_16mib,n-mrc,4708,0,0,0,0,0,0
asymmetric_p2p_tornado_16mib,n-mrc,4710,0,0,0,0,0,0
asymmetric_p2p_tornado_16mib,n-mrc,4712,0,0,0,0,0,0
asymmetric_p2p_tornado_16mib,n-mrc,4714,0,0,0,0,0,0
asymmetric_p2p_tornado_16mib,n-mrc,4716,0,0,0,0,0,0
asymmetric_p2p_tornado_16mib,n-mrc,4718,0,0,0,0,0,0
asymmetric_p2p_tornado_16mib,n-mrc,4720,0,0,0,0,0,0
asymmetric_p2p_tornado_16mib,n-mrc,4722,0,0,0,0,0,0
asymmetric_p2p_tornado_16mib,n-mrc,4724,0,0,0,0,0,0
asymmetric_p2p_tornado_16mib,n-mrc,4726,0,0,0,0,0,0
asymmetric_p2p_tornado_16mib,n-mrc,4728,0,0,0,0,0,0
asymmetric_p2p_tornado_16mib,n-mrc,4730,0,0,0,0,0,0
asymmetric_p2p_tornado_16mib,n-mrc,4732,0,0,0,0,0,0
asymmetric_p2p_tornado_16mib,n-mrc,4734,0,0,0,0,0,0
asymmetric_p2p_tornado_16mib,n-mrc,4736,0,0,0,0,0,0
asymmetric_p2p_tornado_16mib,n-mrc,4738,0,0,0,0,0,0
asymmetric_p2p_tornado_16mib,n-mrc,4740,0,0,0,0,0,0
asymmetric_p2p_tornado_16mib,n-mrc,4742,0,0,0,0,0,0
asymmetric_p2p_tornado_16mib,n-mrc,4744,0,0,0,0,0,0
asymmetric_p2p_tornado_16mib,n-mrc,4746,0,0,0,0,0,0
asymmetric_p2p_tornado_16mib,n-mrc,4748,0,0,0,0,0,0
asymmetric_p2p_tornado_16mib,n-mrc,4750,0,0,0,0,0,0
asymmetric_p2p_tornado_16mib,n-mrc,4752,0,0,0,0,0,0
asymmetric_p2p_tornado_16mib,n-mrc,4754,0,0,0,0,0,0
asymmetric_p2p_tornado_16mib,n-mrc,4756,0,0,0,0,0,0
asymmetric_p2p_tornado_16mib,n-mrc,4758,0,0,0,0,0,0
asymmetric_p2p_tornado_16mib,n-mrc,4760,0,0,0,0,0,0
asymmetric_p2p_tornado_16mib,n-mrc,4762,0,0,0,0,0,0
asymmetric_p2p_tornado_16mib,n-mrc,4764,0,0,0,0,0,0
asymmetric_p2p_tornado_16mib,n-mrc,4766,0,0,0,0,0,0
asymmetric_p2p_tornado_16mib,n-mrc,4768,0,0,0,0,0,0
asymmetric_p2p_tornado_16mib,n-mrc,4770,0,0,0,0,0,0
asymmetric_p2p_tornado_16mib,n-mrc,4772,0,0,0,0,0,0
asymmetric_p2p_tornado_16mib,n-mrc,4774,0,0,0,0,0,0
asymmetric_p2p_tornado_16mib,n-mrc,4776,0,0,0,0,0,0
asymmetric_p2p_tornado_16mib,n-mrc,4778,0,0,0,0,0,0
asymmetric_p2p_tornado_16mib,n-mrc,4780,0,0,0,0,0,0
asymmetric_p2p_tornado_16mib,n-mrc,4782,0,0,0,0,0,0
asymmetric_p2p_tornado_16mib,n-mrc,4784,0,0,0,0,0,0
asymmetric_p2p_tornado_16mib,n-mrc,4786,0,0,0,0,0,0
asymmetric_p2p_tornado_16mib,n-mrc,4788,0,0,0,0,0,0
asymmetric_p2p_tornado_16mib,n-mrc,4790,0,0,0,0,0,0
asymmetric_p2p_tornado_16mib,n-mrc,4792,0,0,0,0,0,0
asymmetric_p2p_tornado_16mib,n-mrc,4794,0,0,0,0,0,0
asymmetric_p2p_tornado_16mib,n-mrc,4796,0,0,0,0,0,0
asymmetric_p2p_tornado_16mib,n-mrc,4798,0,0,0,0,0,0
asymmetric_p2p_tornado_16mib,n-mrc,4800,0,0,0,0,0,0
asymmetric_p2p_tornado_16mib,n-mrc,4802,0,0,0,0,0,0
asymmetric_p2p_tornado_16mib,n-mrc,4804,0,0,0,0,0,0
asymmetric_p2p_tornado_16mib,n-mrc,4806,0,0,0,0,0,0
asymmetric_p2p_tornado_16mib,n-mrc,4808,0,0,0,0,0,0
asymmetric_p2p_tornado_16mib,n-mrc,4810,0,0,0,0,0,0
asymmetric_p2p_tornado_16mib,n-mrc,4812,0,0,0,0,0,0
asymmetric_p2p_tornado_16mib,n-mrc,4814,0,0,0,0,0,0
asymmetric_p2p_tornado_16mib,n-mrc,4816,0,0,0,0,0,0
asymmetric_p2p_tornado_16mib,n-mrc,4818,0,0,0,0,0,0
asymmetric_p2p_tornado_16mib,n-mrc,4820,0,0,0,0,0,0
asymmetric_p2p_tornado_16mib,n-mrc,4822,0,0,0,0,0,0
asymmetric_p2p_tornado_16mib,n-mrc,4824,0,0,0,0,0,0
asymmetric_p2p_tornado_16mib,n-mrc,4826,0,0,0,0,0,0
asymmetric_p2p_tornado_16mib,n-mrc,4828,0,0,0,0,0,0
asymmetric_p2p_tornado_16mib,n-mrc,4830,0,0,0,0,0,0
asymmetric_p2p_tornado_16mib,n-mrc,4832,0,0,0,0,0,0
asymmetric_p2p_tornado_16mib,n-mrc,4834,0,0,0,0,0,0
asymmetric_p2p_tornado_16mib,n-mrc,4836,0,0,0,0,0,0
asymmetric_p2p_tornado_16mib,n-mrc,4838,0,0,0,0,0,0
asymmetric_p2p_tornado_16mib,n-mrc,4840,0,0,0,0,0,0
asymmetric_p2p_tornado_16mib,n-mrc,4842,0,0,0,0,0,0
asymmetric_p2p_tornado_16mib,n-mrc,4844,0,0,0,0,0,0
asymmetric_p2p_tornado_16mib,n-mrc,4846,0,0,0,0,0,0
asymmetric_p2p_tornado_16mib,n-mrc,4848,0,0,0,0,0,0
asymmetric_p2p_tornado_16mib,n-mrc,4850,0,0,0,0,0,0
asymmetric_p2p_tornado_16mib,n-mrc,4852,0,0,0,0,0,0
asymmetric_p2p_tornado_16mib,n-mrc,4854,0,0,0,0,0,0
asymmetric_p2p_tornado_16mib,n-mrc,4856,0,0,0,0,0,0
asymmetric_p2p_tornado_16mib,n-mrc,4858,0,0,0,0,0,0
asymmetric_p2p_tornado_16mib,n-mrc,4860,0,0,0,0,0,0
asymmetric_p2p_tornado_16mib,n-mrc,4862,0,0,0,0,0,0
asymmetric_p2p_tornado_16mib,n-mrc,4864,0,0,0,0,0,0
asymmetric_p2p_tornado_16mib,n-mrc,4866,0,0,0,0,0,0
asymmetric_p2p_tornado_16mib,n-mrc,4868,0,0,0,0,0,0
asymmetric_p2p_tornado_16mib,n-mrc,4870,0,0,0,0,0,0
asymmetric_p2p_tornado_16mib,n-mrc,4872,0,0,0,0,0,0
asymmetric_p2p_tornado_16mib,n-mrc,4874,0,0,0,0,0,0
asymmetric_p2p_tornado_16mib,n-mrc,4876,0,0,0,0,0,0
asymmetric_p2p_tornado_16mib,n-mrc,4878,0,0,0,0,0,0
asymmetric_p2p_tornado_16mib,n-mrc,4880,0,0,0,0,0,0
asymmetric_p2p_tornado_16mib,n-mrc,4882,0,0,0,0,0,0
asymmetric_p2p_tornado_16mib,n-mrc,4884,0,0,0,0,0,0
asymmetric_p2p_tornado_16mib,n-mrc,4886,0,0,0,0,0,0
asymmetric_p2p_tornado_16mib,n-mrc,4888,0,0,0,0,0,0
asymmetric_p2p_tornado_16mib,n-mrc,4890,0,0,0,0,0,0
asymmetric_p2p_tornado_16mib,n-mrc,4892,0,0,0,0,0,0
asymmetric_p2p_tornado_16mib,n-mrc,4894,0,0,0,0,0,0
asymmetric_p2p_tornado_16mib,n-mrc,4896,0,0,0,0,0,0
asymmetric_p2p_tornado_16mib,n-mrc,4898,0,0,0,0,0,0
asymmetric_p2p_tornado_16mib,n-mrc,4900,0,0,0,0,0,0
asymmetric_p2p_tornado_16mib,n-mrc,4902,0,0,0,0,0,0
asymmetric_p2p_tornado_16mib,n-mrc,4904,0,0,0,0,0,0
asymmetric_p2p_tornado_16mib,n-mrc,4906,0,0,0,0,0,0
asymmetric_p2p_tornado_16mib,n-mrc,4908,0,0,0,0,0,0
asymmetric_p2p_tornado_16mib,n-mrc,4910,0,0,0,0,0,0
asymmetric_p2p_tornado_16mib,n-mrc,4912,0,0,0,0,0,0
asymmetric_p2p_tornado_16mib,n-mrc,4914,0,0,0,0,0,0
asymmetric_p2p_tornado_16mib,n-mrc,4916,0,0,0,0,0,0
asymmetric_p2p_tornado_16mib,n-mrc,4918,0,0,0,0,0,0
asymmetric_p2p_tornado_16mib,n-mrc,4920,0,0,0,0,0,0
asymmetric_p2p_tornado_16mib,n-mrc,4922,0,0,0,0,0,0
asymmetric_p2p_tornado_16mib,n-mrc,4924,0,0,0,0,0,0
asymmetric_p2p_tornado_16mib,n-mrc,4926,0,0,0,0,0,0
asymmetric_p2p_tornado_16mib,n-mrc,4928,0,0,0,0,0,0
asymmetric_p2p_tornado_16mib,n-mrc,4930,0,0,0,0,0,0
asymmetric_p2p_tornado_16mib,n-mrc,4932,0,0,0,0,0,0
asymmetric_p2p_tornado_16mib,n-mrc,4934,0,0,0,0,0,0
asymmetric_p2p_tornado_16mib,n-mrc,4936,0,0,0,0,0,0
asymmetric_p2p_tornado_16mib,n-mrc,4938,0,0,0,0,0,0
asymmetric_p2p_tornado_16mib,n-mrc,4940,0,0,0,0,0,0
asymmetric_p2p_tornado_16mib,n-mrc,4942,0,0,0,0,0,0
asymmetric_p2p_tornado_16mib,n-mrc,4944,0,0,0,0,0,0
asymmetric_p2p_tornado_16mib,n-mrc,4946,0,0,0,0,0,0
asymmetric_p2p_tornado_16mib,n-mrc,4948,0,0,0,0,0,0
asymmetric_p2p_tornado_16mib,n-mrc,4950,0,0,0,0,0,0
asymmetric_p2p_tornado_16mib,n-mrc,4952,0,0,0,0,0,0
asymmetric_p2p_tornado_16mib,n-mrc,4954,0,0,0,0,0,0
asymmetric_p2p_tornado_16mib,n-mrc,4956,0,0,0,0,0,0
asymmetric_p2p_tornado_16mib,n-mrc,4958,0,0,0,0,0,0
asymmetric_p2p_tornado_16mib,n-mrc,4960,0,0,0,0,0,0
asymmetric_p2p_tornado_16mib,n-mrc,4962,0,0,0,0,0,0
asymmetric_p2p_tornado_16mib,n-mrc,4964,0,0,0,0,0,0
asymmetric_p2p_tornado_16mib,n-mrc,4966,0,0,0,0,0,0
asymmetric_p2p_tornado_16mib,n-mrc,4968,0,0,0,0,0,0
asymmetric_p2p_tornado_16mib,n-mrc,4970,0,0,0,0,0,0
asymmetric_p2p_tornado_16mib,n-mrc,4972,0,0,0,0,0,0
asymmetric_p2p_tornado_16mib,n-mrc,4974,0,0,0,0,0,0
asymmetric_p2p_tornado_16mib,n-mrc,4976,0,0,0,0,0,0
asymmetric_p2p_tornado_16mib,n-mrc,4978,0,0,0,0,0,0
asymmetric_p2p_tornado_16mib,n-mrc,4980,0,0,0,0,0,0
asymmetric_p2p_tornado_16mib,n-mrc,4982,0,0,0,0,0,0
asymmetric_p2p_tornado_16mib,n-mrc,4984,0,0,0,0,0,0
asymmetric_p2p_tornado_16mib,n-mrc,4986,0,0,0,0,0,0
asymmetric_p2p_tornado_16mib,n-mrc,4988,0,0,0,0,0,0
asymmetric_p2p_tornado_16mib,n-mrc,4990,0,0,0,0,0,0
asymmetric_p2p_tornado_16mib,n-mrc,4992,0,0,0,0,0,0
asymmetric_p2p_tornado_16mib,n-mrc,4994,0,0,0,0,0,0
asymmetric_p2p_tornado_16mib,n-mrc,4996,0,0,0,0,0,0
asymmetric_p2p_tornado_16mib,n-mrc,4998,0,0,0,0,0,0
asymmetric_p2p_tornado_16mib,n-mrc,5000,0,0,0,0,0,0
asymmetric_p2p_tornado_16mib,n-mrc,5002,0,0,0,0,0,0
asymmetric_p2p_tornado_16mib,n-mrc,5004,0,0,0,0,0,0
asymmetric_p2p_tornado_16mib,n-mrc,5006,0,0,0,0,0,0
asymmetric_p2p_tornado_16mib,n-mrc,5008,0,0,0,0,0,0
asymmetric_p2p_tornado_16mib,n-mrc,5010,0,0,0,0,0,0
asymmetric_p2p_tornado_16mib,n-mrc,5012,0,0,0,0,0,0
asymmetric_p2p_tornado_16mib,n-mrc,5014,0,0,0,0,0,0
asymmetric_p2p_tornado_16mib,n-mrc,5016,0,0,0,0,0,0
asymmetric_p2p_tornado_16mib,n-mrc,5018,0,0,0,0,0,0
asymmetric_p2p_tornado_16mib,n-mrc,5020,0,0,0,0,0,0
asymmetric_p2p_tornado_16mib,n-mrc,5022,0,0,0,0,0,0
asymmetric_p2p_tornado_16mib,n-mrc,5024,0,0,0,0,0,0
asymmetric_p2p_tornado_16mib,n-mrc,5026,0,0,0,0,0,0
asymmetric_p2p_tornado_16mib,n-mrc,5028,0,0,0,0,0,0
asymmetric_p2p_tornado_16mib,n-mrc,5030,0,0,0,0,0,0
asymmetric_p2p_tornado_16mib,n-mrc,5032,0,0,0,0,0,0
asymmetric_p2p_tornado_16mib,n-mrc,5034,0,0,0,0,0,0
asymmetric_p2p_tornado_16mib,n-mrc,5036,0,0,0,0,0,0
asymmetric_p2p_tornado_16mib,n-mrc,5038,0,0,0,0,0,0
asymmetric_p2p_tornado_16mib,n-mrc,5040,0,0,0,0,0,0
asymmetric_p2p_tornado_16mib,n-mrc,5042,0,0,0,0,0,0
asymmetric_p2p_tornado_16mib,n-mrc,5044,0,0,0,0,0,0
asymmetric_p2p_tornado_16mib,n-mrc,5046,0,0,0,0,0,0
asymmetric_p2p_tornado_16mib,n-mrc,5048,0,0,0,0,0,0
asymmetric_p2p_tornado_16mib,n-mrc,5050,0,0,0,0,0,0
asymmetric_p2p_tornado_16mib,n-mrc,5052,0,0,0,0,0,0
asymmetric_p2p_tornado_16mib,n-mrc,5054,0,0,0,0,0,0
asymmetric_p2p_tornado_16mib,n-mrc,5056,0,0,0,0,0,0
asymmetric_p2p_tornado_16mib,n-mrc,5058,0,0,0,0,0,0
asymmetric_p2p_tornado_16mib,n-mrc,5060,0,0,0,0,0,0
asymmetric_p2p_tornado_16mib,n-mrc,5062,0,0,0,0,0,0
asymmetric_p2p_tornado_16mib,n-mrc,5064,0,0,0,0,0,0
asymmetric_p2p_tornado_16mib,n-mrc,5066,0,0,0,0,0,0
asymmetric_p2p_tornado_16mib,n-mrc,5068,0,0,0,0,0,0
asymmetric_p2p_tornado_16mib,n-mrc,5070,0,0,0,0,0,0
asymmetric_p2p_tornado_16mib,n-mrc,5072,0,0,0,0,0,0
asymmetric_p2p_tornado_16mib,n-mrc,5074,0,0,0,0,0,0
asymmetric_p2p_tornado_16mib,n-mrc,5076,0,0,0,0,0,0
asymmetric_p2p_tornado_16mib,n-mrc,5078,0,0,0,0,0,0
asymmetric_p2p_tornado_16mib,n-mrc,5080,0,0,0,0,0,0
asymmetric_p2p_tornado_16mib,n-mrc,5082,0,0,0,0,0,0
asymmetric_p2p_tornado_16mib,n-mrc,5084,0,0,0,0,0,0
asymmetric_p2p_tornado_16mib,n-mrc,5086,0,0,0,0,0,0
asymmetric_p2p_tornado_16mib,n-mrc,5088,0,0,0,0,0,0
asymmetric_p2p_tornado_16mib,n-mrc,5090,0,0,0,0,0,0
asymmetric_p2p_tornado_16mib,n-mrc,5092,0,0,0,0,0,0
asymmetric_p2p_tornado_16mib,n-mrc,5094,0,0,0,0,0,0
asymmetric_p2p_tornado_16mib,n-mrc,5096,0,0,0,0,0,0
asymmetric_p2p_tornado_16mib,n-mrc,5098,0,0,0,0,0,0
asymmetric_p2p_tornado_16mib,n-mrc,5100,0,0,0,0,0,0
asymmetric_p2p_tornado_16mib,n-mrc,5102,0,0,0,0,0,0
asymmetric_p2p_tornado_16mib,n-mrc,5104,0,0,0,0,0,0
asymmetric_p2p_tornado_16mib,n-mrc,5106,0,0,0,0,0,0
asymmetric_p2p_tornado_16mib,n-mrc,5108,0,0,0,0,0,0
asymmetric_p2p_tornado_16mib,n-mrc,5110,0,0,0,0,0,0
asymmetric_p2p_tornado_16mib,n-mrc,5112,0,0,0,0,0,0
asymmetric_p2p_tornado_16mib,n-mrc,5114,0,0,0,0,0,0
asymmetric_p2p_tornado_16mib,n-mrc,5116,0,0,0,0,0,0
asymmetric_p2p_tornado_16mib,n-mrc,5118,0,0,0,0,0,0
asymmetric_p2p_tornado_16mib,n-mrc,5120,0,0,0,0,0,0
asymmetric_p2p_tornado_16mib,n-mrc,5122,0,0,0,0,0,0
asymmetric_p2p_tornado_16mib,n-mrc,5124,0,0,0,0,0,0
asymmetric_p2p_tornado_16mib,n-mrc,5126,0,0,0,0,0,0
asymmetric_p2p_tornado_16mib,n-mrc,5128,0,0,0,0,0,0
asymmetric_p2p_tornado_16mib,n-mrc,5130,0,0,0,0,0,0
asymmetric_p2p_tornado_16mib,n-mrc,5132,0,0,0,0,0,0
asymmetric_p2p_tornado_16mib,n-mrc,5134,0,0,0,0,0,0
asymmetric_p2p_tornado_16mib,n-mrc,5136,0,0,0,0,0,0
asymmetric_p2p_tornado_16mib,n-mrc,5138,0,0,0,0,0,0
asymmetric_p2p_tornado_16mib,n-mrc,5140,0,0,0,0,0,0
asymmetric_p2p_tornado_16mib,n-mrc,5142,0,0,0,0,0,0
asymmetric_p2p_tornado_16mib,n-mrc,5144,0,0,0,0,0,0
asymmetric_p2p_tornado_16mib,n-mrc,5146,0,0,0,0,0,0
asymmetric_p2p_tornado_16mib,n-mrc,5148,0,0,0,0,0,0
asymmetric_p2p_tornado_16mib,n-mrc,5150,0,0,0,0,0,0
asymmetric_p2p_tornado_16mib,n-mrc,5152,0,0,0,0,0,0
asymmetric_p2p_tornado_16mib,n-mrc,5154,0,0,0,0,0,0
asymmetric_p2p_tornado_16mib,n-mrc,5156,0,0,0,0,0,0
asymmetric_p2p_tornado_16mib,n-mrc,5158,0,0,0,0,0,0
asymmetric_p2p_tornado_16mib,n-mrc,5160,0,0,0,0,0,0
asymmetric_p2p_tornado_16mib,n-mrc,5162,0,0,0,0,0,0
asymmetric_p2p_tornado_16mib,n-mrc,5164,0,0,0,0,0,0
asymmetric_p2p_tornado_16mib,n-mrc,5166,0,0,0,0,0,0
asymmetric_p2p_tornado_16mib,n-mrc,5168,0,0,0,0,0,0
asymmetric_p2p_tornado_16mib,n-mrc,5170,0,0,0,0,0,0
asymmetric_p2p_tornado_16mib,n-mrc,5172,0,0,0,0,0,0
asymmetric_p2p_tornado_16mib,n-mrc,5174,0,0,0,0,0,0
asymmetric_p2p_tornado_16mib,n-mrc,5176,0,0,0,0,0,0
asymmetric_p2p_tornado_16mib,n-mrc,5178,0,0,0,0,0,0
asymmetric_p2p_tornado_16mib,n-mrc,5180,0,0,0,0,0,0
asymmetric_p2p_tornado_16mib,n-mrc,5182,0,0,0,0,0,0
asymmetric_p2p_tornado_16mib,n-mrc,5184,0,0,0,0,0,0
asymmetric_p2p_tornado_16mib,n-mrc,5186,0,0,0,0,0,0
asymmetric_p2p_tornado_16mib,n-mrc,5188,0,0,0,0,0,0
asymmetric_p2p_tornado_16mib,n-mrc,5190,0,0,0,0,0,0
asymmetric_p2p_tornado_16mib,n-mrc,5192,0,0,0,0,0,0
asymmetric_p2p_tornado_16mib,n-mrc,5194,0,0,0,0,0,0
asymmetric_p2p_tornado_16mib,n-mrc,5196,0,0,0,0,0,0
asymmetric_p2p_tornado_16mib,n-mrc,5198,0,0,0,0,0,0
asymmetric_p2p_tornado_16mib,n-mrc,5200,0,0,0,0,0,0
asymmetric_p2p_tornado_16mib,n-mrc,5202,0,0,0,0,0,0
asymmetric_p2p_tornado_16mib,n-mrc,5204,0,0,0,0,0,0
asymmetric_p2p_tornado_16mib,n-mrc,5206,0,0,0,0,0,0
asymmetric_p2p_tornado_16mib,n-mrc,5208,0,0,0,0,0,0
asymmetric_p2p_tornado_16mib,n-mrc,5210,0,0,0,0,0,0
asymmetric_p2p_tornado_16mib,n-mrc,5212,0,0,0,0,0,0
asymmetric_p2p_tornado_16mib,n-mrc,5214,0,0,0,0,0,0
asymmetric_p2p_tornado_16mib,n-mrc,5216,0,0,0,0,0,0
asymmetric_p2p_tornado_16mib,n-mrc,5218,0,0,0,0,0,0
asymmetric_p2p_tornado_16mib,n-mrc,5220,0,0,0,0,0,0
asymmetric_p2p_tornado_16mib,n-mrc,5222,0,0,0,0,0,0
asymmetric_p2p_tornado_16mib,n-mrc,5224,0,0,0,0,0,0
asymmetric_p2p_tornado_16mib,n-mrc,5226,0,0,0,0,0,0
asymmetric_p2p_tornado_16mib,n-mrc,5228,0,0,0,0,0,0
asymmetric_p2p_tornado_16mib,n-mrc,5230,0,0,0,0,0,0
asymmetric_p2p_tornado_16mib,n-mrc,5232,0,0,0,0,0,0
asymmetric_p2p_tornado_16mib,n-mrc,5234,0,0,0,0,0,0
asymmetric_p2p_tornado_16mib,n-mrc,5236,0,0,0,0,0,0
asymmetric_p2p_tornado_16mib,n-mrc,5238,0,0,0,0,0,0
asymmetric_p2p_tornado_16mib,n-mrc,5240,0,0,0,0,0,0
asymmetric_p2p_tornado_16mib,n-mrc,5242,0,0,0,0,0,0
asymmetric_p2p_tornado_16mib,n-mrc,5244,0,0,0,0,0,0
asymmetric_p2p_tornado_16mib,n-mrc,5246,0,0,0,0,0,0
asymmetric_p2p_tornado_16mib,n-mrc,5248,0,0,0,0,0,0
asymmetric_p2p_tornado_16mib,n-mrc,5250,0,0,0,0,0,0
asymmetric_p2p_tornado_16mib,n-mrc,5252,0,0,0,0,0,0
asymmetric_p2p_tornado_16mib,n-mrc,5254,0,0,0,0,0,0
asymmetric_p2p_tornado_16mib,n-mrc,5256,0,0,0,0,0,0
asymmetric_p2p_tornado_16mib,n-mrc,5258,0,0,0,0,0,0
asymmetric_p2p_tornado_16mib,n-mrc,5260,0,0,0,0,0,0
asymmetric_p2p_tornado_16mib,n-mrc,5262,0,0,0,0,0,0
asymmetric_p2p_tornado_16mib,n-mrc,5264,0,0,0,0,0,0
asymmetric_p2p_tornado_16mib,n-mrc,5266,0,0,0,0,0,0
asymmetric_p2p_tornado_16mib,n-mrc,5268,0,0,0,0,0,0
asymmetric_p2p_tornado_16mib,n-mrc,5270,0,0,0,0,0,0
asymmetric_p2p_tornado_16mib,n-mrc,5272,0,0,0,0,0,0
asymmetric_p2p_tornado_16mib,n-mrc,5274,0,0,0,0,0,0
asymmetric_p2p_tornado_16mib,n-mrc,5276,0,0,0,0,0,0
asymmetric_p2p_tornado_16mib,n-mrc,5278,0,0,0,0,0,0
asymmetric_p2p_tornado_16mib,n-mrc,5280,0,0,0,0,0,0
asymmetric_p2p_tornado_16mib,n-mrc,5282,0,0,0,0,0,0
asymmetric_p2p_tornado_16mib,n-mrc,5284,0,0,0,0,0,0
asymmetric_p2p_tornado_16mib,n-mrc,5286,0,0,0,0,0,0
asymmetric_p2p_tornado_16mib,n-mrc,5288,0,0,0,0,0,0
asymmetric_p2p_tornado_16mib,n-mrc,5290,0,0,0,0,0,0
asymmetric_p2p_tornado_16mib,n-mrc,5292,0,0,0,0,0,0
asymmetric_p2p_tornado_16mib,n-mrc,5294,0,0,0,0,0,0
asymmetric_p2p_tornado_16mib,n-mrc,5296,0,0,0,0,0,0
asymmetric_p2p_tornado_16mib,n-mrc,5298,0,0,0,0,0,0
asymmetric_p2p_tornado_16mib,n-mrc,5300,0,0,0,0,0,0
asymmetric_p2p_tornado_16mib,n-mrc,5302,0,0,0,0,0,0
asymmetric_p2p_tornado_16mib,n-mrc,5304,0,0,0,0,0,0
asymmetric_p2p_tornado_16mib,n-mrc,5306,0,0,0,0,0,0
asymmetric_p2p_tornado_16mib,n-mrc,5308,0,0,0,0,0,0
asymmetric_p2p_tornado_16mib,n-mrc,5310,0,0,0,0,0,0
asymmetric_p2p_tornado_16mib,n-mrc,5312,0,0,0,0,0,0
asymmetric_p2p_tornado_16mib,n-mrc,5314,0,0,0,0,0,0
asymmetric_p2p_tornado_16mib,n-mrc,5316,0,0,0,0,0,0
asymmetric_p2p_tornado_16mib,n-mrc,5318,0,0,0,0,0,0
asymmetric_p2p_tornado_16mib,n-mrc,5320,0,0,0,0,0,0
asymmetric_p2p_tornado_16mib,n-mrc,5322,0,0,0,0,0,0
asymmetric_p2p_tornado_16mib,n-mrc,5324,0,0,0,0,0,0
asymmetric_p2p_tornado_16mib,n-mrc,5326,0,0,0,0,0,0
asymmetric_p2p_tornado_16mib,n-mrc,5328,0,0,0,0,0,0
asymmetric_p2p_tornado_16mib,n-mrc,5330,0,0,0,0,0,0
asymmetric_p2p_tornado_16mib,n-mrc,5332,0,0,0,0,0,0
asymmetric_p2p_tornado_16mib,n-mrc,5334,0,0,0,0,0,0
asymmetric_p2p_tornado_16mib,n-mrc,5336,0,0,0,0,0,0
asymmetric_p2p_tornado_16mib,n-mrc,5338,0,0,0,0,0,0
asymmetric_p2p_tornado_16mib,n-mrc,5340,0,0,0,0,0,0
asymmetric_p2p_tornado_16mib,n-mrc,5342,0,0,0,0,0,0
asymmetric_p2p_tornado_16mib,n-mrc,5344,0,0,0,0,0,0
asymmetric_p2p_tornado_16mib,n-mrc,5346,0,0,0,0,0,0
asymmetric_p2p_tornado_16mib,n-mrc,5348,0,0,0,0,0,0
asymmetric_p2p_tornado_16mib,n-mrc,5350,0,0,0,0,0,0
asymmetric_p2p_tornado_16mib,n-mrc,5352,0,0,0,0,0,0
asymmetric_p2p_tornado_16mib,n-mrc,5354,0,0,0,0,0,0
asymmetric_p2p_tornado_16mib,n-mrc,5356,0,0,0,0,0,0
asymmetric_p2p_tornado_16mib,n-mrc,5358,0,0,0,0,0,0
asymmetric_p2p_tornado_16mib,n-mrc,5360,0,0,0,0,0,0
asymmetric_p2p_tornado_16mib,n-mrc,5362,0,0,0,0,0,0
asymmetric_p2p_tornado_16mib,n-mrc,5364,0,0,0,0,0,0
asymmetric_p2p_tornado_16mib,n-mrc,5366,0,0,0,0,0,0
asymmetric_p2p_tornado_16mib,n-mrc,5368,0,0,0,0,0,0
asymmetric_p2p_tornado_16mib,n-mrc,5370,0,0,0,0,0,0
asymmetric_p2p_tornado_16mib,n-mrc,5372,0,0,0,0,0,0
asymmetric_p2p_tornado_16mib,n-mrc,5374,0,0,0,0,0,0
asymmetric_p2p_tornado_16mib,n-mrc,5376,0,0,0,0,0,0
asymmetric_p2p_tornado_16mib,n-mrc,5378,0,0,0,0,0,0
asymmetric_p2p_tornado_16mib,n-mrc,5380,0,0,0,0,0,0
asymmetric_p2p_tornado_16mib,n-mrc,5382,0,0,0,0,0,0
asymmetric_p2p_tornado_16mib,n-mrc,5384,0,0,0,0,0,0
asymmetric_p2p_tornado_16mib,n-mrc,5386,0,0,0,0,0,0
asymmetric_p2p_tornado_16mib,n-mrc,5388,0,0,0,0,0,0
asymmetric_p2p_tornado_16mib,n-mrc,5390,0,0,0,0,0,0
asymmetric_p2p_tornado_16mib,n-mrc,5392,0,0,0,0,0,0
asymmetric_p2p_tornado_16mib,n-mrc,5394,0,0,0,0,0,0
asymmetric_p2p_tornado_16mib,n-mrc,5396,0,0,0,0,0,0
asymmetric_p2p_tornado_16mib,n-mrc,5398,0,0,0,0,0,0
asymmetric_p2p_tornado_16mib,n-mrc,5400,0,0,0,0,0,0
asymmetric_p2p_tornado_16mib,n-mrc,5402,0,0,0,0,0,0
asymmetric_p2p_tornado_16mib,n-mrc,5404,0,0,0,0,0,0
asymmetric_p2p_tornado_16mib,n-mrc,5406,0,0,0,0,0,0
asymmetric_p2p_tornado_16mib,n-mrc,5408,0,0,0,0,0,0
asymmetric_p2p_tornado_16mib,n-mrc,5410,0,0,0,0,0,0
asymmetric_p2p_tornado_16mib,n-mrc,5412,0,0,0,0,0,0
asymmetric_p2p_tornado_16mib,n-mrc,5414,0,0,0,0,0,0
asymmetric_p2p_tornado_16mib,n-mrc,5416,0,0,0,0,0,0
asymmetric_p2p_tornado_16mib,n-mrc,5418,0,0,0,0,0,0
asymmetric_p2p_tornado_16mib,n-mrc,5420,0,0,0,0,0,0
asymmetric_p2p_tornado_16mib,n-mrc,5422,0,0,0,0,0,0
asymmetric_p2p_tornado_16mib,n-mrc,5424,0,0,0,0,0,0
asymmetric_p2p_tornado_16mib,n-mrc,5426,0,0,0,0,0,0
asymmetric_p2p_tornado_16mib,n-mrc,5428,0,0,0,0,0,0
asymmetric_p2p_tornado_16mib,n-mrc,5430,0,0,0,0,0,0
asymmetric_p2p_tornado_16mib,n-mrc,5432,0,0,0,0,0,0
asymmetric_p2p_tornado_16mib,n-mrc,5434,0,0,0,0,0,0
asymmetric_p2p_tornado_16mib,n-mrc,5436,0,0,0,0,0,0
asymmetric_p2p_tornado_16mib,n-mrc,5438,0,0,0,0,0,0
asymmetric_p2p_tornado_16mib,n-mrc,5440,0,0,0,0,0,0
asymmetric_p2p_tornado_16mib,n-mrc,5442,0,0,0,0,0,0
asymmetric_p2p_tornado_16mib,n-mrc,5444,0,0,0,0,0,0
asymmetric_p2p_tornado_16mib,n-mrc,5446,0,0,0,0,0,0
asymmetric_p2p_tornado_16mib,n-mrc,5448,0,0,0,0,0,0
asymmetric_p2p_tornado_16mib,n-mrc,5450,0,0,0,0,0,0
asymmetric_p2p_tornado_16mib,n-mrc,5452,0,0,0,0,0,0
asymmetric_p2p_tornado_16mib,n-mrc,5454,0,0,0,0,0,0
asymmetric_p2p_tornado_16mib,n-mrc,5456,0,0,0,0,0,0
asymmetric_p2p_tornado_16mib,n-mrc,5458,0,0,0,0,0,0
asymmetric_p2p_tornado_16mib,n-mrc,5460,0,0,0,0,0,0
asymmetric_p2p_tornado_16mib,n-mrc,5462,0,0,0,0,0,0
asymmetric_p2p_tornado_16mib,n-mrc,5464,0,0,0,0,0,0
asymmetric_p2p_tornado_16mib,n-mrc,5466,0,0,0,0,0,0
asymmetric_p2p_tornado_16mib,n-mrc,5468,0,0,0,0,0,0
asymmetric_p2p_tornado_16mib,n-mrc,5470,0,0,0,0,0,0
asymmetric_p2p_tornado_16mib,n-mrc,5472,0,0,0,0,0,0
asymmetric_p2p_tornado_16mib,n-mrc,5474,0,0,0,0,0,0
asymmetric_p2p_tornado_16mib,n-mrc,5476,0,0,0,0,0,0
asymmetric_p2p_tornado_16mib,n-mrc,5478,0,0,0,0,0,0
asymmetric_p2p_tornado_16mib,n-mrc,5480,0,0,0,0,0,0
asymmetric_p2p_tornado_16mib,n-mrc,5482,0,0,0,0,0,0
asymmetric_p2p_tornado_16mib,n-mrc,5484,0,0,0,0,0,0
asymmetric_p2p_tornado_16mib,n-mrc,5486,0,0,0,0,0,0
asymmetric_p2p_tornado_16mib,n-mrc,5488,0,0,0,0,0,0
asymmetric_p2p_tornado_16mib,n-mrc,5490,0,0,0,0,0,0
asymmetric_p2p_tornado_16mib,n-mrc,5492,0,0,0,0,0,0
asymmetric_p2p_tornado_16mib,n-mrc,5494,0,0,0,0,0,0
asymmetric_p2p_tornado_16mib,n-mrc,5496,0,0,0,0,0,0
asymmetric_p2p_tornado_16mib,n-mrc,5498,0,0,0,0,0,0
asymmetric_p2p_tornado_16mib,n-mrc,5500,0,0,0,0,0,0
asymmetric_p2p_tornado_16mib,n-mrc,5502,0,0,0,0,0,0
asymmetric_p2p_tornado_16mib,n-mrc,5504,0,0,0,0,0,0
asymmetric_p2p_tornado_16mib,n-mrc,5506,0,0,0,0,0,0
asymmetric_p2p_tornado_16mib,n-mrc,5508,0,0,0,0,0,0
asymmetric_p2p_tornado_16mib,n-mrc,5510,0,0,0,0,0,0
asymmetric_p2p_tornado_16mib,n-mrc,5512,0,0,0,0,0,0
asymmetric_p2p_tornado_16mib,n-mrc,5514,0,0,0,0,0,0
asymmetric_p2p_tornado_16mib,n-mrc,5516,0,0,0,0,0,0
asymmetric_p2p_tornado_16mib,n-mrc,5518,0,0,0,0,0,0
asymmetric_p2p_tornado_16mib,n-mrc,5520,0,0,0,0,0,0
asymmetric_p2p_tornado_16mib,n-mrc,5522,0,0,0,0,0,0
asymmetric_p2p_tornado_16mib,n-mrc,5524,0,0,0,0,0,0
asymmetric_p2p_tornado_16mib,n-mrc,5526,0,0,0,0,0,0
asymmetric_p2p_tornado_16mib,n-mrc,5528,0,0,0,0,0,0
asymmetric_p2p_tornado_16mib,n-mrc,5530,0,0,0,0,0,0
asymmetric_p2p_tornado_16mib,n-mrc,5532,0,0,0,0,0,0
asymmetric_p2p_tornado_16mib,n-mrc,5534,0,0,0,0,0,0
asymmetric_p2p_tornado_16mib,n-mrc,5536,0,0,0,0,0,0
asymmetric_p2p_tornado_16mib,n-mrc,5538,0,0,0,0,0,0
asymmetric_p2p_tornado_16mib,n-mrc,5540,0,0,0,0,0,0
asymmetric_p2p_tornado_16mib,n-mrc,5542,0,0,0,0,0,0
asymmetric_p2p_tornado_16mib,n-mrc,5544,0,0,0,0,0,0
asymmetric_p2p_tornado_16mib,n-mrc,5546,0,0,0,0,0,0
asymmetric_p2p_tornado_16mib,n-mrc,5548,0,0,0,0,0,0
asymmetric_p2p_tornado_16mib,n-mrc,5550,0,0,0,0,0,0
asymmetric_p2p_tornado_16mib,n-mrc,5552,0,0,0,0,0,0
asymmetric_p2p_tornado_16mib,n-mrc,5554,0,0,0,0,0,0
asymmetric_p2p_tornado_16mib,n-mrc,5556,0,0,0,0,0,0
asymmetric_p2p_tornado_16mib,n-mrc,5558,0,0,0,0,0,0
asymmetric_p2p_tornado_16mib,n-mrc,5560,0,0,0,0,0,0
asymmetric_p2p_tornado_16mib,n-mrc,5562,0,0,0,0,0,0
asymmetric_p2p_tornado_16mib,n-mrc,5564,0,0,0,0,0,0
asymmetric_p2p_tornado_16mib,n-mrc,5566,0,0,0,0,0,0
asymmetric_p2p_tornado_16mib,n-mrc,5568,0,0,0,0,0,0
asymmetric_p2p_tornado_16mib,n-mrc,5570,0,0,0,0,0,0
asymmetric_p2p_tornado_16mib,n-mrc,5572,0,0,0,0,0,0
asymmetric_p2p_tornado_16mib,n-mrc,5574,0,0,0,0,0,0
asymmetric_p2p_tornado_16mib,n-mrc,5576,0,0,0,0,0,0
asymmetric_p2p_tornado_16mib,n-mrc,5578,0,0,0,0,0,0
asymmetric_p2p_tornado_16mib,n-mrc,5580,0,0,0,0,0,0
asymmetric_p2p_tornado_16mib,n-mrc,5582,0,0,0,0,0,0
asymmetric_p2p_tornado_16mib,n-mrc,5584,0,0,0,0,0,0
asymmetric_p2p_tornado_16mib,n-mrc,5586,0,0,0,0,0,0
asymmetric_p2p_tornado_16mib,n-mrc,5588,0,0,0,0,0,0
asymmetric_p2p_tornado_16mib,n-mrc,5590,0,0,0,0,0,0
asymmetric_p2p_tornado_16mib,n-mrc,5592,0,0,0,0,0,0
asymmetric_p2p_tornado_16mib,n-mrc,5594,0,0,0,0,0,0
asymmetric_p2p_tornado_16mib,n-mrc,5596,0,0,0,0,0,0
asymmetric_p2p_tornado_16mib,n-mrc,5598,0,0,0,0,0,0
asymmetric_p2p_tornado_16mib,n-mrc,5600,0,0,0,0,0,0
asymmetric_p2p_tornado_16mib,n-mrc,5602,0,0,0,0,0,0
asymmetric_p2p_tornado_16mib,n-mrc,5604,0,0,0,0,0,0
asymmetric_p2p_tornado_16mib,n-mrc,5606,0,0,0,0,0,0
asymmetric_p2p_tornado_16mib,n-mrc,5608,0,0,0,0,0,0
asymmetric_p2p_tornado_16mib,n-mrc,5610,0,0,0,0,0,0
asymmetric_p2p_tornado_16mib,n-mrc,5612,0,0,0,0,0,0
asymmetric_p2p_tornado_16mib,n-mrc,5614,0,0,0,0,0,0
asymmetric_p2p_tornado_16mib,n-mrc,5616,0,0,0,0,0,0
asymmetric_p2p_tornado_16mib,n-mrc,5618,0,0,0,0,0,0
asymmetric_p2p_tornado_16mib,n-mrc,5620,0,0,0,0,0,0
asymmetric_p2p_tornado_16mib,n-mrc,5622,0,0,0,0,0,0
asymmetric_p2p_tornado_16mib,n-mrc,5624,0,0,0,0,0,0
asymmetric_p2p_tornado_16mib,n-mrc,5626,0,0,0,0,0,0
asymmetric_p2p_tornado_16mib,n-mrc,5628,0,0,0,0,0,0
asymmetric_p2p_tornado_16mib,n-mrc,5630,0,0,0,0,0,0
asymmetric_p2p_tornado_16mib,n-mrc,5632,0,0,0,0,0,0
asymmetric_p2p_tornado_16mib,n-mrc,5634,0,0,0,0,0,0
asymmetric_p2p_tornado_16mib,n-mrc,5636,0,0,0,0,0,0
asymmetric_p2p_tornado_16mib,n-mrc,5638,0,0,0,0,0,0
asymmetric_p2p_tornado_16mib,n-mrc,5640,0,0,0,0,0,0
asymmetric_p2p_tornado_16mib,n-mrc,5642,0,0,0,0,0,0
asymmetric_p2p_tornado_16mib,n-mrc,5644,0,0,0,0,0,0
asymmetric_p2p_tornado_16mib,n-mrc,5646,0,0,0,0,0,0
asymmetric_p2p_tornado_16mib,n-mrc,5648,0,0,0,0,0,0
asymmetric_p2p_tornado_16mib,n-mrc,5650,0,0,0,0,0,0
asymmetric_p2p_tornado_16mib,n-mrc,5652,0,0,0,0,0,0
asymmetric_p2p_tornado_16mib,n-mrc,5654,0,0,0,0,0,0
asymmetric_p2p_tornado_16mib,n-mrc,5656,0,0,0,0,0,0
asymmetric_p2p_tornado_16mib,n-mrc,5658,0,0,0,0,0,0
asymmetric_p2p_tornado_16mib,n-mrc,5660,0,0,0,0,0,0
asymmetric_p2p_tornado_16mib,n-mrc,5662,0,0,0,0,0,0
asymmetric_p2p_tornado_16mib,n-mrc,5664,0,0,0,0,0,0
asymmetric_p2p_tornado_16mib,n-mrc,5666,0,0,0,0,0,0
asymmetric_p2p_tornado_16mib,n-mrc,5668,0,0,0,0,0,0
asymmetric_p2p_tornado_16mib,n-mrc,5670,0,0,0,0,0,0
asymmetric_p2p_tornado_16mib,n-mrc,5672,0,0,0,0,0,0
asymmetric_p2p_tornado_16mib,n-mrc,5674,0,0,0,0,0,0
asymmetric_p2p_tornado_16mib,n-mrc,5676,0,0,0,0,0,0
asymmetric_p2p_tornado_16mib,n-mrc,5678,0,0,0,0,0,0
asymmetric_p2p_tornado_16mib,n-mrc,5680,0,0,0,0,0,0
asymmetric_p2p_tornado_16mib,n-mrc,5682,0,0,0,0,0,0
asymmetric_p2p_tornado_16mib,n-mrc,5684,0,0,0,0,0,0
asymmetric_p2p_tornado_16mib,n-mrc,5686,0,0,0,0,0,0
asymmetric_p2p_tornado_16mib,n-mrc,5688,0,0,0,0,0,0
asymmetric_p2p_tornado_16mib,n-mrc,5690,0,0,0,0,0,0
asymmetric_p2p_tornado_16mib,n-mrc,5692,0,0,0,0,0,0
asymmetric_p2p_tornado_16mib,n-mrc,5694,0,0,0,0,0,0
asymmetric_p2p_tornado_16mib,n-mrc,5696,0,0,0,0,0,0
asymmetric_p2p_tornado_16mib,n-mrc,5698,0,0,0,0,0,0
asymmetric_p2p_tornado_16mib,n-mrc,5700,0,0,0,0,0,0
asymmetric_p2p_tornado_16mib,n-mrc,5702,0,0,0,0,0,0
asymmetric_p2p_tornado_16mib,n-mrc,5704,0,0,0,0,0,0
asymmetric_p2p_tornado_16mib,n-mrc,5706,0,0,0,0,0,0
asymmetric_p2p_tornado_16mib,n-mrc,5708,0,0,0,0,0,0
asymmetric_p2p_tornado_16mib,n-mrc,5710,0,0,0,0,0,0
asymmetric_p2p_tornado_16mib,n-mrc,5712,0,0,0,0,0,0
asymmetric_p2p_tornado_16mib,n-mrc,5714,0,0,0,0,0,0
asymmetric_p2p_tornado_16mib,n-mrc,5716,0,0,0,0,0,0
asymmetric_p2p_tornado_16mib,n-mrc,5718,0,0,0,0,0,0
asymmetric_p2p_tornado_16mib,n-mrc,5720,0,0,0,0,0,0
asymmetric_p2p_tornado_16mib,n-mrc,5722,0,0,0,0,0,0
asymmetric_p2p_tornado_16mib,n-mrc,5724,0,0,0,0,0,0
asymmetric_p2p_tornado_16mib,n-mrc,5726,0,0,0,0,0,0
asymmetric_p2p_tornado_16mib,n-mrc,5728,0,0,0,0,0,0
asymmetric_p2p_tornado_16mib,n-mrc,5730,0,0,0,0,0,0
asymmetric_p2p_tornado_16mib,n-mrc,5732,0,0,0,0,0,0
asymmetric_p2p_tornado_16mib,n-mrc,5734,0,0,0,0,0,0
asymmetric_p2p_tornado_16mib,n-mrc,5736,0,0,0,0,0,0
asymmetric_p2p_tornado_16mib,n-mrc,5738,0,0,0,0,0,0
asymmetric_p2p_tornado_16mib,n-mrc,5740,0,0,0,0,0,0
asymmetric_p2p_tornado_16mib,n-mrc,5742,0,0,0,0,0,0
asymmetric_p2p_tornado_16mib,n-mrc,5744,0,0,0,0,0,0
asymmetric_p2p_tornado_16mib,n-mrc,5746,0,0,0,0,0,0
asymmetric_p2p_tornado_16mib,n-mrc,5748,0,0,0,0,0,0
asymmetric_p2p_tornado_16mib,n-mrc,5750,0,0,0,0,0,0
asymmetric_p2p_tornado_16mib,n-mrc,5752,0,0,0,0,0,0
asymmetric_p2p_tornado_16mib,n-mrc,5754,0,0,0,0,0,0
asymmetric_p2p_tornado_16mib,n-mrc,5756,0,0,0,0,0,0
asymmetric_p2p_tornado_16mib,n-mrc,5758,0,0,0,0,0,0
asymmetric_p2p_tornado_16mib,n-mrc,5760,0,0,0,0,0,0
asymmetric_p2p_tornado_16mib,n-mrc,5762,0,0,0,0,0,0
asymmetric_p2p_tornado_16mib,n-mrc,5764,0,0,0,0,0,0
asymmetric_p2p_tornado_16mib,n-mrc,5766,0,0,0,0,0,0
asymmetric_p2p_tornado_16mib,n-mrc,5768,0,0,0,0,0,0
asymmetric_p2p_tornado_16mib,n-mrc,5770,0,0,0,0,0,0
asymmetric_p2p_tornado_16mib,n-mrc,5772,0,0,0,0,0,0
asymmetric_p2p_tornado_16mib,n-mrc,5774,0,0,0,0,0,0
asymmetric_p2p_tornado_16mib,n-mrc,5776,0,0,0,0,0,0
asymmetric_p2p_tornado_16mib,n-mrc,5778,0,0,0,0,0,0
asymmetric_p2p_tornado_16mib,n-mrc,5780,0,0,0,0,0,0
asymmetric_p2p_tornado_16mib,n-mrc,5782,0,0,0,0,0,0
asymmetric_p2p_tornado_16mib,n-mrc,5784,0,0,0,0,0,0
asymmetric_p2p_tornado_16mib,n-mrc,5786,0,0,0,0,0,0
asymmetric_p2p_tornado_16mib,n-mrc,5788,0,0,0,0,0,0
asymmetric_p2p_tornado_16mib,n-mrc,5790,0,0,0,0,0,0
asymmetric_p2p_tornado_16mib,n-mrc,5792,0,0,0,0,0,0
asymmetric_p2p_tornado_16mib,n-mrc,5794,0,0,0,0,0,0
asymmetric_p2p_tornado_16mib,n-mrc,5796,0,0,0,0,0,0
asymmetric_p2p_tornado_16mib,n-mrc,5798,0,0,0,0,0,0
asymmetric_p2p_tornado_16mib,n-mrc,5800,0,0,0,0,0,0
asymmetric_p2p_tornado_16mib,n-mrc,5802,0,0,0,0,0,0
asymmetric_p2p_tornado_16mib,n-mrc,5804,0,0,0,0,0,0
asymmetric_p2p_tornado_16mib,n-mrc,5806,0,0,0,0,0,0
asymmetric_p2p_tornado_16mib,n-mrc,5808,0,0,0,0,0,0
asymmetric_p2p_tornado_16mib,n-mrc,5810,0,0,0,0,0,0
asymmetric_p2p_tornado_16mib,n-mrc,5812,0,0,0,0,0,0
asymmetric_p2p_tornado_16mib,n-mrc,5814,0,0,0,0,0,0
asymmetric_p2p_tornado_16mib,n-mrc,5816,0,0,0,0,0,0
asymmetric_p2p_tornado_16mib,n-mrc,5818,0,0,0,0,0,0
asymmetric_p2p_tornado_16mib,n-mrc,5820,0,0,0,0,0,0
asymmetric_p2p_tornado_16mib,n-mrc,5822,0,0,0,0,0,0
asymmetric_p2p_tornado_16mib,n-mrc,5824,0,0,0,0,0,0
asymmetric_p2p_tornado_16mib,n-mrc,5826,0,0,0,0,0,0
asymmetric_p2p_tornado_16mib,n-mrc,5828,0,0,0,0,0,0
asymmetric_p2p_tornado_16mib,n-mrc,5830,0,0,0,0,0,0
asymmetric_p2p_tornado_16mib,n-mrc,5832,0,0,0,0,0,0
asymmetric_p2p_tornado_16mib,n-mrc,5834,0,0,0,0,0,0
asymmetric_p2p_tornado_16mib,n-mrc,5836,0,0,0,0,0,0
asymmetric_p2p_tornado_16mib,n-mrc,5838,0,0,0,0,0,0
asymmetric_p2p_tornado_16mib,n-mrc,5840,0,0,0,0,0,0
asymmetric_p2p_tornado_16mib,n-mrc,5842,0,0,0,0,0,0
asymmetric_p2p_tornado_16mib,n-mrc,5844,0,0,0,0,0,0
asymmetric_p2p_tornado_16mib,n-mrc,5846,0,0,0,0,0,0
asymmetric_p2p_tornado_16mib,n-mrc,5848,0,0,0,0,0,0
asymmetric_p2p_tornado_16mib,n-mrc,5850,0,0,0,0,0,0
asymmetric_p2p_tornado_16mib,n-mrc,5852,0,0,0,0,0,0
asymmetric_p2p_tornado_16mib,n-mrc,5854,0,0,0,0,0,0
asymmetric_p2p_tornado_16mib,n-mrc,5856,0,0,0,0,0,0
asymmetric_p2p_tornado_16mib,n-mrc,5858,0,0,0,0,0,0
asymmetric_p2p_tornado_16mib,n-mrc,5860,0,0,0,0,0,0
asymmetric_p2p_tornado_16mib,n-mrc,5862,0,0,0,0,0,0
asymmetric_p2p_tornado_16mib,n-mrc,5864,0,0,0,0,0,0
asymmetric_p2p_tornado_16mib,n-mrc,5866,0,0,0,0,0,0
asymmetric_p2p_tornado_16mib,n-mrc,5868,0,0,0,0,0,0
asymmetric_p2p_tornado_16mib,n-mrc,5870,0,0,0,0,0,0
asymmetric_p2p_tornado_16mib,n-mrc,5872,0,0,0,0,0,0
asymmetric_p2p_tornado_16mib,n-mrc,5874,0,0,0,0,0,0
asymmetric_p2p_tornado_16mib,n-mrc,5876,0,0,0,0,0,0
asymmetric_p2p_tornado_16mib,n-mrc,5878,0,0,0,0,0,0
asymmetric_p2p_tornado_16mib,n-mrc,5880,0,0,0,0,0,0
asymmetric_p2p_tornado_16mib,n-mrc,5882,0,0,0,0,0,0
asymmetric_p2p_tornado_16mib,n-mrc,5884,0,0,0,0,0,0
asymmetric_p2p_tornado_16mib,n-mrc,5886,0,0,0,0,0,0
asymmetric_p2p_tornado_16mib,n-mrc,5888,0,0,0,0,0,0
asymmetric_p2p_tornado_16mib,n-mrc,5890,0,0,0,0,0,0
asymmetric_p2p_tornado_16mib,n-mrc,5892,0,0,0,0,0,0
asymmetric_p2p_tornado_16mib,n-mrc,5894,0,0,0,0,0,0
asymmetric_p2p_tornado_16mib,n-mrc,5896,0,0,0,0,0,0
asymmetric_p2p_tornado_16mib,n-mrc,5898,0,0,0,0,0,0
asymmetric_p2p_tornado_16mib,n-mrc,5900,0,0,0,0,0,0
asymmetric_p2p_tornado_16mib,n-mrc,5902,0,0,0,0,0,0
asymmetric_p2p_tornado_16mib,n-mrc,5904,0,0,0,0,0,0
asymmetric_p2p_tornado_16mib,n-mrc,5906,0,0,0,0,0,0
asymmetric_p2p_tornado_16mib,n-mrc,5908,0,0,0,0,0,0
asymmetric_p2p_tornado_16mib,n-mrc,5910,0,0,0,0,0,0
asymmetric_p2p_tornado_16mib,n-mrc,5912,0,0,0,0,0,0
asymmetric_p2p_tornado_16mib,n-mrc,5914,0,0,0,0,0,0
asymmetric_p2p_tornado_16mib,n-mrc,5916,0,0,0,0,0,0
asymmetric_p2p_tornado_16mib,n-mrc,5918,0,0,0,0,0,0
asymmetric_p2p_tornado_16mib,n-mrc,5920,0,0,0,0,0,0
asymmetric_p2p_tornado_16mib,n-mrc,5922,0,0,0,0,0,0
asymmetric_p2p_tornado_16mib,n-mrc,5924,0,0,0,0,0,0
asymmetric_p2p_tornado_16mib,n-mrc,5926,0,0,0,0,0,0
asymmetric_p2p_tornado_16mib,n-mrc,5928,0,0,0,0,0,0
asymmetric_p2p_tornado_16mib,n-mrc,5930,0,0,0,0,0,0
asymmetric_p2p_tornado_16mib,n-mrc,5932,0,0,0,0,0,0
asymmetric_p2p_tornado_16mib,n-mrc,5934,0,0,0,0,0,0
asymmetric_p2p_tornado_16mib,n-mrc,5936,0,0,0,0,0,0
asymmetric_p2p_tornado_16mib,n-mrc,5938,0,0,0,0,0,0
asymmetric_p2p_tornado_16mib,n-mrc,5940,0,0,0,0,0,0
asymmetric_p2p_tornado_16mib,n-mrc,5942,0,0,0,0,0,0
asymmetric_p2p_tornado_16mib,n-mrc,5944,0,0,0,0,0,0
asymmetric_p2p_tornado_16mib,n-mrc,5946,0,0,0,0,0,0
asymmetric_p2p_tornado_16mib,n-mrc,5948,0,0,0,0,0,0
asymmetric_p2p_tornado_16mib,n-mrc,5950,0,0,0,0,0,0
asymmetric_p2p_tornado_16mib,n-mrc,5952,0,0,0,0,0,0
asymmetric_p2p_tornado_16mib,n-mrc,5954,0,0,0,0,0,0
asymmetric_p2p_tornado_16mib,n-mrc,5956,0,0,0,0,0,0
asymmetric_p2p_tornado_16mib,n-mrc,5958,0,0,0,0,0,0
asymmetric_p2p_tornado_16mib,n-mrc,5960,0,0,0,0,0,0
asymmetric_p2p_tornado_16mib,n-mrc,5962,0,0,0,0,0,0
asymmetric_p2p_tornado_16mib,n-mrc,5964,0,0,0,0,0,0
asymmetric_p2p_tornado_16mib,n-mrc,5966,0,0,0,0,0,0
asymmetric_p2p_tornado_16mib,n-mrc,5968,0,0,0,0,0,0
asymmetric_p2p_tornado_16mib,n-mrc,5970,0,0,0,0,0,0
asymmetric_p2p_tornado_16mib,n-mrc,5972,0,0,0,0,0,0
asymmetric_p2p_tornado_16mib,n-mrc,5974,0,0,0,0,0,0
asymmetric_p2p_tornado_16mib,n-mrc,5976,0,0,0,0,0,0
asymmetric_p2p_tornado_16mib,n-mrc,5978,0,0,0,0,0,0
asymmetric_p2p_tornado_16mib,n-mrc,5980,0,0,0,0,0,0
asymmetric_p2p_tornado_16mib,n-mrc,5982,0,0,0,0,0,0
asymmetric_p2p_tornado_16mib,n-mrc,5984,0,0,0,0,0,0
asymmetric_p2p_tornado_16mib,n-mrc,5986,0,0,0,0,0,0
asymmetric_p2p_tornado_16mib,n-mrc,5988,0,0,0,0,0,0
asymmetric_p2p_tornado_16mib,n-mrc,5990,0,0,0,0,0,0
asymmetric_p2p_tornado_16mib,n-mrc,5992,0,0,0,0,0,0
asymmetric_p2p_tornado_16mib,n-mrc,5994,0,0,0,0,0,0
asymmetric_p2p_tornado_16mib,n-mrc,5996,0,0,0,0,0,0
asymmetric_p2p_tornado_16mib,n-mrc,5998,0,0,0,0,0,0
asymmetric_p2p_tornado_16mib,n-mrc,6000,0,0,0,0,0,0
asymmetric_p2p_tornado_16mib,n-mrc,6002,0,0,0,0,0,0
asymmetric_p2p_tornado_16mib,n-mrc,6004,0,0,0,0,0,0
asymmetric_p2p_tornado_16mib,n-mrc,6006,0,0,0,0,0,0
asymmetric_p2p_tornado_16mib,n-mrc,6008,0,0,0,0,0,0
asymmetric_p2p_tornado_16mib,n-mrc,6010,0,0,0,0,0,0
asymmetric_p2p_tornado_16mib,n-mrc,6012,0,0,0,0,0,0
asymmetric_p2p_tornado_16mib,n-mrc,6014,0,0,0,0,0,0
asymmetric_p2p_tornado_16mib,n-mrc,6016,0,0,0,0,0,0
asymmetric_p2p_tornado_16mib,n-mrc,6018,0,0,0,0,0,0
asymmetric_p2p_tornado_16mib,n-mrc,6020,0,0,0,0,0,0
asymmetric_p2p_tornado_16mib,n-mrc,6022,0,0,0,0,0,0
asymmetric_p2p_tornado_16mib,n-mrc,6024,0,0,0,0,0,0
asymmetric_p2p_tornado_16mib,n-mrc,6026,0,0,0,0,0,0
asymmetric_p2p_tornado_16mib,n-mrc,6028,0,0,0,0,0,0
asymmetric_p2p_tornado_16mib,n-mrc,6030,0,0,0,0,0,0
asymmetric_p2p_tornado_16mib,n-mrc,6032,0,0,0,0,0,0
asymmetric_p2p_tornado_16mib,n-mrc,6034,0,0,0,0,0,0
asymmetric_p2p_tornado_16mib,n-mrc,6036,0,0,0,0,0,0
asymmetric_p2p_tornado_16mib,n-mrc,6038,0,0,0,0,0,0
asymmetric_p2p_tornado_16mib,n-mrc,6040,0,0,0,0,0,0
asymmetric_p2p_tornado_16mib,n-mrc,6042,0,0,0,0,0,0
asymmetric_p2p_tornado_16mib,n-mrc,6044,0,0,0,0,0,0
asymmetric_p2p_tornado_16mib,n-mrc,6046,0,0,0,0,0,0
asymmetric_p2p_tornado_16mib,n-mrc,6048,0,0,0,0,0,0
asymmetric_p2p_tornado_16mib,n-mrc,6050,0,0,0,0,0,0
asymmetric_p2p_tornado_16mib,n-mrc,6052,0,0,0,0,0,0
asymmetric_p2p_tornado_16mib,n-mrc,6054,0,0,0,0,0,0
asymmetric_p2p_tornado_16mib,n-mrc,6056,0,0,0,0,0,0
asymmetric_p2p_tornado_16mib,n-mrc,6058,0,0,0,0,0,0
asymmetric_p2p_tornado_16mib,n-mrc,6060,0,0,0,0,0,0
asymmetric_p2p_tornado_16mib,n-mrc,6062,0,0,0,0,0,0
asymmetric_p2p_tornado_16mib,n-mrc,6064,0,0,0,0,0,0
asymmetric_p2p_tornado_16mib,n-mrc,6066,0,0,0,0,0,0
asymmetric_p2p_tornado_16mib,n-mrc,6068,0,0,0,0,0,0
asymmetric_p2p_tornado_16mib,n-mrc,6070,0,0,0,0,0,0
asymmetric_p2p_tornado_16mib,n-mrc,6072,0,0,0,0,0,0
asymmetric_p2p_tornado_16mib,n-mrc,6074,0,0,0,0,0,0
asymmetric_p2p_tornado_16mib,n-mrc,6076,0,0,0,0,0,0
asymmetric_p2p_tornado_16mib,n-mrc,6078,0,0,0,0,0,0
asymmetric_p2p_tornado_16mib,n-mrc,6080,0,0,0,0,0,0
asymmetric_p2p_tornado_16mib,n-mrc,6082,0,0,0,0,0,0
asymmetric_p2p_tornado_16mib,n-mrc,6084,0,0,0,0,0,0
asymmetric_p2p_tornado_16mib,n-mrc,6086,0,0,0,0,0,0
asymmetric_p2p_tornado_16mib,n-mrc,6088,0,0,0,0,0,0
asymmetric_p2p_tornado_16mib,n-mrc,6090,0,0,0,0,0,0
asymmetric_p2p_tornado_16mib,n-mrc,6092,0,0,0,0,0,0
asymmetric_p2p_tornado_16mib,n-mrc,6094,0,0,0,0,0,0
asymmetric_p2p_tornado_16mib,n-mrc,6096,0,0,0,0,0,0
asymmetric_p2p_tornado_16mib,n-mrc,6098,0,0,0,0,0,0
asymmetric_p2p_tornado_16mib,n-mrc,6100,0,0,0,0,0,0
asymmetric_p2p_tornado_16mib,n-mrc,6102,0,0,0,0,0,0
asymmetric_p2p_tornado_16mib,n-mrc,6104,0,0,0,0,0,0
asymmetric_p2p_tornado_16mib,n-mrc,6106,0,0,0,0,0,0
asymmetric_p2p_tornado_16mib,n-mrc,6108,0,0,0,0,0,0
asymmetric_p2p_tornado_16mib,n-mrc,6110,0,0,0,0,0,0
asymmetric_p2p_tornado_16mib,n-mrc,6112,0,0,0,0,0,0
asymmetric_p2p_tornado_16mib,n-mrc,6114,0,0,0,0,0,0
asymmetric_p2p_tornado_16mib,n-mrc,6116,0,0,0,0,0,0
asymmetric_p2p_tornado_16mib,n-mrc,6118,0,0,0,0,0,0
asymmetric_p2p_tornado_16mib,n-mrc,6120,0,0,0,0,0,0
asymmetric_p2p_tornado_16mib,n-mrc,6122,0,0,0,0,0,0
asymmetric_p2p_tornado_16mib,n-mrc,6124,0,0,0,0,0,0
asymmetric_p2p_tornado_16mib,n-mrc,6126,0,0,0,0,0,0
asymmetric_p2p_tornado_16mib,n-mrc,6128,0,0,0,0,0,0
asymmetric_p2p_tornado_16mib,n-mrc,6130,0,0,0,0,0,0
asymmetric_p2p_tornado_16mib,n-mrc,6132,0,0,0,0,0,0
asymmetric_p2p_tornado_16mib,n-mrc,6134,0,0,0,0,0,0
asymmetric_p2p_tornado_16mib,n-mrc,6136,0,0,0,0,0,0
asymmetric_p2p_tornado_16mib,n-mrc,6138,0,0,0,0,0,0
asymmetric_p2p_tornado_16mib,n-mrc,6140,0,0,0,0,0,0
asymmetric_p2p_tornado_16mib,n-mrc,6142,0,0,0,0,0,0
asymmetric_p2p_tornado_16mib,n-mrc,6144,0,0,0,0,0,0
asymmetric_p2p_tornado_16mib,n-mrc,6146,0,0,0,0,0,0
asymmetric_p2p_tornado_16mib,n-mrc,6148,0,0,0,0,0,0
asymmetric_p2p_tornado_16mib,n-mrc,6150,0,0,0,0,0,0
asymmetric_p2p_tornado_16mib,n-mrc,6152,0,0,0,0,0,0
asymmetric_p2p_tornado_16mib,n-mrc,6154,0,0,0,0,0,0
asymmetric_p2p_tornado_16mib,n-mrc,6156,0,0,0,0,0,0
asymmetric_p2p_tornado_16mib,n-mrc,6158,0,0,0,0,0,0
asymmetric_p2p_tornado_16mib,n-mrc,6160,0,0,0,0,0,0
asymmetric_p2p_tornado_16mib,n-mrc,6162,0,0,0,0,0,0
asymmetric_p2p_tornado_16mib,n-mrc,6164,0,0,0,0,0,0
asymmetric_p2p_tornado_16mib,n-mrc,6166,0,0,0,0,0,0
asymmetric_p2p_tornado_16mib,n-mrc,6168,0,0,0,0,0,0
asymmetric_p2p_tornado_16mib,n-mrc,6170,0,0,0,0,0,0
asymmetric_p2p_tornado_16mib,n-mrc,6172,0,0,0,0,0,0
asymmetric_p2p_tornado_16mib,n-mrc,6174,0,0,0,0,0,0
asymmetric_p2p_tornado_16mib,n-mrc,6176,0,0,0,0,0,0
asymmetric_p2p_tornado_16mib,n-mrc,6178,0,0,0,0,0,0
asymmetric_p2p_tornado_16mib,n-mrc,6180,0,0,0,0,0,0
asymmetric_p2p_tornado_16mib,n-mrc,6182,0,0,0,0,0,0
asymmetric_p2p_tornado_16mib,n-mrc,6184,0,0,0,0,0,0
asymmetric_p2p_tornado_16mib,n-mrc,6186,0,0,0,0,0,0
asymmetric_p2p_tornado_16mib,n-mrc,6188,0,0,0,0,0,0
asymmetric_p2p_tornado_16mib,n-mrc,6190,0,0,0,0,0,0
asymmetric_p2p_tornado_16mib,n-mrc,6192,0,0,0,0,0,0
asymmetric_p2p_tornado_16mib,n-mrc,6194,0,0,0,0,0,0
asymmetric_p2p_tornado_16mib,n-mrc,6196,0,0,0,0,0,0
asymmetric_p2p_tornado_16mib,n-mrc,6198,0,0,0,0,0,0
asymmetric_p2p_tornado_16mib,n-mrc,6200,0,0,0,0,0,0
asymmetric_p2p_tornado_16mib,n-mrc,6202,0,0,0,0,0,0
asymmetric_p2p_tornado_16mib,n-mrc,6204,0,0,0,0,0,0
asymmetric_p2p_tornado_16mib,n-mrc,6206,0,0,0,0,0,0
asymmetric_p2p_tornado_16mib,n-mrc,6208,0,0,0,0,0,0
asymmetric_p2p_tornado_16mib,n-mrc,6210,0,0,0,0,0,0
asymmetric_p2p_tornado_16mib,n-mrc,6212,0,0,0,0,0,0
asymmetric_p2p_tornado_16mib,n-mrc,6214,0,0,0,0,0,0
asymmetric_p2p_tornado_16mib,n-mrc,6216,0,0,0,0,0,0
asymmetric_p2p_tornado_16mib,n-mrc,6218,0,0,0,0,0,0
asymmetric_p2p_tornado_16mib,n-mrc,6220,0,0,0,0,0,0
asymmetric_p2p_tornado_16mib,n-mrc,6222,0,0,0,0,0,0
asymmetric_p2p_tornado_16mib,n-mrc,6224,0,0,0,0,0,0
asymmetric_p2p_tornado_16mib,n-mrc,6226,0,0,0,0,0,0
asymmetric_p2p_tornado_16mib,n-mrc,6228,0,0,0,0,0,0
asymmetric_p2p_tornado_16mib,n-mrc,6230,0,0,0,0,0,0
asymmetric_p2p_tornado_16mib,n-mrc,6232,0,0,0,0,0,0
asymmetric_p2p_tornado_16mib,n-mrc,6234,0,0,0,0,0,0
asymmetric_p2p_tornado_16mib,n-mrc,6236,0,0,0,0,0,0
asymmetric_p2p_tornado_16mib,n-mrc,6238,0,0,0,0,0,0
asymmetric_p2p_tornado_16mib,n-mrc,6240,0,0,0,0,0,0
asymmetric_p2p_tornado_16mib,n-mrc,6242,0,0,0,0,0,0
asymmetric_p2p_tornado_16mib,n-mrc,6244,0,0,0,0,0,0
asymmetric_p2p_tornado_16mib,n-mrc,6246,0,0,0,0,0,0
asymmetric_p2p_tornado_16mib,n-mrc,6248,0,0,0,0,0,0
asymmetric_p2p_tornado_16mib,n-mrc,6250,0,0,0,0,0,0
asymmetric_p2p_tornado_16mib,n-mrc,6252,0,0,0,0,0,0
asymmetric_p2p_tornado_16mib,n-mrc,6254,0,0,0,0,0,0
asymmetric_p2p_tornado_16mib,n-mrc,6256,0,0,0,0,0,0
asymmetric_p2p_tornado_16mib,n-mrc,6258,0,0,0,0,0,0
asymmetric_p2p_tornado_16mib,n-mrc,6260,0,0,0,0,0,0
asymmetric_p2p_tornado_16mib,n-mrc,6262,0,0,0,0,0,0
asymmetric_p2p_tornado_16mib,n-mrc,6264,0,0,0,0,0,0
asymmetric_p2p_tornado_16mib,n-mrc,6266,0,0,0,0,0,0
asymmetric_p2p_tornado_16mib,n-mrc,6268,0,0,0,0,0,0
asymmetric_p2p_tornado_16mib,n-mrc,6270,0,0,0,0,0,0
asymmetric_p2p_tornado_16mib,n-mrc,6272,0,0,0,0,0,0
asymmetric_p2p_tornado_16mib,n-mrc,6274,0,0,0,0,0,0
asymmetric_p2p_tornado_16mib,n-mrc,6276,0,0,0,0,0,0
asymmetric_p2p_tornado_16mib,n-mrc,6278,0,0,0,0,0,0
asymmetric_p2p_tornado_16mib,n-mrc,6280,0,0,0,0,0,0
asymmetric_p2p_tornado_16mib,n-mrc,6282,0,0,0,0,0,0
asymmetric_p2p_tornado_16mib,n-mrc,6284,0,0,0,0,0,0
asymmetric_p2p_tornado_16mib,n-mrc,6286,0,0,0,0,0,0
asymmetric_p2p_tornado_16mib,n-mrc,6288,0,0,0,0,0,0
asymmetric_p2p_tornado_16mib,n-mrc,6290,0,0,0,0,0,0
asymmetric_p2p_tornado_16mib,n-mrc,6292,0,0,0,0,0,0
asymmetric_p2p_tornado_16mib,n-mrc,6294,0,0,0,0,0,0
asymmetric_p2p_tornado_16mib,n-mrc,6296,0,0,0,0,0,0
asymmetric_p2p_tornado_16mib,n-mrc,6298,0,0,0,0,0,0
asymmetric_p2p_tornado_16mib,n-mrc,6300,0,0,0,0,0,0
asymmetric_p2p_tornado_16mib,n-mrc,6302,0,0,0,0,0,0
asymmetric_p2p_tornado_16mib,n-mrc,6304,0,0,0,0,0,0
asymmetric_p2p_tornado_16mib,n-mrc,6306,0,0,0,0,0,0
asymmetric_p2p_tornado_16mib,n-mrc,6308,0,0,0,0,0,0
asymmetric_p2p_tornado_16mib,n-mrc,6310,0,0,0,0,0,0
asymmetric_p2p_tornado_16mib,n-mrc,6312,0,0,0,0,0,0
asymmetric_p2p_tornado_16mib,n-mrc,6314,0,0,0,0,0,0
asymmetric_p2p_tornado_16mib,n-mrc,6316,0,0,0,0,0,0
asymmetric_p2p_tornado_16mib,n-mrc,6318,0,0,0,0,0,0
asymmetric_p2p_tornado_16mib,n-mrc,6320,0,0,0,0,0,0
asymmetric_p2p_tornado_16mib,n-mrc,6322,0,0,0,0,0,0
asymmetric_p2p_tornado_16mib,n-mrc,6324,0,0,0,0,0,0
asymmetric_p2p_tornado_16mib,n-mrc,6326,0,0,0,0,0,0
asymmetric_p2p_tornado_16mib,n-mrc,6328,0,0,0,0,0,0
asymmetric_p2p_tornado_16mib,n-mrc,6330,0,0,0,0,0,0
asymmetric_p2p_tornado_16mib,n-mrc,6332,0,0,0,0,0,0
asymmetric_p2p_tornado_16mib,n-mrc,6334,0,0,0,0,0,0
asymmetric_p2p_tornado_16mib,n-mrc,6336,0,0,0,0,0,0
asymmetric_p2p_tornado_16mib,n-mrc,6338,0,0,0,0,0,0
asymmetric_p2p_tornado_16mib,n-mrc,6340,0,0,0,0,0,0
asymmetric_p2p_tornado_16mib,n-mrc,6342,0,0,0,0,0,0
asymmetric_p2p_tornado_16mib,n-mrc,6344,0,0,0,0,0,0
asymmetric_p2p_tornado_16mib,n-mrc,6346,0,0,0,0,0,0
asymmetric_p2p_tornado_16mib,n-mrc,6348,0,0,0,0,0,0
asymmetric_p2p_tornado_16mib,n-mrc,6350,0,0,0,0,0,0
asymmetric_p2p_tornado_16mib,n-mrc,6352,0,0,0,0,0,0
asymmetric_p2p_tornado_16mib,n-mrc,6354,0,0,0,0,0,0
asymmetric_p2p_tornado_16mib,n-mrc,6356,0,0,0,0,0,0
asymmetric_p2p_tornado_16mib,n-mrc,6358,0,0,0,0,0,0
asymmetric_p2p_tornado_16mib,n-mrc,6360,0,0,0,0,0,0
asymmetric_p2p_tornado_16mib,n-mrc,6362,0,0,0,0,0,0
asymmetric_p2p_tornado_16mib,n-mrc,6364,0,0,0,0,0,0
asymmetric_p2p_tornado_16mib,n-mrc,6366,0,0,0,0,0,0
asymmetric_p2p_tornado_16mib,n-mrc,6368,0,0,0,0,0,0
asymmetric_p2p_tornado_16mib,n-mrc,6370,0,0,0,0,0,0
asymmetric_p2p_tornado_16mib,n-mrc,6372,0,0,0,0,0,0
asymmetric_p2p_tornado_16mib,n-mrc,6374,0,0,0,0,0,0
asymmetric_p2p_tornado_16mib,n-mrc,6376,0,0,0,0,0,0
asymmetric_p2p_tornado_16mib,n-mrc,6378,0,0,0,0,0,0
asymmetric_p2p_tornado_16mib,n-mrc,6380,0,0,0,0,0,0
asymmetric_p2p_tornado_16mib,n-mrc,6382,0,0,0,0,0,0
asymmetric_p2p_tornado_16mib,n-mrc,6384,0,0,0,0,0,0
asymmetric_p2p_tornado_16mib,n-mrc,6386,0,0,0,0,0,0
asymmetric_p2p_tornado_16mib,n-mrc,6388,0,0,0,0,0,0
asymmetric_p2p_tornado_16mib,n-mrc,6390,0,0,0,0,0,0
asymmetric_p2p_tornado_16mib,n-mrc,6392,0,0,0,0,0,0
asymmetric_p2p_tornado_16mib,n-mrc,6394,0,0,0,0,0,0
asymmetric_p2p_tornado_16mib,n-mrc,6396,0,0,0,0,0,0
asymmetric_p2p_tornado_16mib,n-mrc,6398,0,0,0,0,0,0
asymmetric_p2p_tornado_16mib,n-mrc,6400,0,0,0,0,0,0
asymmetric_p2p_tornado_16mib,n-mrc,6402,0,0,0,0,0,0
asymmetric_p2p_tornado_16mib,n-mrc,6404,0,0,0,0,0,0
asymmetric_p2p_tornado_16mib,n-mrc,6406,0,0,0,0,0,0
asymmetric_p2p_tornado_16mib,n-mrc,6408,0,0,0,0,0,0
asymmetric_p2p_tornado_16mib,n-mrc,6410,0,0,0,0,0,0
asymmetric_p2p_tornado_16mib,n-mrc,6412,0,0,0,0,0,0
asymmetric_p2p_tornado_16mib,n-mrc,6414,0,0,0,0,0,0
asymmetric_p2p_tornado_16mib,n-mrc,6416,0,0,0,0,0,0
asymmetric_p2p_tornado_16mib,n-mrc,6418,0,0,0,0,0,0
asymmetric_p2p_tornado_16mib,n-mrc,6420,0,0,0,0,0,0
asymmetric_p2p_tornado_16mib,n-mrc,6422,0,0,0,0,0,0
asymmetric_p2p_tornado_16mib,n-mrc,6424,0,0,0,0,0,0
asymmetric_p2p_tornado_16mib,n-mrc,6426,0,0,0,0,0,0
asymmetric_p2p_tornado_16mib,n-mrc,6428,0,0,0,0,0,0
asymmetric_p2p_tornado_16mib,n-mrc,6430,0,0,0,0,0,0
asymmetric_p2p_tornado_16mib,n-mrc,6432,0,0,0,0,0,0
asymmetric_p2p_tornado_16mib,n-mrc,6434,0,0,0,0,0,0
asymmetric_p2p_tornado_16mib,n-mrc,6436,0,0,0,0,0,0
asymmetric_p2p_tornado_16mib,n-mrc,6438,0,0,0,0,0,0
asymmetric_p2p_tornado_16mib,n-mrc,6440,0,0,0,0,0,0
asymmetric_p2p_tornado_16mib,n-mrc,6442,0,0,0,0,0,0
asymmetric_p2p_tornado_16mib,n-mrc,6444,0,0,0,0,0,0
asymmetric_p2p_tornado_16mib,n-mrc,6446,0,0,0,0,0,0
asymmetric_p2p_tornado_16mib,n-mrc,6448,0,0,0,0,0,0
asymmetric_p2p_tornado_16mib,n-mrc,6450,0,0,0,0,0,0
asymmetric_p2p_tornado_16mib,n-mrc,6452,0,0,0,0,0,0
asymmetric_p2p_tornado_16mib,n-mrc,6454,0,0,0,0,0,0
asymmetric_p2p_tornado_16mib,n-mrc,6456,0,0,0,0,0,0
asymmetric_p2p_tornado_16mib,n-mrc,6458,0,0,0,0,0,0
asymmetric_p2p_tornado_16mib,n-mrc,6460,0,0,0,0,0,0
asymmetric_p2p_tornado_16mib,n-mrc,6462,0,0,0,0,0,0
asymmetric_p2p_tornado_16mib,n-mrc,6464,0,0,0,0,0,0
asymmetric_p2p_tornado_16mib,n-mrc,6466,0,0,0,0,0,0
asymmetric_p2p_tornado_16mib,n-mrc,6468,0,0,0,0,0,0
asymmetric_p2p_tornado_16mib,n-mrc,6470,0,0,0,0,0,0
asymmetric_p2p_tornado_16mib,n-mrc,6472,0,0,0,0,0,0
asymmetric_p2p_tornado_16mib,n-mrc,6474,0,0,0,0,0,0
asymmetric_p2p_tornado_16mib,n-mrc,6476,0,0,0,0,0,0
asymmetric_p2p_tornado_16mib,n-mrc,6478,0,0,0,0,0,0
asymmetric_p2p_tornado_16mib,n-mrc,6480,0,0,0,0,0,0
asymmetric_p2p_tornado_16mib,n-mrc,6482,0,0,0,0,0,0
asymmetric_p2p_tornado_16mib,n-mrc,6484,0,0,0,0,0,0
asymmetric_p2p_tornado_16mib,n-mrc,6486,0,0,0,0,0,0
asymmetric_p2p_tornado_16mib,n-mrc,6488,0,0,0,0,0,0
asymmetric_p2p_tornado_16mib,n-mrc,6490,0,0,0,0,0,0
asymmetric_p2p_tornado_16mib,n-mrc,6492,0,0,0,0,0,0
asymmetric_p2p_tornado_16mib,n-mrc,6494,0,0,0,0,0,0
asymmetric_p2p_tornado_16mib,n-mrc,6496,0,0,0,0,0,0
asymmetric_p2p_tornado_16mib,n-mrc,6498,0,0,0,0,0,0
asymmetric_p2p_tornado_16mib,n-mrc,6500,0,0,0,0,0,0
asymmetric_p2p_tornado_16mib,n-mrc,6502,0,0,0,0,0,0
asymmetric_p2p_tornado_16mib,n-mrc,6504,0,0,0,0,0,0
asymmetric_p2p_tornado_16mib,n-mrc,6506,0,0,0,0,0,0
asymmetric_p2p_tornado_16mib,n-mrc,6508,0,0,0,0,0,0
asymmetric_p2p_tornado_16mib,n-mrc,6510,0,0,0,0,0,0
asymmetric_p2p_tornado_16mib,n-mrc,6512,0,0,0,0,0,0
asymmetric_p2p_tornado_16mib,n-mrc,6514,0,0,0,0,0,0
asymmetric_p2p_tornado_16mib,n-mrc,6516,0,0,0,0,0,0
asymmetric_p2p_tornado_16mib,n-mrc,6518,0,0,0,0,0,0
asymmetric_p2p_tornado_16mib,n-mrc,6520,0,0,0,0,0,0
asymmetric_p2p_tornado_16mib,n-mrc,6522,0,0,0,0,0,0
asymmetric_p2p_tornado_16mib,n-mrc,6524,0,0,0,0,0,0
asymmetric_p2p_tornado_16mib,n-mrc,6526,0,0,0,0,0,0
asymmetric_p2p_tornado_16mib,n-mrc,6528,0,0,0,0,0,0
asymmetric_p2p_tornado_16mib,n-mrc,6530,0,0,0,0,0,0
asymmetric_p2p_tornado_16mib,n-mrc,6532,0,0,0,0,0,0
asymmetric_p2p_tornado_16mib,n-mrc,6534,0,0,0,0,0,0
asymmetric_p2p_tornado_16mib,n-mrc,6536,0,0,0,0,0,0
asymmetric_p2p_tornado_16mib,n-mrc,6538,0,0,0,0,0,0
asymmetric_p2p_tornado_16mib,n-mrc,6540,0,0,0,0,0,0
asymmetric_p2p_tornado_16mib,n-mrc,6542,0,0,0,0,0,0
asymmetric_p2p_tornado_16mib,n-mrc,6544,0,0,0,0,0,0
asymmetric_p2p_tornado_16mib,n-mrc,6546,0,0,0,0,0,0
asymmetric_p2p_tornado_16mib,n-mrc,6548,0,0,0,0,0,0
asymmetric_p2p_tornado_16mib,n-mrc,6550,0,0,0,0,0,0
asymmetric_p2p_tornado_16mib,n-mrc,6552,0,0,0,0,0,0
asymmetric_p2p_tornado_16mib,n-mrc,6554,0,0,0,0,0,0
asymmetric_p2p_tornado_16mib,n-mrc,6556,0,0,0,0,0,0
asymmetric_p2p_tornado_16mib,n-mrc,6558,0,0,0,0,0,0
asymmetric_p2p_tornado_16mib,n-mrc,6560,0,0,0,0,0,0
asymmetric_p2p_tornado_16mib,n-mrc,6562,0,0,0,0,0,0
asymmetric_p2p_tornado_16mib,n-mrc,6564,0,0,0,0,0,0
asymmetric_p2p_tornado_16mib,n-mrc,6566,0,0,0,0,0,0
asymmetric_p2p_tornado_16mib,n-mrc,6568,0,0,0,0,0,0
asymmetric_p2p_tornado_16mib,n-mrc,6570,0,0,0,0,0,0
asymmetric_p2p_tornado_16mib,n-mrc,6572,0,0,0,0,0,0
asymmetric_p2p_tornado_16mib,n-mrc,6574,0,0,0,0,0,0
asymmetric_p2p_tornado_16mib,n-mrc,6576,0,0,0,0,0,0
asymmetric_p2p_tornado_16mib,n-mrc,6578,0,0,0,0,0,0
asymmetric_p2p_tornado_16mib,n-mrc,6580,0,0,0,0,0,0
asymmetric_p2p_tornado_16mib,n-mrc,6582,0,0,0,0,0,0
asymmetric_p2p_tornado_16mib,n-mrc,6584,0,0,0,0,0,0
asymmetric_p2p_tornado_16mib,n-mrc,6586,0,0,0,0,0,0
asymmetric_p2p_tornado_16mib,n-mrc,6588,0,0,0,0,0,0
asymmetric_p2p_tornado_16mib,n-mrc,6590,0,0,0,0,0,0
asymmetric_p2p_tornado_16mib,n-mrc,6592,0,0,0,0,0,0
asymmetric_p2p_tornado_16mib,n-mrc,6594,0,0,0,0,0,0
asymmetric_p2p_tornado_16mib,n-mrc,6596,0,0,0,0,0,0
asymmetric_p2p_tornado_16mib,n-mrc,6598,0,0,0,0,0,0
asymmetric_p2p_tornado_16mib,n-mrc,6600,0,0,0,0,0,0
asymmetric_p2p_tornado_16mib,n-mrc,6602,0,0,0,0,0,0
asymmetric_p2p_tornado_16mib,n-mrc,6604,0,0,0,0,0,0
asymmetric_p2p_tornado_16mib,n-mrc,6606,0,0,0,0,0,0
asymmetric_p2p_tornado_16mib,n-mrc,6608,0,0,0,0,0,0
asymmetric_p2p_tornado_16mib,n-mrc,6610,0,0,0,0,0,0
asymmetric_p2p_tornado_16mib,n-mrc,6612,0,0,0,0,0,0
asymmetric_p2p_tornado_16mib,n-mrc,6614,0,0,0,0,0,0
asymmetric_p2p_tornado_16mib,n-mrc,6616,0,0,0,0,0,0
asymmetric_p2p_tornado_16mib,n-mrc,6618,0,0,0,0,0,0
asymmetric_p2p_tornado_16mib,n-mrc,6620,0,0,0,0,0,0
asymmetric_p2p_tornado_16mib,n-mrc,6622,0,0,0,0,0,0
asymmetric_p2p_tornado_16mib,n-mrc,6624,0,0,0,0,0,0
asymmetric_p2p_tornado_16mib,n-mrc,6626,0,0,0,0,0,0
asymmetric_p2p_tornado_16mib,n-mrc,6628,0,0,0,0,0,0
asymmetric_p2p_tornado_16mib,n-mrc,6630,0,0,0,0,0,0
asymmetric_p2p_tornado_16mib,n-mrc,6632,0,0,0,0,0,0
asymmetric_p2p_tornado_16mib,n-mrc,6634,0,0,0,0,0,0
asymmetric_p2p_tornado_16mib,n-mrc,6636,0,0,0,0,0,0
asymmetric_p2p_tornado_16mib,n-mrc,6638,0,0,0,0,0,0
asymmetric_p2p_tornado_16mib,n-mrc,6640,0,0,0,0,0,0
asymmetric_p2p_tornado_16mib,n-mrc,6642,0,0,0,0,0,0
asymmetric_p2p_tornado_16mib,n-mrc,6644,0,0,0,0,0,0
asymmetric_p2p_tornado_16mib,n-mrc,6646,0,0,0,0,0,0
asymmetric_p2p_tornado_16mib,n-mrc,6648,0,0,0,0,0,0
asymmetric_p2p_tornado_16mib,n-mrc,6650,0,0,0,0,0,0
asymmetric_p2p_tornado_16mib,n-mrc,6652,0,0,0,0,0,0
asymmetric_p2p_tornado_16mib,n-mrc,6654,0,0,0,0,0,0
asymmetric_p2p_tornado_16mib,n-mrc,6656,0,0,0,0,0,0
asymmetric_p2p_tornado_16mib,n-mrc,6658,0,0,0,0,0,0
asymmetric_p2p_tornado_16mib,n-mrc,6660,0,0,0,0,0,0
asymmetric_p2p_tornado_16mib,n-mrc,6662,0,0,0,0,0,0
asymmetric_p2p_tornado_16mib,n-mrc,6664,0,0,0,0,0,0
asymmetric_p2p_tornado_16mib,n-mrc,6666,0,0,0,0,0,0
asymmetric_p2p_tornado_16mib,n-mrc,6668,0,0,0,0,0,0
asymmetric_p2p_tornado_16mib,n-mrc,6670,0,0,0,0,0,0
asymmetric_p2p_tornado_16mib,n-mrc,6672,0,0,0,0,0,0
asymmetric_p2p_tornado_16mib,n-mrc,6674,0,0,0,0,0,0
asymmetric_p2p_tornado_16mib,n-mrc,6676,0,0,0,0,0,0
asymmetric_p2p_tornado_16mib,n-mrc,6678,0,0,0,0,0,0
asymmetric_p2p_tornado_16mib,n-mrc,6680,0,0,0,0,0,0
asymmetric_p2p_tornado_16mib,n-mrc,6682,0,0,0,0,0,0
asymmetric_p2p_tornado_16mib,n-mrc,6684,0,0,0,0,0,0
asymmetric_p2p_tornado_16mib,n-mrc,6686,0,0,0,0,0,0
asymmetric_p2p_tornado_16mib,n-mrc,6688,0,0,0,0,0,0
asymmetric_p2p_tornado_16mib,n-mrc,6690,0,0,0,0,0,0
asymmetric_p2p_tornado_16mib,n-mrc,6692,0,0,0,0,0,0
asymmetric_p2p_tornado_16mib,n-mrc,6694,0,0,0,0,0,0
asymmetric_p2p_tornado_16mib,n-mrc,6696,0,0,0,0,0,0
asymmetric_p2p_tornado_16mib,n-mrc,6698,0,0,0,0,0,0
asymmetric_p2p_tornado_16mib,n-mrc,6700,0,0,0,0,0,0
asymmetric_p2p_tornado_16mib,n-mrc,6702,0,0,0,0,0,0
asymmetric_p2p_tornado_16mib,n-mrc,6704,0,0,0,0,0,0
asymmetric_p2p_tornado_16mib,n-mrc,6706,0,0,0,0,0,0
asymmetric_p2p_tornado_16mib,n-mrc,6708,0,0,0,0,0,0
asymmetric_p2p_tornado_16mib,n-mrc,6710,0,0,0,0,0,0
asymmetric_p2p_tornado_16mib,n-mrc,6712,0,0,0,0,0,0
asymmetric_p2p_tornado_16mib,n-mrc,6714,0,0,0,0,0,0
asymmetric_p2p_tornado_16mib,n-mrc,6716,0,0,0,0,0,0
asymmetric_p2p_tornado_16mib,n-mrc,6718,0,0,0,0,0,0
asymmetric_p2p_tornado_16mib,n-mrc,6720,0,0,0,0,0,0
asymmetric_p2p_tornado_16mib,n-mrc,6722,0,0,0,0,0,0
asymmetric_p2p_tornado_16mib,n-mrc,6724,0,0,0,0,0,0
asymmetric_p2p_tornado_16mib,n-mrc,6726,0,0,0,0,0,0
asymmetric_p2p_tornado_16mib,n-mrc,6728,0,0,0,0,0,0
asymmetric_p2p_tornado_16mib,n-mrc,6730,0,0,0,0,0,0
asymmetric_p2p_tornado_16mib,n-mrc,6732,0,0,0,0,0,0
asymmetric_p2p_tornado_16mib,n-mrc,6734,0,0,0,0,0,0
asymmetric_p2p_tornado_16mib,n-mrc,6736,0,0,0,0,0,0
asymmetric_p2p_tornado_16mib,n-mrc,6738,0,0,0,0,0,0
asymmetric_p2p_tornado_16mib,n-mrc,6740,0,0,0,0,0,0
asymmetric_p2p_tornado_16mib,n-mrc,6742,0,0,0,0,0,0
asymmetric_p2p_tornado_16mib,n-mrc,6744,0,0,0,0,0,0
asymmetric_p2p_tornado_16mib,n-mrc,6746,0,0,0,0,0,0
asymmetric_p2p_tornado_16mib,n-mrc,6748,0,0,0,0,0,0
asymmetric_p2p_tornado_16mib,n-mrc,6750,0,0,0,0,0,0
asymmetric_p2p_tornado_16mib,n-mrc,6752,0,0,0,0,0,0
asymmetric_p2p_tornado_16mib,n-mrc,6754,0,0,0,0,0,0
asymmetric_p2p_tornado_16mib,n-mrc,6756,0,0,0,0,0,0
asymmetric_p2p_tornado_16mib,n-mrc,6758,0,0,0,0,0,0
asymmetric_p2p_tornado_16mib,n-mrc,6760,0,0,0,0,0,0
asymmetric_p2p_tornado_16mib,n-mrc,6762,0,0,0,0,0,0
asymmetric_p2p_tornado_16mib,n-mrc,6764,0,0,0,0,0,0
asymmetric_p2p_tornado_16mib,n-mrc,6766,0,0,0,0,0,0
asymmetric_p2p_tornado_16mib,n-mrc,6768,0,0,0,0,0,0
asymmetric_p2p_tornado_16mib,n-mrc,6770,0,0,0,0,0,0
asymmetric_p2p_tornado_16mib,n-mrc,6772,0,0,0,0,0,0
asymmetric_p2p_tornado_16mib,n-mrc,6774,0,0,0,0,0,0
asymmetric_p2p_tornado_16mib,n-mrc,6776,0,0,0,0,0,0
asymmetric_p2p_tornado_16mib,n-mrc,6778,0,0,0,0,0,0
asymmetric_p2p_tornado_16mib,n-mrc,6780,0,0,0,0,0,0
asymmetric_p2p_tornado_16mib,n-mrc,6782,0,0,0,0,0,0
asymmetric_p2p_tornado_16mib,n-mrc,6784,0,0,0,0,0,0
asymmetric_p2p_tornado_16mib,n-mrc,6786,0,0,0,0,0,0
asymmetric_p2p_tornado_16mib,n-mrc,6788,0,0,0,0,0,0
asymmetric_p2p_tornado_16mib,n-mrc,6790,0,0,0,0,0,0
asymmetric_p2p_tornado_16mib,n-mrc,6792,0,0,0,0,0,0
asymmetric_p2p_tornado_16mib,n-mrc,6794,0,0,0,0,0,0
asymmetric_p2p_tornado_16mib,n-mrc,6796,0,0,0,0,0,0
asymmetric_p2p_tornado_16mib,n-mrc,6798,0,0,0,0,0,0
asymmetric_p2p_tornado_16mib,n-mrc,6800,0,0,0,0,0,0
asymmetric_p2p_tornado_16mib,n-mrc,6802,0,0,0,0,0,0
asymmetric_p2p_tornado_16mib,n-mrc,6804,0,0,0,0,0,0
asymmetric_p2p_tornado_16mib,n-mrc,6806,0,0,0,0,0,0
asymmetric_p2p_tornado_16mib,n-mrc,6808,0,0,0,0,0,0
asymmetric_p2p_tornado_16mib,n-mrc,6810,0,0,0,0,0,0
asymmetric_p2p_tornado_16mib,n-mrc,6812,0,0,0,0,0,0
asymmetric_p2p_tornado_16mib,n-mrc,6814,0,0,0,0,0,0
asymmetric_p2p_tornado_16mib,n-mrc,6816,0,0,0,0,0,0
asymmetric_p2p_tornado_16mib,n-mrc,6818,0,0,0,0,0,0
asymmetric_p2p_tornado_16mib,n-mrc,6820,0,0,0,0,0,0
asymmetric_p2p_tornado_16mib,n-mrc,6822,0,0,0,0,0,0
asymmetric_p2p_tornado_16mib,n-mrc,6824,0,0,0,0,0,0
asymmetric_p2p_tornado_16mib,n-mrc,6826,0,0,0,0,0,0
asymmetric_p2p_tornado_16mib,n-mrc,6828,0,0,0,0,0,0
asymmetric_p2p_tornado_16mib,n-mrc,6830,0,0,0,0,0,0
asymmetric_p2p_tornado_16mib,n-mrc,6832,0,0,0,0,0,0
asymmetric_p2p_tornado_16mib,n-mrc,6834,0,0,0,0,0,0
asymmetric_p2p_tornado_16mib,n-mrc,6836,0,0,0,0,0,0
asymmetric_p2p_tornado_16mib,n-mrc,6838,0,0,0,0,0,0
asymmetric_p2p_tornado_16mib,n-mrc,6840,0,0,0,0,0,0
asymmetric_p2p_tornado_16mib,n-mrc,6842,0,0,0,0,0,0
asymmetric_p2p_tornado_16mib,n-mrc,6844,0,0,0,0,0,0
asymmetric_p2p_tornado_16mib,n-mrc,6846,0,0,0,0,0,0
asymmetric_p2p_tornado_16mib,n-mrc,6848,0,0,0,0,0,0
asymmetric_p2p_tornado_16mib,n-mrc,6850,0,0,0,0,0,0
asymmetric_p2p_tornado_16mib,n-mrc,6852,0,0,0,0,0,0
asymmetric_p2p_tornado_16mib,n-mrc,6854,0,0,0,0,0,0
asymmetric_p2p_tornado_16mib,n-mrc,6856,0,0,0,0,0,0
asymmetric_p2p_tornado_16mib,n-mrc,6858,0,0,0,0,0,0
asymmetric_p2p_tornado_16mib,n-mrc,6860,0,0,0,0,0,0
asymmetric_p2p_tornado_16mib,n-mrc,6862,0,0,0,0,0,0
asymmetric_p2p_tornado_16mib,n-mrc,6864,0,0,0,0,0,0
asymmetric_p2p_tornado_16mib,n-mrc,6866,0,0,0,0,0,0
asymmetric_p2p_tornado_16mib,n-mrc,6868,0,0,0,0,0,0
asymmetric_p2p_tornado_16mib,n-mrc,6870,0,0,0,0,0,0
asymmetric_p2p_tornado_16mib,n-mrc,6872,0,0,0,0,0,0
asymmetric_p2p_tornado_16mib,n-mrc,6874,0,0,0,0,0,0
asymmetric_p2p_tornado_16mib,n-mrc,6876,0,0,0,0,0,0
asymmetric_p2p_tornado_16mib,n-mrc,6878,0,0,0,0,0,0
asymmetric_p2p_tornado_16mib,n-mrc,6880,0,0,0,0,0,0
asymmetric_p2p_tornado_16mib,n-mrc,6882,0,0,0,0,0,0
asymmetric_p2p_tornado_16mib,n-mrc,6884,0,0,0,0,0,0
asymmetric_p2p_tornado_16mib,n-mrc,6886,0,0,0,0,0,0
asymmetric_p2p_tornado_16mib,n-mrc,6888,0,0,0,0,0,0
asymmetric_p2p_tornado_16mib,n-mrc,6890,0,0,0,0,0,0
asymmetric_p2p_tornado_16mib,n-mrc,6892,0,0,0,0,0,0
asymmetric_p2p_tornado_16mib,n-mrc,6894,0,0,0,0,0,0
asymmetric_p2p_tornado_16mib,n-mrc,6896,0,0,0,0,0,0
asymmetric_p2p_tornado_16mib,n-mrc,6898,0,0,0,0,0,0
asymmetric_p2p_tornado_16mib,n-mrc,6900,0,0,0,0,0,0
asymmetric_p2p_tornado_16mib,n-mrc,6902,0,0,0,0,0,0
asymmetric_p2p_tornado_16mib,n-mrc,6904,0,0,0,0,0,0
asymmetric_p2p_tornado_16mib,n-mrc,6906,0,0,0,0,0,0
asymmetric_p2p_tornado_16mib,n-mrc,6908,0,0,0,0,0,0
asymmetric_p2p_tornado_16mib,n-mrc,6910,0,0,0,0,0,0
asymmetric_p2p_tornado_16mib,n-mrc,6912,0,0,0,0,0,0
asymmetric_p2p_tornado_16mib,n-mrc,6914,0,0,0,0,0,0
asymmetric_p2p_tornado_16mib,n-mrc,6916,0,0,0,0,0,0
asymmetric_p2p_tornado_16mib,n-mrc,6918,0,0,0,0,0,0
asymmetric_p2p_tornado_16mib,n-mrc,6920,0,0,0,0,0,0
asymmetric_p2p_tornado_16mib,n-mrc,6922,0,0,0,0,0,0
asymmetric_p2p_tornado_16mib,n-mrc,6924,0,0,0,0,0,0
asymmetric_p2p_tornado_16mib,n-mrc,6926,0,0,0,0,0,0
asymmetric_p2p_tornado_16mib,n-mrc,6928,0,0,0,0,0,0
asymmetric_p2p_tornado_16mib,n-mrc,6930,0,0,0,0,0,0
asymmetric_p2p_tornado_16mib,n-mrc,6932,0,0,0,0,0,0
asymmetric_p2p_tornado_16mib,n-mrc,6934,0,0,0,0,0,0
asymmetric_p2p_tornado_16mib,n-mrc,6936,0,0,0,0,0,0
asymmetric_p2p_tornado_16mib,n-mrc,6938,0,0,0,0,0,0
asymmetric_p2p_tornado_16mib,n-mrc,6940,0,0,0,0,0,0
asymmetric_p2p_tornado_16mib,n-mrc,6942,0,0,0,0,0,0
asymmetric_p2p_tornado_16mib,n-mrc,6944,0,0,0,0,0,0
asymmetric_p2p_tornado_16mib,n-mrc,6946,0,0,0,0,0,0
asymmetric_p2p_tornado_16mib,n-mrc,6948,0,0,0,0,0,0
asymmetric_p2p_tornado_16mib,n-mrc,6950,0,0,0,0,0,0
asymmetric_p2p_tornado_16mib,n-mrc,6952,0,0,0,0,0,0
asymmetric_p2p_tornado_16mib,n-mrc,6954,0,0,0,0,0,0
asymmetric_p2p_tornado_16mib,n-mrc,6956,0,0,0,0,0,0
asymmetric_p2p_tornado_16mib,n-mrc,6958,0,0,0,0,0,0
asymmetric_p2p_tornado_16mib,n-mrc,6960,0,0,0,0,0,0
asymmetric_p2p_tornado_16mib,n-mrc,6962,0,0,0,0,0,0
asymmetric_p2p_tornado_16mib,n-mrc,6964,0,0,0,0,0,0
asymmetric_p2p_tornado_16mib,n-mrc,6966,0,0,0,0,0,0
asymmetric_p2p_tornado_16mib,n-mrc,6968,0,0,0,0,0,0
asymmetric_p2p_tornado_16mib,n-mrc,6970,0,0,0,0,0,0
asymmetric_p2p_tornado_16mib,n-mrc,6972,0,0,0,0,0,0
asymmetric_p2p_tornado_16mib,n-mrc,6974,0,0,0,0,0,0
asymmetric_p2p_tornado_16mib,n-mrc,6976,0,0,0,0,0,0
asymmetric_p2p_tornado_16mib,n-mrc,6978,0,0,0,0,0,0
asymmetric_p2p_tornado_16mib,n-mrc,6980,0,0,0,0,0,0
asymmetric_p2p_tornado_16mib,n-mrc,6982,0,0,0,0,0,0
asymmetric_p2p_tornado_16mib,n-mrc,6984,0,0,0,0,0,0
asymmetric_p2p_tornado_16mib,n-mrc,6986,0,0,0,0,0,0
asymmetric_p2p_tornado_16mib,n-mrc,6988,0,0,0,0,0,0
asymmetric_p2p_tornado_16mib,n-mrc,6990,0,0,0,0,0,0
asymmetric_p2p_tornado_16mib,n-mrc,6992,0,0,0,0,0,0
asymmetric_p2p_tornado_16mib,n-mrc,6994,0,0,0,0,0,0
asymmetric_p2p_tornado_16mib,n-mrc,6996,0,0,0,0,0,0
asymmetric_p2p_tornado_16mib,n-mrc,6998,0,0,0,0,0,0
asymmetric_p2p_tornado_16mib,n-mrc,7000,0,0,0,0,0,0
asymmetric_p2p_tornado_16mib,n-mrc,7002,0,0,0,0,0,0
asymmetric_p2p_tornado_16mib,n-mrc,7004,0,0,0,0,0,0
asymmetric_p2p_tornado_16mib,n-mrc,7006,0,0,0,0,0,0
asymmetric_p2p_tornado_16mib,n-mrc,7008,0,0,0,0,0,0
asymmetric_p2p_tornado_16mib,n-mrc,7010,0,0,0,0,0,0
asymmetric_p2p_tornado_16mib,n-mrc,7012,0,0,0,0,0,0
asymmetric_p2p_tornado_16mib,n-mrc,7014,0,0,0,0,0,0
asymmetric_p2p_tornado_16mib,n-mrc,7016,0,0,0,0,0,0
asymmetric_p2p_tornado_16mib,n-mrc,7018,0,0,0,0,0,0
asymmetric_p2p_tornado_16mib,n-mrc,7020,0,0,0,0,0,0
asymmetric_p2p_tornado_16mib,n-mrc,7022,0,0,0,0,0,0
asymmetric_p2p_tornado_16mib,n-mrc,7024,0,0,0,0,0,0
asymmetric_p2p_tornado_16mib,n-mrc,7026,0,0,0,0,0,0
asymmetric_p2p_tornado_16mib,n-mrc,7028,0,0,0,0,0,0
asymmetric_p2p_tornado_16mib,n-mrc,7030,0,0,0,0,0,0
asymmetric_p2p_tornado_16mib,n-mrc,7032,0,0,0,0,0,0
asymmetric_p2p_tornado_16mib,n-mrc,7034,0,0,0,0,0,0
asymmetric_p2p_tornado_16mib,n-mrc,7036,0,0,0,0,0,0
asymmetric_p2p_tornado_16mib,n-mrc,7038,0,0,0,0,0,0
asymmetric_p2p_tornado_16mib,n-mrc,7040,0,0,0,0,0,0
asymmetric_p2p_tornado_16mib,n-mrc,7042,0,0,0,0,0,0
asymmetric_p2p_tornado_16mib,n-mrc,7044,0,0,0,0,0,0
asymmetric_p2p_tornado_16mib,n-mrc,7046,0,0,0,0,0,0
asymmetric_p2p_tornado_16mib,n-mrc,7048,0,0,0,0,0,0
asymmetric_p2p_tornado_16mib,n-mrc,7050,0,0,0,0,0,0
asymmetric_p2p_tornado_16mib,n-mrc,7052,0,0,0,0,0,0
asymmetric_p2p_tornado_16mib,n-mrc,7054,0,0,0,0,0,0
asymmetric_p2p_tornado_16mib,n-mrc,7056,0,0,0,0,0,0
asymmetric_p2p_tornado_16mib,n-mrc,7058,0,0,0,0,0,0
asymmetric_p2p_tornado_16mib,n-mrc,7060,0,0,0,0,0,0
asymmetric_p2p_tornado_16mib,n-mrc,7062,0,0,0,0,0,0
asymmetric_p2p_tornado_16mib,n-mrc,7064,0,0,0,0,0,0
asymmetric_p2p_tornado_16mib,n-mrc,7066,0,0,0,0,0,0
asymmetric_p2p_tornado_16mib,n-mrc,7068,0,0,0,0,0,0
asymmetric_p2p_tornado_16mib,n-mrc,7070,0,0,0,0,0,0
asymmetric_p2p_tornado_16mib,n-mrc,7072,0,0,0,0,0,0
asymmetric_p2p_tornado_16mib,n-mrc,7074,0,0,0,0,0,0
asymmetric_p2p_tornado_16mib,n-mrc,7076,0,0,0,0,0,0
asymmetric_p2p_tornado_16mib,n-mrc,7078,0,0,0,0,0,0
asymmetric_p2p_tornado_16mib,n-mrc,7080,0,0,0,0,0,0
asymmetric_p2p_tornado_16mib,n-mrc,7082,0,0,0,0,0,0
asymmetric_p2p_tornado_16mib,n-mrc,7084,0,0,0,0,0,0
asymmetric_p2p_tornado_16mib,n-mrc,7086,0,0,0,0,0,0
asymmetric_p2p_tornado_16mib,n-mrc,7088,0,0,0,0,0,0
asymmetric_p2p_tornado_16mib,n-mrc,7090,0,0,0,0,0,0
asymmetric_p2p_tornado_16mib,n-mrc,7092,0,0,0,0,0,0
asymmetric_p2p_tornado_16mib,n-mrc,7094,0,0,0,0,0,0
asymmetric_p2p_tornado_16mib,n-mrc,7096,0,0,0,0,0,0
asymmetric_p2p_tornado_16mib,n-mrc,7098,0,0,0,0,0,0
asymmetric_p2p_tornado_16mib,n-mrc,7100,0,0,0,0,0,0
asymmetric_p2p_tornado_16mib,n-mrc,7102,0,0,0,0,0,0
asymmetric_p2p_tornado_16mib,n-mrc,7104,0,0,0,0,0,0
asymmetric_p2p_tornado_16mib,n-mrc,7106,0,0,0,0,0,0
asymmetric_p2p_tornado_16mib,n-mrc,7108,0,0,0,0,0,0
asymmetric_p2p_tornado_16mib,n-mrc,7110,0,0,0,0,0,0
asymmetric_p2p_tornado_16mib,n-mrc,7112,0,0,0,0,0,0
asymmetric_p2p_tornado_16mib,n-mrc,7114,0,0,0,0,0,0
asymmetric_p2p_tornado_16mib,n-mrc,7116,0,0,0,0,0,0
asymmetric_p2p_tornado_16mib,n-mrc,7118,0,0,0,0,0,0
asymmetric_p2p_tornado_16mib,n-mrc,7120,0,0,0,0,0,0
asymmetric_p2p_tornado_16mib,n-mrc,7122,0,0,0,0,0,0
asymmetric_p2p_tornado_16mib,n-mrc,7124,0,0,0,0,0,0
asymmetric_p2p_tornado_16mib,n-mrc,7126,0,0,0,0,0,0
asymmetric_p2p_tornado_16mib,n-mrc,7128,0,0,0,0,0,0
asymmetric_p2p_tornado_16mib,n-mrc,7130,0,0,0,0,0,0
asymmetric_p2p_tornado_16mib,n-mrc,7132,0,0,0,0,0,0
asymmetric_p2p_tornado_16mib,n-mrc,7134,0,0,0,0,0,0
asymmetric_p2p_tornado_16mib,n-mrc,7136,0,0,0,0,0,0
asymmetric_p2p_tornado_16mib,n-mrc,7138,0,0,0,0,0,0
asymmetric_p2p_tornado_16mib,n-mrc,7140,0,0,0,0,0,0
asymmetric_p2p_tornado_16mib,n-mrc,7142,0,0,0,0,0,0
asymmetric_p2p_tornado_16mib,n-mrc,7144,0,0,0,0,0,0
asymmetric_p2p_tornado_16mib,n-mrc,7146,0,0,0,0,0,0
asymmetric_p2p_tornado_16mib,n-mrc,7148,0,0,0,0,0,0
asymmetric_p2p_tornado_16mib,n-mrc,7150,0,0,0,0,0,0
asymmetric_p2p_tornado_16mib,n-mrc,7152,0,0,0,0,0,0
asymmetric_p2p_tornado_16mib,n-mrc,7154,0,0,0,0,0,0
asymmetric_p2p_tornado_16mib,n-mrc,7156,0,0,0,0,0,0
asymmetric_p2p_tornado_16mib,n-mrc,7158,0,0,0,0,0,0
asymmetric_p2p_tornado_16mib,n-mrc,7160,0,0,0,0,0,0
asymmetric_p2p_tornado_16mib,n-mrc,7162,0,0,0,0,0,0
asymmetric_p2p_tornado_16mib,n-mrc,7164,0,0,0,0,0,0
asymmetric_p2p_tornado_16mib,n-mrc,7166,0,0,0,0,0,0
asymmetric_p2p_tornado_16mib,n-mrc,7168,0,0,0,0,0,0
asymmetric_p2p_tornado_16mib,n-mrc,7170,0,0,0,0,0,0
asymmetric_p2p_tornado_16mib,n-mrc,7172,0,0,0,0,0,0
asymmetric_p2p_tornado_16mib,n-mrc,7174,0,0,0,0,0,0
asymmetric_p2p_tornado_16mib,n-mrc,7176,0,0,0,0,0,0
asymmetric_p2p_tornado_16mib,n-mrc,7178,0,0,0,0,0,0
asymmetric_p2p_tornado_16mib,n-mrc,7180,0,0,0,0,0,0
asymmetric_p2p_tornado_16mib,n-mrc,7182,0,0,0,0,0,0
asymmetric_p2p_tornado_16mib,n-mrc,7184,0,0,0,0,0,0
asymmetric_p2p_tornado_16mib,n-mrc,7186,0,0,0,0,0,0
asymmetric_p2p_tornado_16mib,n-mrc,7188,0,0,0,0,0,0
asymmetric_p2p_tornado_16mib,n-mrc,7190,0,0,0,0,0,0
asymmetric_p2p_tornado_16mib,n-mrc,7192,0,0,0,0,0,0
asymmetric_p2p_tornado_16mib,n-mrc,7194,0,0,0,0,0,0
asymmetric_p2p_tornado_16mib,n-mrc,7196,0,0,0,0,0,0
asymmetric_p2p_tornado_16mib,n-mrc,7198,0,0,0,0,0,0
asymmetric_p2p_tornado_16mib,n-mrc,7200,0,0,0,0,0,0
asymmetric_p2p_tornado_16mib,n-mrc,7202,0,0,0,0,0,0
asymmetric_p2p_tornado_16mib,n-mrc,7204,0,0,0,0,0,0
asymmetric_p2p_tornado_16mib,n-mrc,7206,0,0,0,0,0,0
asymmetric_p2p_tornado_16mib,n-mrc,7208,0,0,0,0,0,0
asymmetric_p2p_tornado_16mib,n-mrc,7210,0,0,0,0,0,0
asymmetric_p2p_tornado_16mib,n-mrc,7212,0,0,0,0,0,0
asymmetric_p2p_tornado_16mib,n-mrc,7214,0,0,0,0,0,0
asymmetric_p2p_tornado_16mib,n-mrc,7216,0,0,0,0,0,0
asymmetric_p2p_tornado_16mib,n-mrc,7218,0,0,0,0,0,0
asymmetric_p2p_tornado_16mib,n-mrc,7220,0,0,0,0,0,0
asymmetric_p2p_tornado_16mib,n-mrc,7222,0,0,0,0,0,0
asymmetric_p2p_tornado_16mib,n-mrc,7224,0,0,0,0,0,0
asymmetric_p2p_tornado_16mib,n-mrc,7226,0,0,0,0,0,0
asymmetric_p2p_tornado_16mib,n-mrc,7228,0,0,0,0,0,0
asymmetric_p2p_tornado_16mib,n-mrc,7230,0,0,0,0,0,0
asymmetric_p2p_tornado_16mib,n-mrc,7232,0,0,0,0,0,0
asymmetric_p2p_tornado_16mib,n-mrc,7234,0,0,0,0,0,0
asymmetric_p2p_tornado_16mib,n-mrc,7236,0,0,0,0,0,0
asymmetric_p2p_tornado_16mib,n-mrc,7238,0,0,0,0,0,0
asymmetric_p2p_tornado_16mib,n-mrc,7240,0,0,0,0,0,0
asymmetric_p2p_tornado_16mib,n-mrc,7242,0,0,0,0,0,0
asymmetric_p2p_tornado_16mib,n-mrc,7244,0,0,0,0,0,0
asymmetric_p2p_tornado_16mib,n-mrc,7246,0,0,0,0,0,0
asymmetric_p2p_tornado_16mib,n-mrc,7248,0,0,0,0,0,0
asymmetric_p2p_tornado_16mib,n-mrc,7250,0,0,0,0,0,0
asymmetric_p2p_tornado_16mib,n-mrc,7252,0,0,0,0,0,0
asymmetric_p2p_tornado_16mib,n-mrc,7254,0,0,0,0,0,0
asymmetric_p2p_tornado_16mib,n-mrc,7256,0,0,0,0,0,0
asymmetric_p2p_tornado_16mib,n-mrc,7258,0,0,0,0,0,0
asymmetric_p2p_tornado_16mib,n-mrc,7260,0,0,0,0,0,0
asymmetric_p2p_tornado_16mib,n-mrc,7262,0,0,0,0,0,0
asymmetric_p2p_tornado_16mib,n-mrc,7264,0,0,0,0,0,0
asymmetric_p2p_tornado_16mib,n-mrc,7266,0,0,0,0,0,0
asymmetric_p2p_tornado_16mib,n-mrc,7268,0,0,0,0,0,0
asymmetric_p2p_tornado_16mib,n-mrc,7270,0,0,0,0,0,0
asymmetric_p2p_tornado_16mib,n-mrc,7272,0,0,0,0,0,0
asymmetric_p2p_tornado_16mib,n-mrc,7274,0,0,0,0,0,0
asymmetric_p2p_tornado_16mib,n-mrc,7276,0,0,0,0,0,0
asymmetric_p2p_tornado_16mib,n-mrc,7278,0,0,0,0,0,0
asymmetric_p2p_tornado_16mib,n-mrc,7280,0,0,0,0,0,0
asymmetric_p2p_tornado_16mib,n-mrc,7282,0,0,0,0,0,0
asymmetric_p2p_tornado_16mib,n-mrc,7284,0,0,0,0,0,0
asymmetric_p2p_tornado_16mib,n-mrc,7286,0,0,0,0,0,0
asymmetric_p2p_tornado_16mib,n-mrc,7288,0,0,0,0,0,0
asymmetric_p2p_tornado_16mib,n-mrc,7290,0,0,0,0,0,0
asymmetric_p2p_tornado_16mib,n-mrc,7292,0,0,0,0,0,0
asymmetric_p2p_tornado_16mib,n-mrc,7294,0,0,0,0,0,0
asymmetric_p2p_tornado_16mib,n-mrc,7296,0,0,0,0,0,0
asymmetric_p2p_tornado_16mib,n-mrc,7298,0,0,0,0,0,0
asymmetric_p2p_tornado_16mib,n-mrc,7300,0,0,0,0,0,0
asymmetric_p2p_tornado_16mib,n-mrc,7302,0,0,0,0,0,0
asymmetric_p2p_tornado_16mib,n-mrc,7304,0,0,0,0,0,0
asymmetric_p2p_tornado_16mib,n-mrc,7306,0,0,0,0,0,0
asymmetric_p2p_tornado_16mib,n-mrc,7308,0,0,0,0,0,0
asymmetric_p2p_tornado_16mib,n-mrc,7310,0,0,0,0,0,0
asymmetric_p2p_tornado_16mib,n-mrc,7312,0,0,0,0,0,0
asymmetric_p2p_tornado_16mib,n-mrc,7314,0,0,0,0,0,0
asymmetric_p2p_tornado_16mib,n-mrc,7316,0,0,0,0,0,0
asymmetric_p2p_tornado_16mib,n-mrc,7318,0,0,0,0,0,0
asymmetric_p2p_tornado_16mib,n-mrc,7320,0,0,0,0,0,0
asymmetric_p2p_tornado_16mib,n-mrc,7322,0,0,0,0,0,0
asymmetric_p2p_tornado_16mib,n-mrc,7324,0,0,0,0,0,0
asymmetric_p2p_tornado_16mib,n-mrc,7326,0,0,0,0,0,0
asymmetric_p2p_tornado_16mib,n-mrc,7328,0,0,0,0,0,0
asymmetric_p2p_tornado_16mib,n-mrc,7330,0,0,0,0,0,0
asymmetric_p2p_tornado_16mib,n-mrc,7332,0,0,0,0,0,0
asymmetric_p2p_tornado_16mib,n-mrc,7334,0,0,0,0,0,0
asymmetric_p2p_tornado_16mib,n-mrc,7336,0,0,0,0,0,0
asymmetric_p2p_tornado_16mib,n-mrc,7338,0,0,0,0,0,0
asymmetric_p2p_tornado_16mib,n-mrc,7340,0,0,0,0,0,0
asymmetric_p2p_tornado_16mib,n-mrc,7342,0,0,0,0,0,0
asymmetric_p2p_tornado_16mib,n-mrc,7344,0,0,0,0,0,0
asymmetric_p2p_tornado_16mib,n-mrc,7346,0,0,0,0,0,0
asymmetric_p2p_tornado_16mib,n-mrc,7348,0,0,0,0,0,0
asymmetric_p2p_tornado_16mib,n-mrc,7350,0,0,0,0,0,0
asymmetric_p2p_tornado_16mib,n-mrc,7352,0,0,0,0,0,0
asymmetric_p2p_tornado_16mib,n-mrc,7354,0,0,0,0,0,0
asymmetric_p2p_tornado_16mib,n-mrc,7356,0,0,0,0,0,0
asymmetric_p2p_tornado_16mib,n-mrc,7358,0,0,0,0,0,0
asymmetric_p2p_tornado_16mib,n-mrc,7360,0,0,0,0,0,0
asymmetric_p2p_tornado_16mib,n-mrc,7362,0,0,0,0,0,0
asymmetric_p2p_tornado_16mib,n-mrc,7364,0,0,0,0,0,0
asymmetric_p2p_tornado_16mib,n-mrc,7366,0,0,0,0,0,0
asymmetric_p2p_tornado_16mib,n-mrc,7368,0,0,0,0,0,0
asymmetric_p2p_tornado_16mib,n-mrc,7370,0,0,0,0,0,0
asymmetric_p2p_tornado_16mib,n-mrc,7372,0,0,0,0,0,0
asymmetric_p2p_tornado_16mib,n-mrc,7374,0,0,0,0,0,0
asymmetric_p2p_tornado_16mib,n-mrc,7376,0,0,0,0,0,0
asymmetric_p2p_tornado_16mib,n-mrc,7378,0,0,0,0,0,0
asymmetric_p2p_tornado_16mib,n-mrc,7380,0,0,0,0,0,0
asymmetric_p2p_tornado_16mib,n-mrc,7382,0,0,0,0,0,0
asymmetric_p2p_tornado_16mib,n-mrc,7384,0,0,0,0,0,0
asymmetric_p2p_tornado_16mib,n-mrc,7386,0,0,0,0,0,0
asymmetric_p2p_tornado_16mib,n-mrc,7388,0,0,0,0,0,0
asymmetric_p2p_tornado_16mib,n-mrc,7390,0,0,0,0,0,0
asymmetric_p2p_tornado_16mib,n-mrc,7392,0,0,0,0,0,0
asymmetric_p2p_tornado_16mib,n-mrc,7394,0,0,0,0,0,0
asymmetric_p2p_tornado_16mib,n-mrc,7396,0,0,0,0,0,0
asymmetric_p2p_tornado_16mib,n-mrc,7398,0,0,0,0,0,0
asymmetric_p2p_tornado_16mib,n-mrc,7400,0,0,0,0,0,0
asymmetric_p2p_tornado_16mib,n-mrc,7402,0,0,0,0,0,0
asymmetric_p2p_tornado_16mib,n-mrc,7404,0,0,0,0,0,0
asymmetric_p2p_tornado_16mib,n-mrc,7406,0,0,0,0,0,0
asymmetric_p2p_tornado_16mib,n-mrc,7408,0,0,0,0,0,0
asymmetric_p2p_tornado_16mib,n-mrc,7410,0,0,0,0,0,0
asymmetric_p2p_tornado_16mib,n-mrc,7412,0,0,0,0,0,0
asymmetric_p2p_tornado_16mib,n-mrc,7414,0,0,0,0,0,0
asymmetric_p2p_tornado_16mib,n-mrc,7416,0,0,0,0,0,0
asymmetric_p2p_tornado_16mib,n-mrc,7418,0,0,0,0,0,0
asymmetric_p2p_tornado_16mib,n-mrc,7420,0,0,0,0,0,0
asymmetric_p2p_tornado_16mib,n-mrc,7422,0,0,0,0,0,0
asymmetric_p2p_tornado_16mib,n-mrc,7424,0,0,0,0,0,0
asymmetric_p2p_tornado_16mib,n-mrc,7426,0,0,0,0,0,0
asymmetric_p2p_tornado_16mib,n-mrc,7428,0,0,0,0,0,0
asymmetric_p2p_tornado_16mib,n-mrc,7430,0,0,0,0,0,0
asymmetric_p2p_tornado_16mib,n-mrc,7432,0,0,0,0,0,0
asymmetric_p2p_tornado_16mib,n-mrc,7434,0,0,0,0,0,0
asymmetric_p2p_tornado_16mib,n-mrc,7436,0,0,0,0,0,0
asymmetric_p2p_tornado_16mib,n-mrc,7438,0,0,0,0,0,0
asymmetric_p2p_tornado_16mib,n-mrc,7440,0,0,0,0,0,0
asymmetric_p2p_tornado_16mib,n-mrc,7442,0,0,0,0,0,0
asymmetric_p2p_tornado_16mib,n-mrc,7444,0,0,0,0,0,0
asymmetric_p2p_tornado_16mib,n-mrc,7446,0,0,0,0,0,0
asymmetric_p2p_tornado_16mib,n-mrc,7448,0,0,0,0,0,0
asymmetric_p2p_tornado_16mib,n-mrc,7450,0,0,0,0,0,0
asymmetric_p2p_tornado_16mib,n-mrc,7452,0,0,0,0,0,0
asymmetric_p2p_tornado_16mib,n-mrc,7454,0,0,0,0,0,0
asymmetric_p2p_tornado_16mib,n-mrc,7456,0,0,0,0,0,0
asymmetric_p2p_tornado_16mib,n-mrc,7458,0,0,0,0,0,0
asymmetric_p2p_tornado_16mib,n-mrc,7460,0,0,0,0,0,0
asymmetric_p2p_tornado_16mib,n-mrc,7462,0,0,0,0,0,0
asymmetric_p2p_tornado_16mib,n-mrc,7464,0,0,0,0,0,0
asymmetric_p2p_tornado_16mib,n-mrc,7466,0,0,0,0,0,0
asymmetric_p2p_tornado_16mib,n-mrc,7468,0,0,0,0,0,0
asymmetric_p2p_tornado_16mib,n-mrc,7470,0,0,0,0,0,0
asymmetric_p2p_tornado_16mib,n-mrc,7472,0,0,0,0,0,0
asymmetric_p2p_tornado_16mib,n-mrc,7474,0,0,0,0,0,0
asymmetric_p2p_tornado_16mib,n-mrc,7476,0,0,0,0,0,0
asymmetric_p2p_tornado_16mib,n-mrc,7478,0,0,0,0,0,0
asymmetric_p2p_tornado_16mib,n-mrc,7480,0,0,0,0,0,0
asymmetric_p2p_tornado_16mib,n-mrc,7482,0,0,0,0,0,0
asymmetric_p2p_tornado_16mib,n-mrc,7484,0,0,0,0,0,0
asymmetric_p2p_tornado_16mib,n-mrc,7486,0,0,0,0,0,0
asymmetric_p2p_tornado_16mib,n-mrc,7488,0,0,0,0,0,0
asymmetric_p2p_tornado_16mib,n-mrc,7490,0,0,0,0,0,0
asymmetric_p2p_tornado_16mib,n-mrc,7492,0,0,0,0,0,0
asymmetric_p2p_tornado_16mib,n-mrc,7494,0,0,0,0,0,0
asymmetric_p2p_tornado_16mib,n-mrc,7496,0,0,0,0,0,0
asymmetric_p2p_tornado_16mib,n-mrc,7498,0,0,0,0,0,0
asymmetric_p2p_tornado_16mib,n-mrc,7500,0,0,0,0,0,0
asymmetric_p2p_tornado_16mib,n-mrc,7502,0,0,0,0,0,0
asymmetric_p2p_tornado_16mib,n-mrc,7504,0,0,0,0,0,0
asymmetric_p2p_tornado_16mib,n-mrc,7506,0,0,0,0,0,0
asymmetric_p2p_tornado_16mib,n-mrc,7508,0,0,0,0,0,0
asymmetric_p2p_tornado_16mib,n-mrc,7510,0,0,0,0,0,0
asymmetric_p2p_tornado_16mib,n-mrc,7512,0,0,0,0,0,0
asymmetric_p2p_tornado_16mib,n-mrc,7514,0,0,0,0,0,0
asymmetric_p2p_tornado_16mib,n-mrc,7516,0,0,0,0,0,0
asymmetric_p2p_tornado_16mib,n-mrc,7518,0,0,0,0,0,0
asymmetric_p2p_tornado_16mib,n-mrc,7520,0,0,0,0,0,0
asymmetric_p2p_tornado_16mib,n-mrc,7522,0,0,0,0,0,0
asymmetric_p2p_tornado_16mib,n-mrc,7524,0,0,0,0,0,0
asymmetric_p2p_tornado_16mib,n-mrc,7526,0,0,0,0,0,0
asymmetric_p2p_tornado_16mib,n-mrc,7528,0,0,0,0,0,0
asymmetric_p2p_tornado_16mib,n-mrc,7530,0,0,0,0,0,0
asymmetric_p2p_tornado_16mib,n-mrc,7532,0,0,0,0,0,0
asymmetric_p2p_tornado_16mib,n-mrc,7534,0,0,0,0,0,0
asymmetric_p2p_tornado_16mib,n-mrc,7536,0,0,0,0,0,0
asymmetric_p2p_tornado_16mib,n-mrc,7538,0,0,0,0,0,0
asymmetric_p2p_tornado_16mib,n-mrc,7540,0,0,0,0,0,0
asymmetric_p2p_tornado_16mib,n-mrc,7542,0,0,0,0,0,0
asymmetric_p2p_tornado_16mib,n-mrc,7544,0,0,0,0,0,0
asymmetric_p2p_tornado_16mib,n-mrc,7546,0,0,0,0,0,0
asymmetric_p2p_tornado_16mib,n-mrc,7548,0,0,0,0,0,0
asymmetric_p2p_tornado_16mib,n-mrc,7550,0,0,0,0,0,0
asymmetric_p2p_tornado_16mib,n-mrc,7552,0,0,0,0,0,0
asymmetric_p2p_tornado_16mib,n-mrc,7554,0,0,0,0,0,0
asymmetric_p2p_tornado_16mib,n-mrc,7556,0,0,0,0,0,0
asymmetric_p2p_tornado_16mib,n-mrc,7558,0,0,0,0,0,0
asymmetric_p2p_tornado_16mib,n-mrc,7560,0,0,0,0,0,0
asymmetric_p2p_tornado_16mib,n-mrc,7562,0,0,0,0,0,0
asymmetric_p2p_tornado_16mib,n-mrc,7564,0,0,0,0,0,0
asymmetric_p2p_tornado_16mib,n-mrc,7566,0,0,0,0,0,0
asymmetric_p2p_tornado_16mib,n-mrc,7568,0,0,0,0,0,0
asymmetric_p2p_tornado_16mib,n-mrc,7570,0,0,0,0,0,0
asymmetric_p2p_tornado_16mib,n-mrc,7572,0,0,0,0,0,0
asymmetric_p2p_tornado_16mib,n-mrc,7574,0,0,0,0,0,0
asymmetric_p2p_tornado_16mib,n-mrc,7576,0,0,0,0,0,0
asymmetric_p2p_tornado_16mib,n-mrc,7578,0,0,0,0,0,0
asymmetric_p2p_tornado_16mib,n-mrc,7580,0,0,0,0,0,0
asymmetric_p2p_tornado_16mib,n-mrc,7582,0,0,0,0,0,0
asymmetric_p2p_tornado_16mib,n-mrc,7584,0,0,0,0,0,0
asymmetric_p2p_tornado_16mib,n-mrc,7586,0,0,0,0,0,0
asymmetric_p2p_tornado_16mib,n-mrc,7588,0,0,0,0,0,0
asymmetric_p2p_tornado_16mib,n-mrc,7590,0,0,0,0,0,0
asymmetric_p2p_tornado_16mib,n-mrc,7592,0,0,0,0,0,0
asymmetric_p2p_tornado_16mib,n-mrc,7594,0,0,0,0,0,0
asymmetric_p2p_tornado_16mib,n-mrc,7596,0,0,0,0,0,0
asymmetric_p2p_tornado_16mib,n-mrc,7598,0,0,0,0,0,0
asymmetric_p2p_tornado_16mib,n-mrc,7600,0,0,0,0,0,0
asymmetric_p2p_tornado_16mib,n-mrc,7602,0,0,0,0,0,0
asymmetric_p2p_tornado_16mib,n-mrc,7604,0,0,0,0,0,0
asymmetric_p2p_tornado_16mib,n-mrc,7606,0,0,0,0,0,0
asymmetric_p2p_tornado_16mib,n-mrc,7608,0,0,0,0,0,0
asymmetric_p2p_tornado_16mib,n-mrc,7610,0,0,0,0,0,0
asymmetric_p2p_tornado_16mib,n-mrc,7612,0,0,0,0,0,0
asymmetric_p2p_tornado_16mib,n-mrc,7614,0,0,0,0,0,0
asymmetric_p2p_tornado_16mib,n-mrc,7616,0,0,0,0,0,0
asymmetric_p2p_tornado_16mib,n-mrc,7618,0,0,0,0,0,0
asymmetric_p2p_tornado_16mib,n-mrc,7620,0,0,0,0,0,0
asymmetric_p2p_tornado_16mib,n-mrc,7622,0,0,0,0,0,0
asymmetric_p2p_tornado_16mib,n-mrc,7624,0,0,0,0,0,0
asymmetric_p2p_tornado_16mib,n-mrc,7626,0,0,0,0,0,0
asymmetric_p2p_tornado_16mib,n-mrc,7628,0,0,0,0,0,0
asymmetric_p2p_tornado_16mib,n-mrc,7630,0,0,0,0,0,0
asymmetric_p2p_tornado_16mib,n-mrc,7632,0,0,0,0,0,0
asymmetric_p2p_tornado_16mib,n-mrc,7634,0,0,0,0,0,0
asymmetric_p2p_tornado_16mib,n-mrc,7636,0,0,0,0,0,0
asymmetric_p2p_tornado_16mib,n-mrc,7638,0,0,0,0,0,0
asymmetric_p2p_tornado_16mib,n-mrc,7640,0,0,0,0,0,0
asymmetric_p2p_tornado_16mib,n-mrc,7642,0,0,0,0,0,0
asymmetric_p2p_tornado_16mib,n-mrc,7644,0,0,0,0,0,0
asymmetric_p2p_tornado_16mib,n-mrc,7646,0,0,0,0,0,0
asymmetric_p2p_tornado_16mib,n-mrc,7648,0,0,0,0,0,0
asymmetric_p2p_tornado_16mib,n-mrc,7650,0,0,0,0,0,0
asymmetric_p2p_tornado_16mib,n-mrc,7652,0,0,0,0,0,0
asymmetric_p2p_tornado_16mib,n-mrc,7654,0,0,0,0,0,0
asymmetric_p2p_tornado_16mib,n-mrc,7656,0,0,0,0,0,0
asymmetric_p2p_tornado_16mib,n-mrc,7658,0,0,0,0,0,0
asymmetric_p2p_tornado_16mib,n-mrc,7660,0,0,0,0,0,0
asymmetric_p2p_tornado_16mib,n-mrc,7662,0,0,0,0,0,0
asymmetric_p2p_tornado_16mib,n-mrc,7664,0,0,0,0,0,0
asymmetric_p2p_tornado_16mib,n-mrc,7666,0,0,0,0,0,0
asymmetric_p2p_tornado_16mib,n-mrc,7668,0,0,0,0,0,0
asymmetric_p2p_tornado_16mib,n-mrc,7670,0,0,0,0,0,0
asymmetric_p2p_tornado_16mib,n-mrc,7672,0,0,0,0,0,0
asymmetric_p2p_tornado_16mib,n-mrc,7674,0,0,0,0,0,0
asymmetric_p2p_tornado_16mib,n-mrc,7676,0,0,0,0,0,0
asymmetric_p2p_tornado_16mib,n-mrc,7678,0,0,0,0,0,0
asymmetric_p2p_tornado_16mib,n-mrc,7680,0,0,0,0,0,0
asymmetric_p2p_tornado_16mib,n-mrc,7682,0,0,0,0,0,0
asymmetric_p2p_tornado_16mib,n-mrc,7684,0,0,0,0,0,0
asymmetric_p2p_tornado_16mib,n-mrc,7686,0,0,0,0,0,0
asymmetric_p2p_tornado_16mib,n-mrc,7688,0,0,0,0,0,0
asymmetric_p2p_tornado_16mib,n-mrc,7690,0,0,0,0,0,0
asymmetric_p2p_tornado_16mib,n-mrc,7692,0,0,0,0,0,0
asymmetric_p2p_tornado_16mib,n-mrc,7694,0,0,0,0,0,0
asymmetric_p2p_tornado_16mib,n-mrc,7696,0,0,0,0,0,0
asymmetric_p2p_tornado_16mib,n-mrc,7698,0,0,0,0,0,0
asymmetric_p2p_tornado_16mib,n-mrc,7700,0,0,0,0,0,0
asymmetric_p2p_tornado_16mib,n-mrc,7702,0,0,0,0,0,0
asymmetric_p2p_tornado_16mib,n-mrc,7704,0,0,0,0,0,0
asymmetric_p2p_tornado_16mib,n-mrc,7706,0,0,0,0,0,0
asymmetric_p2p_tornado_16mib,n-mrc,7708,0,0,0,0,0,0
asymmetric_p2p_tornado_16mib,n-mrc,7710,0,0,0,0,0,0
asymmetric_p2p_tornado_16mib,n-mrc,7712,0,0,0,0,0,0
asymmetric_p2p_tornado_16mib,n-mrc,7714,0,0,0,0,0,0
asymmetric_p2p_tornado_16mib,n-mrc,7716,0,0,0,0,0,0
asymmetric_p2p_tornado_16mib,n-mrc,7718,0,0,0,0,0,0
asymmetric_p2p_tornado_16mib,n-mrc,7720,0,0,0,0,0,0
asymmetric_p2p_tornado_16mib,n-mrc,7722,0,0,0,0,0,0
asymmetric_p2p_tornado_16mib,n-mrc,7724,0,0,0,0,0,0
asymmetric_p2p_tornado_16mib,n-mrc,7726,0,0,0,0,0,0
asymmetric_p2p_tornado_16mib,n-mrc,7728,0,0,0,0,0,0
asymmetric_p2p_tornado_16mib,n-mrc,7730,0,0,0,0,0,0
asymmetric_p2p_tornado_16mib,n-mrc,7732,0,0,0,0,0,0
asymmetric_p2p_tornado_16mib,n-mrc,7734,0,0,0,0,0,0
asymmetric_p2p_tornado_16mib,n-mrc,7736,0,0,0,0,0,0
asymmetric_p2p_tornado_16mib,n-mrc,7738,0,0,0,0,0,0
asymmetric_p2p_tornado_16mib,n-mrc,7740,0,0,0,0,0,0
asymmetric_p2p_tornado_16mib,n-mrc,7742,0,0,0,0,0,0
asymmetric_p2p_tornado_16mib,n-mrc,7744,0,0,0,0,0,0
asymmetric_p2p_tornado_16mib,n-mrc,7746,0,0,0,0,0,0
asymmetric_p2p_tornado_16mib,n-mrc,7748,0,0,0,0,0,0
asymmetric_p2p_tornado_16mib,n-mrc,7750,0,0,0,0,0,0
asymmetric_p2p_tornado_16mib,n-mrc,7752,0,0,0,0,0,0
asymmetric_p2p_tornado_16mib,n-mrc,7754,0,0,0,0,0,0
asymmetric_p2p_tornado_16mib,n-mrc,7756,0,0,0,0,0,0
asymmetric_p2p_tornado_16mib,n-mrc,7758,0,0,0,0,0,0
asymmetric_p2p_tornado_16mib,n-mrc,7760,0,0,0,0,0,0
asymmetric_p2p_tornado_16mib,n-mrc,7762,0,0,0,0,0,0
asymmetric_p2p_tornado_16mib,n-mrc,7764,0,0,0,0,0,0
asymmetric_p2p_tornado_16mib,n-mrc,7766,0,0,0,0,0,0
asymmetric_p2p_tornado_16mib,n-mrc,7768,0,0,0,0,0,0
asymmetric_p2p_tornado_16mib,n-mrc,7770,0,0,0,0,0,0
asymmetric_p2p_tornado_16mib,n-mrc,7772,0,0,0,0,0,0
asymmetric_p2p_tornado_16mib,n-mrc,7774,0,0,0,0,0,0
asymmetric_p2p_tornado_16mib,n-mrc,7776,0,0,0,0,0,0
asymmetric_p2p_tornado_16mib,n-mrc,7778,0,0,0,0,0,0
asymmetric_p2p_tornado_16mib,n-mrc,7780,0,0,0,0,0,0
asymmetric_p2p_tornado_16mib,n-mrc,7782,0,0,0,0,0,0
asymmetric_p2p_tornado_16mib,n-mrc,7784,0,0,0,0,0,0
asymmetric_p2p_tornado_16mib,n-mrc,7786,0,0,0,0,0,0
asymmetric_p2p_tornado_16mib,n-mrc,7788,0,0,0,0,0,0
asymmetric_p2p_tornado_16mib,n-mrc,7790,0,0,0,0,0,0
asymmetric_p2p_tornado_16mib,n-mrc,7792,0,0,0,0,0,0
asymmetric_p2p_tornado_16mib,n-mrc,7794,0,0,0,0,0,0
asymmetric_p2p_tornado_16mib,n-mrc,7796,0,0,0,0,0,0
asymmetric_p2p_tornado_16mib,n-mrc,7798,0,0,0,0,0,0
asymmetric_p2p_tornado_16mib,n-mrc,7800,0,0,0,0,0,0
asymmetric_p2p_tornado_16mib,n-mrc,7802,0,0,0,0,0,0
asymmetric_p2p_tornado_16mib,n-mrc,7804,0,0,0,0,0,0
asymmetric_p2p_tornado_16mib,n-mrc,7806,0,0,0,0,0,0
asymmetric_p2p_tornado_16mib,n-mrc,7808,0,0,0,0,0,0
asymmetric_p2p_tornado_16mib,n-mrc,7810,0,0,0,0,0,0
asymmetric_p2p_tornado_16mib,n-mrc,7812,0,0,0,0,0,0
asymmetric_p2p_tornado_16mib,n-mrc,7814,0,0,0,0,0,0
asymmetric_p2p_tornado_16mib,n-mrc,7816,0,0,0,0,0,0
asymmetric_p2p_tornado_16mib,n-mrc,7818,0,0,0,0,0,0
asymmetric_p2p_tornado_16mib,n-mrc,7820,0,0,0,0,0,0
asymmetric_p2p_tornado_16mib,n-mrc,7822,0,0,0,0,0,0
asymmetric_p2p_tornado_16mib,n-mrc,7824,0,0,0,0,0,0
asymmetric_p2p_tornado_16mib,n-mrc,7826,0,0,0,0,0,0
asymmetric_p2p_tornado_16mib,n-mrc,7828,0,0,0,0,0,0
asymmetric_p2p_tornado_16mib,n-mrc,7830,0,0,0,0,0,0
asymmetric_p2p_tornado_16mib,n-mrc,7832,0,0,0,0,0,0
asymmetric_p2p_tornado_16mib,n-mrc,7834,0,0,0,0,0,0
asymmetric_p2p_tornado_16mib,n-mrc,7836,0,0,0,0,0,0
asymmetric_p2p_tornado_16mib,n-mrc,7838,0,0,0,0,0,0
asymmetric_p2p_tornado_16mib,n-mrc,7840,0,0,0,0,0,0
asymmetric_p2p_tornado_16mib,n-mrc,7842,0,0,0,0,0,0
asymmetric_p2p_tornado_16mib,n-mrc,7844,0,0,0,0,0,0
asymmetric_p2p_tornado_16mib,n-mrc,7846,0,0,0,0,0,0
asymmetric_p2p_tornado_16mib,n-mrc,7848,0,0,0,0,0,0
asymmetric_p2p_tornado_16mib,n-mrc,7850,0,0,0,0,0,0
asymmetric_p2p_tornado_16mib,n-mrc,7852,0,0,0,0,0,0
asymmetric_p2p_tornado_16mib,n-mrc,7854,0,0,0,0,0,0
asymmetric_p2p_tornado_16mib,n-mrc,7856,0,0,0,0,0,0
asymmetric_p2p_tornado_16mib,n-mrc,7858,0,0,0,0,0,0
asymmetric_p2p_tornado_16mib,n-mrc,7860,0,0,0,0,0,0
asymmetric_p2p_tornado_16mib,n-mrc,7862,0,0,0,0,0,0
asymmetric_p2p_tornado_16mib,n-mrc,7864,0,0,0,0,0,0
asymmetric_p2p_tornado_16mib,n-mrc,7866,0,0,0,0,0,0
asymmetric_p2p_tornado_16mib,n-mrc,7868,0,0,0,0,0,0
asymmetric_p2p_tornado_16mib,n-mrc,7870,0,0,0,0,0,0
asymmetric_p2p_tornado_16mib,n-mrc,7872,0,0,0,0,0,0
asymmetric_p2p_tornado_16mib,n-mrc,7874,0,0,0,0,0,0
asymmetric_p2p_tornado_16mib,n-mrc,7876,0,0,0,0,0,0
asymmetric_p2p_tornado_16mib,n-mrc,7878,0,0,0,0,0,0
asymmetric_p2p_tornado_16mib,n-mrc,7880,0,0,0,0,0,0
asymmetric_p2p_tornado_16mib,n-mrc,7882,0,0,0,0,0,0
asymmetric_p2p_tornado_16mib,n-mrc,7884,0,0,0,0,0,0
asymmetric_p2p_tornado_16mib,n-mrc,7886,0,0,0,0,0,0
asymmetric_p2p_tornado_16mib,n-mrc,7888,0,0,0,0,0,0
asymmetric_p2p_tornado_16mib,n-mrc,7890,0,0,0,0,0,0
asymmetric_p2p_tornado_16mib,n-mrc,7892,0,0,0,0,0,0
asymmetric_p2p_tornado_16mib,n-mrc,7894,0,0,0,0,0,0
asymmetric_p2p_tornado_16mib,n-mrc,7896,0,0,0,0,0,0
asymmetric_p2p_tornado_16mib,n-mrc,7898,0,0,0,0,0,0
asymmetric_p2p_tornado_16mib,n-mrc,7900,0,0,0,0,0,0
asymmetric_p2p_tornado_16mib,n-mrc,7902,0,0,0,0,0,0
asymmetric_p2p_tornado_16mib,n-mrc,7904,0,0,0,0,0,0
asymmetric_p2p_tornado_16mib,n-mrc,7906,0,0,0,0,0,0
asymmetric_p2p_tornado_16mib,n-mrc,7908,0,0,0,0,0,0
asymmetric_p2p_tornado_16mib,n-mrc,7910,0,0,0,0,0,0
asymmetric_p2p_tornado_16mib,n-mrc,7912,0,0,0,0,0,0
asymmetric_p2p_tornado_16mib,n-mrc,7914,0,0,0,0,0,0
asymmetric_p2p_tornado_16mib,n-mrc,7916,0,0,0,0,0,0
asymmetric_p2p_tornado_16mib,n-mrc,7918,0,0,0,0,0,0
asymmetric_p2p_tornado_16mib,n-mrc,7920,0,0,0,0,0,0
asymmetric_p2p_tornado_16mib,n-mrc,7922,0,0,0,0,0,0
asymmetric_p2p_tornado_16mib,n-mrc,7924,0,0,0,0,0,0
asymmetric_p2p_tornado_16mib,n-mrc,7926,0,0,0,0,0,0
asymmetric_p2p_tornado_16mib,n-mrc,7928,0,0,0,0,0,0
asymmetric_p2p_tornado_16mib,n-mrc,7930,0,0,0,0,0,0
asymmetric_p2p_tornado_16mib,n-mrc,7932,0,0,0,0,0,0
asymmetric_p2p_tornado_16mib,n-mrc,7934,0,0,0,0,0,0
asymmetric_p2p_tornado_16mib,n-mrc,7936,0,0,0,0,0,0
asymmetric_p2p_tornado_16mib,n-mrc,7938,0,0,0,0,0,0
asymmetric_p2p_tornado_16mib,n-mrc,7940,0,0,0,0,0,0
asymmetric_p2p_tornado_16mib,n-mrc,7942,0,0,0,0,0,0
asymmetric_p2p_tornado_16mib,n-mrc,7944,0,0,0,0,0,0
asymmetric_p2p_tornado_16mib,n-mrc,7946,0,0,0,0,0,0
asymmetric_p2p_tornado_16mib,n-mrc,7948,0,0,0,0,0,0
asymmetric_p2p_tornado_16mib,n-mrc,7950,0,0,0,0,0,0
asymmetric_p2p_tornado_16mib,n-mrc,7952,0,0,0,0,0,0
asymmetric_p2p_tornado_16mib,n-mrc,7954,0,0,0,0,0,0
asymmetric_p2p_tornado_16mib,n-mrc,7956,0,0,0,0,0,0
asymmetric_p2p_tornado_16mib,n-mrc,7958,0,0,0,0,0,0
asymmetric_p2p_tornado_16mib,n-mrc,7960,0,0,0,0,0,0
asymmetric_p2p_tornado_16mib,n-mrc,7962,0,0,0,0,0,0
asymmetric_p2p_tornado_16mib,n-mrc,7964,0,0,0,0,0,0
asymmetric_p2p_tornado_16mib,n-mrc,7966,0,0,0,0,0,0
asymmetric_p2p_tornado_16mib,n-mrc,7968,0,0,0,0,0,0
asymmetric_p2p_tornado_16mib,n-mrc,7970,0,0,0,0,0,0
asymmetric_p2p_tornado_16mib,n-mrc,7972,0,0,0,0,0,0
asymmetric_p2p_tornado_16mib,n-mrc,7974,0,0,0,0,0,0
asymmetric_p2p_tornado_16mib,n-mrc,7976,0,0,0,0,0,0
asymmetric_p2p_tornado_16mib,n-mrc,7978,0,0,0,0,0,0
asymmetric_p2p_tornado_16mib,n-mrc,7980,0,0,0,0,0,0
asymmetric_p2p_tornado_16mib,n-mrc,7982,0,0,0,0,0,0
asymmetric_p2p_tornado_16mib,n-mrc,7984,0,0,0,0,0,0
asymmetric_p2p_tornado_16mib,n-mrc,7986,0,0,0,0,0,0
asymmetric_p2p_tornado_16mib,n-mrc,7988,0,0,0,0,0,0
asymmetric_p2p_tornado_16mib,n-mrc,7990,0,0,0,0,0,0
asymmetric_p2p_tornado_16mib,n-mrc,7992,0,0,0,0,0,0
asymmetric_p2p_tornado_16mib,n-mrc,7994,0,0,0,0,0,0
asymmetric_p2p_tornado_16mib,n-mrc,7996,0,0,0,0,0,0
asymmetric_p2p_tornado_16mib,n-mrc,7998,0,0,0,0,0,0
asymmetric_p2p_tornado_16mib,n-mrc,8000,0,0,0,0,0,0
asymmetric_p2p_tornado_16mib,n-mrc,8002,0,0,0,0,0,0
asymmetric_p2p_tornado_16mib,n-mrc,8004,0,0,0,0,0,0
asymmetric_p2p_tornado_16mib,n-mrc,8006,0,0,0,0,0,0
asymmetric_p2p_tornado_16mib,n-mrc,8008,0,0,0,0,0,0
asymmetric_p2p_tornado_16mib,n-mrc,8010,0,0,0,0,0,0
asymmetric_p2p_tornado_16mib,n-mrc,8012,0,0,0,0,0,0
asymmetric_p2p_tornado_16mib,n-mrc,8014,0,0,0,0,0,0
asymmetric_p2p_tornado_16mib,n-mrc,8016,0,0,0,0,0,0
asymmetric_p2p_tornado_16mib,n-mrc,8018,0,0,0,0,0,0
asymmetric_p2p_tornado_16mib,n-mrc,8020,0,0,0,0,0,0
asymmetric_p2p_tornado_16mib,n-mrc,8022,0,0,0,0,0,0
asymmetric_p2p_tornado_16mib,n-mrc,8024,0,0,0,0,0,0
asymmetric_p2p_tornado_16mib,n-mrc,8026,0,0,0,0,0,0
asymmetric_p2p_tornado_16mib,n-mrc,8028,0,0,0,0,0,0
asymmetric_p2p_tornado_16mib,n-mrc,8030,0,0,0,0,0,0
asymmetric_p2p_tornado_16mib,n-mrc,8032,0,0,0,0,0,0
asymmetric_p2p_tornado_16mib,n-mrc,8034,0,0,0,0,0,0
asymmetric_p2p_tornado_16mib,n-mrc,8036,0,0,0,0,0,0
asymmetric_p2p_tornado_16mib,n-mrc,8038,0,0,0,0,0,0
asymmetric_p2p_tornado_16mib,n-mrc,8040,0,0,0,0,0,0
asymmetric_p2p_tornado_16mib,n-mrc,8042,0,0,0,0,0,0
asymmetric_p2p_tornado_16mib,n-mrc,8044,0,0,0,0,0,0
asymmetric_p2p_tornado_16mib,n-mrc,8046,0,0,0,0,0,0
asymmetric_p2p_tornado_16mib,n-mrc,8048,0,0,0,0,0,0
asymmetric_p2p_tornado_16mib,n-mrc,8050,0,0,0,0,0,0
asymmetric_p2p_tornado_16mib,n-mrc,8052,0,0,0,0,0,0
asymmetric_p2p_tornado_16mib,n-mrc,8054,0,0,0,0,0,0
asymmetric_p2p_tornado_16mib,n-mrc,8056,0,0,0,0,0,0
asymmetric_p2p_tornado_16mib,n-mrc,8058,0,0,0,0,0,0
asymmetric_p2p_tornado_16mib,n-mrc,8060,0,0,0,0,0,0
asymmetric_p2p_tornado_16mib,n-mrc,8062,0,0,0,0,0,0
asymmetric_p2p_tornado_16mib,n-mrc,8064,0,0,0,0,0,0
asymmetric_p2p_tornado_16mib,n-mrc,8066,0,0,0,0,0,0
asymmetric_p2p_tornado_16mib,n-mrc,8068,0,0,0,0,0,0
asymmetric_p2p_tornado_16mib,n-mrc,8070,0,0,0,0,0,0
asymmetric_p2p_tornado_16mib,n-mrc,8072,0,0,0,0,0,0
asymmetric_p2p_tornado_16mib,n-mrc,8074,0,0,0,0,0,0
asymmetric_p2p_tornado_16mib,n-mrc,8076,0,0,0,0,0,0
asymmetric_p2p_tornado_16mib,n-mrc,8078,0,0,0,0,0,0
asymmetric_p2p_tornado_16mib,n-mrc,8080,0,0,0,0,0,0
asymmetric_p2p_tornado_16mib,n-mrc,8082,0,0,0,0,0,0
asymmetric_p2p_tornado_16mib,n-mrc,8084,0,0,0,0,0,0
asymmetric_p2p_tornado_16mib,n-mrc,8086,0,0,0,0,0,0
asymmetric_p2p_tornado_16mib,n-mrc,8088,0,0,0,0,0,0
asymmetric_p2p_tornado_16mib,n-mrc,8090,0,0,0,0,0,0
asymmetric_p2p_tornado_16mib,n-mrc,8092,0,0,0,0,0,0
asymmetric_p2p_tornado_16mib,n-mrc,8094,0,0,0,0,0,0
asymmetric_p2p_tornado_16mib,n-mrc,8096,0,0,0,0,0,0
asymmetric_p2p_tornado_16mib,n-mrc,8098,0,0,0,0,0,0
asymmetric_p2p_tornado_16mib,n-mrc,8100,0,0,0,0,0,0
asymmetric_p2p_tornado_16mib,n-mrc,8102,0,0,0,0,0,0
asymmetric_p2p_tornado_16mib,n-mrc,8104,0,0,0,0,0,0
asymmetric_p2p_tornado_16mib,n-mrc,8106,0,0,0,0,0,0
asymmetric_p2p_tornado_16mib,n-mrc,8108,0,0,0,0,0,0
asymmetric_p2p_tornado_16mib,n-mrc,8110,0,0,0,0,0,0
asymmetric_p2p_tornado_16mib,n-mrc,8112,0,0,0,0,0,0
asymmetric_p2p_tornado_16mib,n-mrc,8114,0,0,0,0,0,0
asymmetric_p2p_tornado_16mib,n-mrc,8116,0,0,0,0,0,0
asymmetric_p2p_tornado_16mib,n-mrc,8118,0,0,0,0,0,0
asymmetric_p2p_tornado_16mib,n-mrc,8120,0,0,0,0,0,0
asymmetric_p2p_tornado_16mib,n-mrc,8122,0,0,0,0,0,0
asymmetric_p2p_tornado_16mib,n-mrc,8124,0,0,0,0,0,0
asymmetric_p2p_tornado_16mib,n-mrc,8126,0,0,0,0,0,0
asymmetric_p2p_tornado_16mib,n-mrc,8128,0,0,0,0,0,0
asymmetric_p2p_tornado_16mib,n-mrc,8130,0,0,0,0,0,0
asymmetric_p2p_tornado_16mib,n-mrc,8132,0,0,0,0,0,0
asymmetric_p2p_tornado_16mib,n-mrc,8134,0,0,0,0,0,0
asymmetric_p2p_tornado_16mib,n-mrc,8136,0,0,0,0,0,0
asymmetric_p2p_tornado_16mib,n-mrc,8138,0,0,0,0,0,0
asymmetric_p2p_tornado_16mib,n-mrc,8140,0,0,0,0,0,0
asymmetric_p2p_tornado_16mib,n-mrc,8142,0,0,0,0,0,0
asymmetric_p2p_tornado_16mib,n-mrc,8144,0,0,0,0,0,0
asymmetric_p2p_tornado_16mib,n-mrc,8146,0,0,0,0,0,0
asymmetric_p2p_tornado_16mib,n-mrc,8148,0,0,0,0,0,0
asymmetric_p2p_tornado_16mib,n-mrc,8150,0,0,0,0,0,0
asymmetric_p2p_tornado_16mib,n-mrc,8152,0,0,0,0,0,0
asymmetric_p2p_tornado_16mib,n-mrc,8154,0,0,0,0,0,0
asymmetric_p2p_tornado_16mib,n-mrc,8156,0,0,0,0,0,0
asymmetric_p2p_tornado_16mib,n-mrc,8158,0,0,0,0,0,0
asymmetric_p2p_tornado_16mib,n-mrc,8160,0,0,0,0,0,0
asymmetric_p2p_tornado_16mib,n-mrc,8162,0,0,0,0,0,0
asymmetric_p2p_tornado_16mib,n-mrc,8164,0,0,0,0,0,0
asymmetric_p2p_tornado_16mib,n-mrc,8166,0,0,0,0,0,0
asymmetric_p2p_tornado_16mib,n-mrc,8168,0,0,0,0,0,0
asymmetric_p2p_tornado_16mib,n-mrc,8170,0,0,0,0,0,0
asymmetric_p2p_tornado_16mib,n-mrc,8172,0,0,0,0,0,0
asymmetric_p2p_tornado_16mib,n-mrc,8174,0,0,0,0,0,0
asymmetric_p2p_tornado_16mib,n-mrc,8176,0,0,0,0,0,0
asymmetric_p2p_tornado_16mib,n-mrc,8178,0,0,0,0,0,0
asymmetric_p2p_tornado_16mib,n-mrc,8180,0,0,0,0,0,0
asymmetric_p2p_tornado_16mib,n-mrc,8182,0,0,0,0,0,0
asymmetric_p2p_tornado_16mib,n-mrc,8184,0,0,0,0,0,0
asymmetric_p2p_tornado_16mib,n-mrc,8186,0,0,0,0,0,0
asymmetric_p2p_tornado_16mib,n-mrc,8188,0,0,0,0,0,0
asymmetric_p2p_tornado_16mib,n-mrc,8190,0,0,0,0,0,0
asymmetric_p2p_tornado_16mib,n-mrc,8192,0,0,0,0,0,0
asymmetric_p2p_tornado_16mib,n-mrc,8194,0,0,0,0,0,0
asymmetric_p2p_tornado_16mib,n-mrc,8196,0,0,0,0,0,0
asymmetric_p2p_tornado_16mib,n-mrc,8198,0,0,0,0,0,0
asymmetric_p2p_tornado_16mib,n-mrc,8200,0,0,0,0,0,0
asymmetric_p2p_tornado_16mib,n-mrc,8202,0,0,0,0,0,0
asymmetric_p2p_tornado_16mib,n-mrc,8204,0,0,0,0,0,0
asymmetric_p2p_tornado_16mib,n-mrc,8206,0,0,0,0,0,0
asymmetric_p2p_tornado_16mib,n-mrc,8208,0,0,0,0,0,0
asymmetric_p2p_tornado_16mib,n-mrc,8210,0,0,0,0,0,0
asymmetric_p2p_tornado_16mib,n-mrc,8212,0,0,0,0,0,0
asymmetric_p2p_tornado_16mib,n-mrc,8214,0,0,0,0,0,0
asymmetric_p2p_tornado_16mib,n-mrc,8216,0,0,0,0,0,0
asymmetric_p2p_tornado_16mib,n-mrc,8218,0,0,0,0,0,0
asymmetric_p2p_tornado_16mib,n-mrc,8220,0,0,0,0,0,0
asymmetric_p2p_tornado_16mib,n-mrc,8222,0,0,0,0,0,0
asymmetric_p2p_tornado_16mib,n-mrc,8224,0,0,0,0,0,0
asymmetric_p2p_tornado_16mib,n-mrc,8226,0,0,0,0,0,0
asymmetric_p2p_tornado_16mib,n-mrc,8228,0,0,0,0,0,0
asymmetric_p2p_tornado_16mib,n-mrc,8230,0,0,0,0,0,0
asymmetric_p2p_tornado_16mib,n-mrc,8232,0,0,0,0,0,0
asymmetric_p2p_tornado_16mib,n-mrc,8234,0,0,0,0,0,0
asymmetric_p2p_tornado_16mib,n-mrc,8236,0,0,0,0,0,0
asymmetric_p2p_tornado_16mib,n-mrc,8238,0,0,0,0,0,0
asymmetric_p2p_tornado_16mib,n-mrc,8240,0,0,0,0,0,0
asymmetric_p2p_tornado_16mib,n-mrc,8242,0,0,0,0,0,0
asymmetric_p2p_tornado_16mib,n-mrc,8244,0,0,0,0,0,0
asymmetric_p2p_tornado_16mib,n-mrc,8246,0,0,0,0,0,0
asymmetric_p2p_tornado_16mib,n-mrc,8248,0,0,0,0,0,0
asymmetric_p2p_tornado_16mib,n-mrc,8250,0,0,0,0,0,0
asymmetric_p2p_tornado_16mib,n-mrc,8252,0,0,0,0,0,0
asymmetric_p2p_tornado_16mib,n-mrc,8254,0,0,0,0,0,0
asymmetric_p2p_tornado_16mib,n-mrc,8256,0,0,0,0,0,0
asymmetric_p2p_tornado_16mib,n-mrc,8258,0,0,0,0,0,0
asymmetric_p2p_tornado_16mib,n-mrc,8260,0,0,0,0,0,0
asymmetric_p2p_tornado_16mib,n-mrc,8262,0,0,0,0,0,0
asymmetric_p2p_tornado_16mib,n-mrc,8264,0,0,0,0,0,0
asymmetric_p2p_tornado_16mib,n-mrc,8266,0,0,0,0,0,0
asymmetric_p2p_tornado_16mib,n-mrc,8268,0,0,0,0,0,0
asymmetric_p2p_tornado_16mib,n-mrc,8270,0,0,0,0,0,0
asymmetric_p2p_tornado_16mib,n-mrc,8272,0,0,0,0,0,0
asymmetric_p2p_tornado_16mib,n-mrc,8274,0,0,0,0,0,0
asymmetric_p2p_tornado_16mib,n-mrc,8276,0,0,0,0,0,0
asymmetric_p2p_tornado_16mib,n-mrc,8278,0,0,0,0,0,0
asymmetric_p2p_tornado_16mib,n-mrc,8280,0,0,0,0,0,0
asymmetric_p2p_tornado_16mib,n-mrc,8282,0,0,0,0,0,0
asymmetric_p2p_tornado_16mib,n-mrc,8284,0,0,0,0,0,0
asymmetric_p2p_tornado_16mib,n-mrc,8286,0,0,0,0,0,0
asymmetric_p2p_tornado_16mib,n-mrc,8288,0,0,0,0,0,0
asymmetric_p2p_tornado_16mib,n-mrc,8290,0,0,0,0,0,0
asymmetric_p2p_tornado_16mib,n-mrc,8292,0,0,0,0,0,0
asymmetric_p2p_tornado_16mib,n-mrc,8294,0,0,0,0,0,0
asymmetric_p2p_tornado_16mib,n-mrc,8296,0,0,0,0,0,0
asymmetric_p2p_tornado_16mib,n-mrc,8298,0,0,0,0,0,0
asymmetric_p2p_tornado_16mib,n-mrc,8300,0,0,0,0,0,0
asymmetric_p2p_tornado_16mib,n-mrc,8302,0,0,0,0,0,0
asymmetric_p2p_tornado_16mib,n-mrc,8304,0,0,0,0,0,0
asymmetric_p2p_tornado_16mib,n-mrc,8306,0,0,0,0,0,0
asymmetric_p2p_tornado_16mib,n-mrc,8308,0,0,0,0,0,0
asymmetric_p2p_tornado_16mib,n-mrc,8310,0,0,0,0,0,0
asymmetric_p2p_tornado_16mib,n-mrc,8312,0,0,0,0,0,0
asymmetric_p2p_tornado_16mib,n-mrc,8314,0,0,0,0,0,0
asymmetric_p2p_tornado_16mib,n-mrc,8316,0,0,0,0,0,0
asymmetric_p2p_tornado_16mib,n-mrc,8318,0,0,0,0,0,0
asymmetric_p2p_tornado_16mib,n-mrc,8320,0,0,0,0,0,0
asymmetric_p2p_tornado_16mib,n-mrc,8322,0,0,0,0,0,0
asymmetric_p2p_tornado_16mib,n-mrc,8324,0,0,0,0,0,0
asymmetric_p2p_tornado_16mib,n-mrc,8326,0,0,0,0,0,0
asymmetric_p2p_tornado_16mib,n-mrc,8328,0,0,0,0,0,0
asymmetric_p2p_tornado_16mib,n-mrc,8330,0,0,0,0,0,0
asymmetric_p2p_tornado_16mib,n-mrc,8332,0,0,0,0,0,0
asymmetric_p2p_tornado_16mib,n-mrc,8334,0,0,0,0,0,0
asymmetric_p2p_tornado_16mib,n-mrc,8336,0,0,0,0,0,0
asymmetric_p2p_tornado_16mib,n-mrc,8338,0,0,0,0,0,0
asymmetric_p2p_tornado_16mib,n-mrc,8340,0,0,0,0,0,0
asymmetric_p2p_tornado_16mib,n-mrc,8342,0,0,0,0,0,0
asymmetric_p2p_tornado_16mib,n-mrc,8344,0,0,0,0,0,0
asymmetric_p2p_tornado_16mib,n-mrc,8346,0,0,0,0,0,0
asymmetric_p2p_tornado_16mib,n-mrc,8348,0,0,0,0,0,0
asymmetric_p2p_tornado_16mib,n-mrc,8350,0,0,0,0,0,0
asymmetric_p2p_tornado_16mib,n-mrc,8352,0,0,0,0,0,0
asymmetric_p2p_tornado_16mib,n-mrc,8354,0,0,0,0,0,0
asymmetric_p2p_tornado_16mib,n-mrc,8356,0,0,0,0,0,0
asymmetric_p2p_tornado_16mib,n-mrc,8358,0,0,0,0,0,0
asymmetric_p2p_tornado_16mib,n-mrc,8360,0,0,0,0,0,0
asymmetric_p2p_tornado_16mib,n-mrc,8362,0,0,0,0,0,0
asymmetric_p2p_tornado_16mib,n-mrc,8364,0,0,0,0,0,0
asymmetric_p2p_tornado_16mib,n-mrc,8366,0,0,0,0,0,0
asymmetric_p2p_tornado_16mib,n-mrc,8368,0,0,0,0,0,0
asymmetric_p2p_tornado_16mib,n-mrc,8370,0,0,0,0,0,0
asymmetric_p2p_tornado_16mib,n-mrc,8372,0,0,0,0,0,0
asymmetric_p2p_tornado_16mib,n-mrc,8374,0,0,0,0,0,0
asymmetric_p2p_tornado_16mib,n-mrc,8376,0,0,0,0,0,0
asymmetric_p2p_tornado_16mib,n-mrc,8378,0,0,0,0,0,0
asymmetric_p2p_tornado_16mib,n-mrc,8380,0,0,0,0,0,0
asymmetric_p2p_tornado_16mib,n-mrc,8382,0,0,0,0,0,0
asymmetric_p2p_tornado_16mib,n-mrc,8384,0,0,0,0,0,0
asymmetric_p2p_tornado_16mib,n-mrc,8386,0,0,0,0,0,0
asymmetric_p2p_tornado_16mib,n-mrc,8388,0,0,0,0,0,0
asymmetric_p2p_tornado_16mib,n-mrc,8390,0,0,0,0,0,0
asymmetric_p2p_tornado_16mib,n-mrc,8392,0,0,0,0,0,0
asymmetric_p2p_tornado_16mib,n-mrc,8394,0,0,0,0,0,0
asymmetric_p2p_tornado_16mib,n-mrc,8396,0,0,0,0,0,0
asymmetric_p2p_tornado_16mib,n-mrc,8398,0,0,0,0,0,0
asymmetric_p2p_tornado_16mib,n-mrc,8400,0,0,0,0,0,0
asymmetric_p2p_tornado_16mib,n-mrc,8402,0,0,0,0,0,0
asymmetric_p2p_tornado_16mib,n-mrc,8404,0,0,0,0,0,0
asymmetric_p2p_tornado_16mib,n-mrc,8406,0,0,0,0,0,0
asymmetric_p2p_tornado_16mib,n-mrc,8408,0,0,0,0,0,0
asymmetric_p2p_tornado_16mib,n-mrc,8410,0,0,0,0,0,0
asymmetric_p2p_tornado_16mib,n-mrc,8412,0,0,0,0,0,0
asymmetric_p2p_tornado_16mib,n-mrc,8414,0,0,0,0,0,0
asymmetric_p2p_tornado_16mib,n-mrc,8416,0,0,0,0,0,0
asymmetric_p2p_tornado_16mib,n-mrc,8418,0,0,0,0,0,0
asymmetric_p2p_tornado_16mib,n-mrc,8420,0,0,0,0,0,0
asymmetric_p2p_tornado_16mib,n-mrc,8422,0,0,0,0,0,0
asymmetric_p2p_tornado_16mib,n-mrc,8424,0,0,0,0,0,0
asymmetric_p2p_tornado_16mib,n-mrc,8426,0,0,0,0,0,0
asymmetric_p2p_tornado_16mib,n-mrc,8428,0,0,0,0,0,0
asymmetric_p2p_tornado_16mib,n-mrc,8430,0,0,0,0,0,0
asymmetric_p2p_tornado_16mib,n-mrc,8432,0,0,0,0,0,0
asymmetric_p2p_tornado_16mib,n-mrc,8434,0,0,0,0,0,0
asymmetric_p2p_tornado_16mib,n-mrc,8436,0,0,0,0,0,0
asymmetric_p2p_tornado_16mib,n-mrc,8438,0,0,0,0,0,0
asymmetric_p2p_tornado_16mib,n-mrc,8440,0,0,0,0,0,0
asymmetric_p2p_tornado_16mib,n-mrc,8442,0,0,0,0,0,0
asymmetric_p2p_tornado_16mib,n-mrc,8444,0,0,0,0,0,0
asymmetric_p2p_tornado_16mib,n-mrc,8446,0,0,0,0,0,0
asymmetric_p2p_tornado_16mib,n-mrc,8448,0,0,0,0,0,0
asymmetric_p2p_tornado_16mib,n-mrc,8450,0,0,0,0,0,0
asymmetric_p2p_tornado_16mib,n-mrc,8452,0,0,0,0,0,0
asymmetric_p2p_tornado_16mib,n-mrc,8454,0,0,0,0,0,0
asymmetric_p2p_tornado_16mib,n-mrc,8456,0,0,0,0,0,0
asymmetric_p2p_tornado_16mib,n-mrc,8458,0,0,0,0,0,0
asymmetric_p2p_tornado_16mib,n-mrc,8460,0,0,0,0,0,0
asymmetric_p2p_tornado_16mib,n-mrc,8462,0,0,0,0,0,0
asymmetric_p2p_tornado_16mib,n-mrc,8464,0,0,0,0,0,0
asymmetric_p2p_tornado_16mib,n-mrc,8466,0,0,0,0,0,0
asymmetric_p2p_tornado_16mib,n-mrc,8468,0,0,0,0,0,0
asymmetric_p2p_tornado_16mib,n-mrc,8470,0,0,0,0,0,0
asymmetric_p2p_tornado_16mib,n-mrc,8472,0,0,0,0,0,0
asymmetric_p2p_tornado_16mib,n-mrc,8474,0,0,0,0,0,0
asymmetric_p2p_tornado_16mib,n-mrc,8476,0,0,0,0,0,0
asymmetric_p2p_tornado_16mib,n-mrc,8478,0,0,0,0,0,0
asymmetric_p2p_tornado_16mib,n-mrc,8480,0,0,0,0,0,0
asymmetric_p2p_tornado_16mib,n-mrc,8482,0,0,0,0,0,0
asymmetric_p2p_tornado_16mib,n-mrc,8484,0,0,0,0,0,0
asymmetric_p2p_tornado_16mib,n-mrc,8486,0,0,0,0,0,0
asymmetric_p2p_tornado_16mib,n-mrc,8488,0,0,0,0,0,0
asymmetric_p2p_tornado_16mib,n-mrc,8490,0,0,0,0,0,0
asymmetric_p2p_tornado_16mib,n-mrc,8492,0,0,0,0,0,0
asymmetric_p2p_tornado_16mib,n-mrc,8494,0,0,0,0,0,0
asymmetric_p2p_tornado_16mib,n-mrc,8496,0,0,0,0,0,0
asymmetric_p2p_tornado_16mib,n-mrc,8498,0,0,0,0,0,0
asymmetric_p2p_tornado_16mib,n-mrc,8500,0,0,0,0,0,0
asymmetric_p2p_tornado_16mib,n-mrc,8502,0,0,0,0,0,0
asymmetric_p2p_tornado_16mib,n-mrc,8504,0,0,0,0,0,0
asymmetric_p2p_tornado_16mib,n-mrc,8506,0,0,0,0,0,0
asymmetric_p2p_tornado_16mib,n-mrc,8508,0,0,0,0,0,0
asymmetric_p2p_tornado_16mib,n-mrc,8510,0,0,0,0,0,0
asymmetric_p2p_tornado_16mib,n-mrc,8512,0,0,0,0,0,0
asymmetric_p2p_tornado_16mib,n-mrc,8514,0,0,0,0,0,0
asymmetric_p2p_tornado_16mib,n-mrc,8516,0,0,0,0,0,0
asymmetric_p2p_tornado_16mib,n-mrc,8518,0,0,0,0,0,0
asymmetric_p2p_tornado_16mib,n-mrc,8520,0,0,0,0,0,0
asymmetric_p2p_tornado_16mib,n-mrc,8522,0,0,0,0,0,0
asymmetric_p2p_tornado_16mib,n-mrc,8524,0,0,0,0,0,0
asymmetric_p2p_tornado_16mib,n-mrc,8526,0,0,0,0,0,0
asymmetric_p2p_tornado_16mib,n-mrc,8528,0,0,0,0,0,0
asymmetric_p2p_tornado_16mib,n-mrc,8530,0,0,0,0,0,0
asymmetric_p2p_tornado_16mib,n-mrc,8532,0,0,0,0,0,0
asymmetric_p2p_tornado_16mib,n-mrc,8534,0,0,0,0,0,0
asymmetric_p2p_tornado_16mib,n-mrc,8536,0,0,0,0,0,0
asymmetric_p2p_tornado_16mib,n-mrc,8538,0,0,0,0,0,0
asymmetric_p2p_tornado_16mib,n-mrc,8540,0,0,0,0,0,0
asymmetric_p2p_tornado_16mib,n-mrc,8542,0,0,0,0,0,0
asymmetric_p2p_tornado_16mib,n-mrc,8544,0,0,0,0,0,0
asymmetric_p2p_tornado_16mib,n-mrc,8546,0,0,0,0,0,0
asymmetric_p2p_tornado_16mib,n-mrc,8548,0,0,0,0,0,0
asymmetric_p2p_tornado_16mib,n-mrc,8550,0,0,0,0,0,0
asymmetric_p2p_tornado_16mib,n-mrc,8552,0,0,0,0,0,0
asymmetric_p2p_tornado_16mib,n-mrc,8554,0,0,0,0,0,0
asymmetric_p2p_tornado_16mib,n-mrc,8556,0,0,0,0,0,0
asymmetric_p2p_tornado_16mib,n-mrc,8558,0,0,0,0,0,0
asymmetric_p2p_tornado_16mib,n-mrc,8560,0,0,0,0,0,0
asymmetric_p2p_tornado_16mib,n-mrc,8562,0,0,0,0,0,0
asymmetric_p2p_tornado_16mib,n-mrc,8564,0,0,0,0,0,0
asymmetric_p2p_tornado_16mib,n-mrc,8566,0,0,0,0,0,0
asymmetric_p2p_tornado_16mib,n-mrc,8568,0,0,0,0,0,0
asymmetric_p2p_tornado_16mib,n-mrc,8570,0,0,0,0,0,0
asymmetric_p2p_tornado_16mib,n-mrc,8572,0,0,0,0,0,0
asymmetric_p2p_tornado_16mib,n-mrc,8574,0,0,0,0,0,0
asymmetric_p2p_tornado_16mib,n-mrc,8576,0,0,0,0,0,0
asymmetric_p2p_tornado_16mib,n-mrc,8578,0,0,0,0,0,0
asymmetric_p2p_tornado_16mib,n-mrc,8580,0,0,0,0,0,0
asymmetric_p2p_tornado_16mib,n-mrc,8582,0,0,0,0,0,0
asymmetric_p2p_tornado_16mib,n-mrc,8584,0,0,0,0,0,0
asymmetric_p2p_tornado_16mib,n-mrc,8586,0,0,0,0,0,0
asymmetric_p2p_tornado_16mib,n-mrc,8588,0,0,0,0,0,0
asymmetric_p2p_tornado_16mib,n-mrc,8590,0,0,0,0,0,0
asymmetric_p2p_tornado_16mib,n-mrc,8592,0,0,0,0,0,0
asymmetric_p2p_tornado_16mib,n-mrc,8594,0,0,0,0,0,0
asymmetric_p2p_tornado_16mib,n-mrc,8596,0,0,0,0,0,0
asymmetric_p2p_tornado_16mib,n-mrc,8598,0,0,0,0,0,0
asymmetric_p2p_tornado_16mib,n-mrc,8600,0,0,0,0,0,0
asymmetric_p2p_tornado_16mib,n-mrc,8602,0,0,0,0,0,0
asymmetric_p2p_tornado_16mib,n-mrc,8604,0,0,0,0,0,0
asymmetric_p2p_tornado_16mib,n-mrc,8606,0,0,0,0,0,0
asymmetric_p2p_tornado_16mib,n-mrc,8608,0,0,0,0,0,0
asymmetric_p2p_tornado_16mib,n-mrc,8610,0,0,0,0,0,0
asymmetric_p2p_tornado_16mib,n-mrc,8612,0,0,0,0,0,0
asymmetric_p2p_tornado_16mib,n-mrc,8614,0,0,0,0,0,0
asymmetric_p2p_tornado_16mib,n-mrc,8616,0,0,0,0,0,0
asymmetric_p2p_tornado_16mib,n-mrc,8618,0,0,0,0,0,0
asymmetric_p2p_tornado_16mib,n-mrc,8620,0,0,0,0,0,0
asymmetric_p2p_tornado_16mib,n-mrc,8622,0,0,0,0,0,0
asymmetric_p2p_tornado_16mib,n-mrc,8624,0,0,0,0,0,0
asymmetric_p2p_tornado_16mib,n-mrc,8626,0,0,0,0,0,0
asymmetric_p2p_tornado_16mib,n-mrc,8628,0,0,0,0,0,0
asymmetric_p2p_tornado_16mib,n-mrc,8630,0,0,0,0,0,0
asymmetric_p2p_tornado_16mib,n-mrc,8632,0,0,0,0,0,0
asymmetric_p2p_tornado_16mib,n-mrc,8634,0,0,0,0,0,0
asymmetric_p2p_tornado_16mib,n-mrc,8636,0,0,0,0,0,0
asymmetric_p2p_tornado_16mib,n-mrc,8638,0,0,0,0,0,0
asymmetric_p2p_tornado_16mib,n-mrc,8640,0,0,0,0,0,0
asymmetric_p2p_tornado_16mib,n-mrc,8642,0,0,0,0,0,0
asymmetric_p2p_tornado_16mib,n-mrc,8644,0,0,0,0,0,0
asymmetric_p2p_tornado_16mib,n-mrc,8646,0,0,0,0,0,0
asymmetric_p2p_tornado_16mib,n-mrc,8648,0,0,0,0,0,0
asymmetric_p2p_tornado_16mib,n-mrc,8650,0,0,0,0,0,0
asymmetric_p2p_tornado_16mib,n-mrc,8652,0,0,0,0,0,0
asymmetric_p2p_tornado_16mib,n-mrc,8654,0,0,0,0,0,0
asymmetric_p2p_tornado_16mib,n-mrc,8656,0,0,0,0,0,0
asymmetric_p2p_tornado_16mib,n-mrc,8658,0,0,0,0,0,0
asymmetric_p2p_tornado_16mib,n-mrc,8660,0,0,0,0,0,0
asymmetric_p2p_tornado_16mib,n-mrc,8662,0,0,0,0,0,0
asymmetric_p2p_tornado_16mib,n-mrc,8664,0,0,0,0,0,0
asymmetric_p2p_tornado_16mib,n-mrc,8666,0,0,0,0,0,0
asymmetric_p2p_tornado_16mib,n-mrc,8668,0,0,0,0,0,0
asymmetric_p2p_tornado_16mib,n-mrc,8670,0,0,0,0,0,0
asymmetric_p2p_tornado_16mib,n-mrc,8672,0,0,0,0,0,0
asymmetric_p2p_tornado_16mib,n-mrc,8674,0,0,0,0,0,0
asymmetric_p2p_tornado_16mib,n-mrc,8676,0,0,0,0,0,0
asymmetric_p2p_tornado_16mib,n-mrc,8678,0,0,0,0,0,0
asymmetric_p2p_tornado_16mib,n-mrc,8680,0,0,0,0,0,0
asymmetric_p2p_tornado_16mib,n-mrc,8682,0,0,0,0,0,0
asymmetric_p2p_tornado_16mib,n-mrc,8684,0,0,0,0,0,0
asymmetric_p2p_tornado_16mib,n-mrc,8686,0,0,0,0,0,0
asymmetric_p2p_tornado_16mib,n-mrc,8688,0,0,0,0,0,0
asymmetric_p2p_tornado_16mib,n-mrc,8690,0,0,0,0,0,0
asymmetric_p2p_tornado_16mib,n-mrc,8692,0,0,0,0,0,0
asymmetric_p2p_tornado_16mib,n-mrc,8694,0,0,0,0,0,0
asymmetric_p2p_tornado_16mib,n-mrc,8696,0,0,0,0,0,0
asymmetric_p2p_tornado_16mib,n-mrc,8698,0,0,0,0,0,0
asymmetric_p2p_tornado_16mib,n-mrc,8700,0,0,0,0,0,0
asymmetric_p2p_tornado_16mib,n-mrc,8702,0,0,0,0,0,0
asymmetric_p2p_tornado_16mib,n-mrc,8704,0,0,0,0,0,0
asymmetric_p2p_tornado_16mib,n-mrc,8706,0,0,0,0,0,0
asymmetric_p2p_tornado_16mib,n-mrc,8708,0,0,0,0,0,0
asymmetric_p2p_tornado_16mib,n-mrc,8710,0,0,0,0,0,0
asymmetric_p2p_tornado_16mib,n-mrc,8712,0,0,0,0,0,0
asymmetric_p2p_tornado_16mib,n-mrc,8714,0,0,0,0,0,0
asymmetric_p2p_tornado_16mib,n-mrc,8716,0,0,0,0,0,0
asymmetric_p2p_tornado_16mib,n-mrc,8718,0,0,0,0,0,0
asymmetric_p2p_tornado_16mib,n-mrc,8720,0,0,0,0,0,0
asymmetric_p2p_tornado_16mib,n-mrc,8722,0,0,0,0,0,0
asymmetric_p2p_tornado_16mib,n-mrc,8724,0,0,0,0,0,0
asymmetric_p2p_tornado_16mib,n-mrc,8726,0,0,0,0,0,0
asymmetric_p2p_tornado_16mib,n-mrc,8728,0,0,0,0,0,0
asymmetric_p2p_tornado_16mib,n-mrc,8730,0,0,0,0,0,0
asymmetric_p2p_tornado_16mib,n-mrc,8732,0,0,0,0,0,0
asymmetric_p2p_tornado_16mib,n-mrc,8734,0,0,0,0,0,0
asymmetric_p2p_tornado_16mib,n-mrc,8736,0,0,0,0,0,0
asymmetric_p2p_tornado_16mib,n-mrc,8738,0,0,0,0,0,0
asymmetric_p2p_tornado_16mib,n-mrc,8740,0,0,0,0,0,0
asymmetric_p2p_tornado_16mib,n-mrc,8742,0,0,0,0,0,0
asymmetric_p2p_tornado_16mib,n-mrc,8744,0,0,0,0,0,0
asymmetric_p2p_tornado_16mib,n-mrc,8746,0,0,0,0,0,0
asymmetric_p2p_tornado_16mib,n-mrc,8748,0,0,0,0,0,0
asymmetric_p2p_tornado_16mib,n-mrc,8750,0,0,0,0,0,0
asymmetric_p2p_tornado_16mib,n-mrc,8752,0,0,0,0,0,0
asymmetric_p2p_tornado_16mib,n-mrc,8754,0,0,0,0,0,0
asymmetric_p2p_tornado_16mib,n-mrc,8756,0,0,0,0,0,0
asymmetric_p2p_tornado_16mib,n-mrc,8758,0,0,0,0,0,0
asymmetric_p2p_tornado_16mib,n-mrc,8760,0,0,0,0,0,0
asymmetric_p2p_tornado_16mib,n-mrc,8762,0,0,0,0,0,0
asymmetric_p2p_tornado_16mib,n-mrc,8764,0,0,0,0,0,0
asymmetric_p2p_tornado_16mib,n-mrc,8766,0,0,0,0,0,0
asymmetric_p2p_tornado_16mib,n-mrc,8768,0,0,0,0,0,0
asymmetric_p2p_tornado_16mib,n-mrc,8770,0,0,0,0,0,0
asymmetric_p2p_tornado_16mib,n-mrc,8772,0,0,0,0,0,0
asymmetric_p2p_tornado_16mib,n-mrc,8774,0,0,0,0,0,0
asymmetric_p2p_tornado_16mib,n-mrc,8776,0,0,0,0,0,0
asymmetric_p2p_tornado_16mib,n-mrc,8778,0,0,0,0,0,0
asymmetric_p2p_tornado_16mib,n-mrc,8780,0,0,0,0,0,0
asymmetric_p2p_tornado_16mib,n-mrc,8782,0,0,0,0,0,0
asymmetric_p2p_tornado_16mib,n-mrc,8784,0,0,0,0,0,0
asymmetric_p2p_tornado_16mib,n-mrc,8786,0,0,0,0,0,0
asymmetric_p2p_tornado_16mib,n-mrc,8788,0,0,0,0,0,0
asymmetric_p2p_tornado_16mib,n-mrc,8790,0,0,0,0,0,0
asymmetric_p2p_tornado_16mib,n-mrc,8792,0,0,0,0,0,0
asymmetric_p2p_tornado_16mib,n-mrc,8794,0,0,0,0,0,0
asymmetric_p2p_tornado_16mib,n-mrc,8796,0,0,0,0,0,0
asymmetric_p2p_tornado_16mib,n-mrc,8798,0,0,0,0,0,0
asymmetric_p2p_tornado_16mib,n-mrc,8800,0,0,0,0,0,0
asymmetric_p2p_tornado_16mib,n-mrc,8802,0,0,0,0,0,0
asymmetric_p2p_tornado_16mib,n-mrc,8804,0,0,0,0,0,0
asymmetric_p2p_tornado_16mib,n-mrc,8806,0,0,0,0,0,0
asymmetric_p2p_tornado_16mib,n-mrc,8808,0,0,0,0,0,0
asymmetric_p2p_tornado_16mib,n-mrc,8810,0,0,0,0,0,0
asymmetric_p2p_tornado_16mib,n-mrc,8812,0,0,0,0,0,0
asymmetric_p2p_tornado_16mib,n-mrc,8814,0,0,0,0,0,0
asymmetric_p2p_tornado_16mib,n-mrc,8816,0,0,0,0,0,0
asymmetric_p2p_tornado_16mib,n-mrc,8818,0,0,0,0,0,0
asymmetric_p2p_tornado_16mib,n-mrc,8820,0,0,0,0,0,0
asymmetric_p2p_tornado_16mib,n-mrc,8822,0,0,0,0,0,0
asymmetric_p2p_tornado_16mib,n-mrc,8824,0,0,0,0,0,0
asymmetric_p2p_tornado_16mib,n-mrc,8826,0,0,0,0,0,0
asymmetric_p2p_tornado_16mib,n-mrc,8828,0,0,0,0,0,0
asymmetric_p2p_tornado_16mib,n-mrc,8830,0,0,0,0,0,0
asymmetric_p2p_tornado_16mib,n-mrc,8832,0,0,0,0,0,0
asymmetric_p2p_tornado_16mib,n-mrc,8834,0,0,0,0,0,0
asymmetric_p2p_tornado_16mib,n-mrc,8836,0,0,0,0,0,0
asymmetric_p2p_tornado_16mib,n-mrc,8838,0,0,0,0,0,0
asymmetric_p2p_tornado_16mib,n-mrc,8840,0,0,0,0,0,0
asymmetric_p2p_tornado_16mib,n-mrc,8842,0,0,0,0,0,0
asymmetric_p2p_tornado_16mib,n-mrc,8844,0,0,0,0,0,0
asymmetric_p2p_tornado_16mib,n-mrc,8846,0,0,0,0,0,0
asymmetric_p2p_tornado_16mib,n-mrc,8848,0,0,0,0,0,0
asymmetric_p2p_tornado_16mib,n-mrc,8850,0,0,0,0,0,0
asymmetric_p2p_tornado_16mib,n-mrc,8852,0,0,0,0,0,0
asymmetric_p2p_tornado_16mib,n-mrc,8854,0,0,0,0,0,0
asymmetric_p2p_tornado_16mib,n-mrc,8856,0,0,0,0,0,0
asymmetric_p2p_tornado_16mib,n-mrc,8858,0,0,0,0,0,0
asymmetric_p2p_tornado_16mib,n-mrc,8860,0,0,0,0,0,0
asymmetric_p2p_tornado_16mib,n-mrc,8862,0,0,0,0,0,0
asymmetric_p2p_tornado_16mib,n-mrc,8864,0,0,0,0,0,0
asymmetric_p2p_tornado_16mib,n-mrc,8866,0,0,0,0,0,0
asymmetric_p2p_tornado_16mib,n-mrc,8868,0,0,0,0,0,0
asymmetric_p2p_tornado_16mib,n-mrc,8870,0,0,0,0,0,0
asymmetric_p2p_tornado_16mib,n-mrc,8872,0,0,0,0,0,0
asymmetric_p2p_tornado_16mib,n-mrc,8874,0,0,0,0,0,0
asymmetric_p2p_tornado_16mib,n-mrc,8876,0,0,0,0,0,0
asymmetric_p2p_tornado_16mib,n-mrc,8878,0,0,0,0,0,0
asymmetric_p2p_tornado_16mib,n-mrc,8880,0,0,0,0,0,0
asymmetric_p2p_tornado_16mib,n-mrc,8882,0,0,0,0,0,0
asymmetric_p2p_tornado_16mib,n-mrc,8884,0,0,0,0,0,0
asymmetric_p2p_tornado_16mib,n-mrc,8886,0,0,0,0,0,0
asymmetric_p2p_tornado_16mib,n-mrc,8888,0,0,0,0,0,0
asymmetric_p2p_tornado_16mib,n-mrc,8890,0,0,0,0,0,0
asymmetric_p2p_tornado_16mib,n-mrc,8892,0,0,0,0,0,0
asymmetric_p2p_tornado_16mib,n-mrc,8894,0,0,0,0,0,0
asymmetric_p2p_tornado_16mib,n-mrc,8896,0,0,0,0,0,0
asymmetric_p2p_tornado_16mib,n-mrc,8898,0,0,0,0,0,0
asymmetric_p2p_tornado_16mib,n-mrc,8900,0,0,0,0,0,0
asymmetric_p2p_tornado_16mib,n-mrc,8902,0,0,0,0,0,0
asymmetric_p2p_tornado_16mib,n-mrc,8904,0,0,0,0,0,0
asymmetric_p2p_tornado_16mib,n-mrc,8906,0,0,0,0,0,0
asymmetric_p2p_tornado_16mib,n-mrc,8908,0,0,0,0,0,0
asymmetric_p2p_tornado_16mib,n-mrc,8910,0,0,0,0,0,0
asymmetric_p2p_tornado_16mib,n-mrc,8912,0,0,0,0,0,0
asymmetric_p2p_tornado_16mib,n-mrc,8914,0,0,0,0,0,0
asymmetric_p2p_tornado_16mib,n-mrc,8916,0,0,0,0,0,0
asymmetric_p2p_tornado_16mib,n-mrc,8918,0,0,0,0,0,0
asymmetric_p2p_tornado_16mib,n-mrc,8920,0,0,0,0,0,0
asymmetric_p2p_tornado_16mib,n-mrc,8922,0,0,0,0,0,0
asymmetric_p2p_tornado_16mib,n-mrc,8924,0,0,0,0,0,0
asymmetric_p2p_tornado_16mib,n-mrc,8926,0,0,0,0,0,0
asymmetric_p2p_tornado_16mib,n-mrc,8928,0,0,0,0,0,0
asymmetric_p2p_tornado_16mib,n-mrc,8930,0,0,0,0,0,0
asymmetric_p2p_tornado_16mib,n-mrc,8932,0,0,0,0,0,0
asymmetric_p2p_tornado_16mib,n-mrc,8934,0,0,0,0,0,0
asymmetric_p2p_tornado_16mib,n-mrc,8936,0,0,0,0,0,0
asymmetric_p2p_tornado_16mib,n-mrc,8938,0,0,0,0,0,0
asymmetric_p2p_tornado_16mib,n-mrc,8940,0,0,0,0,0,0
asymmetric_p2p_tornado_16mib,n-mrc,8942,0,0,0,0,0,0
asymmetric_p2p_tornado_16mib,n-mrc,8944,0,0,0,0,0,0
asymmetric_p2p_tornado_16mib,n-mrc,8946,0,0,0,0,0,0
asymmetric_p2p_tornado_16mib,n-mrc,8948,0,0,0,0,0,0
asymmetric_p2p_tornado_16mib,n-mrc,8950,0,0,0,0,0,0
asymmetric_p2p_tornado_16mib,n-mrc,8952,0,0,0,0,0,0
asymmetric_p2p_tornado_16mib,n-mrc,8954,0,0,0,0,0,0
asymmetric_p2p_tornado_16mib,n-mrc,8956,0,0,0,0,0,0
asymmetric_p2p_tornado_16mib,n-mrc,8958,0,0,0,0,0,0
asymmetric_p2p_tornado_16mib,n-mrc,8960,0,0,0,0,0,0
asymmetric_p2p_tornado_16mib,n-mrc,8962,0,0,0,0,0,0
asymmetric_p2p_tornado_16mib,n-mrc,8964,0,0,0,0,0,0
asymmetric_p2p_tornado_16mib,n-mrc,8966,0,0,0,0,0,0
asymmetric_p2p_tornado_16mib,n-mrc,8968,0,0,0,0,0,0
asymmetric_p2p_tornado_16mib,n-mrc,8970,0,0,0,0,0,0
asymmetric_p2p_tornado_16mib,n-mrc,8972,0,0,0,0,0,0
asymmetric_p2p_tornado_16mib,n-mrc,8974,0,0,0,0,0,0
asymmetric_p2p_tornado_16mib,n-mrc,8976,0,0,0,0,0,0
asymmetric_p2p_tornado_16mib,n-mrc,8978,0,0,0,0,0,0
asymmetric_p2p_tornado_16mib,n-mrc,8980,0,0,0,0,0,0
asymmetric_p2p_tornado_16mib,n-mrc,8982,0,0,0,0,0,0
asymmetric_p2p_tornado_16mib,n-mrc,8984,0,0,0,0,0,0
asymmetric_p2p_tornado_16mib,n-mrc,8986,0,0,0,0,0,0
asymmetric_p2p_tornado_16mib,n-mrc,8988,0,0,0,0,0,0
asymmetric_p2p_tornado_16mib,n-mrc,8990,0,0,0,0,0,0
asymmetric_p2p_tornado_16mib,n-mrc,8992,0,0,0,0,0,0
asymmetric_p2p_tornado_16mib,n-mrc,8994,0,0,0,0,0,0
asymmetric_p2p_tornado_16mib,n-mrc,8996,0,0,0,0,0,0
asymmetric_p2p_tornado_16mib,n-mrc,8998,0,0,0,0,0,0
asymmetric_p2p_tornado_16mib,n-mrc,9000,0,0,0,0,0,0
asymmetric_p2p_tornado_16mib,n-mrc,9002,0,0,0,0,0,0
asymmetric_p2p_tornado_16mib,n-mrc,9004,0,0,0,0,0,0
asymmetric_p2p_tornado_16mib,n-mrc,9006,0,0,0,0,0,0
asymmetric_p2p_tornado_16mib,n-mrc,9008,0,0,0,0,0,0
asymmetric_p2p_tornado_16mib,n-mrc,9010,0,0,0,0,0,0
asymmetric_p2p_tornado_16mib,n-mrc,9012,0,0,0,0,0,0
asymmetric_p2p_tornado_16mib,n-mrc,9014,0,0,0,0,0,0
asymmetric_p2p_tornado_16mib,n-mrc,9016,0,0,0,0,0,0
asymmetric_p2p_tornado_16mib,n-mrc,9018,0,0,0,0,0,0
asymmetric_p2p_tornado_16mib,n-mrc,9020,0,0,0,0,0,0
asymmetric_p2p_tornado_16mib,n-mrc,9022,0,0,0,0,0,0
asymmetric_p2p_tornado_16mib,n-mrc,9024,0,0,0,0,0,0
asymmetric_p2p_tornado_16mib,n-mrc,9026,0,0,0,0,0,0
asymmetric_p2p_tornado_16mib,n-mrc,9028,0,0,0,0,0,0
asymmetric_p2p_tornado_16mib,n-mrc,9030,0,0,0,0,0,0
asymmetric_p2p_tornado_16mib,n-mrc,9032,0,0,0,0,0,0
asymmetric_p2p_tornado_16mib,n-mrc,9034,0,0,0,0,0,0
asymmetric_p2p_tornado_16mib,n-mrc,9036,0,0,0,0,0,0
asymmetric_p2p_tornado_16mib,n-mrc,9038,0,0,0,0,0,0
asymmetric_p2p_tornado_16mib,n-mrc,9040,0,0,0,0,0,0
asymmetric_p2p_tornado_16mib,n-mrc,9042,0,0,0,0,0,0
asymmetric_p2p_tornado_16mib,n-mrc,9044,0,0,0,0,0,0
asymmetric_p2p_tornado_16mib,n-mrc,9046,0,0,0,0,0,0
asymmetric_p2p_tornado_16mib,n-mrc,9048,0,0,0,0,0,0
asymmetric_p2p_tornado_16mib,n-mrc,9050,0,0,0,0,0,0
asymmetric_p2p_tornado_16mib,n-mrc,9052,0,0,0,0,0,0
asymmetric_p2p_tornado_16mib,n-mrc,9054,0,0,0,0,0,0
asymmetric_p2p_tornado_16mib,n-mrc,9056,0,0,0,0,0,0
asymmetric_p2p_tornado_16mib,n-mrc,9058,0,0,0,0,0,0
asymmetric_p2p_tornado_16mib,n-mrc,9060,0,0,0,0,0,0
asymmetric_p2p_tornado_16mib,n-mrc,9062,0,0,0,0,0,0
asymmetric_p2p_tornado_16mib,n-mrc,9064,0,0,0,0,0,0
asymmetric_p2p_tornado_16mib,n-mrc,9066,0,0,0,0,0,0
asymmetric_p2p_tornado_16mib,n-mrc,9068,0,0,0,0,0,0
asymmetric_p2p_tornado_16mib,n-mrc,9070,0,0,0,0,0,0
asymmetric_p2p_tornado_16mib,n-mrc,9072,0,0,0,0,0,0
asymmetric_p2p_tornado_16mib,n-mrc,9074,0,0,0,0,0,0
asymmetric_p2p_tornado_16mib,n-mrc,9076,0,0,0,0,0,0
asymmetric_p2p_tornado_16mib,n-mrc,9078,0,0,0,0,0,0
asymmetric_p2p_tornado_16mib,n-mrc,9080,0,0,0,0,0,0
asymmetric_p2p_tornado_16mib,n-mrc,9082,0,0,0,0,0,0
asymmetric_p2p_tornado_16mib,n-mrc,9084,0,0,0,0,0,0
asymmetric_p2p_tornado_16mib,n-mrc,9086,0,0,0,0,0,0
asymmetric_p2p_tornado_16mib,n-mrc,9088,0,0,0,0,0,0
asymmetric_p2p_tornado_16mib,n-mrc,9090,0,0,0,0,0,0
asymmetric_p2p_tornado_16mib,n-mrc,9092,0,0,0,0,0,0
asymmetric_p2p_tornado_16mib,n-mrc,9094,0,0,0,0,0,0
asymmetric_p2p_tornado_16mib,n-mrc,9096,0,0,0,0,0,0
asymmetric_p2p_tornado_16mib,n-mrc,9098,0,0,0,0,0,0
asymmetric_p2p_tornado_16mib,n-mrc,9100,0,0,0,0,0,0
asymmetric_p2p_tornado_16mib,n-mrc,9102,0,0,0,0,0,0
asymmetric_p2p_tornado_16mib,n-mrc,9104,0,0,0,0,0,0
asymmetric_p2p_tornado_16mib,n-mrc,9106,0,0,0,0,0,0
asymmetric_p2p_tornado_16mib,n-mrc,9108,0,0,0,0,0,0
asymmetric_p2p_tornado_16mib,n-mrc,9110,0,0,0,0,0,0
asymmetric_p2p_tornado_16mib,n-mrc,9112,0,0,0,0,0,0
asymmetric_p2p_tornado_16mib,n-mrc,9114,0,0,0,0,0,0
asymmetric_p2p_tornado_16mib,n-mrc,9116,0,0,0,0,0,0
asymmetric_p2p_tornado_16mib,n-mrc,9118,0,0,0,0,0,0
asymmetric_p2p_tornado_16mib,n-mrc,9120,0,0,0,0,0,0
asymmetric_p2p_tornado_16mib,n-mrc,9122,0,0,0,0,0,0
asymmetric_p2p_tornado_16mib,n-mrc,9124,0,0,0,0,0,0
asymmetric_p2p_tornado_16mib,n-mrc,9126,0,0,0,0,0,0
asymmetric_p2p_tornado_16mib,n-mrc,9128,0,0,0,0,0,0
asymmetric_p2p_tornado_16mib,n-mrc,9130,0,0,0,0,0,0
asymmetric_p2p_tornado_16mib,n-mrc,9132,0,0,0,0,0,0
asymmetric_p2p_tornado_16mib,n-mrc,9134,0,0,0,0,0,0
asymmetric_p2p_tornado_16mib,n-mrc,9136,0,0,0,0,0,0
asymmetric_p2p_tornado_16mib,n-mrc,9138,0,0,0,0,0,0
asymmetric_p2p_tornado_16mib,n-mrc,9140,0,0,0,0,0,0
asymmetric_p2p_tornado_16mib,n-mrc,9142,0,0,0,0,0,0
asymmetric_p2p_tornado_16mib,n-mrc,9144,0,0,0,0,0,0
asymmetric_p2p_tornado_16mib,n-mrc,9146,0,0,0,0,0,0
asymmetric_p2p_tornado_16mib,n-mrc,9148,0,0,0,0,0,0
asymmetric_p2p_tornado_16mib,n-mrc,9150,0,0,0,0,0,0
asymmetric_p2p_tornado_16mib,n-mrc,9152,0,0,0,0,0,0
asymmetric_p2p_tornado_16mib,n-mrc,9154,0,0,0,0,0,0
asymmetric_p2p_tornado_16mib,n-mrc,9156,0,0,0,0,0,0
asymmetric_p2p_tornado_16mib,n-mrc,9158,0,0,0,0,0,0
asymmetric_p2p_tornado_16mib,n-mrc,9160,0,0,0,0,0,0
asymmetric_p2p_tornado_16mib,n-mrc,9162,0,0,0,0,0,0
asymmetric_p2p_tornado_16mib,n-mrc,9164,0,0,0,0,0,0
asymmetric_p2p_tornado_16mib,n-mrc,9166,0,0,0,0,0,0
asymmetric_p2p_tornado_16mib,n-mrc,9168,0,0,0,0,0,0
asymmetric_p2p_tornado_16mib,n-mrc,9170,0,0,0,0,0,0
asymmetric_p2p_tornado_16mib,n-mrc,9172,0,0,0,0,0,0
asymmetric_p2p_tornado_16mib,n-mrc,9174,0,0,0,0,0,0
asymmetric_p2p_tornado_16mib,n-mrc,9176,0,0,0,0,0,0
asymmetric_p2p_tornado_16mib,n-mrc,9178,0,0,0,0,0,0
asymmetric_p2p_tornado_16mib,n-mrc,9180,0,0,0,0,0,0
asymmetric_p2p_tornado_16mib,n-mrc,9182,0,0,0,0,0,0
asymmetric_p2p_tornado_16mib,n-mrc,9184,0,0,0,0,0,0
asymmetric_p2p_tornado_16mib,n-mrc,9186,0,0,0,0,0,0
asymmetric_p2p_tornado_16mib,n-mrc,9188,0,0,0,0,0,0
asymmetric_p2p_tornado_16mib,n-mrc,9190,0,0,0,0,0,0
asymmetric_p2p_tornado_16mib,n-mrc,9192,0,0,0,0,0,0
asymmetric_p2p_tornado_16mib,n-mrc,9194,0,0,0,0,0,0
asymmetric_p2p_tornado_16mib,n-mrc,9196,0,0,0,0,0,0
asymmetric_p2p_tornado_16mib,n-mrc,9198,0,0,0,0,0,0
asymmetric_p2p_tornado_16mib,n-mrc,9200,0,0,0,0,0,0
asymmetric_p2p_tornado_16mib,n-mrc,9202,0,0,0,0,0,0
asymmetric_p2p_tornado_16mib,n-mrc,9204,0,0,0,0,0,0
asymmetric_p2p_tornado_16mib,n-mrc,9206,0,0,0,0,0,0
asymmetric_p2p_tornado_16mib,n-mrc,9208,0,0,0,0,0,0
asymmetric_p2p_tornado_16mib,n-mrc,9210,0,0,0,0,0,0
asymmetric_p2p_tornado_16mib,n-mrc,9212,0,0,0,0,0,0
asymmetric_p2p_tornado_16mib,n-mrc,9214,0,0,0,0,0,0
asymmetric_p2p_tornado_16mib,n-mrc,9216,0,0,0,0,0,0
asymmetric_p2p_tornado_16mib,n-mrc,9218,0,0,0,0,0,0
asymmetric_p2p_tornado_16mib,n-mrc,9220,0,0,0,0,0,0
asymmetric_p2p_tornado_16mib,n-mrc,9222,0,0,0,0,0,0
asymmetric_p2p_tornado_16mib,n-mrc,9224,0,0,0,0,0,0
asymmetric_p2p_tornado_16mib,n-mrc,9226,0,0,0,0,0,0
asymmetric_p2p_tornado_16mib,n-mrc,9228,0,0,0,0,0,0
asymmetric_p2p_tornado_16mib,n-mrc,9230,0,0,0,0,0,0
asymmetric_p2p_tornado_16mib,n-mrc,9232,0,0,0,0,0,0
asymmetric_p2p_tornado_16mib,n-mrc,9234,0,0,0,0,0,0
asymmetric_p2p_tornado_16mib,n-mrc,9236,0,0,0,0,0,0
asymmetric_p2p_tornado_16mib,n-mrc,9238,0,0,0,0,0,0
asymmetric_p2p_tornado_16mib,n-mrc,9240,0,0,0,0,0,0
asymmetric_p2p_tornado_16mib,n-mrc,9242,0,0,0,0,0,0
asymmetric_p2p_tornado_16mib,n-mrc,9244,0,0,0,0,0,0
asymmetric_p2p_tornado_16mib,n-mrc,9246,0,0,0,0,0,0
asymmetric_p2p_tornado_16mib,n-mrc,9248,0,0,0,0,0,0
asymmetric_p2p_tornado_16mib,n-mrc,9250,0,0,0,0,0,0
asymmetric_p2p_tornado_16mib,n-mrc,9252,0,0,0,0,0,0
asymmetric_p2p_tornado_16mib,n-mrc,9254,0,0,0,0,0,0
asymmetric_p2p_tornado_16mib,n-mrc,9256,0,0,0,0,0,0
asymmetric_p2p_tornado_16mib,n-mrc,9258,0,0,0,0,0,0
asymmetric_p2p_tornado_16mib,n-mrc,9260,0,0,0,0,0,0
asymmetric_p2p_tornado_16mib,n-mrc,9262,0,0,0,0,0,0
asymmetric_p2p_tornado_16mib,n-mrc,9264,0,0,0,0,0,0
asymmetric_p2p_tornado_16mib,n-mrc,9266,0,0,0,0,0,0
asymmetric_p2p_tornado_16mib,n-mrc,9268,0,0,0,0,0,0
asymmetric_p2p_tornado_16mib,n-mrc,9270,0,0,0,0,0,0
asymmetric_p2p_tornado_16mib,n-mrc,9272,0,0,0,0,0,0
asymmetric_p2p_tornado_16mib,n-mrc,9274,0,0,0,0,0,0
asymmetric_p2p_tornado_16mib,n-mrc,9276,0,0,0,0,0,0
asymmetric_p2p_tornado_16mib,n-mrc,9278,0,0,0,0,0,0
asymmetric_p2p_tornado_16mib,n-mrc,9280,0,0,0,0,0,0
asymmetric_p2p_tornado_16mib,n-mrc,9282,0,0,0,0,0,0
asymmetric_p2p_tornado_16mib,n-mrc,9284,0,0,0,0,0,0
asymmetric_p2p_tornado_16mib,n-mrc,9286,0,0,0,0,0,0
asymmetric_p2p_tornado_16mib,n-mrc,9288,0,0,0,0,0,0
asymmetric_p2p_tornado_16mib,n-mrc,9290,0,0,0,0,0,0
asymmetric_p2p_tornado_16mib,n-mrc,9292,0,0,0,0,0,0
asymmetric_p2p_tornado_16mib,n-mrc,9294,0,0,0,0,0,0
asymmetric_p2p_tornado_16mib,n-mrc,9296,0,0,0,0,0,0
asymmetric_p2p_tornado_16mib,n-mrc,9298,0,0,0,0,0,0
asymmetric_p2p_tornado_16mib,n-mrc,9300,0,0,0,0,0,0
asymmetric_p2p_tornado_16mib,n-mrc,9302,0,0,0,0,0,0
asymmetric_p2p_tornado_16mib,n-mrc,9304,0,0,0,0,0,0
asymmetric_p2p_tornado_16mib,n-mrc,9306,0,0,0,0,0,0
asymmetric_p2p_tornado_16mib,n-mrc,9308,0,0,0,0,0,0
asymmetric_p2p_tornado_16mib,n-mrc,9310,0,0,0,0,0,0
asymmetric_p2p_tornado_16mib,n-mrc,9312,0,0,0,0,0,0
asymmetric_p2p_tornado_16mib,n-mrc,9314,0,0,0,0,0,0
asymmetric_p2p_tornado_16mib,n-mrc,9316,0,0,0,0,0,0
asymmetric_p2p_tornado_16mib,n-mrc,9318,0,0,0,0,0,0
asymmetric_p2p_tornado_16mib,n-mrc,9320,0,0,0,0,0,0
asymmetric_p2p_tornado_16mib,n-mrc,9322,0,0,0,0,0,0
asymmetric_p2p_tornado_16mib,n-mrc,9324,0,0,0,0,0,0
asymmetric_p2p_tornado_16mib,n-mrc,9326,0,0,0,0,0,0
asymmetric_p2p_tornado_16mib,n-mrc,9328,0,0,0,0,0,0
asymmetric_p2p_tornado_16mib,n-mrc,9330,0,0,0,0,0,0
asymmetric_p2p_tornado_16mib,n-mrc,9332,0,0,0,0,0,0
asymmetric_p2p_tornado_16mib,n-mrc,9334,0,0,0,0,0,0
asymmetric_p2p_tornado_16mib,n-mrc,9336,0,0,0,0,0,0
asymmetric_p2p_tornado_16mib,n-mrc,9338,0,0,0,0,0,0
asymmetric_p2p_tornado_16mib,n-mrc,9340,0,0,0,0,0,0
asymmetric_p2p_tornado_16mib,n-mrc,9342,0,0,0,0,0,0
asymmetric_p2p_tornado_16mib,n-mrc,9344,0,0,0,0,0,0
asymmetric_p2p_tornado_16mib,n-mrc,9346,0,0,0,0,0,0
asymmetric_p2p_tornado_16mib,n-mrc,9348,0,0,0,0,0,0
asymmetric_p2p_tornado_16mib,n-mrc,9350,0,0,0,0,0,0
asymmetric_p2p_tornado_16mib,n-mrc,9352,0,0,0,0,0,0
asymmetric_p2p_tornado_16mib,n-mrc,9354,0,0,0,0,0,0
asymmetric_p2p_tornado_16mib,n-mrc,9356,0,0,0,0,0,0
asymmetric_p2p_tornado_16mib,n-mrc,9358,0,0,0,0,0,0
asymmetric_p2p_tornado_16mib,n-mrc,9360,0,0,0,0,0,0
asymmetric_p2p_tornado_16mib,n-mrc,9362,0,0,0,0,0,0
asymmetric_p2p_tornado_16mib,n-mrc,9364,0,0,0,0,0,0
asymmetric_p2p_tornado_16mib,n-mrc,9366,0,0,0,0,0,0
asymmetric_p2p_tornado_16mib,n-mrc,9368,0,0,0,0,0,0
asymmetric_p2p_tornado_16mib,n-mrc,9370,0,0,0,0,0,0
asymmetric_p2p_tornado_16mib,n-mrc,9372,0,0,0,0,0,0
asymmetric_p2p_tornado_16mib,n-mrc,9374,0,0,0,0,0,0
asymmetric_p2p_tornado_16mib,n-mrc,9376,0,0,0,0,0,0
asymmetric_p2p_tornado_16mib,n-mrc,9378,0,0,0,0,0,0
asymmetric_p2p_tornado_16mib,n-mrc,9380,0,0,0,0,0,0
asymmetric_p2p_tornado_16mib,n-mrc,9382,0,0,0,0,0,0
asymmetric_p2p_tornado_16mib,n-mrc,9384,0,0,0,0,0,0
asymmetric_p2p_tornado_16mib,n-mrc,9386,0,0,0,0,0,0
asymmetric_p2p_tornado_16mib,n-mrc,9388,0,0,0,0,0,0
asymmetric_p2p_tornado_16mib,n-mrc,9390,0,0,0,0,0,0
asymmetric_p2p_tornado_16mib,n-mrc,9392,0,0,0,0,0,0
asymmetric_p2p_tornado_16mib,n-mrc,9394,0,0,0,0,0,0
asymmetric_p2p_tornado_16mib,n-mrc,9396,0,0,0,0,0,0
asymmetric_p2p_tornado_16mib,n-mrc,9398,0,0,0,0,0,0
asymmetric_p2p_tornado_16mib,n-mrc,9400,0,0,0,0,0,0
asymmetric_p2p_tornado_16mib,n-mrc,9402,0,0,0,0,0,0
asymmetric_p2p_tornado_16mib,n-mrc,9404,0,0,0,0,0,0
asymmetric_p2p_tornado_16mib,n-mrc,9406,0,0,0,0,0,0
asymmetric_p2p_tornado_16mib,n-mrc,9408,0,0,0,0,0,0
asymmetric_p2p_tornado_16mib,n-mrc,9410,0,0,0,0,0,0
asymmetric_p2p_tornado_16mib,n-mrc,9412,0,0,0,0,0,0
asymmetric_p2p_tornado_16mib,n-mrc,9414,0,0,0,0,0,0
asymmetric_p2p_tornado_16mib,n-mrc,9416,0,0,0,0,0,0
asymmetric_p2p_tornado_16mib,n-mrc,9418,0,0,0,0,0,0
asymmetric_p2p_tornado_16mib,n-mrc,9420,0,0,0,0,0,0
asymmetric_p2p_tornado_16mib,n-mrc,9422,0,0,0,0,0,0
asymmetric_p2p_tornado_16mib,n-mrc,9424,0,0,0,0,0,0
asymmetric_p2p_tornado_16mib,n-mrc,9426,0,0,0,0,0,0
asymmetric_p2p_tornado_16mib,n-mrc,9428,0,0,0,0,0,0
asymmetric_p2p_tornado_16mib,n-mrc,9430,0,0,0,0,0,0
asymmetric_p2p_tornado_16mib,n-mrc,9432,0,0,0,0,0,0
asymmetric_p2p_tornado_16mib,n-mrc,9434,0,0,0,0,0,0
asymmetric_p2p_tornado_16mib,n-mrc,9436,0,0,0,0,0,0
asymmetric_p2p_tornado_16mib,n-mrc,9438,0,0,0,0,0,0
asymmetric_p2p_tornado_16mib,n-mrc,9440,0,0,0,0,0,0
asymmetric_p2p_tornado_16mib,n-mrc,9442,0,0,0,0,0,0
asymmetric_p2p_tornado_16mib,n-mrc,9444,0,0,0,0,0,0
asymmetric_p2p_tornado_16mib,n-mrc,9446,0,0,0,0,0,0
asymmetric_p2p_tornado_16mib,n-mrc,9448,0,0,0,0,0,0
asymmetric_p2p_tornado_16mib,n-mrc,9450,0,0,0,0,0,0
asymmetric_p2p_tornado_16mib,n-mrc,9452,0,0,0,0,0,0
asymmetric_p2p_tornado_16mib,n-mrc,9454,0,0,0,0,0,0
asymmetric_p2p_tornado_16mib,n-mrc,9456,0,0,0,0,0,0
asymmetric_p2p_tornado_16mib,n-mrc,9458,0,0,0,0,0,0
asymmetric_p2p_tornado_16mib,n-mrc,9460,0,0,0,0,0,0
asymmetric_p2p_tornado_16mib,n-mrc,9462,0,0,0,0,0,0
asymmetric_p2p_tornado_16mib,n-mrc,9464,0,0,0,0,0,0
asymmetric_p2p_tornado_16mib,n-mrc,9466,0,0,0,0,0,0
asymmetric_p2p_tornado_16mib,n-mrc,9468,0,0,0,0,0,0
asymmetric_p2p_tornado_16mib,n-mrc,9470,0,0,0,0,0,0
asymmetric_p2p_tornado_16mib,n-mrc,9472,0,0,0,0,0,0
asymmetric_p2p_tornado_16mib,n-mrc,9474,0,0,0,0,0,0
asymmetric_p2p_tornado_16mib,n-mrc,9476,0,0,0,0,0,0
asymmetric_p2p_tornado_16mib,n-mrc,9478,0,0,0,0,0,0
asymmetric_p2p_tornado_16mib,n-mrc,9480,0,0,0,0,0,0
asymmetric_p2p_tornado_16mib,n-mrc,9482,0,0,0,0,0,0
asymmetric_p2p_tornado_16mib,n-mrc,9484,0,0,0,0,0,0
asymmetric_p2p_tornado_16mib,n-mrc,9486,0,0,0,0,0,0
asymmetric_p2p_tornado_16mib,n-mrc,9488,0,0,0,0,0,0
asymmetric_p2p_tornado_16mib,n-mrc,9490,0,0,0,0,0,0
asymmetric_p2p_tornado_16mib,n-mrc,9492,0,0,0,0,0,0
asymmetric_p2p_tornado_16mib,n-mrc,9494,0,0,0,0,0,0
asymmetric_p2p_tornado_16mib,n-mrc,9496,0,0,0,0,0,0
asymmetric_p2p_tornado_16mib,n-mrc,9498,0,0,0,0,0,0
asymmetric_p2p_tornado_16mib,n-mrc,9500,0,0,0,0,0,0
asymmetric_p2p_tornado_16mib,n-mrc,9502,0,0,0,0,0,0
asymmetric_p2p_tornado_16mib,n-mrc,9504,0,0,0,0,0,0
asymmetric_p2p_tornado_16mib,n-mrc,9506,0,0,0,0,0,0
asymmetric_p2p_tornado_16mib,n-mrc,9508,0,0,0,0,0,0
asymmetric_p2p_tornado_16mib,n-mrc,9510,0,0,0,0,0,0
asymmetric_p2p_tornado_16mib,n-mrc,9512,0,0,0,0,0,0
asymmetric_p2p_tornado_16mib,n-mrc,9514,0,0,0,0,0,0
asymmetric_p2p_tornado_16mib,n-mrc,9516,0,0,0,0,0,0
asymmetric_p2p_tornado_16mib,n-mrc,9518,0,0,0,0,0,0
asymmetric_p2p_tornado_16mib,n-mrc,9520,0,0,0,0,0,0
asymmetric_p2p_tornado_16mib,n-mrc,9522,0,0,0,0,0,0
asymmetric_p2p_tornado_16mib,n-mrc,9524,0,0,0,0,0,0
asymmetric_p2p_tornado_16mib,n-mrc,9526,0,0,0,0,0,0
asymmetric_p2p_tornado_16mib,n-mrc,9528,0,0,0,0,0,0
asymmetric_p2p_tornado_16mib,n-mrc,9530,0,0,0,0,0,0
asymmetric_p2p_tornado_16mib,n-mrc,9532,0,0,0,0,0,0
asymmetric_p2p_tornado_16mib,n-mrc,9534,0,0,0,0,0,0
asymmetric_p2p_tornado_16mib,n-mrc,9536,0,0,0,0,0,0
asymmetric_p2p_tornado_16mib,n-mrc,9538,0,0,0,0,0,0
asymmetric_p2p_tornado_16mib,n-mrc,9540,0,0,0,0,0,0
asymmetric_p2p_tornado_16mib,n-mrc,9542,0,0,0,0,0,0
asymmetric_p2p_tornado_16mib,n-mrc,9544,0,0,0,0,0,0
asymmetric_p2p_tornado_16mib,n-mrc,9546,0,0,0,0,0,0
asymmetric_p2p_tornado_16mib,n-mrc,9548,0,0,0,0,0,0
asymmetric_p2p_tornado_16mib,n-mrc,9550,0,0,0,0,0,0
asymmetric_p2p_tornado_16mib,n-mrc,9552,0,0,0,0,0,0
asymmetric_p2p_tornado_16mib,n-mrc,9554,0,0,0,0,0,0
asymmetric_p2p_tornado_16mib,n-mrc,9556,0,0,0,0,0,0
asymmetric_p2p_tornado_16mib,n-mrc,9558,0,0,0,0,0,0
asymmetric_p2p_tornado_16mib,n-mrc,9560,0,0,0,0,0,0
asymmetric_p2p_tornado_16mib,n-mrc,9562,0,0,0,0,0,0
asymmetric_p2p_tornado_16mib,n-mrc,9564,0,0,0,0,0,0
asymmetric_p2p_tornado_16mib,n-mrc,9566,0,0,0,0,0,0
asymmetric_p2p_tornado_16mib,n-mrc,9568,0,0,0,0,0,0
asymmetric_p2p_tornado_16mib,n-mrc,9570,0,0,0,0,0,0
asymmetric_p2p_tornado_16mib,n-mrc,9572,0,0,0,0,0,0
asymmetric_p2p_tornado_16mib,n-mrc,9574,0,0,0,0,0,0
asymmetric_p2p_tornado_16mib,n-mrc,9576,0,0,0,0,0,0
asymmetric_p2p_tornado_16mib,n-mrc,9578,0,0,0,0,0,0
asymmetric_p2p_tornado_16mib,n-mrc,9580,0,0,0,0,0,0
asymmetric_p2p_tornado_16mib,n-mrc,9582,0,0,0,0,0,0
asymmetric_p2p_tornado_16mib,n-mrc,9584,0,0,0,0,0,0
asymmetric_p2p_tornado_16mib,n-mrc,9586,0,0,0,0,0,0
asymmetric_p2p_tornado_16mib,n-mrc,9588,0,0,0,0,0,0
asymmetric_p2p_tornado_16mib,n-mrc,9590,0,0,0,0,0,0
asymmetric_p2p_tornado_16mib,n-mrc,9592,0,0,0,0,0,0
asymmetric_p2p_tornado_16mib,n-mrc,9594,0,0,0,0,0,0
asymmetric_p2p_tornado_16mib,n-mrc,9596,0,0,0,0,0,0
asymmetric_p2p_tornado_16mib,n-mrc,9598,0,0,0,0,0,0
asymmetric_p2p_tornado_16mib,n-mrc,9600,0,0,0,0,0,0
asymmetric_p2p_tornado_16mib,n-mrc,9602,0,0,0,0,0,0
asymmetric_p2p_tornado_16mib,n-mrc,9604,0,0,0,0,0,0
asymmetric_p2p_tornado_16mib,n-mrc,9606,0,0,0,0,0,0
asymmetric_p2p_tornado_16mib,n-mrc,9608,0,0,0,0,0,0
asymmetric_p2p_tornado_16mib,n-mrc,9610,0,0,0,0,0,0
asymmetric_p2p_tornado_16mib,n-mrc,9612,0,0,0,0,0,0
asymmetric_p2p_tornado_16mib,n-mrc,9614,0,0,0,0,0,0
asymmetric_p2p_tornado_16mib,n-mrc,9616,0,0,0,0,0,0
asymmetric_p2p_tornado_16mib,n-mrc,9618,0,0,0,0,0,0
asymmetric_p2p_tornado_16mib,n-mrc,9620,0,0,0,0,0,0
asymmetric_p2p_tornado_16mib,n-mrc,9622,0,0,0,0,0,0
asymmetric_p2p_tornado_16mib,n-mrc,9624,0,0,0,0,0,0
asymmetric_p2p_tornado_16mib,n-mrc,9626,0,0,0,0,0,0
asymmetric_p2p_tornado_16mib,n-mrc,9628,0,0,0,0,0,0
asymmetric_p2p_tornado_16mib,n-mrc,9630,0,0,0,0,0,0
asymmetric_p2p_tornado_16mib,n-mrc,9632,0,0,0,0,0,0
asymmetric_p2p_tornado_16mib,n-mrc,9634,0,0,0,0,0,0
asymmetric_p2p_tornado_16mib,n-mrc,9636,0,0,0,0,0,0
asymmetric_p2p_tornado_16mib,n-mrc,9638,0,0,0,0,0,0
asymmetric_p2p_tornado_16mib,n-mrc,9640,0,0,0,0,0,0
asymmetric_p2p_tornado_16mib,n-mrc,9642,0,0,0,0,0,0
asymmetric_p2p_tornado_16mib,n-mrc,9644,0,0,0,0,0,0
asymmetric_p2p_tornado_16mib,n-mrc,9646,0,0,0,0,0,0
asymmetric_p2p_tornado_16mib,n-mrc,9648,0,0,0,0,0,0
asymmetric_p2p_tornado_16mib,n-mrc,9650,0,0,0,0,0,0
asymmetric_p2p_tornado_16mib,n-mrc,9652,0,0,0,0,0,0
asymmetric_p2p_tornado_16mib,n-mrc,9654,0,0,0,0,0,0
asymmetric_p2p_tornado_16mib,n-mrc,9656,0,0,0,0,0,0
asymmetric_p2p_tornado_16mib,n-mrc,9658,0,0,0,0,0,0
asymmetric_p2p_tornado_16mib,n-mrc,9660,0,0,0,0,0,0
asymmetric_p2p_tornado_16mib,n-mrc,9662,0,0,0,0,0,0
asymmetric_p2p_tornado_16mib,n-mrc,9664,0,0,0,0,0,0
asymmetric_p2p_tornado_16mib,n-mrc,9666,0,0,0,0,0,0
asymmetric_p2p_tornado_16mib,n-mrc,9668,0,0,0,0,0,0
asymmetric_p2p_tornado_16mib,n-mrc,9670,0,0,0,0,0,0
asymmetric_p2p_tornado_16mib,n-mrc,9672,0,0,0,0,0,0
asymmetric_p2p_tornado_16mib,n-mrc,9674,0,0,0,0,0,0
asymmetric_p2p_tornado_16mib,n-mrc,9676,0,0,0,0,0,0
asymmetric_p2p_tornado_16mib,n-mrc,9678,0,0,0,0,0,0
asymmetric_p2p_tornado_16mib,n-mrc,9680,0,0,0,0,0,0
asymmetric_p2p_tornado_16mib,n-mrc,9682,0,0,0,0,0,0
asymmetric_p2p_tornado_16mib,n-mrc,9684,0,0,0,0,0,0
asymmetric_p2p_tornado_16mib,n-mrc,9686,0,0,0,0,0,0
asymmetric_p2p_tornado_16mib,n-mrc,9688,0,0,0,0,0,0
asymmetric_p2p_tornado_16mib,n-mrc,9690,0,0,0,0,0,0
asymmetric_p2p_tornado_16mib,n-mrc,9692,0,0,0,0,0,0
asymmetric_p2p_tornado_16mib,n-mrc,9694,0,0,0,0,0,0
asymmetric_p2p_tornado_16mib,n-mrc,9696,0,0,0,0,0,0
asymmetric_p2p_tornado_16mib,n-mrc,9698,0,0,0,0,0,0
asymmetric_p2p_tornado_16mib,n-mrc,9700,0,0,0,0,0,0
asymmetric_p2p_tornado_16mib,n-mrc,9702,0,0,0,0,0,0
asymmetric_p2p_tornado_16mib,n-mrc,9704,0,0,0,0,0,0
asymmetric_p2p_tornado_16mib,n-mrc,9706,0,0,0,0,0,0
asymmetric_p2p_tornado_16mib,n-mrc,9708,0,0,0,0,0,0
asymmetric_p2p_tornado_16mib,n-mrc,9710,0,0,0,0,0,0
asymmetric_p2p_tornado_16mib,n-mrc,9712,0,0,0,0,0,0
asymmetric_p2p_tornado_16mib,n-mrc,9714,0,0,0,0,0,0
asymmetric_p2p_tornado_16mib,n-mrc,9716,0,0,0,0,0,0
asymmetric_p2p_tornado_16mib,n-mrc,9718,0,0,0,0,0,0
asymmetric_p2p_tornado_16mib,n-mrc,9720,0,0,0,0,0,0
asymmetric_p2p_tornado_16mib,n-mrc,9722,0,0,0,0,0,0
asymmetric_p2p_tornado_16mib,n-mrc,9724,0,0,0,0,0,0
asymmetric_p2p_tornado_16mib,n-mrc,9726,0,0,0,0,0,0
asymmetric_p2p_tornado_16mib,n-mrc,9728,0,0,0,0,0,0
asymmetric_p2p_tornado_16mib,n-mrc,9730,0,0,0,0,0,0
asymmetric_p2p_tornado_16mib,n-mrc,9732,0,0,0,0,0,0
asymmetric_p2p_tornado_16mib,n-mrc,9734,0,0,0,0,0,0
asymmetric_p2p_tornado_16mib,n-mrc,9736,0,0,0,0,0,0
asymmetric_p2p_tornado_16mib,n-mrc,9738,0,0,0,0,0,0
asymmetric_p2p_tornado_16mib,n-mrc,9740,0,0,0,0,0,0
asymmetric_p2p_tornado_16mib,n-mrc,9742,0,0,0,0,0,0
asymmetric_p2p_tornado_16mib,n-mrc,9744,0,0,0,0,0,0
asymmetric_p2p_tornado_16mib,n-mrc,9746,0,0,0,0,0,0
asymmetric_p2p_tornado_16mib,n-mrc,9748,0,0,0,0,0,0
asymmetric_p2p_tornado_16mib,n-mrc,9750,0,0,0,0,0,0
asymmetric_p2p_tornado_16mib,n-mrc,9752,0,0,0,0,0,0
asymmetric_p2p_tornado_16mib,n-mrc,9754,0,0,0,0,0,0
asymmetric_p2p_tornado_16mib,n-mrc,9756,0,0,0,0,0,0
asymmetric_p2p_tornado_16mib,n-mrc,9758,0,0,0,0,0,0
asymmetric_p2p_tornado_16mib,n-mrc,9760,0,0,0,0,0,0
asymmetric_p2p_tornado_16mib,n-mrc,9762,0,0,0,0,0,0
asymmetric_p2p_tornado_16mib,n-mrc,9764,0,0,0,0,0,0
asymmetric_p2p_tornado_16mib,n-mrc,9766,0,0,0,0,0,0
asymmetric_p2p_tornado_16mib,n-mrc,9768,0,0,0,0,0,0
asymmetric_p2p_tornado_16mib,n-mrc,9770,0,0,0,0,0,0
asymmetric_p2p_tornado_16mib,n-mrc,9772,0,0,0,0,0,0
asymmetric_p2p_tornado_16mib,n-mrc,9774,0,0,0,0,0,0
asymmetric_p2p_tornado_16mib,n-mrc,9776,0,0,0,0,0,0
asymmetric_p2p_tornado_16mib,n-mrc,9778,0,0,0,0,0,0
asymmetric_p2p_tornado_16mib,n-mrc,9780,0,0,0,0,0,0
asymmetric_p2p_tornado_16mib,n-mrc,9782,0,0,0,0,0,0
asymmetric_p2p_tornado_16mib,n-mrc,9784,0,0,0,0,0,0
asymmetric_p2p_tornado_16mib,n-mrc,9786,0,0,0,0,0,0
asymmetric_p2p_tornado_16mib,n-mrc,9788,0,0,0,0,0,0
asymmetric_p2p_tornado_16mib,n-mrc,9790,0,0,0,0,0,0
asymmetric_p2p_tornado_16mib,n-mrc,9792,0,0,0,0,0,0
asymmetric_p2p_tornado_16mib,n-mrc,9794,0,0,0,0,0,0
asymmetric_p2p_tornado_16mib,n-mrc,9796,0,0,0,0,0,0
asymmetric_p2p_tornado_16mib,n-mrc,9798,0,0,0,0,0,0
asymmetric_p2p_tornado_16mib,n-mrc,9800,0,0,0,0,0,0
asymmetric_p2p_tornado_16mib,n-mrc,9802,0,0,0,0,0,0
asymmetric_p2p_tornado_16mib,n-mrc,9804,0,0,0,0,0,0
asymmetric_p2p_tornado_16mib,n-mrc,9806,0,0,0,0,0,0
asymmetric_p2p_tornado_16mib,n-mrc,9808,0,0,0,0,0,0
asymmetric_p2p_tornado_16mib,n-mrc,9810,0,0,0,0,0,0
asymmetric_p2p_tornado_16mib,n-mrc,9812,0,0,0,0,0,0
asymmetric_p2p_tornado_16mib,n-mrc,9814,0,0,0,0,0,0
asymmetric_p2p_tornado_16mib,n-mrc,9816,0,0,0,0,0,0
asymmetric_p2p_tornado_16mib,n-mrc,9818,0,0,0,0,0,0
asymmetric_p2p_tornado_16mib,n-mrc,9820,0,0,0,0,0,0
asymmetric_p2p_tornado_16mib,n-mrc,9822,0,0,0,0,0,0
asymmetric_p2p_tornado_16mib,n-mrc,9824,0,0,0,0,0,0
asymmetric_p2p_tornado_16mib,n-mrc,9826,0,0,0,0,0,0
asymmetric_p2p_tornado_16mib,n-mrc,9828,0,0,0,0,0,0
asymmetric_p2p_tornado_16mib,n-mrc,9830,0,0,0,0,0,0
asymmetric_p2p_tornado_16mib,n-mrc,9832,0,0,0,0,0,0
asymmetric_p2p_tornado_16mib,n-mrc,9834,0,0,0,0,0,0
asymmetric_p2p_tornado_16mib,n-mrc,9836,0,0,0,0,0,0
asymmetric_p2p_tornado_16mib,n-mrc,9838,0,0,0,0,0,0
asymmetric_p2p_tornado_16mib,n-mrc,9840,0,0,0,0,0,0
asymmetric_p2p_tornado_16mib,n-mrc,9842,0,0,0,0,0,0
asymmetric_p2p_tornado_16mib,n-mrc,9844,0,0,0,0,0,0
asymmetric_p2p_tornado_16mib,n-mrc,9846,0,0,0,0,0,0
asymmetric_p2p_tornado_16mib,n-mrc,9848,0,0,0,0,0,0
asymmetric_p2p_tornado_16mib,n-mrc,9850,0,0,0,0,0,0
asymmetric_p2p_tornado_16mib,n-mrc,9852,0,0,0,0,0,0
asymmetric_p2p_tornado_16mib,n-mrc,9854,0,0,0,0,0,0
asymmetric_p2p_tornado_16mib,n-mrc,9856,0,0,0,0,0,0
asymmetric_p2p_tornado_16mib,n-mrc,9858,0,0,0,0,0,0
asymmetric_p2p_tornado_16mib,n-mrc,9860,0,0,0,0,0,0
asymmetric_p2p_tornado_16mib,n-mrc,9862,0,0,0,0,0,0
asymmetric_p2p_tornado_16mib,n-mrc,9864,0,0,0,0,0,0
asymmetric_p2p_tornado_16mib,n-mrc,9866,0,0,0,0,0,0
asymmetric_p2p_tornado_16mib,n-mrc,9868,0,0,0,0,0,0
asymmetric_p2p_tornado_16mib,n-mrc,9870,0,0,0,0,0,0
asymmetric_p2p_tornado_16mib,n-mrc,9872,0,0,0,0,0,0
asymmetric_p2p_tornado_16mib,n-mrc,9874,0,0,0,0,0,0
asymmetric_p2p_tornado_16mib,n-mrc,9876,0,0,0,0,0,0
asymmetric_p2p_tornado_16mib,n-mrc,9878,0,0,0,0,0,0
asymmetric_p2p_tornado_16mib,n-mrc,9880,0,0,0,0,0,0
asymmetric_p2p_tornado_16mib,n-mrc,9882,0,0,0,0,0,0
asymmetric_p2p_tornado_16mib,n-mrc,9884,0,0,0,0,0,0
asymmetric_p2p_tornado_16mib,n-mrc,9886,0,0,0,0,0,0
asymmetric_p2p_tornado_16mib,n-mrc,9888,0,0,0,0,0,0
asymmetric_p2p_tornado_16mib,n-mrc,9890,0,0,0,0,0,0
asymmetric_p2p_tornado_16mib,n-mrc,9892,0,0,0,0,0,0
asymmetric_p2p_tornado_16mib,n-mrc,9894,0,0,0,0,0,0
asymmetric_p2p_tornado_16mib,n-mrc,9896,0,0,0,0,0,0
asymmetric_p2p_tornado_16mib,n-mrc,9898,0,0,0,0,0,0
asymmetric_p2p_tornado_16mib,n-mrc,9900,0,0,0,0,0,0
asymmetric_p2p_tornado_16mib,n-mrc,9902,0,0,0,0,0,0
asymmetric_p2p_tornado_16mib,n-mrc,9904,0,0,0,0,0,0
asymmetric_p2p_tornado_16mib,n-mrc,9906,0,0,0,0,0,0
asymmetric_p2p_tornado_16mib,n-mrc,9908,0,0,0,0,0,0
asymmetric_p2p_tornado_16mib,n-mrc,9910,0,0,0,0,0,0
asymmetric_p2p_tornado_16mib,n-mrc,9912,0,0,0,0,0,0
asymmetric_p2p_tornado_16mib,n-mrc,9914,0,0,0,0,0,0
asymmetric_p2p_tornado_16mib,n-mrc,9916,0,0,0,0,0,0
asymmetric_p2p_tornado_16mib,n-mrc,9918,0,0,0,0,0,0
asymmetric_p2p_tornado_16mib,n-mrc,9920,0,0,0,0,0,0
asymmetric_p2p_tornado_16mib,n-mrc,9922,0,0,0,0,0,0
asymmetric_p2p_tornado_16mib,n-mrc,9924,0,0,0,0,0,0
asymmetric_p2p_tornado_16mib,n-mrc,9926,0,0,0,0,0,0
asymmetric_p2p_tornado_16mib,n-mrc,9928,0,0,0,0,0,0
asymmetric_p2p_tornado_16mib,n-mrc,9930,0,0,0,0,0,0
asymmetric_p2p_tornado_16mib,n-mrc,9932,0,0,0,0,0,0
asymmetric_p2p_tornado_16mib,n-mrc,9934,0,0,0,0,0,0
asymmetric_p2p_tornado_16mib,n-mrc,9936,0,0,0,0,0,0
asymmetric_p2p_tornado_16mib,n-mrc,9938,0,0,0,0,0,0
asymmetric_p2p_tornado_16mib,n-mrc,9940,0,0,0,0,0,0
asymmetric_p2p_tornado_16mib,n-mrc,9942,0,0,0,0,0,0
asymmetric_p2p_tornado_16mib,n-mrc,9944,0,0,0,0,0,0
asymmetric_p2p_tornado_16mib,n-mrc,9946,0,0,0,0,0,0
asymmetric_p2p_tornado_16mib,n-mrc,9948,0,0,0,0,0,0
asymmetric_p2p_tornado_16mib,n-mrc,9950,0,0,0,0,0,0
asymmetric_p2p_tornado_16mib,n-mrc,9952,0,0,0,0,0,0
asymmetric_p2p_tornado_16mib,n-mrc,9954,0,0,0,0,0,0
asymmetric_p2p_tornado_16mib,n-mrc,9956,0,0,0,0,0,0
asymmetric_p2p_tornado_16mib,n-mrc,9958,0,0,0,0,0,0
asymmetric_p2p_tornado_16mib,n-mrc,9960,0,0,0,0,0,0
asymmetric_p2p_tornado_16mib,n-mrc,9962,0,0,0,0,0,0
asymmetric_p2p_tornado_16mib,n-mrc,9964,0,0,0,0,0,0
asymmetric_p2p_tornado_16mib,n-mrc,9966,0,0,0,0,0,0
asymmetric_p2p_tornado_16mib,n-mrc,9968,0,0,0,0,0,0
asymmetric_p2p_tornado_16mib,n-mrc,9970,0,0,0,0,0,0
asymmetric_p2p_tornado_16mib,n-mrc,9972,0,0,0,0,0,0
asymmetric_p2p_tornado_16mib,n-mrc,9974,0,0,0,0,0,0
asymmetric_p2p_tornado_16mib,n-mrc,9976,0,0,0,0,0,0
asymmetric_p2p_tornado_16mib,n-mrc,9978,0,0,0,0,0,0
asymmetric_p2p_tornado_16mib,n-mrc,9980,0,0,0,0,0,0
asymmetric_p2p_tornado_16mib,n-mrc,9982,0,0,0,0,0,0
asymmetric_p2p_tornado_16mib,n-mrc,9984,0,0,0,0,0,0
asymmetric_p2p_tornado_16mib,n-mrc,9986,0,0,0,0,0,0
asymmetric_p2p_tornado_16mib,n-mrc,9988,0,0,0,0,0,0
asymmetric_p2p_tornado_16mib,n-mrc,9990,0,0,0,0,0,0
asymmetric_p2p_tornado_16mib,n-mrc,9992,0,0,0,0,0,0
asymmetric_p2p_tornado_16mib,n-mrc,9994,0,0,0,0,0,0
asymmetric_p2p_tornado_16mib,n-mrc,9996,0,0,0,0,0,0
asymmetric_p2p_tornado_16mib,n-mrc,9998,0,0,0,0,0,0
