scenario,kind,scheme,variant,cc_mode,trim_mode,primary_metric,primary_us,avg_fct_or_finish_us,p50_fct_or_finish_us,p95_fct_or_finish_us,p99_fct_or_finish_us,p999_fct_or_finish_us,max_fct_or_cct_us,completed,flows,returncode,config_ok,all_flows_completed,runtime_s,stdout,command,acks,nacks,nacks_ooo,nacks_trim,nacks_loss,rtos,ecn_echo_acks,feedback_acks,stor_selected_good,stor_selected_degraded,stor_selected_bad,stor_selected_avoid,duplicate_acks,duplicate_inflate_suppressed,lossless_overflows,lossless_ecn_marks,lossy_drops,lossy_ecn_marks,composite_trims,composite_drops,composite_ecn_marks,samples,sample_zero_bits,feedbacks,packet_feedbacks,time_feedbacks,feedback_packets_sum,feedback_zero_bits,all_good_feedbacks,new_packets,retx_packets,retx_ratio,inflight_final,unique_acks,recovery_inflight_final_bytes,recovery_inflight_max_bytes,stale_attempt_nacks,duplicate_failure_nacks,duplicate_confirmations_suppressed,acked_revival_rejected,attempt_wraps,exact_trim_recoveries,sack_loss_recoveries,route_checks,reroutes,threshold_blocked,fastcnp_generated,fastcnp_arrived,fastcnp_after_done,fastcnp_bytes,fastcnp_arrived_bytes,fastcnp_latency_avg_us,fastcnp_route_missing,fastcnp_unknown_qp,fastcnp_unknown_ev,cooldown_starts,cooling_skips,cooling_recoveries,duplicate_notifications,all_cooling_fallbacks,observed_evs,observed_first_hop_choices,observed_first_hop_alias_ratio,route_calls,avg_available_choices,avg_candidate_choices,avg_best_quality_choices,avg_distinct_qualities,all_same_quality_calls,all_zero_quality_calls,selected_nonbest_quality,avg_score_spread,spine_queue_cv,spine_queue_avg,spine_queue_count,spine_queue_peak_bytes,spine_queue_p95_fraction,spine_queue_p99_fraction,random_sends,cached_sends,cache_hit_ratio,clean_ack_cached,ecn_ack_discarded,buffer_occupancy_samples,seed,traffic_sha256,unique_completed,expected_source_ids,completion_ids_ok,level_transitions,stor_min_score,stor_avoid_entries,stor_avoid_exits,stor_clean_signals,stor_ecn_signals,stor_trim_signals
asymmetric_permutation_16mib,point_to_point,avail_default,mrc_exact_bounded,dcqcn_variant,exact,p99_fct_us,441.44973,371.58246093750006,356.75800000000004,438.67375,441.44973,441.98078399999997,442.058,128,128,0,1,1,5.161718912999277,/home/user/workspace/csg-htsim/.worktrees/four-scheme-comparison/experiments/n-mrc/output/four_scheme_causal_ablation_20260725/raw/asymmetric_permutation_16mib/avail_default/seed_13/stdout.log,/home/user/workspace/csg-htsim/.worktrees/four-scheme-comparison/sim/datacenter/htsim_roce -o /home/user/workspace/csg-htsim/.worktrees/four-scheme-comparison/experiments/n-mrc/output/four_scheme_causal_ablation_20260725/raw/asymmetric_permutation_16mib/avail_default/seed_13/logout.dat -tm /home/user/workspace/csg-htsim/.worktrees/four-scheme-comparison/experiments/n-mrc/output/four_scheme_causal_ablation_20260725/traffic/asymmetric_permutation_16mib_seed13.cm -nodes 128 -conns 128 -tiers 2 -lb avail -linkspeed 400000 -queue_type composite_ecn_lb -host_queue_type prio -mtu 4096 -end 10000 -paths 8 -seed 13 -cc dcqcn_variant -roce_rx_mode sp -roce_sack_bitmap_bits 64 -roce_transport_semantics mrc_exact_bounded -roce_trim_recovery exact -hop_latency 0.5 -switch_latency 0.5 -queue_cv_sample_us 100 -slow_tor_uplinks 4 -slow_tor_uplink_divisor 2 -slow_tor_uplink_select random-sparse,524271,402,402,0,0,0,2642,7741,524687,0,0,0,387,0,0,0,0,0,0,0,6871,0,0,0,0,0,0,0,0,524288,399,0.0007610321044921875,0,524288,0,4096,0,0,547791,0,0,0,402,0,0,0,0,0,0,0,0,0,0,0,0,0,0,0,0,0,0,0,0,0,0,0,0,0,0,0,0,0,0.445131,269.03,128,29184,0,0.03,0,0,0,0,0,0,13,1d32164f81bc51706685126f9d1cc694093e1e6c821cd1d47385414384b288d6,128,128,1,,0,967,0,521643,2642,0
asymmetric_permutation_16mib,point_to_point,avail_default,mrc_exact_bounded,dcqcn_variant,exact,p99_fct_us,451.97825,372.9171875000001,356.79650000000004,448.76045,451.97825,454.451594,454.779,128,128,0,1,1,5.012641907000216,/home/user/workspace/csg-htsim/.worktrees/four-scheme-comparison/experiments/n-mrc/output/four_scheme_causal_ablation_20260725/raw/asymmetric_permutation_16mib/avail_default/seed_29/stdout.log,/home/user/workspace/csg-htsim/.worktrees/four-scheme-comparison/sim/datacenter/htsim_roce -o /home/user/workspace/csg-htsim/.worktrees/four-scheme-comparison/experiments/n-mrc/output/four_scheme_causal_ablation_20260725/raw/asymmetric_permutation_16mib/avail_default/seed_29/logout.dat -tm /home/user/workspace/csg-htsim/.worktrees/four-scheme-comparison/experiments/n-mrc/output/four_scheme_causal_ablation_20260725/traffic/asymmetric_permutation_16mib_seed29.cm -nodes 128 -conns 128 -tiers 2 -lb avail -linkspeed 400000 -queue_type composite_ecn_lb -host_queue_type prio -mtu 4096 -end 10000 -paths 8 -seed 29 -cc dcqcn_variant -roce_rx_mode sp -roce_sack_bitmap_bits 64 -roce_transport_semantics mrc_exact_bounded -roce_trim_recovery exact -hop_latency 0.5 -switch_latency 0.5 -queue_cv_sample_us 100 -slow_tor_uplinks 4 -slow_tor_uplink_divisor 2 -slow_tor_uplink_select random-sparse,524280,380,378,2,0,0,2675,7640,524665,0,0,0,373,0,0,0,0,0,2,0,7166,0,0,0,0,0,0,0,0,524288,377,0.0007190704345703125,0,524288,0,4096,0,0,546399,0,0,2,378,0,0,0,0,0,0,0,0,0,0,0,0,0,0,0,0,0,0,0,0,0,0,0,0,0,0,0,0,0,0.444884,270.995,128,29120,0,0.03,0,0,0,0,0,0,29,d045bcab79bb8c6b4a01ed294e66d4d10281e44d44aaeba1d186cea1e5caa21f,128,128,1,,0,962,0,521610,2675,2
asymmetric_permutation_16mib,point_to_point,avail_default,mrc_exact_bounded,dcqcn_variant,exact,p99_fct_us,451.51498,378.2398906250001,357.375,445.99125000000004,451.51498,454.02424299999996,454.239,128,128,0,1,1,5.4764280220006185,/home/user/workspace/csg-htsim/.worktrees/four-scheme-comparison/experiments/n-mrc/output/four_scheme_causal_ablation_20260725/raw/asymmetric_permutation_16mib/avail_default/seed_47/stdout.log,/home/user/workspace/csg-htsim/.worktrees/four-scheme-comparison/sim/datacenter/htsim_roce -o /home/user/workspace/csg-htsim/.worktrees/four-scheme-comparison/experiments/n-mrc/output/four_scheme_causal_ablation_20260725/raw/asymmetric_permutation_16mib/avail_default/seed_47/logout.dat -tm /home/user/workspace/csg-htsim/.worktrees/four-scheme-comparison/experiments/n-mrc/output/four_scheme_causal_ablation_20260725/traffic/asymmetric_permutation_16mib_seed47.cm -nodes 128 -conns 128 -tiers 2 -lb avail -linkspeed 400000 -queue_type composite_ecn_lb -host_queue_type prio -mtu 4096 -end 10000 -paths 8 -seed 47 -cc dcqcn_variant -roce_rx_mode sp -roce_sack_bitmap_bits 64 -roce_transport_semantics mrc_exact_bounded -roce_trim_recovery exact -hop_latency 0.5 -switch_latency 0.5 -queue_cv_sample_us 100 -slow_tor_uplinks 4 -slow_tor_uplink_divisor 2 -slow_tor_uplink_select random-sparse,524282,472,471,1,0,0,3107,7604,524759,0,0,0,464,0,0,0,0,0,1,0,8143,0,0,0,0,0,0,0,0,524288,471,0.0008983612060546875,0,524288,0,4096,0,0,551833,0,0,1,471,0,0,0,0,0,0,0,0,0,0,0,0,0,0,0,0,0,0,0,0,0,0,0,0,0,0,0,0,0,0.472346,302.49,128,41728,0,0.03,0,0,0,0,0,0,47,8558dad7ebf29316f6b9bd0ca4559d451e7b7196ef51ac64bd013bc7fee7ce60,128,128,1,,0,1084,0,521180,3107,1
asymmetric_permutation_16mib,point_to_point,grade_default,mrc_exact_bounded,dcqcn_variant,exact,p99_fct_us,461.48054,376.75749999999994,358.265,457.37345000000005,461.48054,464.073926,464.412,128,128,0,1,1,5.285009331000765,/home/user/workspace/csg-htsim/.worktrees/four-scheme-comparison/experiments/n-mrc/output/four_scheme_causal_ablation_20260725/raw/asymmetric_permutation_16mib/grade_default/seed_13/stdout.log,/home/user/workspace/csg-htsim/.worktrees/four-scheme-comparison/sim/datacenter/htsim_roce -o /home/user/workspace/csg-htsim/.worktrees/four-scheme-comparison/experiments/n-mrc/output/four_scheme_causal_ablation_20260725/raw/asymmetric_permutation_16mib/grade_default/seed_13/logout.dat -tm /home/user/workspace/csg-htsim/.worktrees/four-scheme-comparison/experiments/n-mrc/output/four_scheme_causal_ablation_20260725/traffic/asymmetric_permutation_16mib_seed13.cm -nodes 128 -conns 128 -tiers 2 -lb grade -linkspeed 400000 -queue_type composite_ecn_lb -host_queue_type prio -mtu 4096 -end 10000 -paths 8 -seed 13 -cc dcqcn_variant -roce_rx_mode sp -roce_sack_bitmap_bits 64 -roce_transport_semantics mrc_exact_bounded -roce_trim_recovery exact -hop_latency 0.5 -switch_latency 0.5 -queue_cv_sample_us 100 -slow_tor_uplinks 4 -slow_tor_uplink_divisor 2 -slow_tor_uplink_select random-sparse,524280,437,432,5,0,0,2855,7851,521639,1381,439,1265,423,0,0,0,0,0,5,0,7260,0,0,0,0,0,0,0,0,524288,436,0.00083160400390625,0,524288,0,4096,0,0,549417,0,0,5,432,0,0,0,0,0,0,0,0,0,0,0,0,0,0,0,0,0,0,0,0,0,0,0,0,0,0,0,0,0,0.550677,350.742,128,54144,0,0.03,0,0,0,0,0,0,13,1d32164f81bc51706685126f9d1cc694093e1e6c821cd1d47385414384b288d6,128,128,1,,0,255,255,521432,2855,5
asymmetric_permutation_16mib,point_to_point,grade_default,mrc_exact_bounded,dcqcn_variant,exact,p99_fct_us,466.45489,377.59834374999997,358.5915,461.68949999999995,466.45489,467.861689,467.937,128,128,0,1,1,5.168826561999595,/home/user/workspace/csg-htsim/.worktrees/four-scheme-comparison/experiments/n-mrc/output/four_scheme_causal_ablation_20260725/raw/asymmetric_permutation_16mib/grade_default/seed_29/stdout.log,/home/user/workspace/csg-htsim/.worktrees/four-scheme-comparison/sim/datacenter/htsim_roce -o /home/user/workspace/csg-htsim/.worktrees/four-scheme-comparison/experiments/n-mrc/output/four_scheme_causal_ablation_20260725/raw/asymmetric_permutation_16mib/grade_default/seed_29/logout.dat -tm /home/user/workspace/csg-htsim/.worktrees/four-scheme-comparison/experiments/n-mrc/output/four_scheme_causal_ablation_20260725/traffic/asymmetric_permutation_16mib_seed29.cm -nodes 128 -conns 128 -tiers 2 -lb grade -linkspeed 400000 -queue_type composite_ecn_lb -host_queue_type prio -mtu 4096 -end 10000 -paths 8 -seed 29 -cc dcqcn_variant -roce_rx_mode sp -roce_sack_bitmap_bits 64 -roce_transport_semantics mrc_exact_bounded -roce_trim_recovery exact -hop_latency 0.5 -switch_latency 0.5 -queue_cv_sample_us 100 -slow_tor_uplinks 4 -slow_tor_uplink_divisor 2 -slow_tor_uplink_select random-sparse,524283,407,402,5,0,0,2797,7735,521480,1558,429,1227,386,0,0,0,0,0,5,0,7314,0,0,0,0,0,0,0,0,524288,406,0.000774383544921875,0,524288,0,4096,0,0,547758,0,0,5,402,0,0,0,0,0,0,0,0,0,0,0,0,0,0,0,0,0,0,0,0,0,0,0,0,0,0,0,0,0,0.654638,354.955,128,54080,0,0.03,0,0,0,0,0,0,29,d045bcab79bb8c6b4a01ed294e66d4d10281e44d44aaeba1d186cea1e5caa21f,128,128,1,,0,269,268,521490,2797,5
asymmetric_permutation_16mib,point_to_point,grade_default,mrc_exact_bounded,dcqcn_variant,exact,p99_fct_us,474.40734999999995,384.4087343749999,359.524,466.7481,474.40734999999995,475.455085,475.537,128,128,0,1,1,5.262261773999853,/home/user/workspace/csg-htsim/.worktrees/four-scheme-comparison/experiments/n-mrc/output/four_scheme_causal_ablation_20260725/raw/asymmetric_permutation_16mib/grade_default/seed_47/stdout.log,/home/user/workspace/csg-htsim/.worktrees/four-scheme-comparison/sim/datacenter/htsim_roce -o /home/user/workspace/csg-htsim/.worktrees/four-scheme-comparison/experiments/n-mrc/output/four_scheme_causal_ablation_20260725/raw/asymmetric_permutation_16mib/grade_default/seed_47/logout.dat -tm /home/user/workspace/csg-htsim/.worktrees/four-scheme-comparison/experiments/n-mrc/output/four_scheme_causal_ablation_20260725/traffic/asymmetric_permutation_16mib_seed47.cm -nodes 128 -conns 128 -tiers 2 -lb grade -linkspeed 400000 -queue_type composite_ecn_lb -host_queue_type prio -mtu 4096 -end 10000 -paths 8 -seed 47 -cc dcqcn_variant -roce_rx_mode sp -roce_sack_bitmap_bits 64 -roce_transport_semantics mrc_exact_bounded -roce_trim_recovery exact -hop_latency 0.5 -switch_latency 0.5 -queue_cv_sample_us 100 -slow_tor_uplinks 4 -slow_tor_uplink_divisor 2 -slow_tor_uplink_select random-sparse,524277,497,487,10,0,0,3246,7713,521299,1601,448,1432,470,0,0,0,0,0,10,0,8181,0,0,0,0,0,0,0,0,524288,492,0.00093841552734375,0,524288,0,4096,0,0,552918,0,0,10,487,0,0,0,0,0,0,0,0,0,0,0,0,0,0,0,0,0,0,0,0,0,0,0,0,0,0,0,0,0,0.540341,401.667,128,45824,0,0.04,0,0,0,0,0,0,47,8558dad7ebf29316f6b9bd0ca4559d451e7b7196ef51ac64bd013bc7fee7ce60,128,128,1,,0,256,254,521037,3246,10
asymmetric_permutation_16mib,point_to_point,netaware_default,mrc_exact_bounded,dcqcn_variant,exact,p99_fct_us,422.71989,367.87127343749984,358.71000000000004,416.07539999999995,422.71989,427.22514600000005,427.708,128,128,0,1,1,5.460329404000731,/home/user/workspace/csg-htsim/.worktrees/four-scheme-comparison/experiments/n-mrc/output/four_scheme_causal_ablation_20260725/raw/asymmetric_permutation_16mib/netaware_default/seed_13/stdout.log,/home/user/workspace/csg-htsim/.worktrees/four-scheme-comparison/sim/datacenter/htsim_roce -o /home/user/workspace/csg-htsim/.worktrees/four-scheme-comparison/experiments/n-mrc/output/four_scheme_causal_ablation_20260725/raw/asymmetric_permutation_16mib/netaware_default/seed_13/logout.dat -tm /home/user/workspace/csg-htsim/.worktrees/four-scheme-comparison/experiments/n-mrc/output/four_scheme_causal_ablation_20260725/traffic/asymmetric_permutation_16mib_seed13.cm -nodes 128 -conns 128 -tiers 2 -lb netaware -linkspeed 400000 -queue_type composite_ecn_lb -host_queue_type prio -mtu 4096 -end 10000 -paths 8 -seed 13 -cc dcqcn_variant -roce_rx_mode sp -roce_sack_bitmap_bits 64 -roce_transport_semantics mrc_exact_bounded -roce_trim_recovery exact -hop_latency 0.5 -switch_latency 0.5 -queue_cv_sample_us 100 -slow_tor_uplinks 4 -slow_tor_uplink_divisor 2 -slow_tor_uplink_select random-sparse -netaware_weight_adaptation good_share_cap,524286,44,44,0,0,0,2972,7671,518262,5394,675,0,42,0,0,0,0,0,0,0,7179,524287,0,7672,7672,0,521285,362,6119,524288,43,8.20159912109375e-05,0,524288,0,4096,0,0,526906,0,0,0,44,0,0,0,0,0,0,0,0,0,0,0,0,0,0,0,0,0,0,0,0,0,0,0,0,0,0,0,0,0,0.695763,405.566,128,108224,0,0.04,0,0,0,0,0,0,13,1d32164f81bc51706685126f9d1cc694093e1e6c821cd1d47385414384b288d6,128,128,1,,255,0,0,0,0,0
asymmetric_permutation_16mib,point_to_point,netaware_default,mrc_exact_bounded,dcqcn_variant,exact,p99_fct_us,422.61436000000003,369.3453359375001,358.5165,419.32745,422.61436000000003,425.81075500000003,426.247,128,128,0,1,1,5.515866781001023,/home/user/workspace/csg-htsim/.worktrees/four-scheme-comparison/experiments/n-mrc/output/four_scheme_causal_ablation_20260725/raw/asymmetric_permutation_16mib/netaware_default/seed_29/stdout.log,/home/user/workspace/csg-htsim/.worktrees/four-scheme-comparison/sim/datacenter/htsim_roce -o /home/user/workspace/csg-htsim/.worktrees/four-scheme-comparison/experiments/n-mrc/output/four_scheme_causal_ablation_20260725/raw/asymmetric_permutation_16mib/netaware_default/seed_29/logout.dat -tm /home/user/workspace/csg-htsim/.worktrees/four-scheme-comparison/experiments/n-mrc/output/four_scheme_causal_ablation_20260725/traffic/asymmetric_permutation_16mib_seed29.cm -nodes 128 -conns 128 -tiers 2 -lb netaware -linkspeed 400000 -queue_type composite_ecn_lb -host_queue_type prio -mtu 4096 -end 10000 -paths 8 -seed 29 -cc dcqcn_variant -roce_rx_mode sp -roce_sack_bitmap_bits 64 -roce_transport_semantics mrc_exact_bounded -roce_trim_recovery exact -hop_latency 0.5 -switch_latency 0.5 -queue_cv_sample_us 100 -slow_tor_uplinks 4 -slow_tor_uplink_divisor 2 -slow_tor_uplink_select random-sparse -netaware_weight_adaptation good_share_cap,524283,54,54,0,0,0,2546,7567,519348,4340,654,0,51,0,0,0,0,0,0,0,6620,524288,0,7568,7568,0,521065,389,6171,524288,54,0.000102996826171875,0,524288,0,4096,0,0,527525,0,0,0,54,0,0,0,0,0,0,0,0,0,0,0,0,0,0,0,0,0,0,0,0,0,0,0,0,0,0,0,0,0,0.647543,393.763,128,58240,0,0.04,0,0,0,0,0,0,29,d045bcab79bb8c6b4a01ed294e66d4d10281e44d44aaeba1d186cea1e5caa21f,128,128,1,,255,0,0,0,0,0
asymmetric_permutation_16mib,point_to_point,netaware_default,mrc_exact_bounded,dcqcn_variant,exact,p99_fct_us,427.80728000000005,372.63017187499975,359.831,418.87335,427.80728000000005,432.09894799999995,432.388,128,128,0,1,1,5.5162537970009,/home/user/workspace/csg-htsim/.worktrees/four-scheme-comparison/experiments/n-mrc/output/four_scheme_causal_ablation_20260725/raw/asymmetric_permutation_16mib/netaware_default/seed_47/stdout.log,/home/user/workspace/csg-htsim/.worktrees/four-scheme-comparison/sim/datacenter/htsim_roce -o /home/user/workspace/csg-htsim/.worktrees/four-scheme-comparison/experiments/n-mrc/output/four_scheme_causal_ablation_20260725/raw/asymmetric_permutation_16mib/netaware_default/seed_47/logout.dat -tm /home/user/workspace/csg-htsim/.worktrees/four-scheme-comparison/experiments/n-mrc/output/four_scheme_causal_ablation_20260725/traffic/asymmetric_permutation_16mib_seed47.cm -nodes 128 -conns 128 -tiers 2 -lb netaware -linkspeed 400000 -queue_type composite_ecn_lb -host_queue_type prio -mtu 4096 -end 10000 -paths 8 -seed 47 -cc dcqcn_variant -roce_rx_mode sp -roce_sack_bitmap_bits 64 -roce_transport_semantics mrc_exact_bounded -roce_trim_recovery exact -hop_latency 0.5 -switch_latency 0.5 -queue_cv_sample_us 100 -slow_tor_uplinks 4 -slow_tor_uplink_divisor 2 -slow_tor_uplink_select random-sparse -netaware_weight_adaptation good_share_cap,524284,37,37,0,0,0,2755,7490,518770,4752,801,0,35,0,0,0,0,0,0,0,6995,524286,0,7490,7490,0,521235,455,5983,524288,35,6.67572021484375e-05,0,524288,0,4096,0,0,526519,0,0,0,37,0,0,0,0,0,0,0,0,0,0,0,0,0,0,0,0,0,0,0,0,0,0,0,0,0,0,0,0,0,0.503768,495.535,128,62464,0,0.05,0,0,0,0,0,0,47,8558dad7ebf29316f6b9bd0ca4559d451e7b7196ef51ac64bd013bc7fee7ce60,128,128,1,,255,0,0,0,0,0
asymmetric_permutation_16mib,point_to_point,netaware_uniform,mrc_exact_bounded,dcqcn_variant,exact,p99_fct_us,700.8522,424.7835234375001,358.102,686.6641,700.8522,713.2469100000001,714.856,128,128,0,1,1,5.21468109000125,/home/user/workspace/csg-htsim/.worktrees/four-scheme-comparison/experiments/n-mrc/output/four_scheme_causal_ablation_20260725/raw/asymmetric_permutation_16mib/netaware_uniform/seed_13/stdout.log,/home/user/workspace/csg-htsim/.worktrees/four-scheme-comparison/sim/datacenter/htsim_roce -o /home/user/workspace/csg-htsim/.worktrees/four-scheme-comparison/experiments/n-mrc/output/four_scheme_causal_ablation_20260725/raw/asymmetric_permutation_16mib/netaware_uniform/seed_13/logout.dat -tm /home/user/workspace/csg-htsim/.worktrees/four-scheme-comparison/experiments/n-mrc/output/four_scheme_causal_ablation_20260725/traffic/asymmetric_permutation_16mib_seed13.cm -nodes 128 -conns 128 -tiers 2 -lb netaware -linkspeed 400000 -queue_type composite_ecn_lb -host_queue_type prio -mtu 4096 -end 10000 -paths 8 -seed 13 -cc dcqcn_variant -roce_rx_mode sp -roce_sack_bitmap_bits 64 -roce_transport_semantics mrc_exact_bounded -roce_trim_recovery exact -hop_latency 0.5 -switch_latency 0.5 -queue_cv_sample_us 100 -slow_tor_uplinks 4 -slow_tor_uplink_divisor 2 -slow_tor_uplink_select random-sparse -netaware_level_weights 1 1 1 1 -netaware_weight_adaptation off,524277,547,306,241,0,0,5220,8786,512316,8008,2136,2366,297,0,0,0,0,0,241,0,11633,524279,0,8786,8786,0,521185,874,6330,524288,538,0.001026153564453125,0,524288,0,4096,0,0,554860,4,0,237,306,0,0,0,0,0,0,0,0,0,0,0,0,0,0,0,0,0,0,0,0,0,0,0,0,0,0,0,0,0,0.594232,261.641,128,41600,0,0.02,0,0,0,0,0,0,13,1d32164f81bc51706685126f9d1cc694093e1e6c821cd1d47385414384b288d6,128,128,1,,255,0,0,0,0,0
asymmetric_permutation_16mib,point_to_point,netaware_uniform,mrc_exact_bounded,dcqcn_variant,exact,p99_fct_us,736.8129900000001,426.77721093750006,358.247,687.3502,736.8129900000001,744.598107,744.758,128,128,0,1,1,5.257993991999683,/home/user/workspace/csg-htsim/.worktrees/four-scheme-comparison/experiments/n-mrc/output/four_scheme_causal_ablation_20260725/raw/asymmetric_permutation_16mib/netaware_uniform/seed_29/stdout.log,/home/user/workspace/csg-htsim/.worktrees/four-scheme-comparison/sim/datacenter/htsim_roce -o /home/user/workspace/csg-htsim/.worktrees/four-scheme-comparison/experiments/n-mrc/output/four_scheme_causal_ablation_20260725/raw/asymmetric_permutation_16mib/netaware_uniform/seed_29/logout.dat -tm /home/user/workspace/csg-htsim/.worktrees/four-scheme-comparison/experiments/n-mrc/output/four_scheme_causal_ablation_20260725/traffic/asymmetric_permutation_16mib_seed29.cm -nodes 128 -conns 128 -tiers 2 -lb netaware -linkspeed 400000 -queue_type composite_ecn_lb -host_queue_type prio -mtu 4096 -end 10000 -paths 8 -seed 29 -cc dcqcn_variant -roce_rx_mode sp -roce_sack_bitmap_bits 64 -roce_transport_semantics mrc_exact_bounded -roce_trim_recovery exact -hop_latency 0.5 -switch_latency 0.5 -queue_cv_sample_us 100 -slow_tor_uplinks 4 -slow_tor_uplink_divisor 2 -slow_tor_uplink_select random-sparse -netaware_level_weights 1 1 1 1 -netaware_weight_adaptation off,524270,559,309,250,0,0,5289,8706,512910,6502,2921,2501,294,0,0,0,0,0,250,0,11767,524275,0,8706,8706,0,521454,1091,6318,524288,546,0.001041412353515625,0,524288,0,4096,0,0,555543,5,0,245,309,0,0,0,0,0,0,0,0,0,0,0,0,0,0,0,0,0,0,0,0,0,0,0,0,0,0,0,0,0,0.692815,279.131,128,49984,0,0.02,0,0,0,0,0,0,29,d045bcab79bb8c6b4a01ed294e66d4d10281e44d44aaeba1d186cea1e5caa21f,128,128,1,,255,0,0,0,0,0
asymmetric_permutation_16mib,point_to_point,netaware_uniform,mrc_exact_bounded,dcqcn_variant,exact,p99_fct_us,712.1100299999999,439.1033359374999,358.9035,699.2789,712.1100299999999,713.111388,713.182,128,128,0,1,1,5.316642154000874,/home/user/workspace/csg-htsim/.worktrees/four-scheme-comparison/experiments/n-mrc/output/four_scheme_causal_ablation_20260725/raw/asymmetric_permutation_16mib/netaware_uniform/seed_47/stdout.log,/home/user/workspace/csg-htsim/.worktrees/four-scheme-comparison/sim/datacenter/htsim_roce -o /home/user/workspace/csg-htsim/.worktrees/four-scheme-comparison/experiments/n-mrc/output/four_scheme_causal_ablation_20260725/raw/asymmetric_permutation_16mib/netaware_uniform/seed_47/logout.dat -tm /home/user/workspace/csg-htsim/.worktrees/four-scheme-comparison/experiments/n-mrc/output/four_scheme_causal_ablation_20260725/traffic/asymmetric_permutation_16mib_seed47.cm -nodes 128 -conns 128 -tiers 2 -lb netaware -linkspeed 400000 -queue_type composite_ecn_lb -host_queue_type prio -mtu 4096 -end 10000 -paths 8 -seed 47 -cc dcqcn_variant -roce_rx_mode sp -roce_sack_bitmap_bits 64 -roce_transport_semantics mrc_exact_bounded -roce_trim_recovery exact -hop_latency 0.5 -switch_latency 0.5 -queue_cv_sample_us 100 -slow_tor_uplinks 4 -slow_tor_uplink_divisor 2 -slow_tor_uplink_select random-sparse -netaware_level_weights 1 1 1 1 -netaware_weight_adaptation off,524271,661,322,339,0,0,5826,8769,511394,8237,2694,2609,297,0,0,0,0,0,339,0,13069,524273,0,8769,8769,0,521379,1073,6025,524288,646,0.001232147216796875,0,524288,0,4096,0,0,561402,6,0,333,322,0,0,0,0,0,0,0,0,0,0,0,0,0,0,0,0,0,0,0,0,0,0,0,0,0,0,0,0,0,0.72908,330.677,128,66624,0,0.03,0,0,0,0,0,0,47,8558dad7ebf29316f6b9bd0ca4559d451e7b7196ef51ac64bd013bc7fee7ce60,128,128,1,,255,0,0,0,0,0
asymmetric_permutation_16mib,point_to_point,nmrc_default,mrc_exact_bounded,dcqcn_variant,exact,p99_fct_us,441.08277000000004,371.06630468749984,360.0575,420.6409,441.08277000000004,446.474139,447.013,128,128,0,1,1,16.166550677999112,/home/user/workspace/csg-htsim/.worktrees/four-scheme-comparison/experiments/n-mrc/output/four_scheme_causal_ablation_20260725/raw/asymmetric_permutation_16mib/nmrc_default/seed_13/stdout.log,/home/user/workspace/csg-htsim/.worktrees/four-scheme-comparison/sim/datacenter/htsim_roce -o /home/user/workspace/csg-htsim/.worktrees/four-scheme-comparison/experiments/n-mrc/output/four_scheme_causal_ablation_20260725/raw/asymmetric_permutation_16mib/nmrc_default/seed_13/logout.dat -tm /home/user/workspace/csg-htsim/.worktrees/four-scheme-comparison/experiments/n-mrc/output/four_scheme_causal_ablation_20260725/traffic/asymmetric_permutation_16mib_seed13.cm -nodes 128 -conns 128 -tiers 2 -lb n-mrc -linkspeed 400000 -queue_type composite_ecn_lb -host_queue_type prio -mtu 4096 -end 10000 -paths 8 -seed 13 -cc dcqcn_variant -roce_rx_mode sp -roce_sack_bitmap_bits 64 -roce_transport_semantics mrc_exact_bounded -roce_trim_recovery exact -hop_latency 0.5 -switch_latency 0.5 -queue_cv_sample_us 100 -slow_tor_uplinks 4 -slow_tor_uplink_divisor 2 -slow_tor_uplink_select random-sparse -nmrc_ev_mode encoded -nmrc_reroute_policy better_ge3 -nmrc_fastcnp on,524284,11,5,6,0,0,6535,0,0,0,0,0,3,0,0,0,0,0,6,0,12835,0,0,0,0,0,0,0,0,524288,11,2.09808349609375e-05,0,524288,0,4096,0,0,524677,0,0,6,5,483339,17462,2907,17462,17462,0,1117568,1117568,1.0277,0,0,0,12995,16866,12854,4473,0,944,944,0,0,0,0,0,0,0,0,0,0,1.15183,597.025,128,253760,0,0.03,0,0,0,0,0,0,13,1d32164f81bc51706685126f9d1cc694093e1e6c821cd1d47385414384b288d6,128,128,1,"0,0,0,0/10693,0,0,0/2480,461,0,0/2964,625,239,0",255,0,0,0,0,0
asymmetric_permutation_16mib,point_to_point,nmrc_default,mrc_exact_bounded,dcqcn_variant,exact,p99_fct_us,383.48285,360.16460156249997,356.57349999999997,380.7355,383.48285,383.810333,383.813,128,128,0,1,1,8.74313708400041,/home/user/workspace/csg-htsim/.worktrees/four-scheme-comparison/experiments/n-mrc/output/four_scheme_causal_ablation_20260725/raw/asymmetric_permutation_16mib/nmrc_default/seed_29/stdout.log,/home/user/workspace/csg-htsim/.worktrees/four-scheme-comparison/sim/datacenter/htsim_roce -o /home/user/workspace/csg-htsim/.worktrees/four-scheme-comparison/experiments/n-mrc/output/four_scheme_causal_ablation_20260725/raw/asymmetric_permutation_16mib/nmrc_default/seed_29/logout.dat -tm /home/user/workspace/csg-htsim/.worktrees/four-scheme-comparison/experiments/n-mrc/output/four_scheme_causal_ablation_20260725/traffic/asymmetric_permutation_16mib_seed29.cm -nodes 128 -conns 128 -tiers 2 -lb n-mrc -linkspeed 400000 -queue_type composite_ecn_lb -host_queue_type prio -mtu 4096 -end 10000 -paths 8 -seed 29 -cc dcqcn_variant -roce_rx_mode sp -roce_sack_bitmap_bits 64 -roce_transport_semantics mrc_exact_bounded -roce_trim_recovery exact -hop_latency 0.5 -switch_latency 0.5 -queue_cv_sample_us 100 -slow_tor_uplinks 4 -slow_tor_uplink_divisor 2 -slow_tor_uplink_select random-sparse -nmrc_ev_mode encoded -nmrc_reroute_policy better_ge3 -nmrc_fastcnp on,524287,0,0,0,0,0,1277,0,0,0,0,0,0,0,0,0,0,0,0,0,2763,0,0,0,0,0,0,0,0,524288,0,0.0,0,524288,0,0,0,0,524287,0,0,0,0,487424,5432,0,5432,5432,0,347648,347648,1.02846,0,0,0,4377,4654,4328,1055,0,952,952,0,0,0,0,0,0,0,0,0,0,0.863829,392.051,128,74880,0,0.03,0,0,0,0,0,0,29,d045bcab79bb8c6b4a01ed294e66d4d10281e44d44aaeba1d186cea1e5caa21f,128,128,1,"0,0,0,0/5432,0,0,0/0,0,0,0/0,0,0,0",255,0,0,0,0,0
asymmetric_permutation_16mib,point_to_point,nmrc_default,mrc_exact_bounded,dcqcn_variant,exact,p99_fct_us,383.65291,361.472984375,356.3725,382.0233,383.65291,388.365058,389.044,128,128,0,1,1,8.55288726299841,/home/user/workspace/csg-htsim/.worktrees/four-scheme-comparison/experiments/n-mrc/output/four_scheme_causal_ablation_20260725/raw/asymmetric_permutation_16mib/nmrc_default/seed_47/stdout.log,/home/user/workspace/csg-htsim/.worktrees/four-scheme-comparison/sim/datacenter/htsim_roce -o /home/user/workspace/csg-htsim/.worktrees/four-scheme-comparison/experiments/n-mrc/output/four_scheme_causal_ablation_20260725/raw/asymmetric_permutation_16mib/nmrc_default/seed_47/logout.dat -tm /home/user/workspace/csg-htsim/.worktrees/four-scheme-comparison/experiments/n-mrc/output/four_scheme_causal_ablation_20260725/traffic/asymmetric_permutation_16mib_seed47.cm -nodes 128 -conns 128 -tiers 2 -lb n-mrc -linkspeed 400000 -queue_type composite_ecn_lb -host_queue_type prio -mtu 4096 -end 10000 -paths 8 -seed 47 -cc dcqcn_variant -roce_rx_mode sp -roce_sack_bitmap_bits 64 -roce_transport_semantics mrc_exact_bounded -roce_trim_recovery exact -hop_latency 0.5 -switch_latency 0.5 -queue_cv_sample_us 100 -slow_tor_uplinks 4 -slow_tor_uplink_divisor 2 -slow_tor_uplink_select random-sparse -nmrc_ev_mode encoded -nmrc_reroute_policy better_ge3 -nmrc_fastcnp on,524286,0,0,0,0,0,1513,0,0,0,0,0,0,0,0,0,0,0,0,0,3301,0,0,0,0,0,0,0,0,524288,0,0.0,0,524288,0,0,0,0,524286,0,0,0,0,507904,6157,0,6157,6157,0,394048,394048,1.02701,0,0,0,4923,5218,4875,1234,0,992,992,0,0,0,0,0,0,0,0,0,0,0.641504,398.904,128,54208,0,0.03,0,0,0,0,0,0,47,8558dad7ebf29316f6b9bd0ca4559d451e7b7196ef51ac64bd013bc7fee7ce60,128,128,1,"0,0,0,0/6157,0,0,0/0,0,0,0/0,0,0,0",255,0,0,0,0,0
asymmetric_permutation_16mib,point_to_point,nmrc_never,mrc_exact_bounded,dcqcn_variant,exact,p99_fct_us,698.17939,422.7961406250001,355.709,681.81675,698.17939,708.4257910000001,709.844,128,128,0,1,1,5.053993694000383,/home/user/workspace/csg-htsim/.worktrees/four-scheme-comparison/experiments/n-mrc/output/four_scheme_causal_ablation_20260725/raw/asymmetric_permutation_16mib/nmrc_never/seed_13/stdout.log,/home/user/workspace/csg-htsim/.worktrees/four-scheme-comparison/sim/datacenter/htsim_roce -o /home/user/workspace/csg-htsim/.worktrees/four-scheme-comparison/experiments/n-mrc/output/four_scheme_causal_ablation_20260725/raw/asymmetric_permutation_16mib/nmrc_never/seed_13/logout.dat -tm /home/user/workspace/csg-htsim/.worktrees/four-scheme-comparison/experiments/n-mrc/output/four_scheme_causal_ablation_20260725/traffic/asymmetric_permutation_16mib_seed13.cm -nodes 128 -conns 128 -tiers 2 -lb n-mrc -linkspeed 400000 -queue_type composite_ecn_lb -host_queue_type prio -mtu 4096 -end 10000 -paths 8 -seed 13 -cc dcqcn_variant -roce_rx_mode sp -roce_sack_bitmap_bits 64 -roce_transport_semantics mrc_exact_bounded -roce_trim_recovery exact -hop_latency 0.5 -switch_latency 0.5 -queue_cv_sample_us 100 -slow_tor_uplinks 4 -slow_tor_uplink_divisor 2 -slow_tor_uplink_select random-sparse -nmrc_ev_mode encoded -nmrc_reroute_policy never -nmrc_fastcnp on,524277,499,345,154,0,0,5289,0,0,0,0,0,336,0,0,0,0,0,154,0,11923,0,0,0,0,0,0,0,0,524288,490,0.000934600830078125,0,524288,0,4096,0,0,552201,1,0,153,345,483818,0,12493,0,0,0,0,0,0,0,0,0,136,152,136,17,0,944,944,0,0,0,0,0,0,0,0,0,0,0.542292,194.136,128,20864,0,0.02,0,0,0,0,0,0,13,1d32164f81bc51706685126f9d1cc694093e1e6c821cd1d47385414384b288d6,128,128,1,"0,0,0,0/0,0,0,0/0,0,0,0/0,0,0,0",255,0,0,0,0,0
asymmetric_permutation_16mib,point_to_point,nmrc_never,mrc_exact_bounded,dcqcn_variant,exact,p99_fct_us,706.1111000000001,423.6976328124999,355.791,684.9990499999999,706.1111000000001,713.24648,714.105,128,128,0,1,1,5.517298225999184,/home/user/workspace/csg-htsim/.worktrees/four-scheme-comparison/experiments/n-mrc/output/four_scheme_causal_ablation_20260725/raw/asymmetric_permutation_16mib/nmrc_never/seed_29/stdout.log,/home/user/workspace/csg-htsim/.worktrees/four-scheme-comparison/sim/datacenter/htsim_roce -o /home/user/workspace/csg-htsim/.worktrees/four-scheme-comparison/experiments/n-mrc/output/four_scheme_causal_ablation_20260725/raw/asymmetric_permutation_16mib/nmrc_never/seed_29/logout.dat -tm /home/user/workspace/csg-htsim/.worktrees/four-scheme-comparison/experiments/n-mrc/output/four_scheme_causal_ablation_20260725/traffic/asymmetric_permutation_16mib_seed29.cm -nodes 128 -conns 128 -tiers 2 -lb n-mrc -linkspeed 400000 -queue_type composite_ecn_lb -host_queue_type prio -mtu 4096 -end 10000 -paths 8 -seed 29 -cc dcqcn_variant -roce_rx_mode sp -roce_sack_bitmap_bits 64 -roce_transport_semantics mrc_exact_bounded -roce_trim_recovery exact -hop_latency 0.5 -switch_latency 0.5 -queue_cv_sample_us 100 -slow_tor_uplinks 4 -slow_tor_uplink_divisor 2 -slow_tor_uplink_select random-sparse -nmrc_ev_mode encoded -nmrc_reroute_policy never -nmrc_fastcnp on,524276,498,336,162,0,0,5224,0,0,0,0,0,327,0,0,0,0,0,162,0,11977,0,0,0,0,0,0,0,0,524288,490,0.000934600830078125,0,524288,0,4096,0,0,552202,0,0,162,336,487914,0,12354,0,0,0,0,0,0,0,0,0,138,160,138,24,0,952,952,0,0,0,0,0,0,0,0,0,0,0.600238,193.434,128,25088,0,0.02,0,0,0,0,0,0,29,d045bcab79bb8c6b4a01ed294e66d4d10281e44d44aaeba1d186cea1e5caa21f,128,128,1,"0,0,0,0/0,0,0,0/0,0,0,0/0,0,0,0",255,0,0,0,0,0
asymmetric_permutation_16mib,point_to_point,nmrc_never,mrc_exact_bounded,dcqcn_variant,exact,p99_fct_us,703.5369,436.84333593749994,355.84749999999997,693.79965,703.5369,704.6529540000001,704.767,128,128,0,1,1,5.235891055999673,/home/user/workspace/csg-htsim/.worktrees/four-scheme-comparison/experiments/n-mrc/output/four_scheme_causal_ablation_20260725/raw/asymmetric_permutation_16mib/nmrc_never/seed_47/stdout.log,/home/user/workspace/csg-htsim/.worktrees/four-scheme-comparison/sim/datacenter/htsim_roce -o /home/user/workspace/csg-htsim/.worktrees/four-scheme-comparison/experiments/n-mrc/output/four_scheme_causal_ablation_20260725/raw/asymmetric_permutation_16mib/nmrc_never/seed_47/logout.dat -tm /home/user/workspace/csg-htsim/.worktrees/four-scheme-comparison/experiments/n-mrc/output/four_scheme_causal_ablation_20260725/traffic/asymmetric_permutation_16mib_seed47.cm -nodes 128 -conns 128 -tiers 2 -lb n-mrc -linkspeed 400000 -queue_type composite_ecn_lb -host_queue_type prio -mtu 4096 -end 10000 -paths 8 -seed 47 -cc dcqcn_variant -roce_rx_mode sp -roce_sack_bitmap_bits 64 -roce_transport_semantics mrc_exact_bounded -roce_trim_recovery exact -hop_latency 0.5 -switch_latency 0.5 -queue_cv_sample_us 100 -slow_tor_uplinks 4 -slow_tor_uplink_divisor 2 -slow_tor_uplink_select random-sparse -nmrc_ev_mode encoded -nmrc_reroute_policy never -nmrc_fastcnp on,524276,593,378,215,0,0,5982,0,0,0,0,0,366,0,0,0,0,0,215,0,13523,0,0,0,0,0,0,0,0,524288,581,0.0011081695556640625,0,524288,0,4096,0,0,557630,3,0,212,378,508485,0,13878,0,0,0,0,0,0,0,0,0,177,205,177,35,0,992,992,0,0,0,0,0,0,0,0,0,0,0.890253,253.869,128,58304,0,0.02,0,0,0,0,0,0,47,8558dad7ebf29316f6b9bd0ca4559d451e7b7196ef51ac64bd013bc7fee7ce60,128,128,1,"0,0,0,0/0,0,0,0/0,0,0,0/0,0,0,0",255,0,0,0,0,0
asymmetric_permutation_16mib,point_to_point,nmrc_any,mrc_exact_bounded,dcqcn_variant,exact,p99_fct_us,438.94006,374.41353125000006,360.5695,424.5062,438.94006,440.970541,441.214,128,128,0,1,1,19.493705697999758,/home/user/workspace/csg-htsim/.worktrees/four-scheme-comparison/experiments/n-mrc/output/four_scheme_causal_ablation_20260725/raw/asymmetric_permutation_16mib/nmrc_any/seed_13/stdout.log,/home/user/workspace/csg-htsim/.worktrees/four-scheme-comparison/sim/datacenter/htsim_roce -o /home/user/workspace/csg-htsim/.worktrees/four-scheme-comparison/experiments/n-mrc/output/four_scheme_causal_ablation_20260725/raw/asymmetric_permutation_16mib/nmrc_any/seed_13/logout.dat -tm /home/user/workspace/csg-htsim/.worktrees/four-scheme-comparison/experiments/n-mrc/output/four_scheme_causal_ablation_20260725/traffic/asymmetric_permutation_16mib_seed13.cm -nodes 128 -conns 128 -tiers 2 -lb n-mrc -linkspeed 400000 -queue_type composite_ecn_lb -host_queue_type prio -mtu 4096 -end 10000 -paths 8 -seed 13 -cc dcqcn_variant -roce_rx_mode sp -roce_sack_bitmap_bits 64 -roce_transport_semantics mrc_exact_bounded -roce_trim_recovery exact -hop_latency 0.5 -switch_latency 0.5 -queue_cv_sample_us 100 -slow_tor_uplinks 4 -slow_tor_uplink_divisor 2 -slow_tor_uplink_select random-sparse -nmrc_ev_mode encoded -nmrc_reroute_policy any_better -nmrc_fastcnp on,524282,162,32,130,0,0,7421,0,0,0,0,0,28,0,0,0,0,0,130,0,14399,0,0,0,0,0,0,0,0,524288,158,0.000301361083984375,0,524288,0,4096,1,0,528610,0,0,129,32,483486,22252,0,22252,22252,0,1424128,1424128,1.02787,0,0,0,15715,23062,15602,6666,8,944,944,0,0,0,0,0,0,0,0,0,0,1.1217,583.838,128,224640,0,0.03,0,0,0,0,0,0,13,1d32164f81bc51706685126f9d1cc694093e1e6c821cd1d47385414384b288d6,128,128,1,"0,0,0,0/13374,0,0,0/2610,783,0,0/4141,1076,268,0",255,0,0,0,0,0
asymmetric_permutation_16mib,point_to_point,nmrc_any,mrc_exact_bounded,dcqcn_variant,exact,p99_fct_us,383.48285,360.16460156249997,356.57349999999997,380.7355,383.48285,383.810333,383.813,128,128,0,1,1,8.895635908000258,/home/user/workspace/csg-htsim/.worktrees/four-scheme-comparison/experiments/n-mrc/output/four_scheme_causal_ablation_20260725/raw/asymmetric_permutation_16mib/nmrc_any/seed_29/stdout.log,/home/user/workspace/csg-htsim/.worktrees/four-scheme-comparison/sim/datacenter/htsim_roce -o /home/user/workspace/csg-htsim/.worktrees/four-scheme-comparison/experiments/n-mrc/output/four_scheme_causal_ablation_20260725/raw/asymmetric_permutation_16mib/nmrc_any/seed_29/logout.dat -tm /home/user/workspace/csg-htsim/.worktrees/four-scheme-comparison/experiments/n-mrc/output/four_scheme_causal_ablation_20260725/traffic/asymmetric_permutation_16mib_seed29.cm -nodes 128 -conns 128 -tiers 2 -lb n-mrc -linkspeed 400000 -queue_type composite_ecn_lb -host_queue_type prio -mtu 4096 -end 10000 -paths 8 -seed 29 -cc dcqcn_variant -roce_rx_mode sp -roce_sack_bitmap_bits 64 -roce_transport_semantics mrc_exact_bounded -roce_trim_recovery exact -hop_latency 0.5 -switch_latency 0.5 -queue_cv_sample_us 100 -slow_tor_uplinks 4 -slow_tor_uplink_divisor 2 -slow_tor_uplink_select random-sparse -nmrc_ev_mode encoded -nmrc_reroute_policy any_better -nmrc_fastcnp on,524287,0,0,0,0,0,1277,0,0,0,0,0,0,0,0,0,0,0,0,0,2763,0,0,0,0,0,0,0,0,524288,0,0.0,0,524288,0,0,0,0,524287,0,0,0,0,487424,5432,0,5432,5432,0,347648,347648,1.02846,0,0,0,4377,4654,4328,1055,0,952,952,0,0,0,0,0,0,0,0,0,0,0.863829,392.051,128,74880,0,0.03,0,0,0,0,0,0,29,d045bcab79bb8c6b4a01ed294e66d4d10281e44d44aaeba1d186cea1e5caa21f,128,128,1,"0,0,0,0/5432,0,0,0/0,0,0,0/0,0,0,0",255,0,0,0,0,0
asymmetric_permutation_16mib,point_to_point,nmrc_any,mrc_exact_bounded,dcqcn_variant,exact,p99_fct_us,383.65291,361.472984375,356.3725,382.0233,383.65291,388.365058,389.044,128,128,0,1,1,8.657420215000457,/home/user/workspace/csg-htsim/.worktrees/four-scheme-comparison/experiments/n-mrc/output/four_scheme_causal_ablation_20260725/raw/asymmetric_permutation_16mib/nmrc_any/seed_47/stdout.log,/home/user/workspace/csg-htsim/.worktrees/four-scheme-comparison/sim/datacenter/htsim_roce -o /home/user/workspace/csg-htsim/.worktrees/four-scheme-comparison/experiments/n-mrc/output/four_scheme_causal_ablation_20260725/raw/asymmetric_permutation_16mib/nmrc_any/seed_47/logout.dat -tm /home/user/workspace/csg-htsim/.worktrees/four-scheme-comparison/experiments/n-mrc/output/four_scheme_causal_ablation_20260725/traffic/asymmetric_permutation_16mib_seed47.cm -nodes 128 -conns 128 -tiers 2 -lb n-mrc -linkspeed 400000 -queue_type composite_ecn_lb -host_queue_type prio -mtu 4096 -end 10000 -paths 8 -seed 47 -cc dcqcn_variant -roce_rx_mode sp -roce_sack_bitmap_bits 64 -roce_transport_semantics mrc_exact_bounded -roce_trim_recovery exact -hop_latency 0.5 -switch_latency 0.5 -queue_cv_sample_us 100 -slow_tor_uplinks 4 -slow_tor_uplink_divisor 2 -slow_tor_uplink_select random-sparse -nmrc_ev_mode encoded -nmrc_reroute_policy any_better -nmrc_fastcnp on,524286,0,0,0,0,0,1513,0,0,0,0,0,0,0,0,0,0,0,0,0,3301,0,0,0,0,0,0,0,0,524288,0,0.0,0,524288,0,0,0,0,524286,0,0,0,0,507904,6157,0,6157,6157,0,394048,394048,1.02701,0,0,0,4923,5218,4875,1234,0,992,992,0,0,0,0,0,0,0,0,0,0,0.641504,398.904,128,54208,0,0.03,0,0,0,0,0,0,47,8558dad7ebf29316f6b9bd0ca4559d451e7b7196ef51ac64bd013bc7fee7ce60,128,128,1,"0,0,0,0/6157,0,0,0/0,0,0,0/0,0,0,0",255,0,0,0,0,0
standard_websearch_proxy_80pct,point_to_point,netaware_default,mrc_exact_bounded,dcqcn_variant,exact,p99_fct_us,4252.478708968637,259.88066229335766,34.023138518713495,1226.2837161069765,4252.478708968637,8270.862425132202,12106.656558562388,29191,29191,0,1,1,270.55247762699946,/home/user/workspace/csg-htsim/.worktrees/four-scheme-comparison/experiments/n-mrc/output/four_scheme_causal_ablation_20260725/raw/standard_websearch_proxy_80pct/netaware_default/seed_13/stdout.log,/home/user/workspace/csg-htsim/.worktrees/four-scheme-comparison/sim/datacenter/htsim_roce -o /home/user/workspace/csg-htsim/.worktrees/four-scheme-comparison/experiments/n-mrc/output/four_scheme_causal_ablation_20260725/raw/standard_websearch_proxy_80pct/netaware_default/seed_13/logout.dat -tm /home/user/workspace/csg-htsim/.worktrees/four-scheme-comparison/experiments/n-mrc/output/four_scheme_causal_ablation_20260725/traffic/standard_websearch_proxy_80pct_seed13.cm -nodes 128 -conns 29191 -tiers 2 -lb netaware -linkspeed 400000 -queue_type composite_ecn_lb -host_queue_type prio -mtu 4096 -end 40000 -paths 8 -seed 13 -cc dcqcn_variant -roce_rx_mode sp -roce_sack_bitmap_bits 64 -roce_transport_semantics mrc_exact_bounded -roce_trim_recovery exact -hop_latency 0.5 -switch_latency 0.5 -queue_cv_sample_us 100 -netaware_weight_adaptation good_share_cap,12651927,647079,132210,514869,0,114,39302,463827,13107377,58239,8059,4274,106399,0,0,0,0,0,515108,0,76150,12661075,0,464761,464761,0,12658161,6713,453298,12547604,630345,0.05023628415432938,0,12547604,0,4096,1659,8047,20178428,5104,0,508038,124231,0,0,0,0,0,0,0,0,0,0,0,0,0,0,0,0,0,0,0,0,0,0,0,0,0,0,0,0,0,0.332041,2715.74,128,345280,0.04,0.11,0,0,0,0,0,0,13,008da4ad9615dce108cb046b2ccd82a5a1fad0be6f1ecb7a6c61e55710bd6903,29191,29191,1,,255,0,0,0,0,0
standard_websearch_proxy_80pct,point_to_point,netaware_default,mrc_exact_bounded,dcqcn_variant,exact,p99_fct_us,3582.7989471093874,230.06213342767364,33.18081688416464,1077.6778300170354,3582.7989471093874,7181.437665122854,10393.905932469132,28640,28640,0,1,1,273.53147515099954,/home/user/workspace/csg-htsim/.worktrees/four-scheme-comparison/experiments/n-mrc/output/four_scheme_causal_ablation_20260725/raw/standard_websearch_proxy_80pct/netaware_default/seed_29/stdout.log,/home/user/workspace/csg-htsim/.worktrees/four-scheme-comparison/sim/datacenter/htsim_roce -o /home/user/workspace/csg-htsim/.worktrees/four-scheme-comparison/experiments/n-mrc/output/four_scheme_causal_ablation_20260725/raw/standard_websearch_proxy_80pct/netaware_default/seed_29/logout.dat -tm /home/user/workspace/csg-htsim/.worktrees/four-scheme-comparison/experiments/n-mrc/output/four_scheme_causal_ablation_20260725/traffic/standard_websearch_proxy_80pct_seed29.cm -nodes 128 -conns 28640 -tiers 2 -lb netaware -linkspeed 400000 -queue_type composite_ecn_lb -host_queue_type prio -mtu 4096 -end 40000 -paths 8 -seed 29 -cc dcqcn_variant -roce_rx_mode sp -roce_sack_bitmap_bits 64 -roce_transport_semantics mrc_exact_bounded -roce_trim_recovery exact -hop_latency 0.5 -switch_latency 0.5 -queue_cv_sample_us 100 -netaware_weight_adaptation good_share_cap,12373501,578334,112911,465423,0,52,26236,447746,12796701,45712,5630,1415,91054,0,0,0,0,0,465675,0,50858,12382031,0,448678,448678,0,12379087,3847,439855,12284506,564952,0.04598898807978115,0,12284506,0,4096,1319,6090,19464797,4269,0,459779,106877,0,0,0,0,0,0,0,0,0,0,0,0,0,0,0,0,0,0,0,0,0,0,0,0,0,0,0,0,0,0.259799,2419.12,128,228800,0.03,0.1,0,0,0,0,0,0,29,5a935a2ff8c749623d9636104a3ad440fb71895f25f2bbf4112c51a2cd84228a,28640,28640,1,,255,0,0,0,0,0
standard_websearch_proxy_80pct,point_to_point,netaware_default,mrc_exact_bounded,dcqcn_variant,exact,p99_fct_us,3667.1470829694986,230.02759054938113,32.76911692599401,1058.9767314408084,3667.1470829694986,7801.269734292881,11741.289163065769,29117,29117,0,1,1,277.9388676790004,/home/user/workspace/csg-htsim/.worktrees/four-scheme-comparison/experiments/n-mrc/output/four_scheme_causal_ablation_20260725/raw/standard_websearch_proxy_80pct/netaware_default/seed_47/stdout.log,/home/user/workspace/csg-htsim/.worktrees/four-scheme-comparison/sim/datacenter/htsim_roce -o /home/user/workspace/csg-htsim/.worktrees/four-scheme-comparison/experiments/n-mrc/output/four_scheme_causal_ablation_20260725/raw/standard_websearch_proxy_80pct/netaware_default/seed_47/logout.dat -tm /home/user/workspace/csg-htsim/.worktrees/four-scheme-comparison/experiments/n-mrc/output/four_scheme_causal_ablation_20260725/traffic/standard_websearch_proxy_80pct_seed47.cm -nodes 128 -conns 29117 -tiers 2 -lb netaware -linkspeed 400000 -queue_type composite_ecn_lb -host_queue_type prio -mtu 4096 -end 40000 -paths 8 -seed 47 -cc dcqcn_variant -roce_rx_mode sp -roce_sack_bitmap_bits 64 -roce_transport_semantics mrc_exact_bounded -roce_trim_recovery exact -hop_latency 0.5 -switch_latency 0.5 -queue_cv_sample_us 100 -netaware_weight_adaptation good_share_cap,12277416,591194,114701,476493,0,85,24885,446784,12712635,45298,4960,1509,92121,0,0,0,0,0,476699,0,47678,12285975,0,447709,447709,0,12282835,3260,439501,12187349,577053,0.04734852509762377,0,12187349,0,4096,1432,6724,19300617,4256,0,470732,108050,0,0,0,0,0,0,0,0,0,0,0,0,0,0,0,0,0,0,0,0,0,0,0,0,0,0,0,0,0,0.243163,2426.28,128,228800,0.03,0.1,0,0,0,0,0,0,47,1fe6ddb58d688341f9c040d00d3e1925526a70a23b438c897191a7cccf76159f,29117,29117,1,,255,0,0,0,0,0
standard_websearch_proxy_80pct,point_to_point,nmrc_default,mrc_exact_bounded,dcqcn_variant,exact,p99_fct_us,4533.002063690109,268.79262722090397,31.743805606890874,1326.7466446502463,4533.002063690109,8682.114664010614,11791.875593011708,29191,29191,0,1,1,615.3625508730001,/home/user/workspace/csg-htsim/.worktrees/four-scheme-comparison/experiments/n-mrc/output/four_scheme_causal_ablation_20260725/raw/standard_websearch_proxy_80pct/nmrc_default/seed_13/stdout.log,/home/user/workspace/csg-htsim/.worktrees/four-scheme-comparison/sim/datacenter/htsim_roce -o /home/user/workspace/csg-htsim/.worktrees/four-scheme-comparison/experiments/n-mrc/output/four_scheme_causal_ablation_20260725/raw/standard_websearch_proxy_80pct/nmrc_default/seed_13/logout.dat -tm /home/user/workspace/csg-htsim/.worktrees/four-scheme-comparison/experiments/n-mrc/output/four_scheme_causal_ablation_20260725/traffic/standard_websearch_proxy_80pct_seed13.cm -nodes 128 -conns 29191 -tiers 2 -lb n-mrc -linkspeed 400000 -queue_type composite_ecn_lb -host_queue_type prio -mtu 4096 -end 40000 -paths 8 -seed 13 -cc dcqcn_variant -roce_rx_mode sp -roce_sack_bitmap_bits 64 -roce_transport_semantics mrc_exact_bounded -roce_trim_recovery exact -hop_latency 0.5 -switch_latency 0.5 -queue_cv_sample_us 100 -nmrc_ev_mode encoded -nmrc_reroute_policy better_ge3 -nmrc_fastcnp on,12634513,582214,108899,473315,0,86,310640,0,0,0,0,0,88702,0,0,0,0,0,473499,0,568317,0,0,0,0,0,0,0,0,12547604,569259,0.04536794435017235,0,12547604,0,4096,1334,5744,19126842,4090,0,467841,103205,12398113,808696,153261,808696,808696,408,51756544,51756544,1.02992,0,0,0,876497,1702904,845924,399632,18959,183769,183769,0,0,0,0,0,0,0,0,0,0,0.580139,4201.32,128,349568,0.04,0.3,0,0,0,0,0,0,13,008da4ad9615dce108cb046b2ccd82a5a1fad0be6f1ecb7a6c61e55710bd6903,29191,29191,1,"0,0,0,0/251805,0,0,0/187776,31878,0,0/268220,49835,19182,0",255,0,0,0,0,0
standard_websearch_proxy_80pct,point_to_point,nmrc_default,mrc_exact_bounded,dcqcn_variant,exact,p99_fct_us,3763.5432486697528,235.61023256524297,31.570297161915278,1135.6591621558846,3763.5432486697528,7317.1757545890705,10451.305932469131,28640,28640,0,1,1,516.9649677140005,/home/user/workspace/csg-htsim/.worktrees/four-scheme-comparison/experiments/n-mrc/output/four_scheme_causal_ablation_20260725/raw/standard_websearch_proxy_80pct/nmrc_default/seed_29/stdout.log,/home/user/workspace/csg-htsim/.worktrees/four-scheme-comparison/sim/datacenter/htsim_roce -o /home/user/workspace/csg-htsim/.worktrees/four-scheme-comparison/experiments/n-mrc/output/four_scheme_causal_ablation_20260725/raw/standard_websearch_proxy_80pct/nmrc_default/seed_29/logout.dat -tm /home/user/workspace/csg-htsim/.worktrees/four-scheme-comparison/experiments/n-mrc/output/four_scheme_causal_ablation_20260725/traffic/standard_websearch_proxy_80pct_seed29.cm -nodes 128 -conns 28640 -tiers 2 -lb n-mrc -linkspeed 400000 -queue_type composite_ecn_lb -host_queue_type prio -mtu 4096 -end 40000 -paths 8 -seed 29 -cc dcqcn_variant -roce_rx_mode sp -roce_sack_bitmap_bits 64 -roce_transport_semantics mrc_exact_bounded -roce_trim_recovery exact -hop_latency 0.5 -switch_latency 0.5 -queue_cv_sample_us 100 -nmrc_ev_mode encoded -nmrc_reroute_policy better_ge3 -nmrc_fastcnp on,12362502,531649,98533,433116,0,24,214146,0,0,0,0,0,79976,0,0,0,0,0,433301,0,390418,0,0,0,0,0,0,0,0,12284506,520297,0.04235392127286193,0,12284506,0,4096,1216,4808,18643356,3782,0,428063,93780,12059825,566075,104454,566075,566075,278,36228800,36228800,1.0301,0,0,0,671306,1317163,646254,322554,15811,179835,179835,0,0,0,0,0,0,0,0,0,0,0.443576,3393.55,128,349440,0.03,0.21,0,0,0,0,0,0,29,5a935a2ff8c749623d9636104a3ad440fb71895f25f2bbf4112c51a2cd84228a,28640,28640,1,"0,0,0,0/185484,0,0,0/124571,21521,0,0/187254,33770,13475,0",255,0,0,0,0,0
standard_websearch_proxy_80pct,point_to_point,nmrc_default,mrc_exact_bounded,dcqcn_variant,exact,p99_fct_us,3737.0389321325824,233.6599534257075,31.43181137514148,1096.3510741855748,3737.0389321325824,7905.813577468866,11556.18916306577,29117,29117,0,1,1,456.6340686120002,/home/user/workspace/csg-htsim/.worktrees/four-scheme-comparison/experiments/n-mrc/output/four_scheme_causal_ablation_20260725/raw/standard_websearch_proxy_80pct/nmrc_default/seed_47/stdout.log,/home/user/workspace/csg-htsim/.worktrees/four-scheme-comparison/sim/datacenter/htsim_roce -o /home/user/workspace/csg-htsim/.worktrees/four-scheme-comparison/experiments/n-mrc/output/four_scheme_causal_ablation_20260725/raw/standard_websearch_proxy_80pct/nmrc_default/seed_47/logout.dat -tm /home/user/workspace/csg-htsim/.worktrees/four-scheme-comparison/experiments/n-mrc/output/four_scheme_causal_ablation_20260725/traffic/standard_websearch_proxy_80pct_seed47.cm -nodes 128 -conns 29117 -tiers 2 -lb n-mrc -linkspeed 400000 -queue_type composite_ecn_lb -host_queue_type prio -mtu 4096 -end 40000 -paths 8 -seed 47 -cc dcqcn_variant -roce_rx_mode sp -roce_sack_bitmap_bits 64 -roce_transport_semantics mrc_exact_bounded -roce_trim_recovery exact -hop_latency 0.5 -switch_latency 0.5 -queue_cv_sample_us 100 -nmrc_ev_mode encoded -nmrc_reroute_policy better_ge3 -nmrc_fastcnp on,12266620,546931,99698,447233,0,55,193795,0,0,0,0,0,81239,0,0,0,0,0,447444,0,347953,0,0,0,0,0,0,0,0,12187349,535598,0.043947047056747124,0,12187349,0,4096,1203,4783,18541069,3756,0,442229,94960,12048756,497809,94557,497809,497809,281,31859776,31859776,1.02911,0,0,0,633531,1268801,609616,306226,17020,182961,182961,0,0,0,0,0,0,0,0,0,0,0.396581,3251.68,128,349568,0.03,0.17,0,0,0,0,0,0,47,1fe6ddb58d688341f9c040d00d3e1925526a70a23b438c897191a7cccf76159f,29117,29117,1,"0,0,0,0/163727,0,0,0/102189,17139,0,0/171512,30242,13000,0",255,0,0,0,0,0
standard_websearch_proxy_80pct,point_to_point,nmrc_never,mrc_exact_bounded,dcqcn_variant,exact,p99_fct_us,4174.411108652977,258.437305032558,33.84775450185043,1225.0146939251363,4174.411108652977,8267.218203502007,11752.056558562388,29191,29191,0,1,1,337.7928585630016,/home/user/workspace/csg-htsim/.worktrees/four-scheme-comparison/experiments/n-mrc/output/four_scheme_causal_ablation_20260725/raw/standard_websearch_proxy_80pct/nmrc_never/seed_13/stdout.log,/home/user/workspace/csg-htsim/.worktrees/four-scheme-comparison/sim/datacenter/htsim_roce -o /home/user/workspace/csg-htsim/.worktrees/four-scheme-comparison/experiments/n-mrc/output/four_scheme_causal_ablation_20260725/raw/standard_websearch_proxy_80pct/nmrc_never/seed_13/logout.dat -tm /home/user/workspace/csg-htsim/.worktrees/four-scheme-comparison/experiments/n-mrc/output/four_scheme_causal_ablation_20260725/traffic/standard_websearch_proxy_80pct_seed13.cm -nodes 128 -conns 29191 -tiers 2 -lb n-mrc -linkspeed 400000 -queue_type composite_ecn_lb -host_queue_type prio -mtu 4096 -end 40000 -paths 8 -seed 13 -cc dcqcn_variant -roce_rx_mode sp -roce_sack_bitmap_bits 64 -roce_transport_semantics mrc_exact_bounded -roce_trim_recovery exact -hop_latency 0.5 -switch_latency 0.5 -queue_cv_sample_us 100 -nmrc_ev_mode encoded -nmrc_reroute_policy never -nmrc_fastcnp on,12653642,652681,132644,520037,0,122,16700,0,0,0,0,0,108143,0,0,0,0,0,520270,0,33224,0,0,0,0,0,0,0,0,12547604,637070,0.05077224305134271,0,12547604,0,4096,1579,6893,20168237,5196,0,513198,125816,12463610,0,47726,0,0,0,0,0,0,0,0,0,380601,852713,366568,132597,16105,183957,183957,0,0,0,0,0,0,0,0,0,0,0.291507,2240.35,128,195520,0.03,0.08,0,0,0,0,0,0,13,008da4ad9615dce108cb046b2ccd82a5a1fad0be6f1ecb7a6c61e55710bd6903,29191,29191,1,"0,0,0,0/0,0,0,0/0,0,0,0/0,0,0,0",255,0,0,0,0,0
standard_websearch_proxy_80pct,point_to_point,nmrc_never,mrc_exact_bounded,dcqcn_variant,exact,p99_fct_us,3625.5461523772074,229.27981894792484,33.33055524351403,1070.1706684860405,3625.5461523772074,7067.524447224304,9659.305932469131,28640,28640,0,1,1,333.4053477140005,/home/user/workspace/csg-htsim/.worktrees/four-scheme-comparison/experiments/n-mrc/output/four_scheme_causal_ablation_20260725/raw/standard_websearch_proxy_80pct/nmrc_never/seed_29/stdout.log,/home/user/workspace/csg-htsim/.worktrees/four-scheme-comparison/sim/datacenter/htsim_roce -o /home/user/workspace/csg-htsim/.worktrees/four-scheme-comparison/experiments/n-mrc/output/four_scheme_causal_ablation_20260725/raw/standard_websearch_proxy_80pct/nmrc_never/seed_29/logout.dat -tm /home/user/workspace/csg-htsim/.worktrees/four-scheme-comparison/experiments/n-mrc/output/four_scheme_causal_ablation_20260725/traffic/standard_websearch_proxy_80pct_seed29.cm -nodes 128 -conns 28640 -tiers 2 -lb n-mrc -linkspeed 400000 -queue_type composite_ecn_lb -host_queue_type prio -mtu 4096 -end 40000 -paths 8 -seed 29 -cc dcqcn_variant -roce_rx_mode sp -roce_sack_bitmap_bits 64 -roce_transport_semantics mrc_exact_bounded -roce_trim_recovery exact -hop_latency 0.5 -switch_latency 0.5 -queue_cv_sample_us 100 -nmrc_ev_mode encoded -nmrc_reroute_policy never -nmrc_fastcnp on,12374040,581141,113025,468116,0,53,13008,0,0,0,0,0,91694,0,0,0,0,0,468365,0,25303,0,0,0,0,0,0,0,0,12284506,568451,0.04627381841809512,0,12284506,0,4096,1351,5441,19415263,4245,0,462464,107640,12106250,0,33473,0,0,0,0,0,0,0,0,0,343075,764999,330078,119389,14127,179928,179928,0,0,0,0,0,0,0,0,0,0,0.186712,2046.49,128,158080,0.03,0.08,0,0,0,0,0,0,29,5a935a2ff8c749623d9636104a3ad440fb71895f25f2bbf4112c51a2cd84228a,28640,28640,1,"0,0,0,0/0,0,0,0/0,0,0,0/0,0,0,0",255,0,0,0,0,0
standard_websearch_proxy_80pct,point_to_point,nmrc_never,mrc_exact_bounded,dcqcn_variant,exact,p99_fct_us,3676.1776590211657,229.62190520645495,32.79180007971081,1050.3061000290368,3676.1776590211657,7850.17716854235,11755.789163065769,29117,29117,0,1,1,312.86413235299915,/home/user/workspace/csg-htsim/.worktrees/four-scheme-comparison/experiments/n-mrc/output/four_scheme_causal_ablation_20260725/raw/standard_websearch_proxy_80pct/nmrc_never/seed_47/stdout.log,/home/user/workspace/csg-htsim/.worktrees/four-scheme-comparison/sim/datacenter/htsim_roce -o /home/user/workspace/csg-htsim/.worktrees/four-scheme-comparison/experiments/n-mrc/output/four_scheme_causal_ablation_20260725/raw/standard_websearch_proxy_80pct/nmrc_never/seed_47/logout.dat -tm /home/user/workspace/csg-htsim/.worktrees/four-scheme-comparison/experiments/n-mrc/output/four_scheme_causal_ablation_20260725/traffic/standard_websearch_proxy_80pct_seed47.cm -nodes 128 -conns 29117 -tiers 2 -lb n-mrc -linkspeed 400000 -queue_type composite_ecn_lb -host_queue_type prio -mtu 4096 -end 40000 -paths 8 -seed 47 -cc dcqcn_variant -roce_rx_mode sp -roce_sack_bitmap_bits 64 -roce_transport_semantics mrc_exact_bounded -roce_trim_recovery exact -hop_latency 0.5 -switch_latency 0.5 -queue_cv_sample_us 100 -nmrc_ev_mode encoded -nmrc_reroute_policy never -nmrc_fastcnp on,12277756,594778,113750,481028,0,101,11822,0,0,0,0,0,92496,0,0,0,0,0,481280,0,22509,0,0,0,0,0,0,0,0,12187349,581646,0.04772539130536099,0,12187349,0,4096,1440,5703,19273672,4364,0,475152,108119,12093257,0,36360,0,0,0,0,0,0,0,0,0,349670,789312,336440,125482,15392,183173,183173,0,0,0,0,0,0,0,0,0,0,0.209198,2011.41,128,158080,0.03,0.07,0,0,0,0,0,0,47,1fe6ddb58d688341f9c040d00d3e1925526a70a23b438c897191a7cccf76159f,29117,29117,1,"0,0,0,0/0,0,0,0/0,0,0,0/0,0,0,0",255,0,0,0,0,0
standard_websearch_proxy_80pct,point_to_point,nmrc_fastcnp_off,mrc_exact_bounded,dcqcn_variant,exact,p99_fct_us,4612.469706140567,268.0211572472825,31.571424499412387,1318.8968903210587,4612.469706140567,8562.24299449213,12490.627745166708,29191,29191,0,1,1,337.0184287869997,/home/user/workspace/csg-htsim/.worktrees/four-scheme-comparison/experiments/n-mrc/output/four_scheme_causal_ablation_20260725/raw/standard_websearch_proxy_80pct/nmrc_fastcnp_off/seed_13/stdout.log,/home/user/workspace/csg-htsim/.worktrees/four-scheme-comparison/sim/datacenter/htsim_roce -o /home/user/workspace/csg-htsim/.worktrees/four-scheme-comparison/experiments/n-mrc/output/four_scheme_causal_ablation_20260725/raw/standard_websearch_proxy_80pct/nmrc_fastcnp_off/seed_13/logout.dat -tm /home/user/workspace/csg-htsim/.worktrees/four-scheme-comparison/experiments/n-mrc/output/four_scheme_causal_ablation_20260725/traffic/standard_websearch_proxy_80pct_seed13.cm -nodes 128 -conns 29191 -tiers 2 -lb n-mrc -linkspeed 400000 -queue_type composite_ecn_lb -host_queue_type prio -mtu 4096 -end 40000 -paths 8 -seed 13 -cc dcqcn_variant -roce_rx_mode sp -roce_sack_bitmap_bits 64 -roce_transport_semantics mrc_exact_bounded -roce_trim_recovery exact -hop_latency 0.5 -switch_latency 0.5 -queue_cv_sample_us 100 -nmrc_ev_mode encoded -nmrc_reroute_policy better_ge3 -nmrc_fastcnp off,12635197,584572,109933,474639,0,67,294178,0,0,0,0,0,89466,0,0,0,0,0,474848,0,539017,0,0,0,0,0,0,0,0,12547604,571315,0.04553180033415145,0,12547604,0,4096,1309,6012,19165951,4154,0,469121,103976,12399626,860020,142325,0,0,0,0,0,0,0,0,0,346984,755685,333762,122137,13537,183755,183755,0,0,0,0,0,0,0,0,0,0,0.648856,4115.44,128,349440,0.04,0.28,0,0,0,0,0,0,13,008da4ad9615dce108cb046b2ccd82a5a1fad0be6f1ecb7a6c61e55710bd6903,29191,29191,1,"0,0,0,0/260294,0,0,0/199602,33906,0,0/290701,54557,20960,0",255,0,0,0,0,0
standard_websearch_proxy_80pct,point_to_point,nmrc_fastcnp_off,mrc_exact_bounded,dcqcn_variant,exact,p99_fct_us,3694.0364953866615,233.92159262110974,31.89721812122241,1116.801391373348,3694.0364953866615,7279.144370132206,9924.505932469132,28640,28640,0,1,1,336.1386574349999,/home/user/workspace/csg-htsim/.worktrees/four-scheme-comparison/experiments/n-mrc/output/four_scheme_causal_ablation_20260725/raw/standard_websearch_proxy_80pct/nmrc_fastcnp_off/seed_29/stdout.log,/home/user/workspace/csg-htsim/.worktrees/four-scheme-comparison/sim/datacenter/htsim_roce -o /home/user/workspace/csg-htsim/.worktrees/four-scheme-comparison/experiments/n-mrc/output/four_scheme_causal_ablation_20260725/raw/standard_websearch_proxy_80pct/nmrc_fastcnp_off/seed_29/logout.dat -tm /home/user/workspace/csg-htsim/.worktrees/four-scheme-comparison/experiments/n-mrc/output/four_scheme_causal_ablation_20260725/traffic/standard_websearch_proxy_80pct_seed29.cm -nodes 128 -conns 28640 -tiers 2 -lb n-mrc -linkspeed 400000 -queue_type composite_ecn_lb -host_queue_type prio -mtu 4096 -end 40000 -paths 8 -seed 29 -cc dcqcn_variant -roce_rx_mode sp -roce_sack_bitmap_bits 64 -roce_transport_semantics mrc_exact_bounded -roce_trim_recovery exact -hop_latency 0.5 -switch_latency 0.5 -queue_cv_sample_us 100 -nmrc_ev_mode encoded -nmrc_reroute_policy better_ge3 -nmrc_fastcnp off,12364415,543759,100674,443085,0,32,177573,0,0,0,0,0,81883,0,0,0,0,0,443297,0,321202,0,0,0,0,0,0,0,0,12284506,532225,0.04332490048846897,0,12284506,0,4096,1371,4820,18853679,3706,0,437951,95911,12070693,517855,86561,0,0,0,0,0,0,0,0,0,324400,711703,311924,113551,12662,179847,179847,0,0,0,0,0,0,0,0,0,0,0.485598,3141.93,128,349440,0.03,0.16,0,0,0,0,0,0,29,5a935a2ff8c749623d9636104a3ad440fb71895f25f2bbf4112c51a2cd84228a,28640,28640,1,"0,0,0,0/157459,0,0,0/121924,21002,0,0/173312,32072,12086,0",255,0,0,0,0,0
standard_websearch_proxy_80pct,point_to_point,nmrc_fastcnp_off,mrc_exact_bounded,dcqcn_variant,exact,p99_fct_us,3678.6193970755703,233.0727596900903,31.442096166493684,1078.2352928003606,3678.6193970755703,8011.842105767459,11663.328182356541,29117,29117,0,1,1,311.45779950400174,/home/user/workspace/csg-htsim/.worktrees/four-scheme-comparison/experiments/n-mrc/output/four_scheme_causal_ablation_20260725/raw/standard_websearch_proxy_80pct/nmrc_fastcnp_off/seed_47/stdout.log,/home/user/workspace/csg-htsim/.worktrees/four-scheme-comparison/sim/datacenter/htsim_roce -o /home/user/workspace/csg-htsim/.worktrees/four-scheme-comparison/experiments/n-mrc/output/four_scheme_causal_ablation_20260725/raw/standard_websearch_proxy_80pct/nmrc_fastcnp_off/seed_47/logout.dat -tm /home/user/workspace/csg-htsim/.worktrees/four-scheme-comparison/experiments/n-mrc/output/four_scheme_causal_ablation_20260725/traffic/standard_websearch_proxy_80pct_seed47.cm -nodes 128 -conns 29117 -tiers 2 -lb n-mrc -linkspeed 400000 -queue_type composite_ecn_lb -host_queue_type prio -mtu 4096 -end 40000 -paths 8 -seed 47 -cc dcqcn_variant -roce_rx_mode sp -roce_sack_bitmap_bits 64 -roce_transport_semantics mrc_exact_bounded -roce_trim_recovery exact -hop_latency 0.5 -switch_latency 0.5 -queue_cv_sample_us 100 -nmrc_ev_mode encoded -nmrc_reroute_policy better_ge3 -nmrc_fastcnp off,12268016,555347,101881,453466,0,101,176077,0,0,0,0,0,82676,0,0,0,0,0,453622,0,317490,0,0,0,0,0,0,0,0,12187349,543407,0.04458779345696919,0,12187349,0,4096,1272,5336,18708493,3761,0,448369,96610,12056138,508115,87316,0,0,0,0,0,0,0,0,0,329249,730484,316619,119120,13915,183080,183080,0,0,0,0,0,0,0,0,0,0,0.368885,3063.99,128,341120,0.03,0.16,0,0,0,0,0,0,47,1fe6ddb58d688341f9c040d00d3e1925526a70a23b438c897191a7cccf76159f,29117,29117,1,"0,0,0,0/164727,0,0,0/116120,20454,0,0/161741,32569,12504,0",255,0,0,0,0,0
standard_websearch_proxy_80pct,point_to_point,nmrc_any,mrc_exact_bounded,dcqcn_variant,exact,p99_fct_us,4749.6169338313875,277.28263544261534,31.369768513016425,1390.3869232660136,4749.6169338313875,8738.06276273594,12302.653725592383,29191,29191,0,1,1,683.5573389510009,/home/user/workspace/csg-htsim/.worktrees/four-scheme-comparison/experiments/n-mrc/output/four_scheme_causal_ablation_20260725/raw/standard_websearch_proxy_80pct/nmrc_any/seed_13/stdout.log,/home/user/workspace/csg-htsim/.worktrees/four-scheme-comparison/sim/datacenter/htsim_roce -o /home/user/workspace/csg-htsim/.worktrees/four-scheme-comparison/experiments/n-mrc/output/four_scheme_causal_ablation_20260725/raw/standard_websearch_proxy_80pct/nmrc_any/seed_13/logout.dat -tm /home/user/workspace/csg-htsim/.worktrees/four-scheme-comparison/experiments/n-mrc/output/four_scheme_causal_ablation_20260725/traffic/standard_websearch_proxy_80pct_seed13.cm -nodes 128 -conns 29191 -tiers 2 -lb n-mrc -linkspeed 400000 -queue_type composite_ecn_lb -host_queue_type prio -mtu 4096 -end 40000 -paths 8 -seed 13 -cc dcqcn_variant -roce_rx_mode sp -roce_sack_bitmap_bits 64 -roce_transport_semantics mrc_exact_bounded -roce_trim_recovery exact -hop_latency 0.5 -switch_latency 0.5 -queue_cv_sample_us 100 -nmrc_ev_mode encoded -nmrc_reroute_policy any_better -nmrc_fastcnp on,12635531,591356,109370,481986,0,60,355411,0,0,0,0,0,89990,0,0,0,0,0,482190,0,665836,0,0,0,0,0,0,0,0,12547604,578913,0.046137334267163675,0,12547604,0,4096,1341,5240,19291347,4096,0,476498,104181,12408454,993886,0,993886,993886,571,63608704,63608704,1.02943,0,0,0,977751,2140813,944955,492062,31218,183812,183812,0,0,0,0,0,0,0,0,0,0,0.68379,4432.97,128,349760,0.04,0.31,0,0,0,0,0,0,13,008da4ad9615dce108cb046b2ccd82a5a1fad0be6f1ecb7a6c61e55710bd6903,29191,29191,1,"0,0,0,0/310193,0,0,0/166959,32836,0,0/377021,73759,33118,0",255,0,0,0,0,0
standard_websearch_proxy_80pct,point_to_point,nmrc_any,mrc_exact_bounded,dcqcn_variant,exact,p99_fct_us,3759.4448806927935,238.24278469512953,31.628233860003547,1150.2660020092505,3759.4448806927935,7479.316481391489,9562.105932469132,28640,28640,0,1,1,510.0408093220012,/home/user/workspace/csg-htsim/.worktrees/four-scheme-comparison/experiments/n-mrc/output/four_scheme_causal_ablation_20260725/raw/standard_websearch_proxy_80pct/nmrc_any/seed_29/stdout.log,/home/user/workspace/csg-htsim/.worktrees/four-scheme-comparison/sim/datacenter/htsim_roce -o /home/user/workspace/csg-htsim/.worktrees/four-scheme-comparison/experiments/n-mrc/output/four_scheme_causal_ablation_20260725/raw/standard_websearch_proxy_80pct/nmrc_any/seed_29/logout.dat -tm /home/user/workspace/csg-htsim/.worktrees/four-scheme-comparison/experiments/n-mrc/output/four_scheme_causal_ablation_20260725/traffic/standard_websearch_proxy_80pct_seed29.cm -nodes 128 -conns 28640 -tiers 2 -lb n-mrc -linkspeed 400000 -queue_type composite_ecn_lb -host_queue_type prio -mtu 4096 -end 40000 -paths 8 -seed 29 -cc dcqcn_variant -roce_rx_mode sp -roce_sack_bitmap_bits 64 -roce_transport_semantics mrc_exact_bounded -roce_trim_recovery exact -hop_latency 0.5 -switch_latency 0.5 -queue_cv_sample_us 100 -nmrc_ev_mode encoded -nmrc_reroute_policy any_better -nmrc_fastcnp on,12366508,553921,102902,451019,0,26,189134,0,0,0,0,0,84006,0,0,0,0,0,451212,0,354950,0,0,0,0,0,0,0,0,12284506,542390,0.04415236558962973,0,12284506,0,4096,1247,4822,18922791,3812,0,445910,98130,12081793,521405,0,521405,521405,355,33369920,33369920,1.02947,0,0,0,634738,1395813,611436,332222,21790,179871,179871,0,0,0,0,0,0,0,0,0,0,0.489646,3191.74,128,349568,0.03,0.15,0,0,0,0,0,0,29,5a935a2ff8c749623d9636104a3ad440fb71895f25f2bbf4112c51a2cd84228a,28640,28640,1,"0,0,0,0/168725,0,0,0/81034,16662,0,0/195897,40440,18647,0",255,0,0,0,0,0
standard_websearch_proxy_80pct,point_to_point,nmrc_any,mrc_exact_bounded,dcqcn_variant,exact,p99_fct_us,3832.427291689971,237.5263283956563,31.030497805541927,1127.535840988765,3832.427291689971,7874.29240955513,11882.62818235654,29117,29117,0,1,1,489.0032053720006,/home/user/workspace/csg-htsim/.worktrees/four-scheme-comparison/experiments/n-mrc/output/four_scheme_causal_ablation_20260725/raw/standard_websearch_proxy_80pct/nmrc_any/seed_47/stdout.log,/home/user/workspace/csg-htsim/.worktrees/four-scheme-comparison/sim/datacenter/htsim_roce -o /home/user/workspace/csg-htsim/.worktrees/four-scheme-comparison/experiments/n-mrc/output/four_scheme_causal_ablation_20260725/raw/standard_websearch_proxy_80pct/nmrc_any/seed_47/logout.dat -tm /home/user/workspace/csg-htsim/.worktrees/four-scheme-comparison/experiments/n-mrc/output/four_scheme_causal_ablation_20260725/traffic/standard_websearch_proxy_80pct_seed47.cm -nodes 128 -conns 29117 -tiers 2 -lb n-mrc -linkspeed 400000 -queue_type composite_ecn_lb -host_queue_type prio -mtu 4096 -end 40000 -paths 8 -seed 47 -cc dcqcn_variant -roce_rx_mode sp -roce_sack_bitmap_bits 64 -roce_transport_semantics mrc_exact_bounded -roce_trim_recovery exact -hop_latency 0.5 -switch_latency 0.5 -queue_cv_sample_us 100 -nmrc_ev_mode encoded -nmrc_reroute_policy any_better -nmrc_fastcnp on,12267726,558269,100732,457537,0,72,212400,0,0,0,0,0,82431,0,0,0,0,0,457715,0,393052,0,0,0,0,0,0,0,0,12187349,546954,0.04487883296030991,0,12187349,0,4096,1290,4764,18707182,3634,0,452568,96013,12060160,604351,0,604351,604351,369,38678464,38678464,1.02915,0,0,0,689320,1512441,664171,367230,23203,183084,183084,0,0,0,0,0,0,0,0,0,0,0.524916,3346.89,128,349568,0.03,0.17,0,0,0,0,0,0,47,1fe6ddb58d688341f9c040d00d3e1925526a70a23b438c897191a7cccf76159f,29117,29117,1,"0,0,0,0/199772,0,0,0/98263,20156,0,0/222879,43380,19901,0",255,0,0,0,0,0
full_global_p16_256mib_background_off,all_to_all,avail_default,mrc_exact_bounded,dcqcn_variant,exact,all_to_all_cct_us,7057.46,3748.293475393705,3825.285,6585.682500000001,6830.985000000001,6963.5879,7057.46,16256,16256,0,1,1,176.05450984100025,/home/user/workspace/csg-htsim/.worktrees/four-scheme-comparison/experiments/n-mrc/output/four_scheme_causal_ablation_20260725/raw/full_global_p16_256mib_background_off/avail_default/seed_13/stdout.log,/home/user/workspace/csg-htsim/.worktrees/four-scheme-comparison/sim/datacenter/htsim_roce -o /home/user/workspace/csg-htsim/.worktrees/four-scheme-comparison/experiments/n-mrc/output/four_scheme_causal_ablation_20260725/raw/full_global_p16_256mib_background_off/avail_default/seed_13/logout.dat -tm /home/user/workspace/csg-htsim/.worktrees/four-scheme-comparison/experiments/n-mrc/output/four_scheme_causal_ablation_20260725/traffic/full_global_p16_256mib_background_off_seed13.cm -nodes 128 -conns 16256 -tiers 2 -lb avail -linkspeed 400000 -queue_type composite_ecn_lb -host_queue_type prio -mtu 4096 -end 100000 -paths 8 -seed 13 -cc dcqcn_variant -roce_rx_mode sp -roce_sack_bitmap_bits 64 -roce_transport_semantics mrc_exact_bounded -roce_trim_recovery exact -hop_latency 0.5 -switch_latency 0.5 -queue_cv_sample_us 100,8427220,617980,149336,468644,0,41,1893105,306820,8766251,0,0,133397,106551,0,0,0,0,0,468703,0,4015656,0,0,0,0,0,0,0,0,8323072,576576,0.0692744217519685,0,8323072,0,4096,4730,15208,19660446,16382,0,447230,134430,0,0,0,0,0,0,0,0,0,0,0,0,0,0,0,0,0,0,0,0,0,0,0,0,0,0,0,0,0,0.248377,1971.29,128,349696,0.01,0.15,0,0,0,0,0,0,13,20427d53cb40a34632ad4b93722726c89b4713dc6c0bc86529e0861b6a0da1ed,16256,16256,1,,0,759232,0,6534965,1893470,468703
full_global_p16_256mib_background_off,all_to_all,avail_default,mrc_exact_bounded,dcqcn_variant,exact,all_to_all_cct_us,6816.59,3721.0432739911366,3802.515,6473.4125,6652.789000000001,6760.504300000002,6816.59,16256,16256,0,1,1,183.99525895499937,/home/user/workspace/csg-htsim/.worktrees/four-scheme-comparison/experiments/n-mrc/output/four_scheme_causal_ablation_20260725/raw/full_global_p16_256mib_background_off/avail_default/seed_29/stdout.log,/home/user/workspace/csg-htsim/.worktrees/four-scheme-comparison/sim/datacenter/htsim_roce -o /home/user/workspace/csg-htsim/.worktrees/four-scheme-comparison/experiments/n-mrc/output/four_scheme_causal_ablation_20260725/raw/full_global_p16_256mib_background_off/avail_default/seed_29/logout.dat -tm /home/user/workspace/csg-htsim/.worktrees/four-scheme-comparison/experiments/n-mrc/output/four_scheme_causal_ablation_20260725/traffic/full_global_p16_256mib_background_off_seed29.cm -nodes 128 -conns 16256 -tiers 2 -lb avail -linkspeed 400000 -queue_type composite_ecn_lb -host_queue_type prio -mtu 4096 -end 100000 -paths 8 -seed 29 -cc dcqcn_variant -roce_rx_mode sp -roce_sack_bitmap_bits 64 -roce_transport_semantics mrc_exact_bounded -roce_trim_recovery exact -hop_latency 0.5 -switch_latency 0.5 -queue_cv_sample_us 100,8422473,553340,146239,407101,0,4,2016611,302385,8731357,0,0,102567,101813,0,0,0,0,0,407234,0,4258430,0,0,0,0,0,0,0,0,8323072,510852,0.06137781819020669,0,8323072,0,4096,4921,15583,19139271,17333,0,384543,130960,0,0,0,0,0,0,0,0,0,0,0,0,0,0,0,0,0,0,0,0,0,0,0,0,0,0,0,0,0,0.226129,1697,128,349568,0.01,0.12,0,0,0,0,0,0,29,b6e964e539c454f6ad030e2ea13146ec010ba047b1f252b5671a422f95abc00f,16256,16256,1,,0,743946,0,6406972,2017221,407234
full_global_p16_256mib_background_off,all_to_all,avail_default,mrc_exact_bounded,dcqcn_variant,exact,all_to_all_cct_us,7014.32,3785.2318811515765,3883.51,6569.45,6788.986500000001,6913.427450000001,7014.32,16256,16256,0,1,1,179.69364781400145,/home/user/workspace/csg-htsim/.worktrees/four-scheme-comparison/experiments/n-mrc/output/four_scheme_causal_ablation_20260725/raw/full_global_p16_256mib_background_off/avail_default/seed_47/stdout.log,/home/user/workspace/csg-htsim/.worktrees/four-scheme-comparison/sim/datacenter/htsim_roce -o /home/user/workspace/csg-htsim/.worktrees/four-scheme-comparison/experiments/n-mrc/output/four_scheme_causal_ablation_20260725/raw/full_global_p16_256mib_background_off/avail_default/seed_47/logout.dat -tm /home/user/workspace/csg-htsim/.worktrees/four-scheme-comparison/experiments/n-mrc/output/four_scheme_causal_ablation_20260725/traffic/full_global_p16_256mib_background_off_seed47.cm -nodes 128 -conns 16256 -tiers 2 -lb avail -linkspeed 400000 -queue_type composite_ecn_lb -host_queue_type prio -mtu 4096 -end 100000 -paths 8 -seed 47 -cc dcqcn_variant -roce_rx_mode sp -roce_sack_bitmap_bits 64 -roce_transport_semantics mrc_exact_bounded -roce_trim_recovery exact -hop_latency 0.5 -switch_latency 0.5 -queue_cv_sample_us 100,8423153,595322,152249,443073,0,170,2032378,306209,8745227,0,0,127516,102536,0,0,0,0,0,443538,0,4329822,0,0,0,0,0,0,0,0,8323072,549671,0.06604184128168061,0,8323072,0,4096,5261,17167,19856389,18101,0,419432,135366,0,0,0,0,0,0,0,0,0,0,0,0,0,0,0,0,0,0,0,0,0,0,0,0,0,0,0,0,0,0.217207,1762.59,128,349632,0.01,0.12,0,0,0,0,0,0,47,f40783e501c2c5ae9fd8b796ffa1726ea6b78ea62afb0238fce5bf70f4f7bd5c,16256,16256,1,,0,778435,0,6392252,2034307,443538
full_global_p16_256mib_background_off,all_to_all,grade_default,mrc_exact_bounded,dcqcn_variant,exact,all_to_all_cct_us,7584.55,4101.895247293296,4189.3150000000005,7112.1900000000005,7330.734,7488.7098000000005,7584.55,16256,16256,0,1,1,172.28380300800018,/home/user/workspace/csg-htsim/.worktrees/four-scheme-comparison/experiments/n-mrc/output/four_scheme_causal_ablation_20260725/raw/full_global_p16_256mib_background_off/grade_default/seed_13/stdout.log,/home/user/workspace/csg-htsim/.worktrees/four-scheme-comparison/sim/datacenter/htsim_roce -o /home/user/workspace/csg-htsim/.worktrees/four-scheme-comparison/experiments/n-mrc/output/four_scheme_causal_ablation_20260725/raw/full_global_p16_256mib_background_off/grade_default/seed_13/logout.dat -tm /home/user/workspace/csg-htsim/.worktrees/four-scheme-comparison/experiments/n-mrc/output/four_scheme_causal_ablation_20260725/traffic/full_global_p16_256mib_background_off_seed13.cm -nodes 128 -conns 16256 -tiers 2 -lb grade -linkspeed 400000 -queue_type composite_ecn_lb -host_queue_type prio -mtu 4096 -end 100000 -paths 8 -seed 13 -cc dcqcn_variant -roce_rx_mode sp -roce_sack_bitmap_bits 64 -roce_transport_semantics mrc_exact_bounded -roce_trim_recovery exact -hop_latency 0.5 -switch_latency 0.5 -queue_cv_sample_us 100,8405342,575490,134696,440794,0,140,2418115,325659,5722720,1332633,1405894,392998,86250,0,0,0,0,0,441362,0,5297346,0,0,0,0,0,0,0,0,8323072,531173,0.06381934458815207,0,8323072,0,4096,4331,17360,18967202,18058,0,418106,117635,0,0,0,0,0,0,0,0,0,0,0,0,0,0,0,0,0,0,0,0,0,0,0,0,0,0,0,0,0,0.224697,3398.91,128,349696,0.01,0.35,0,0,0,0,0,0,13,20427d53cb40a34632ad4b93722726c89b4713dc6c0bc86529e0861b6a0da1ed,16256,16256,1,,0,171542,171472,5988711,2419962,441362
full_global_p16_256mib_background_off,all_to_all,grade_default,mrc_exact_bounded,dcqcn_variant,exact,all_to_all_cct_us,7459.47,4110.362367495078,4192.785,7116.969999999999,7292.2025,7394.9712500000005,7459.47,16256,16256,0,1,1,181.07189096399998,/home/user/workspace/csg-htsim/.worktrees/four-scheme-comparison/experiments/n-mrc/output/four_scheme_causal_ablation_20260725/raw/full_global_p16_256mib_background_off/grade_default/seed_29/stdout.log,/home/user/workspace/csg-htsim/.worktrees/four-scheme-comparison/sim/datacenter/htsim_roce -o /home/user/workspace/csg-htsim/.worktrees/four-scheme-comparison/experiments/n-mrc/output/four_scheme_causal_ablation_20260725/raw/full_global_p16_256mib_background_off/grade_default/seed_29/logout.dat -tm /home/user/workspace/csg-htsim/.worktrees/four-scheme-comparison/experiments/n-mrc/output/four_scheme_causal_ablation_20260725/traffic/full_global_p16_256mib_background_off_seed29.cm -nodes 128 -conns 16256 -tiers 2 -lb grade -linkspeed 400000 -queue_type composite_ecn_lb -host_queue_type prio -mtu 4096 -end 100000 -paths 8 -seed 29 -cc dcqcn_variant -roce_rx_mode sp -roce_sack_bitmap_bits 64 -roce_transport_semantics mrc_exact_bounded -roce_trim_recovery exact -hop_latency 0.5 -switch_latency 0.5 -queue_cv_sample_us 100,8397724,579360,128418,450942,0,154,2470472,324194,5660287,1353272,1442424,401273,78804,0,0,0,0,0,451829,0,5389511,0,0,0,0,0,0,0,0,8323072,534184,0.06418111005167323,0,8323072,0,4096,4736,16111,18884297,19475,0,426417,112621,0,0,0,0,0,0,0,0,0,0,0,0,0,0,0,0,0,0,0,0,0,0,0,0,0,0,0,0,0,0.188868,3387.23,128,349824,0.01,0.35,0,0,0,0,0,0,29,b6e964e539c454f6ad030e2ea13146ec010ba047b1f252b5671a422f95abc00f,16256,16256,1,,0,173663,173500,5928795,2472256,451829
full_global_p16_256mib_background_off,all_to_all,grade_default,mrc_exact_bounded,dcqcn_variant,exact,all_to_all_cct_us,7525.15,4104.959909879422,4184.005,7125.515,7313.755,7440.058000000001,7525.15,16256,16256,0,1,1,173.8549091599998,/home/user/workspace/csg-htsim/.worktrees/four-scheme-comparison/experiments/n-mrc/output/four_scheme_causal_ablation_20260725/raw/full_global_p16_256mib_background_off/grade_default/seed_47/stdout.log,/home/user/workspace/csg-htsim/.worktrees/four-scheme-comparison/sim/datacenter/htsim_roce -o /home/user/workspace/csg-htsim/.worktrees/four-scheme-comparison/experiments/n-mrc/output/four_scheme_causal_ablation_20260725/raw/full_global_p16_256mib_background_off/grade_default/seed_47/logout.dat -tm /home/user/workspace/csg-htsim/.worktrees/four-scheme-comparison/experiments/n-mrc/output/four_scheme_causal_ablation_20260725/traffic/full_global_p16_256mib_background_off_seed47.cm -nodes 128 -conns 16256 -tiers 2 -lb grade -linkspeed 400000 -queue_type composite_ecn_lb -host_queue_type prio -mtu 4096 -end 100000 -paths 8 -seed 47 -cc dcqcn_variant -roce_rx_mode sp -roce_sack_bitmap_bits 64 -roce_transport_semantics mrc_exact_bounded -roce_trim_recovery exact -hop_latency 0.5 -switch_latency 0.5 -queue_cv_sample_us 100,8401479,582900,133005,449895,0,177,2423920,324872,5698538,1347580,1417479,395727,82550,0,0,0,0,0,450535,0,5302313,0,0,0,0,0,0,0,0,8323072,536252,0.0644295760027067,0,8323072,0,4096,4273,18551,19182045,18928,0,426394,114754,0,0,0,0,0,0,0,0,0,0,0,0,0,0,0,0,0,0,0,0,0,0,0,0,0,0,0,0,0,0.220517,3409.59,128,349760,0.01,0.35,0,0,0,0,0,0,47,f40783e501c2c5ae9fd8b796ffa1726ea6b78ea62afb0238fce5bf70f4f7bd5c,16256,16256,1,,0,173076,173003,5979043,2425346,450535
full_global_p16_256mib_background_off,all_to_all,grade_equal,mrc_exact_bounded,dcqcn_variant,exact,all_to_all_cct_us,7199.36,3844.503883612199,3939.5950000000003,6727.0325,6944.8715,7078.1111,7199.36,16256,16256,0,1,1,176.88841087699984,/home/user/workspace/csg-htsim/.worktrees/four-scheme-comparison/experiments/n-mrc/output/four_scheme_causal_ablation_20260725/raw/full_global_p16_256mib_background_off/grade_equal/seed_13/stdout.log,/home/user/workspace/csg-htsim/.worktrees/four-scheme-comparison/sim/datacenter/htsim_roce -o /home/user/workspace/csg-htsim/.worktrees/four-scheme-comparison/experiments/n-mrc/output/four_scheme_causal_ablation_20260725/raw/full_global_p16_256mib_background_off/grade_equal/seed_13/logout.dat -tm /home/user/workspace/csg-htsim/.worktrees/four-scheme-comparison/experiments/n-mrc/output/four_scheme_causal_ablation_20260725/traffic/full_global_p16_256mib_background_off_seed13.cm -nodes 128 -conns 16256 -tiers 2 -lb grade -linkspeed 400000 -queue_type composite_ecn_lb -host_queue_type prio -mtu 4096 -end 100000 -paths 8 -seed 13 -cc dcqcn_variant -roce_rx_mode sp -roce_sack_bitmap_bits 64 -roce_transport_semantics mrc_exact_bounded -roce_trim_recovery exact -hop_latency 0.5 -switch_latency 0.5 -queue_cv_sample_us 100 -stor_level_weights 4 4 4 0,8426369,555801,141938,413863,0,141,2091797,311275,5231360,1298471,1948800,368069,106596,0,0,0,0,0,414305,0,4657449,0,0,0,0,0,0,0,0,8323072,523628,0.06291282834030512,0,8323072,0,4096,3413,12076,18252755,12795,0,397439,130078,0,0,0,0,0,0,0,0,0,0,0,0,0,0,0,0,0,0,0,0,0,0,0,0,0,0,0,0,0,0.22954,3324.94,128,349696,0.01,0.34,0,0,0,0,0,0,13,20427d53cb40a34632ad4b93722726c89b4713dc6c0bc86529e0861b6a0da1ed,16256,16256,1,,0,165946,165938,6336008,2093008,414305
full_global_p16_256mib_background_off,all_to_all,grade_equal,mrc_exact_bounded,dcqcn_variant,exact,all_to_all_cct_us,7133.42,3826.9054868971352,3913.37,6679.3875,6867.648,7000.1025000000045,7133.42,16256,16256,0,1,1,175.28887609499907,/home/user/workspace/csg-htsim/.worktrees/four-scheme-comparison/experiments/n-mrc/output/four_scheme_causal_ablation_20260725/raw/full_global_p16_256mib_background_off/grade_equal/seed_29/stdout.log,/home/user/workspace/csg-htsim/.worktrees/four-scheme-comparison/sim/datacenter/htsim_roce -o /home/user/workspace/csg-htsim/.worktrees/four-scheme-comparison/experiments/n-mrc/output/four_scheme_causal_ablation_20260725/raw/full_global_p16_256mib_background_off/grade_equal/seed_29/logout.dat -tm /home/user/workspace/csg-htsim/.worktrees/four-scheme-comparison/experiments/n-mrc/output/four_scheme_causal_ablation_20260725/traffic/full_global_p16_256mib_background_off_seed29.cm -nodes 128 -conns 16256 -tiers 2 -lb grade -linkspeed 400000 -queue_type composite_ecn_lb -host_queue_type prio -mtu 4096 -end 100000 -paths 8 -seed 29 -cc dcqcn_variant -roce_rx_mode sp -roce_sack_bitmap_bits 64 -roce_transport_semantics mrc_exact_bounded -roce_trim_recovery exact -hop_latency 0.5 -switch_latency 0.5 -queue_cv_sample_us 100 -stor_level_weights 4 4 4 0,8410926,510006,126244,383762,0,143,2161982,308359,5196467,1277489,1957531,367590,91209,0,0,0,0,0,383802,0,4817364,0,0,0,0,0,0,0,0,8323072,476005,0.05719102273775837,0,8323072,0,4096,3037,13017,17763115,14033,0,366468,113451,0,0,0,0,0,0,0,0,0,0,0,0,0,0,0,0,0,0,0,0,0,0,0,0,0,0,0,0,0,0.238931,3404.41,128,349696,0.01,0.34,0,0,0,0,0,0,29,b6e964e539c454f6ad030e2ea13146ec010ba047b1f252b5671a422f95abc00f,16256,16256,1,,0,162307,162283,6249535,2162319,383802
full_global_p16_256mib_background_off,all_to_all,grade_equal,mrc_exact_bounded,dcqcn_variant,exact,all_to_all_cct_us,7404.67,3858.394627337598,3941.255,6721.545,6945.031,7204.390050000003,7404.67,16256,16256,0,1,1,175.67955601299946,/home/user/workspace/csg-htsim/.worktrees/four-scheme-comparison/experiments/n-mrc/output/four_scheme_causal_ablation_20260725/raw/full_global_p16_256mib_background_off/grade_equal/seed_47/stdout.log,/home/user/workspace/csg-htsim/.worktrees/four-scheme-comparison/sim/datacenter/htsim_roce -o /home/user/workspace/csg-htsim/.worktrees/four-scheme-comparison/experiments/n-mrc/output/four_scheme_causal_ablation_20260725/raw/full_global_p16_256mib_background_off/grade_equal/seed_47/logout.dat -tm /home/user/workspace/csg-htsim/.worktrees/four-scheme-comparison/experiments/n-mrc/output/four_scheme_causal_ablation_20260725/traffic/full_global_p16_256mib_background_off_seed47.cm -nodes 128 -conns 16256 -tiers 2 -lb grade -linkspeed 400000 -queue_type composite_ecn_lb -host_queue_type prio -mtu 4096 -end 100000 -paths 8 -seed 47 -cc dcqcn_variant -roce_rx_mode sp -roce_sack_bitmap_bits 64 -roce_transport_semantics mrc_exact_bounded -roce_trim_recovery exact -hop_latency 0.5 -switch_latency 0.5 -queue_cv_sample_us 100 -stor_level_weights 4 4 4 0,8419731,553118,141620,411498,0,186,2154305,310539,5159800,1305793,1994454,378984,100149,0,0,0,0,0,412228,0,4807786,0,0,0,0,0,0,0,0,8323072,515959,0.06199141374723179,0,8323072,0,4096,3334,15506,18624397,14170,0,393743,126366,0,0,0,0,0,0,0,0,0,0,0,0,0,0,0,0,0,0,0,0,0,0,0,0,0,0,0,0,0,0.252012,3374.16,128,349824,0.01,0.34,0,0,0,0,0,0,47,f40783e501c2c5ae9fd8b796ffa1726ea6b78ea62afb0238fce5bf70f4f7bd5c,16256,16256,1,,0,167747,167729,6267022,2156121,412228
full_global_p16_256mib_background_off,all_to_all,netaware_default,mrc_exact_bounded,dcqcn_variant,exact,all_to_all_cct_us,7735.42,3712.9532758366313,3571.975,6861.695,7334.824000000001,7580.423450000002,7735.42,16256,16256,0,1,1,217.1357392509999,/home/user/workspace/csg-htsim/.worktrees/four-scheme-comparison/experiments/n-mrc/output/four_scheme_causal_ablation_20260725/raw/full_global_p16_256mib_background_off/netaware_default/seed_13/stdout.log,/home/user/workspace/csg-htsim/.worktrees/four-scheme-comparison/sim/datacenter/htsim_roce -o /home/user/workspace/csg-htsim/.worktrees/four-scheme-comparison/experiments/n-mrc/output/four_scheme_causal_ablation_20260725/raw/full_global_p16_256mib_background_off/netaware_default/seed_13/logout.dat -tm /home/user/workspace/csg-htsim/.worktrees/four-scheme-comparison/experiments/n-mrc/output/four_scheme_causal_ablation_20260725/traffic/full_global_p16_256mib_background_off_seed13.cm -nodes 128 -conns 16256 -tiers 2 -lb netaware -linkspeed 400000 -queue_type composite_ecn_lb -host_queue_type prio -mtu 4096 -end 100000 -paths 8 -seed 13 -cc dcqcn_variant -roce_rx_mode sp -roce_sack_bitmap_bits 64 -roce_transport_semantics mrc_exact_bounded -roce_trim_recovery exact -hop_latency 0.5 -switch_latency 0.5 -queue_cv_sample_us 100 -netaware_weight_adaptation good_share_cap,8505206,1157190,258465,898725,0,130,1046909,336071,8041300,778576,257074,336535,185289,0,0,0,0,0,899084,0,2336930,8510858,0,336408,336408,0,8508398,294183,179990,8323072,1090413,0.13101088155911664,0,8323072,0,4096,9051,25907,25302155,19471,0,869159,233604,0,0,0,0,0,0,0,0,0,0,0,0,0,0,0,0,0,0,0,0,0,0,0,0,0,0,0,0,0,0.177654,2944.85,128,349632,0.01,0.28,0,0,0,0,0,0,13,20427d53cb40a34632ad4b93722726c89b4713dc6c0bc86529e0861b6a0da1ed,16256,16256,1,,255,0,0,0,0,0
full_global_p16_256mib_background_off,all_to_all,netaware_default,mrc_exact_bounded,dcqcn_variant,exact,all_to_all_cct_us,6736.69,3536.4667401574857,3521.395,6235.422499999999,6469.8805,6665.08075,6736.69,16256,16256,0,1,1,228.1984757199989,/home/user/workspace/csg-htsim/.worktrees/four-scheme-comparison/experiments/n-mrc/output/four_scheme_causal_ablation_20260725/raw/full_global_p16_256mib_background_off/netaware_default/seed_29/stdout.log,/home/user/workspace/csg-htsim/.worktrees/four-scheme-comparison/sim/datacenter/htsim_roce -o /home/user/workspace/csg-htsim/.worktrees/four-scheme-comparison/experiments/n-mrc/output/four_scheme_causal_ablation_20260725/raw/full_global_p16_256mib_background_off/netaware_default/seed_29/logout.dat -tm /home/user/workspace/csg-htsim/.worktrees/four-scheme-comparison/experiments/n-mrc/output/four_scheme_causal_ablation_20260725/traffic/full_global_p16_256mib_background_off_seed29.cm -nodes 128 -conns 16256 -tiers 2 -lb netaware -linkspeed 400000 -queue_type composite_ecn_lb -host_queue_type prio -mtu 4096 -end 100000 -paths 8 -seed 29 -cc dcqcn_variant -roce_rx_mode sp -roce_sack_bitmap_bits 64 -roce_transport_semantics mrc_exact_bounded -roce_trim_recovery exact -hop_latency 0.5 -switch_latency 0.5 -queue_cv_sample_us 100 -netaware_weight_adaptation good_share_cap,8499412,948591,241810,706781,0,71,1322108,307830,7454041,1008303,326120,426457,179690,0,0,0,0,0,707038,0,2978903,8504035,0,308105,308105,0,8501427,371231,110640,8323072,891849,0.10715382493387057,0,8323072,0,4096,7053,23778,24656202,16317,0,682774,218670,0,0,0,0,0,0,0,0,0,0,0,0,0,0,0,0,0,0,0,0,0,0,0,0,0,0,0,0,0,0.14443,3560.74,128,349696,0.01,0.35,0,0,0,0,0,0,29,b6e964e539c454f6ad030e2ea13146ec010ba047b1f252b5671a422f95abc00f,16256,16256,1,,255,0,0,0,0,0
full_global_p16_256mib_background_off,all_to_all,netaware_default,mrc_exact_bounded,dcqcn_variant,exact,all_to_all_cct_us,7442.31,3686.87811109743,3567.3450000000003,6771.4325,7163.0895,7363.406000000007,7442.31,16256,16256,0,1,1,228.75915003000046,/home/user/workspace/csg-htsim/.worktrees/four-scheme-comparison/experiments/n-mrc/output/four_scheme_causal_ablation_20260725/raw/full_global_p16_256mib_background_off/netaware_default/seed_47/stdout.log,/home/user/workspace/csg-htsim/.worktrees/four-scheme-comparison/sim/datacenter/htsim_roce -o /home/user/workspace/csg-htsim/.worktrees/four-scheme-comparison/experiments/n-mrc/output/four_scheme_causal_ablation_20260725/raw/full_global_p16_256mib_background_off/netaware_default/seed_47/logout.dat -tm /home/user/workspace/csg-htsim/.worktrees/four-scheme-comparison/experiments/n-mrc/output/four_scheme_causal_ablation_20260725/traffic/full_global_p16_256mib_background_off_seed47.cm -nodes 128 -conns 16256 -tiers 2 -lb netaware -linkspeed 400000 -queue_type composite_ecn_lb -host_queue_type prio -mtu 4096 -end 100000 -paths 8 -seed 47 -cc dcqcn_variant -roce_rx_mode sp -roce_sack_bitmap_bits 64 -roce_transport_semantics mrc_exact_bounded -roce_trim_recovery exact -hop_latency 0.5 -switch_latency 0.5 -queue_cv_sample_us 100 -netaware_weight_adaptation good_share_cap,8504605,1144924,258430,886494,0,80,1058245,331908,8010851,783491,254294,351805,184543,0,0,0,0,0,886897,0,2385611,8510144,0,332272,332272,0,8507757,296777,177225,8323072,1077369,0.12944367175965799,0,8323072,0,4096,8932,26970,25317897,19074,0,857355,232592,0,0,0,0,0,0,0,0,0,0,0,0,0,0,0,0,0,0,0,0,0,0,0,0,0,0,0,0,0,0.157372,3055.73,128,349696,0.01,0.29,0,0,0,0,0,0,47,f40783e501c2c5ae9fd8b796ffa1726ea6b78ea62afb0238fce5bf70f4f7bd5c,16256,16256,1,,255,0,0,0,0,0
full_global_p16_256mib_background_off,all_to_all,netaware_off,mrc_exact_bounded,dcqcn_variant,exact,all_to_all_cct_us,7214.44,3673.450191190932,3653.225,6533.889999999999,6853.164500000003,7067.799200000001,7214.44,16256,16256,0,1,1,215.82910866599923,/home/user/workspace/csg-htsim/.worktrees/four-scheme-comparison/experiments/n-mrc/output/four_scheme_causal_ablation_20260725/raw/full_global_p16_256mib_background_off/netaware_off/seed_13/stdout.log,/home/user/workspace/csg-htsim/.worktrees/four-scheme-comparison/sim/datacenter/htsim_roce -o /home/user/workspace/csg-htsim/.worktrees/four-scheme-comparison/experiments/n-mrc/output/four_scheme_causal_ablation_20260725/raw/full_global_p16_256mib_background_off/netaware_off/seed_13/logout.dat -tm /home/user/workspace/csg-htsim/.worktrees/four-scheme-comparison/experiments/n-mrc/output/four_scheme_causal_ablation_20260725/traffic/full_global_p16_256mib_background_off_seed13.cm -nodes 128 -conns 16256 -tiers 2 -lb netaware -linkspeed 400000 -queue_type composite_ecn_lb -host_queue_type prio -mtu 4096 -end 100000 -paths 8 -seed 13 -cc dcqcn_variant -roce_rx_mode sp -roce_sack_bitmap_bits 64 -roce_transport_semantics mrc_exact_bounded -roce_trim_recovery exact -hop_latency 0.5 -switch_latency 0.5 -queue_cv_sample_us 100 -netaware_weight_adaptation off,8466512,946176,218761,727415,0,111,1488860,320188,8121783,866603,212776,1635,146445,0,0,0,0,0,727915,0,3336239,8471510,0,320496,320496,0,8469177,413712,125461,8323072,879725,0.105697151244156,0,8323072,0,4096,9035,23469,24538452,24445,0,693311,195919,0,0,0,0,0,0,0,0,0,0,0,0,0,0,0,0,0,0,0,0,0,0,0,0,0,0,0,0,0,0.176738,3628.27,128,349760,0.01,0.36,0,0,0,0,0,0,13,20427d53cb40a34632ad4b93722726c89b4713dc6c0bc86529e0861b6a0da1ed,16256,16256,1,,255,0,0,0,0,0
full_global_p16_256mib_background_off,all_to_all,netaware_off,mrc_exact_bounded,dcqcn_variant,exact,all_to_all_cct_us,6742.31,3616.556207984767,3645.045,6286.55,6522.935,6669.474950000002,6742.31,16256,16256,0,1,1,219.02522051300002,/home/user/workspace/csg-htsim/.worktrees/four-scheme-comparison/experiments/n-mrc/output/four_scheme_causal_ablation_20260725/raw/full_global_p16_256mib_background_off/netaware_off/seed_29/stdout.log,/home/user/workspace/csg-htsim/.worktrees/four-scheme-comparison/sim/datacenter/htsim_roce -o /home/user/workspace/csg-htsim/.worktrees/four-scheme-comparison/experiments/n-mrc/output/four_scheme_causal_ablation_20260725/raw/full_global_p16_256mib_background_off/netaware_off/seed_29/logout.dat -tm /home/user/workspace/csg-htsim/.worktrees/four-scheme-comparison/experiments/n-mrc/output/four_scheme_causal_ablation_20260725/traffic/full_global_p16_256mib_background_off_seed29.cm -nodes 128 -conns 16256 -tiers 2 -lb netaware -linkspeed 400000 -queue_type composite_ecn_lb -host_queue_type prio -mtu 4096 -end 100000 -paths 8 -seed 29 -cc dcqcn_variant -roce_rx_mode sp -roce_sack_bitmap_bits 64 -roce_transport_semantics mrc_exact_bounded -roce_trim_recovery exact -hop_latency 0.5 -switch_latency 0.5 -queue_cv_sample_us 100 -netaware_weight_adaptation off,8462024,853618,206514,647104,0,88,1644177,308747,7910196,973269,232123,1015,141985,0,0,0,0,0,647452,0,3680529,8465818,0,308981,308981,0,8463240,453325,90546,8323072,793531,0.0953411192405881,0,8323072,0,4096,7316,21494,23729670,23461,0,615816,185531,0,0,0,0,0,0,0,0,0,0,0,0,0,0,0,0,0,0,0,0,0,0,0,0,0,0,0,0,0,0.166311,4036.08,128,349824,0.01,0.41,0,0,0,0,0,0,29,b6e964e539c454f6ad030e2ea13146ec010ba047b1f252b5671a422f95abc00f,16256,16256,1,,255,0,0,0,0,0
full_global_p16_256mib_background_off,all_to_all,netaware_off,mrc_exact_bounded,dcqcn_variant,exact,all_to_all_cct_us,6728.59,3598.2004009596403,3649.4700000000003,6216.6275,6439.137500000001,6613.559500000001,6728.59,16256,16256,0,1,1,224.32473090999883,/home/user/workspace/csg-htsim/.worktrees/four-scheme-comparison/experiments/n-mrc/output/four_scheme_causal_ablation_20260725/raw/full_global_p16_256mib_background_off/netaware_off/seed_47/stdout.log,/home/user/workspace/csg-htsim/.worktrees/four-scheme-comparison/sim/datacenter/htsim_roce -o /home/user/workspace/csg-htsim/.worktrees/four-scheme-comparison/experiments/n-mrc/output/four_scheme_causal_ablation_20260725/raw/full_global_p16_256mib_background_off/netaware_off/seed_47/logout.dat -tm /home/user/workspace/csg-htsim/.worktrees/four-scheme-comparison/experiments/n-mrc/output/four_scheme_causal_ablation_20260725/traffic/full_global_p16_256mib_background_off_seed47.cm -nodes 128 -conns 16256 -tiers 2 -lb netaware -linkspeed 400000 -queue_type composite_ecn_lb -host_queue_type prio -mtu 4096 -end 100000 -paths 8 -seed 47 -cc dcqcn_variant -roce_rx_mode sp -roce_sack_bitmap_bits 64 -roce_transport_semantics mrc_exact_bounded -roce_trim_recovery exact -hop_latency 0.5 -switch_latency 0.5 -queue_cv_sample_us 100 -netaware_weight_adaptation off,8462065,775149,200005,575144,0,52,1741238,304371,7776115,1020299,247511,1231,141863,0,0,0,0,0,575503,0,3892172,8466523,0,304637,304637,0,8463770,478369,81885,8323072,722084,0.08675690898745078,0,8323072,0,4096,6629,19287,22510171,20548,0,547605,181080,0,0,0,0,0,0,0,0,0,0,0,0,0,0,0,0,0,0,0,0,0,0,0,0,0,0,0,0,0,0.191401,4240,128,349824,0.01,0.42,0,0,0,0,0,0,47,f40783e501c2c5ae9fd8b796ffa1726ea6b78ea62afb0238fce5bf70f4f7bd5c,16256,16256,1,,255,0,0,0,0,0
full_global_p16_256mib_background_off,all_to_all,netaware_uniform,mrc_exact_bounded,dcqcn_variant,exact,all_to_all_cct_us,6754.04,3469.4786536048064,3462.045,6204.549999999999,6448.8460000000005,6623.607800000005,6754.04,16256,16256,0,1,1,226.10737379000057,/home/user/workspace/csg-htsim/.worktrees/four-scheme-comparison/experiments/n-mrc/output/four_scheme_causal_ablation_20260725/raw/full_global_p16_256mib_background_off/netaware_uniform/seed_13/stdout.log,/home/user/workspace/csg-htsim/.worktrees/four-scheme-comparison/sim/datacenter/htsim_roce -o /home/user/workspace/csg-htsim/.worktrees/four-scheme-comparison/experiments/n-mrc/output/four_scheme_causal_ablation_20260725/raw/full_global_p16_256mib_background_off/netaware_uniform/seed_13/logout.dat -tm /home/user/workspace/csg-htsim/.worktrees/four-scheme-comparison/experiments/n-mrc/output/four_scheme_causal_ablation_20260725/traffic/full_global_p16_256mib_background_off_seed13.cm -nodes 128 -conns 16256 -tiers 2 -lb netaware -linkspeed 400000 -queue_type composite_ecn_lb -host_queue_type prio -mtu 4096 -end 100000 -paths 8 -seed 13 -cc dcqcn_variant -roce_rx_mode sp -roce_sack_bitmap_bits 64 -roce_transport_semantics mrc_exact_bounded -roce_trim_recovery exact -hop_latency 0.5 -switch_latency 0.5 -queue_cv_sample_us 100 -netaware_level_weights 1 1 1 1 -netaware_weight_adaptation off,8546876,1022382,316789,705593,0,284,677744,306993,7704964,938762,286063,338343,226798,0,0,0,0,0,706150,0,1537741,8558353,0,307706,307706,0,8555967,182931,179870,8323072,945060,0.11354701725516732,0,8323072,0,4096,7749,40500,26642135,18931,0,677946,277257,0,0,0,0,0,0,0,0,0,0,0,0,0,0,0,0,0,0,0,0,0,0,0,0,0,0,0,0,0,0.145397,3069.67,128,349568,0.01,0.28,0,0,0,0,0,0,13,20427d53cb40a34632ad4b93722726c89b4713dc6c0bc86529e0861b6a0da1ed,16256,16256,1,,255,0,0,0,0,0
full_global_p16_256mib_background_off,all_to_all,netaware_uniform,mrc_exact_bounded,dcqcn_variant,exact,all_to_all_cct_us,6909.75,3459.365186331208,3465.715,6297.7325,6660.4220000000005,6847.90405,6909.75,16256,16256,0,1,1,224.66402163400016,/home/user/workspace/csg-htsim/.worktrees/four-scheme-comparison/experiments/n-mrc/output/four_scheme_causal_ablation_20260725/raw/full_global_p16_256mib_background_off/netaware_uniform/seed_29/stdout.log,/home/user/workspace/csg-htsim/.worktrees/four-scheme-comparison/sim/datacenter/htsim_roce -o /home/user/workspace/csg-htsim/.worktrees/four-scheme-comparison/experiments/n-mrc/output/four_scheme_causal_ablation_20260725/raw/full_global_p16_256mib_background_off/netaware_uniform/seed_29/logout.dat -tm /home/user/workspace/csg-htsim/.worktrees/four-scheme-comparison/experiments/n-mrc/output/four_scheme_causal_ablation_20260725/traffic/full_global_p16_256mib_background_off_seed29.cm -nodes 128 -conns 16256 -tiers 2 -lb netaware -linkspeed 400000 -queue_type composite_ecn_lb -host_queue_type prio -mtu 4096 -end 100000 -paths 8 -seed 29 -cc dcqcn_variant -roce_rx_mode sp -roce_sack_bitmap_bits 64 -roce_transport_semantics mrc_exact_bounded -roce_trim_recovery exact -hop_latency 0.5 -switch_latency 0.5 -queue_cv_sample_us 100 -netaware_level_weights 1 1 1 1 -netaware_weight_adaptation off,8541574,970863,307247,663616,0,579,644088,309770,7751753,881555,274771,317022,221290,0,0,0,0,0,664508,0,1429704,8557236,0,310804,310804,0,8554533,168753,188012,8323072,902029,0.10837693101777805,0,8323072,0,4096,6326,38133,24553343,17371,0,639352,269687,0,0,0,0,0,0,0,0,0,0,0,0,0,0,0,0,0,0,0,0,0,0,0,0,0,0,0,0,0,0.132703,2846.26,128,349440,0.01,0.26,0,0,0,0,0,0,29,b6e964e539c454f6ad030e2ea13146ec010ba047b1f252b5671a422f95abc00f,16256,16256,1,,255,0,0,0,0,0
full_global_p16_256mib_background_off,all_to_all,netaware_uniform,mrc_exact_bounded,dcqcn_variant,exact,all_to_all_cct_us,7230.89,3584.2807906618946,3491.29,6653.7699999999995,6944.303500000001,7113.0289500000035,7230.89,16256,16256,0,1,1,222.08726525999919,/home/user/workspace/csg-htsim/.worktrees/four-scheme-comparison/experiments/n-mrc/output/four_scheme_causal_ablation_20260725/raw/full_global_p16_256mib_background_off/netaware_uniform/seed_47/stdout.log,/home/user/workspace/csg-htsim/.worktrees/four-scheme-comparison/sim/datacenter/htsim_roce -o /home/user/workspace/csg-htsim/.worktrees/four-scheme-comparison/experiments/n-mrc/output/four_scheme_causal_ablation_20260725/raw/full_global_p16_256mib_background_off/netaware_uniform/seed_47/logout.dat -tm /home/user/workspace/csg-htsim/.worktrees/four-scheme-comparison/experiments/n-mrc/output/four_scheme_causal_ablation_20260725/traffic/full_global_p16_256mib_background_off_seed47.cm -nodes 128 -conns 16256 -tiers 2 -lb netaware -linkspeed 400000 -queue_type composite_ecn_lb -host_queue_type prio -mtu 4096 -end 100000 -paths 8 -seed 47 -cc dcqcn_variant -roce_rx_mode sp -roce_sack_bitmap_bits 64 -roce_transport_semantics mrc_exact_bounded -roce_trim_recovery exact -hop_latency 0.5 -switch_latency 0.5 -queue_cv_sample_us 100 -netaware_level_weights 1 1 1 1 -netaware_weight_adaptation off,8554137,1134474,319435,815039,0,254,595160,324272,7997723,817264,265803,299710,234077,0,0,0,0,0,815380,0,1325212,8561584,0,324731,324731,0,8559125,160752,212152,8323072,1057428,0.12704780158095472,0,8323072,0,4096,8677,36959,26413607,20203,0,785105,283532,0,0,0,0,0,0,0,0,0,0,0,0,0,0,0,0,0,0,0,0,0,0,0,0,0,0,0,0,0,0.175146,2697.73,128,349632,0.01,0.24,0,0,0,0,0,0,47,f40783e501c2c5ae9fd8b796ffa1726ea6b78ea62afb0238fce5bf70f4f7bd5c,16256,16256,1,,255,0,0,0,0,0
full_global_p16_256mib_background_off,all_to_all,nmrc_default,mrc_exact_bounded,dcqcn_variant,exact,all_to_all_cct_us,6918.54,3613.0683420890896,3685.775,6506.462500000001,6712.273000000001,6849.5774500000025,6918.54,16256,16256,0,1,1,404.9803227150005,/home/user/workspace/csg-htsim/.worktrees/four-scheme-comparison/experiments/n-mrc/output/four_scheme_causal_ablation_20260725/raw/full_global_p16_256mib_background_off/nmrc_default/seed_13/stdout.log,/home/user/workspace/csg-htsim/.worktrees/four-scheme-comparison/sim/datacenter/htsim_roce -o /home/user/workspace/csg-htsim/.worktrees/four-scheme-comparison/experiments/n-mrc/output/four_scheme_causal_ablation_20260725/raw/full_global_p16_256mib_background_off/nmrc_default/seed_13/logout.dat -tm /home/user/workspace/csg-htsim/.worktrees/four-scheme-comparison/experiments/n-mrc/output/four_scheme_causal_ablation_20260725/traffic/full_global_p16_256mib_background_off_seed13.cm -nodes 128 -conns 16256 -tiers 2 -lb n-mrc -linkspeed 400000 -queue_type composite_ecn_lb -host_queue_type prio -mtu 4096 -end 100000 -paths 8 -seed 13 -cc dcqcn_variant -roce_rx_mode sp -roce_sack_bitmap_bits 64 -roce_transport_semantics mrc_exact_bounded -roce_trim_recovery exact -hop_latency 0.5 -switch_latency 0.5 -queue_cv_sample_us 100 -nmrc_ev_mode encoded -nmrc_reroute_policy better_ge3 -nmrc_fastcnp on,8421753,488360,131983,356377,0,709,1723447,0,0,0,0,0,100940,0,0,0,0,0,356711,0,3411026,0,0,0,0,0,0,0,0,8323072,461414,0.055437944066806105,0,8323072,0,4096,2023,15697,17482656,6837,0,347380,116445,8297289,2766073,925165,2766073,2766073,1137,177028672,177028672,1.03211,0,0,0,2130432,4233697,2071209,981884,53911,122880,122880,0,0,0,0,0,0,0,0,0,0,0.156336,4824.46,128,349696,0.01,0.54,0,0,0,0,0,0,13,20427d53cb40a34632ad4b93722726c89b4713dc6c0bc86529e0861b6a0da1ed,16256,16256,1,"0,0,0,0/339280,0,0,0/338999,90287,0,0/1434624,387198,175685,0",255,0,0,0,0,0
full_global_p16_256mib_background_off,all_to_all,nmrc_default,mrc_exact_bounded,dcqcn_variant,exact,all_to_all_cct_us,7126.28,3701.2795653912244,3742.37,6552.585,6811.013000000001,7051.369050000003,7126.28,16256,16256,0,1,1,407.21030270899973,/home/user/workspace/csg-htsim/.worktrees/four-scheme-comparison/experiments/n-mrc/output/four_scheme_causal_ablation_20260725/raw/full_global_p16_256mib_background_off/nmrc_default/seed_29/stdout.log,/home/user/workspace/csg-htsim/.worktrees/four-scheme-comparison/sim/datacenter/htsim_roce -o /home/user/workspace/csg-htsim/.worktrees/four-scheme-comparison/experiments/n-mrc/output/four_scheme_causal_ablation_20260725/raw/full_global_p16_256mib_background_off/nmrc_default/seed_29/logout.dat -tm /home/user/workspace/csg-htsim/.worktrees/four-scheme-comparison/experiments/n-mrc/output/four_scheme_causal_ablation_20260725/traffic/full_global_p16_256mib_background_off_seed29.cm -nodes 128 -conns 16256 -tiers 2 -lb n-mrc -linkspeed 400000 -queue_type composite_ecn_lb -host_queue_type prio -mtu 4096 -end 100000 -paths 8 -seed 29 -cc dcqcn_variant -roce_rx_mode sp -roce_sack_bitmap_bits 64 -roce_transport_semantics mrc_exact_bounded -roce_trim_recovery exact -hop_latency 0.5 -switch_latency 0.5 -queue_cv_sample_us 100 -nmrc_ev_mode encoded -nmrc_reroute_policy better_ge3 -nmrc_fastcnp on,8434684,529530,137150,392380,0,1,2000041,0,0,0,0,0,113955,0,0,0,0,0,392404,0,3969974,0,0,0,0,0,0,0,0,8323072,507234,0.060943122923843504,0,8323072,0,4096,2166,7780,18378372,8055,0,382013,129516,8341549,3132452,1074952,3132452,3132452,134,200476928,200476928,1.03265,0,0,0,2406090,4740971,2335770,1108241,51417,122880,122880,0,0,0,0,0,0,0,0,0,0,0.154609,5361.54,128,349760,0.01,0.59,0,0,0,0,0,0,29,b6e964e539c454f6ad030e2ea13146ec010ba047b1f252b5671a422f95abc00f,16256,16256,1,"0,0,0,0/368781,0,0,0/368933,101638,0,0/1638343,449941,204816,0",255,0,0,0,0,0
full_global_p16_256mib_background_off,all_to_all,nmrc_default,mrc_exact_bounded,dcqcn_variant,exact,all_to_all_cct_us,6900.18,3603.341157910932,3676.3,6441.5475,6678.0965000000015,6836.126450000013,6900.18,16256,16256,0,1,1,387.99210022900115,/home/user/workspace/csg-htsim/.worktrees/four-scheme-comparison/experiments/n-mrc/output/four_scheme_causal_ablation_20260725/raw/full_global_p16_256mib_background_off/nmrc_default/seed_47/stdout.log,/home/user/workspace/csg-htsim/.worktrees/four-scheme-comparison/sim/datacenter/htsim_roce -o /home/user/workspace/csg-htsim/.worktrees/four-scheme-comparison/experiments/n-mrc/output/four_scheme_causal_ablation_20260725/raw/full_global_p16_256mib_background_off/nmrc_default/seed_47/logout.dat -tm /home/user/workspace/csg-htsim/.worktrees/four-scheme-comparison/experiments/n-mrc/output/four_scheme_causal_ablation_20260725/traffic/full_global_p16_256mib_background_off_seed47.cm -nodes 128 -conns 16256 -tiers 2 -lb n-mrc -linkspeed 400000 -queue_type composite_ecn_lb -host_queue_type prio -mtu 4096 -end 100000 -paths 8 -seed 47 -cc dcqcn_variant -roce_rx_mode sp -roce_sack_bitmap_bits 64 -roce_transport_semantics mrc_exact_bounded -roce_trim_recovery exact -hop_latency 0.5 -switch_latency 0.5 -queue_cv_sample_us 100 -nmrc_ev_mode encoded -nmrc_reroute_policy better_ge3 -nmrc_fastcnp on,8416639,454708,126275,328433,0,764,1776300,0,0,0,0,0,95797,0,0,0,0,0,328704,0,3520630,0,0,0,0,0,0,0,0,8323072,429032,0.051547313299704724,0,8323072,0,4096,1753,16297,16798868,5551,0,321005,110123,8267753,2781538,948704,2781538,2781538,1302,178018432,178018432,1.03247,0,0,0,2132165,4194813,2072733,969076,51679,122880,122880,0,0,0,0,0,0,0,0,0,0,0.16054,4887.03,128,349760,0.01,0.55,0,0,0,0,0,0,47,f40783e501c2c5ae9fd8b796ffa1726ea6b78ea62afb0238fce5bf70f4f7bd5c,16256,16256,1,"0,0,0,0/327499,0,0,0/328435,89097,0,0/1460268,396334,179905,0",255,0,0,0,0,0
full_global_p4_64mib_background_off,all_to_all,avail_default,mrc_exact_bounded,dcqcn_variant,exact,all_to_all_cct_us,2561.65,932.5761059178164,890.2205,1867.29,2279.4710000000005,2487.0527,2561.65,16256,16256,0,1,1,55.27867109100043,/home/user/workspace/csg-htsim/.worktrees/four-scheme-comparison/experiments/n-mrc/output/four_scheme_causal_ablation_20260725/raw/full_global_p4_64mib_background_off/avail_default/seed_13/stdout.log,/home/user/workspace/csg-htsim/.worktrees/four-scheme-comparison/sim/datacenter/htsim_roce -o /home/user/workspace/csg-htsim/.worktrees/four-scheme-comparison/experiments/n-mrc/output/four_scheme_causal_ablation_20260725/raw/full_global_p4_64mib_background_off/avail_default/seed_13/logout.dat -tm /home/user/workspace/csg-htsim/.worktrees/four-scheme-comparison/experiments/n-mrc/output/four_scheme_causal_ablation_20260725/traffic/full_global_p4_64mib_background_off_seed13.cm -nodes 128 -conns 16256 -tiers 2 -lb avail -linkspeed 400000 -queue_type composite_ecn_lb -host_queue_type prio -mtu 4096 -end 100000 -paths 8 -seed 13 -cc dcqcn_variant -roce_rx_mode sp -roce_sack_bitmap_bits 64 -roce_transport_semantics mrc_exact_bounded -roce_trim_recovery exact -hop_latency 0.5 -switch_latency 0.5 -queue_cv_sample_us 100,2090075,273275,24077,249198,0,0,407242,65633,2225216,0,0,122474,11765,0,0,0,0,0,249444,0,972454,0,0,0,0,0,0,0,0,2080768,266922,0.12828051950049213,0,2080768,0,4096,1546,1634,6788041,1750,0,245750,22595,0,0,0,0,0,0,0,0,0,0,0,0,0,0,0,0,0,0,0,0,0,0,0,0,0,0,0,0,0,0.454626,864.517,128,349632,0,0.01,0,0,0,0,0,0,13,cd66f7cc1c0f0fe7e6813b9bbb02c23813611479a17c4ae0dc62747f28a66945,16256,16256,1,,0,190163,0,1686761,409055,249444
full_global_p4_64mib_background_off,all_to_all,avail_default,mrc_exact_bounded,dcqcn_variant,exact,all_to_all_cct_us,2568.34,934.2365638410449,895.5329999999999,1885.9924999999998,2218.3090000000007,2450.70725,2568.34,16256,16256,0,1,1,61.71946592899985,/home/user/workspace/csg-htsim/.worktrees/four-scheme-comparison/experiments/n-mrc/output/four_scheme_causal_ablation_20260725/raw/full_global_p4_64mib_background_off/avail_default/seed_29/stdout.log,/home/user/workspace/csg-htsim/.worktrees/four-scheme-comparison/sim/datacenter/htsim_roce -o /home/user/workspace/csg-htsim/.worktrees/four-scheme-comparison/experiments/n-mrc/output/four_scheme_causal_ablation_20260725/raw/full_global_p4_64mib_background_off/avail_default/seed_29/logout.dat -tm /home/user/workspace/csg-htsim/.worktrees/four-scheme-comparison/experiments/n-mrc/output/four_scheme_causal_ablation_20260725/traffic/full_global_p4_64mib_background_off_seed29.cm -nodes 128 -conns 16256 -tiers 2 -lb avail -linkspeed 400000 -queue_type composite_ecn_lb -host_queue_type prio -mtu 4096 -end 100000 -paths 8 -seed 29 -cc dcqcn_variant -roce_rx_mode sp -roce_sack_bitmap_bits 64 -roce_transport_semantics mrc_exact_bounded -roce_trim_recovery exact -hop_latency 0.5 -switch_latency 0.5 -queue_cv_sample_us 100,2090024,273483,23363,250120,0,0,382364,65669,2226768,0,0,121252,11589,0,0,0,0,0,250369,0,903188,0,0,0,0,0,0,0,0,2080768,267252,0.12843911478838582,0,2080768,0,4096,1422,1609,6719857,1856,0,246674,21922,0,0,0,0,0,0,0,0,0,0,0,0,0,0,0,0,0,0,0,0,0,0,0,0,0,0,0,0,0,0.405855,842.831,128,349696,0,0.01,0,0,0,0,0,0,29,b57e3e2e8cbff05213ee36492fee091a55193e18fc5a982e3047239b7eea271b,16256,16256,1,,0,188539,0,1711478,383869,250369
full_global_p4_64mib_background_off,all_to_all,avail_default,mrc_exact_bounded,dcqcn_variant,exact,all_to_all_cct_us,2107.33,907.8248525898132,889.7675,1773.0475,1926.4880000000003,2039.830700000001,2107.33,16256,16256,0,1,1,57.95435736199943,/home/user/workspace/csg-htsim/.worktrees/four-scheme-comparison/experiments/n-mrc/output/four_scheme_causal_ablation_20260725/raw/full_global_p4_64mib_background_off/avail_default/seed_47/stdout.log,/home/user/workspace/csg-htsim/.worktrees/four-scheme-comparison/sim/datacenter/htsim_roce -o /home/user/workspace/csg-htsim/.worktrees/four-scheme-comparison/experiments/n-mrc/output/four_scheme_causal_ablation_20260725/raw/full_global_p4_64mib_background_off/avail_default/seed_47/logout.dat -tm /home/user/workspace/csg-htsim/.worktrees/four-scheme-comparison/experiments/n-mrc/output/four_scheme_causal_ablation_20260725/traffic/full_global_p4_64mib_background_off_seed47.cm -nodes 128 -conns 16256 -tiers 2 -lb avail -linkspeed 400000 -queue_type composite_ecn_lb -host_queue_type prio -mtu 4096 -end 100000 -paths 8 -seed 47 -cc dcqcn_variant -roce_rx_mode sp -roce_sack_bitmap_bits 64 -roce_transport_semantics mrc_exact_bounded -roce_trim_recovery exact -hop_latency 0.5 -switch_latency 0.5 -queue_cv_sample_us 100,2089887,254135,22886,231249,0,0,469004,64213,2212969,0,0,117784,11788,0,0,0,0,0,231529,0,1116012,0,0,0,0,0,0,0,0,2080768,249985,0.1201407364972933,0,2080768,0,4096,1158,635,6732752,1602,0,228429,22311,0,0,0,0,0,0,0,0,0,0,0,0,0,0,0,0,0,0,0,0,0,0,0,0,0,0,0,0,0,0.405362,910.497,128,349632,0,0.01,0,0,0,0,0,0,47,514dae083ab5ed6b56301bfff9344c58e74fc8a0e277be79c8e940b05ca3fa5e,16256,16256,1,,0,196094,0,1625398,471175,231529
full_global_p4_64mib_background_off,all_to_all,avail_hybrid,mrc_exact_bounded,dcqcn_variant,exact,all_to_all_cct_us,2188.1,901.5609050073797,878.057,1764.2225,1928.2545,2100.8819000000003,2188.1,16256,16256,0,1,1,54.647061416000724,/home/user/workspace/csg-htsim/.worktrees/four-scheme-comparison/experiments/n-mrc/output/four_scheme_causal_ablation_20260725/raw/full_global_p4_64mib_background_off/avail_hybrid/seed_13/stdout.log,/home/user/workspace/csg-htsim/.worktrees/four-scheme-comparison/sim/datacenter/htsim_roce -o /home/user/workspace/csg-htsim/.worktrees/four-scheme-comparison/experiments/n-mrc/output/four_scheme_causal_ablation_20260725/raw/full_global_p4_64mib_background_off/avail_hybrid/seed_13/logout.dat -tm /home/user/workspace/csg-htsim/.worktrees/four-scheme-comparison/experiments/n-mrc/output/four_scheme_causal_ablation_20260725/traffic/full_global_p4_64mib_background_off_seed13.cm -nodes 128 -conns 16256 -tiers 2 -lb avail -linkspeed 400000 -queue_type composite_ecn_lb -host_queue_type prio -mtu 4096 -end 100000 -paths 8 -seed 13 -cc dcqcn_variant -roce_rx_mode sp -roce_sack_bitmap_bits 64 -roce_transport_semantics mrc_exact_bounded -roce_trim_recovery exact -hop_latency 0.5 -switch_latency 0.5 -queue_cv_sample_us 100 -stor_aging hybrid,2089566,267053,21123,245930,0,0,345060,63618,2296198,0,0,47164,10778,0,0,0,0,0,246199,0,799919,0,0,0,0,0,0,0,0,2080768,262594,0.12620051827017717,0,2080768,0,4096,1112,889,6463437,1558,0,243181,20313,0,0,0,0,0,0,0,0,0,0,0,0,0,0,0,0,0,0,0,0,0,0,0,0,0,0,0,0,0,0.450759,869.74,128,349632,0,0.01,0,0,0,0,0,0,13,cd66f7cc1c0f0fe7e6813b9bbb02c23813611479a17c4ae0dc62747f28a66945,16256,16256,1,,0,220317,78462,1748711,346494,246199
full_global_p4_64mib_background_off,all_to_all,avail_hybrid,mrc_exact_bounded,dcqcn_variant,exact,all_to_all_cct_us,2214.83,895.337865329722,877.2180000000001,1746.1725,1905.8020000000006,2086.61625,2214.83,16256,16256,0,1,1,59.03772384700096,/home/user/workspace/csg-htsim/.worktrees/four-scheme-comparison/experiments/n-mrc/output/four_scheme_causal_ablation_20260725/raw/full_global_p4_64mib_background_off/avail_hybrid/seed_29/stdout.log,/home/user/workspace/csg-htsim/.worktrees/four-scheme-comparison/sim/datacenter/htsim_roce -o /home/user/workspace/csg-htsim/.worktrees/four-scheme-comparison/experiments/n-mrc/output/four_scheme_causal_ablation_20260725/raw/full_global_p4_64mib_background_off/avail_hybrid/seed_29/logout.dat -tm /home/user/workspace/csg-htsim/.worktrees/four-scheme-comparison/experiments/n-mrc/output/four_scheme_causal_ablation_20260725/traffic/full_global_p4_64mib_background_off_seed29.cm -nodes 128 -conns 16256 -tiers 2 -lb avail -linkspeed 400000 -queue_type composite_ecn_lb -host_queue_type prio -mtu 4096 -end 100000 -paths 8 -seed 29 -cc dcqcn_variant -roce_rx_mode sp -roce_sack_bitmap_bits 64 -roce_transport_semantics mrc_exact_bounded -roce_trim_recovery exact -hop_latency 0.5 -switch_latency 0.5 -queue_cv_sample_us 100 -stor_aging hybrid,2089576,256814,20854,235960,0,0,351787,62928,2293209,0,0,40454,10920,0,0,0,0,0,236228,0,817203,0,0,0,0,0,0,0,0,2080768,252895,0.12153925858144685,0,2080768,0,4096,1045,636,6419667,1434,0,233417,20282,0,0,0,0,0,0,0,0,0,0,0,0,0,0,0,0,0,0,0,0,0,0,0,0,0,0,0,0,0,0.37022,879.84,128,349760,0,0.01,0,0,0,0,0,0,29,b57e3e2e8cbff05213ee36492fee091a55193e18fc5a982e3047239b7eea271b,16256,16256,1,,0,219460,78687,1742048,353288,236228
full_global_p4_64mib_background_off,all_to_all,avail_hybrid,mrc_exact_bounded,dcqcn_variant,exact,all_to_all_cct_us,2149.99,898.1930033033966,878.488,1745.92,1879.8185000000005,2017.3497000000007,2149.99,16256,16256,0,1,1,58.468644092999966,/home/user/workspace/csg-htsim/.worktrees/four-scheme-comparison/experiments/n-mrc/output/four_scheme_causal_ablation_20260725/raw/full_global_p4_64mib_background_off/avail_hybrid/seed_47/stdout.log,/home/user/workspace/csg-htsim/.worktrees/four-scheme-comparison/sim/datacenter/htsim_roce -o /home/user/workspace/csg-htsim/.worktrees/four-scheme-comparison/experiments/n-mrc/output/four_scheme_causal_ablation_20260725/raw/full_global_p4_64mib_background_off/avail_hybrid/seed_47/logout.dat -tm /home/user/workspace/csg-htsim/.worktrees/four-scheme-comparison/experiments/n-mrc/output/four_scheme_causal_ablation_20260725/traffic/full_global_p4_64mib_background_off_seed47.cm -nodes 128 -conns 16256 -tiers 2 -lb avail -linkspeed 400000 -queue_type composite_ecn_lb -host_queue_type prio -mtu 4096 -end 100000 -paths 8 -seed 47 -cc dcqcn_variant -roce_rx_mode sp -roce_sack_bitmap_bits 64 -roce_transport_semantics mrc_exact_bounded -roce_trim_recovery exact -hop_latency 0.5 -switch_latency 0.5 -queue_cv_sample_us 100 -stor_aging hybrid,2089215,250311,20931,229380,0,0,380559,63397,2282361,0,0,44642,10703,0,0,0,0,0,229630,0,881479,0,0,0,0,0,0,0,0,2080768,246235,0.11833851731668307,0,2080768,0,4096,1127,673,6432844,1473,0,226731,20307,0,0,0,0,0,0,0,0,0,0,0,0,0,0,0,0,0,0,0,0,0,0,0,0,0,0,0,0,0,0.381727,917.199,128,349632,0,0.01,0,0,0,0,0,0,47,514dae083ab5ed6b56301bfff9344c58e74fc8a0e277be79c8e940b05ca3fa5e,16256,16256,1,,0,221019,75796,1712964,382175,229630
full_global_p4_64mib_background_off,all_to_all,avail_ecn_only,mrc_exact_bounded,dcqcn_variant,exact,all_to_all_cct_us,2485.43,948.0668916584601,906.9615,1921.4975,2166.1725,2363.657800000002,2485.43,16256,16256,0,1,1,53.00477408400002,/home/user/workspace/csg-htsim/.worktrees/four-scheme-comparison/experiments/n-mrc/output/four_scheme_causal_ablation_20260725/raw/full_global_p4_64mib_background_off/avail_ecn_only/seed_13/stdout.log,/home/user/workspace/csg-htsim/.worktrees/four-scheme-comparison/sim/datacenter/htsim_roce -o /home/user/workspace/csg-htsim/.worktrees/four-scheme-comparison/experiments/n-mrc/output/four_scheme_causal_ablation_20260725/raw/full_global_p4_64mib_background_off/avail_ecn_only/seed_13/logout.dat -tm /home/user/workspace/csg-htsim/.worktrees/four-scheme-comparison/experiments/n-mrc/output/four_scheme_causal_ablation_20260725/traffic/full_global_p4_64mib_background_off_seed13.cm -nodes 128 -conns 16256 -tiers 2 -lb avail -linkspeed 400000 -queue_type composite_ecn_lb -host_queue_type prio -mtu 4096 -end 100000 -paths 8 -seed 13 -cc dcqcn_variant -roce_rx_mode sp -roce_sack_bitmap_bits 64 -roce_transport_semantics mrc_exact_bounded -roce_trim_recovery exact -hop_latency 0.5 -switch_latency 0.5 -queue_cv_sample_us 100 -avail_ecn_only,2090181,310998,24394,286604,0,0,311364,65484,2365871,0,0,18527,11628,0,0,0,0,0,286886,0,740480,0,0,0,0,0,0,0,0,2080768,303630,0.1459220826156496,0,2080768,0,4096,1608,1808,6915173,2202,0,282632,22748,0,0,0,0,0,0,0,0,0,0,0,0,0,0,0,0,0,0,0,0,0,0,0,0,0,0,0,0,0,0.481251,780.477,128,349632,0,0.01,0,0,0,0,0,0,13,cd66f7cc1c0f0fe7e6813b9bbb02c23813611479a17c4ae0dc62747f28a66945,16256,16256,1,,0,90872,0,1782583,312759,286886
full_global_p4_64mib_background_off,all_to_all,avail_ecn_only,mrc_exact_bounded,dcqcn_variant,exact,all_to_all_cct_us,2206.62,914.0970685162388,890.52,1801.94,1978.3740000000005,2125.063300000005,2206.62,16256,16256,0,1,1,58.205756866998854,/home/user/workspace/csg-htsim/.worktrees/four-scheme-comparison/experiments/n-mrc/output/four_scheme_causal_ablation_20260725/raw/full_global_p4_64mib_background_off/avail_ecn_only/seed_29/stdout.log,/home/user/workspace/csg-htsim/.worktrees/four-scheme-comparison/sim/datacenter/htsim_roce -o /home/user/workspace/csg-htsim/.worktrees/four-scheme-comparison/experiments/n-mrc/output/four_scheme_causal_ablation_20260725/raw/full_global_p4_64mib_background_off/avail_ecn_only/seed_29/logout.dat -tm /home/user/workspace/csg-htsim/.worktrees/four-scheme-comparison/experiments/n-mrc/output/four_scheme_causal_ablation_20260725/traffic/full_global_p4_64mib_background_off_seed29.cm -nodes 128 -conns 16256 -tiers 2 -lb avail -linkspeed 400000 -queue_type composite_ecn_lb -host_queue_type prio -mtu 4096 -end 100000 -paths 8 -seed 29 -cc dcqcn_variant -roce_rx_mode sp -roce_sack_bitmap_bits 64 -roce_transport_semantics mrc_exact_bounded -roce_trim_recovery exact -hop_latency 0.5 -switch_latency 0.5 -queue_cv_sample_us 100 -avail_ecn_only,2089861,277413,22530,254883,0,0,337457,63897,2330951,0,0,22004,11302,0,0,0,0,0,255122,0,794174,0,0,0,0,0,0,0,0,2080768,272187,0.1308108352300689,0,2080768,0,4096,1360,1100,6551391,1650,0,251797,21506,0,0,0,0,0,0,0,0,0,0,0,0,0,0,0,0,0,0,0,0,0,0,0,0,0,0,0,0,0,0.41793,835.257,128,349632,0,0.01,0,0,0,0,0,0,29,b57e3e2e8cbff05213ee36492fee091a55193e18fc5a982e3047239b7eea271b,16256,16256,1,,0,101203,0,1756733,338950,255122
full_global_p4_64mib_background_off,all_to_all,avail_ecn_only,mrc_exact_bounded,dcqcn_variant,exact,all_to_all_cct_us,2719.5,940.2808253383309,903.3095000000001,1866.7075,2204.0515000000005,2592.0380000000036,2719.5,16256,16256,0,1,1,58.88275146399974,/home/user/workspace/csg-htsim/.worktrees/four-scheme-comparison/experiments/n-mrc/output/four_scheme_causal_ablation_20260725/raw/full_global_p4_64mib_background_off/avail_ecn_only/seed_47/stdout.log,/home/user/workspace/csg-htsim/.worktrees/four-scheme-comparison/sim/datacenter/htsim_roce -o /home/user/workspace/csg-htsim/.worktrees/four-scheme-comparison/experiments/n-mrc/output/four_scheme_causal_ablation_20260725/raw/full_global_p4_64mib_background_off/avail_ecn_only/seed_47/logout.dat -tm /home/user/workspace/csg-htsim/.worktrees/four-scheme-comparison/experiments/n-mrc/output/four_scheme_causal_ablation_20260725/traffic/full_global_p4_64mib_background_off_seed47.cm -nodes 128 -conns 16256 -tiers 2 -lb avail -linkspeed 400000 -queue_type composite_ecn_lb -host_queue_type prio -mtu 4096 -end 100000 -paths 8 -seed 47 -cc dcqcn_variant -roce_rx_mode sp -roce_sack_bitmap_bits 64 -roce_transport_semantics mrc_exact_bounded -roce_trim_recovery exact -hop_latency 0.5 -switch_latency 0.5 -queue_cv_sample_us 100 -avail_ecn_only,2090111,294504,23191,271313,0,0,313430,65070,2351101,0,0,18107,11470,0,0,0,0,0,271564,0,737404,0,0,0,0,0,0,0,0,2080768,288440,0.13862189345472442,0,2080768,0,4096,1379,1473,6541615,1798,0,268017,21837,0,0,0,0,0,0,0,0,0,0,0,0,0,0,0,0,0,0,0,0,0,0,0,0,0,0,0,0,0,0.519255,732.612,128,349632,0,0.01,0,0,0,0,0,0,47,514dae083ab5ed6b56301bfff9344c58e74fc8a0e277be79c8e940b05ca3fa5e,16256,16256,1,,0,93914,0,1780709,314871,271564
full_global_p4_64mib_background_off,all_to_all,grade_default,mrc_exact_bounded,dcqcn_variant,exact,all_to_all_cct_us,2227.19,965.9795274606315,951.7555,1881.36,2019.8885000000005,2136.5868000000005,2227.19,16256,16256,0,1,1,54.278128255999036,/home/user/workspace/csg-htsim/.worktrees/four-scheme-comparison/experiments/n-mrc/output/four_scheme_causal_ablation_20260725/raw/full_global_p4_64mib_background_off/grade_default/seed_13/stdout.log,/home/user/workspace/csg-htsim/.worktrees/four-scheme-comparison/sim/datacenter/htsim_roce -o /home/user/workspace/csg-htsim/.worktrees/four-scheme-comparison/experiments/n-mrc/output/four_scheme_causal_ablation_20260725/raw/full_global_p4_64mib_background_off/grade_default/seed_13/logout.dat -tm /home/user/workspace/csg-htsim/.worktrees/four-scheme-comparison/experiments/n-mrc/output/four_scheme_causal_ablation_20260725/traffic/full_global_p4_64mib_background_off_seed13.cm -nodes 128 -conns 16256 -tiers 2 -lb grade -linkspeed 400000 -queue_type composite_ecn_lb -host_queue_type prio -mtu 4096 -end 100000 -paths 8 -seed 13 -cc dcqcn_variant -roce_rx_mode sp -roce_sack_bitmap_bits 64 -roce_transport_semantics mrc_exact_bounded -roce_trim_recovery exact -hop_latency 0.5 -switch_latency 0.5 -queue_cv_sample_us 100,2089179,266327,23393,242934,0,0,668149,67398,1327534,383729,466567,165288,12879,0,0,0,0,0,243215,0,1667791,0,0,0,0,0,0,0,0,2080768,262350,0.12608325387549213,0,2080768,0,4096,1054,569,6994729,1543,0,240305,22856,0,0,0,0,0,0,0,0,0,0,0,0,0,0,0,0,0,0,0,0,0,0,0,0,0,0,0,0,0,0.430241,1007.32,128,349632,0,0.01,0,0,0,0,0,0,13,cd66f7cc1c0f0fe7e6813b9bbb02c23813611479a17c4ae0dc62747f28a66945,16256,16256,1,,0,45470,45271,1424779,670605,243215
full_global_p4_64mib_background_off,all_to_all,grade_default,mrc_exact_bounded,dcqcn_variant,exact,all_to_all_cct_us,2231.53,969.037534707183,952.9175,1887.4825,2031.9565000000002,2159.0682,2231.53,16256,16256,0,1,1,58.546364854000785,/home/user/workspace/csg-htsim/.worktrees/four-scheme-comparison/experiments/n-mrc/output/four_scheme_causal_ablation_20260725/raw/full_global_p4_64mib_background_off/grade_default/seed_29/stdout.log,/home/user/workspace/csg-htsim/.worktrees/four-scheme-comparison/sim/datacenter/htsim_roce -o /home/user/workspace/csg-htsim/.worktrees/four-scheme-comparison/experiments/n-mrc/output/four_scheme_causal_ablation_20260725/raw/full_global_p4_64mib_background_off/grade_default/seed_29/logout.dat -tm /home/user/workspace/csg-htsim/.worktrees/four-scheme-comparison/experiments/n-mrc/output/four_scheme_causal_ablation_20260725/traffic/full_global_p4_64mib_background_off_seed29.cm -nodes 128 -conns 16256 -tiers 2 -lb grade -linkspeed 400000 -queue_type composite_ecn_lb -host_queue_type prio -mtu 4096 -end 100000 -paths 8 -seed 29 -cc dcqcn_variant -roce_rx_mode sp -roce_sack_bitmap_bits 64 -roce_transport_semantics mrc_exact_bounded -roce_trim_recovery exact -hop_latency 0.5 -switch_latency 0.5 -queue_cv_sample_us 100,2089108,263812,22942,240870,0,0,658905,66703,1345479,376470,458022,160686,12681,0,0,0,0,0,241143,0,1639778,0,0,0,0,0,0,0,0,2080768,259889,0.12490051750123031,0,2080768,0,4096,973,643,6977176,1474,0,238373,22349,0,0,0,0,0,0,0,0,0,0,0,0,0,0,0,0,0,0,0,0,0,0,0,0,0,0,0,0,0,0.41256,1018.32,128,349696,0,0.01,0,0,0,0,0,0,29,b57e3e2e8cbff05213ee36492fee091a55193e18fc5a982e3047239b7eea271b,16256,16256,1,,0,45493,45332,1433814,661293,241143
full_global_p4_64mib_background_off,all_to_all,grade_default,mrc_exact_bounded,dcqcn_variant,exact,all_to_all_cct_us,2278.61,970.4449479146153,953.4105,1893.6999999999998,2047.2430000000002,2169.1789000000026,2278.61,16256,16256,0,1,1,55.471104097001444,/home/user/workspace/csg-htsim/.worktrees/four-scheme-comparison/experiments/n-mrc/output/four_scheme_causal_ablation_20260725/raw/full_global_p4_64mib_background_off/grade_default/seed_47/stdout.log,/home/user/workspace/csg-htsim/.worktrees/four-scheme-comparison/sim/datacenter/htsim_roce -o /home/user/workspace/csg-htsim/.worktrees/four-scheme-comparison/experiments/n-mrc/output/four_scheme_causal_ablation_20260725/raw/full_global_p4_64mib_background_off/grade_default/seed_47/logout.dat -tm /home/user/workspace/csg-htsim/.worktrees/four-scheme-comparison/experiments/n-mrc/output/four_scheme_causal_ablation_20260725/traffic/full_global_p4_64mib_background_off_seed47.cm -nodes 128 -conns 16256 -tiers 2 -lb grade -linkspeed 400000 -queue_type composite_ecn_lb -host_queue_type prio -mtu 4096 -end 100000 -paths 8 -seed 47 -cc dcqcn_variant -roce_rx_mode sp -roce_sack_bitmap_bits 64 -roce_transport_semantics mrc_exact_bounded -roce_trim_recovery exact -hop_latency 0.5 -switch_latency 0.5 -queue_cv_sample_us 100,2089491,264960,23736,241224,0,0,668192,67194,1339156,376857,461611,163865,13143,0,0,0,0,0,241490,0,1659763,0,0,0,0,0,0,0,0,2080768,260721,0.12530036986343504,0,2080768,0,4096,1054,713,7075077,1593,0,238529,23071,0,0,0,0,0,0,0,0,0,0,0,0,0,0,0,0,0,0,0,0,0,0,0,0,0,0,0,0,0,0.390363,1055.14,128,349696,0,0.01,0,0,0,0,0,0,47,514dae083ab5ed6b56301bfff9344c58e74fc8a0e277be79c8e940b05ca3fa5e,16256,16256,1,,0,45402,45217,1424998,670516,241490
full_global_p4_64mib_background_off,all_to_all,grade_equal,mrc_exact_bounded,dcqcn_variant,exact,all_to_all_cct_us,2122.71,924.7182744525129,906.6395,1807.0175,1923.5205000000003,2039.5104500000043,2122.71,16256,16256,0,1,1,52.98575659299968,/home/user/workspace/csg-htsim/.worktrees/four-scheme-comparison/experiments/n-mrc/output/four_scheme_causal_ablation_20260725/raw/full_global_p4_64mib_background_off/grade_equal/seed_13/stdout.log,/home/user/workspace/csg-htsim/.worktrees/four-scheme-comparison/sim/datacenter/htsim_roce -o /home/user/workspace/csg-htsim/.worktrees/four-scheme-comparison/experiments/n-mrc/output/four_scheme_causal_ablation_20260725/raw/full_global_p4_64mib_background_off/grade_equal/seed_13/logout.dat -tm /home/user/workspace/csg-htsim/.worktrees/four-scheme-comparison/experiments/n-mrc/output/four_scheme_causal_ablation_20260725/traffic/full_global_p4_64mib_background_off_seed13.cm -nodes 128 -conns 16256 -tiers 2 -lb grade -linkspeed 400000 -queue_type composite_ecn_lb -host_queue_type prio -mtu 4096 -end 100000 -paths 8 -seed 13 -cc dcqcn_variant -roce_rx_mode sp -roce_sack_bitmap_bits 64 -roce_transport_semantics mrc_exact_bounded -roce_trim_recovery exact -hop_latency 0.5 -switch_latency 0.5 -queue_cv_sample_us 100 -stor_level_weights 4 4 4 0,2088475,239039,21742,217297,0,0,589163,65560,1198779,371337,598349,147848,11549,0,0,0,0,0,217598,0,1450857,0,0,0,0,0,0,0,0,2080768,235545,0.11320099117249016,0,2080768,0,4096,892,516,6500442,1353,0,215011,21267,0,0,0,0,0,0,0,0,0,0,0,0,0,0,0,0,0,0,0,0,0,0,0,0,0,0,0,0,0,0.378717,966.15,128,349696,0,0.01,0,0,0,0,0,0,13,cd66f7cc1c0f0fe7e6813b9bbb02c23813611479a17c4ae0dc62747f28a66945,16256,16256,1,,0,44946,44753,1503385,591430,217598
full_global_p4_64mib_background_off,all_to_all,grade_equal,mrc_exact_bounded,dcqcn_variant,exact,all_to_all_cct_us,2189.75,948.8724185654545,938.6265000000001,1838.95,1974.8525000000004,2085.125750000003,2189.75,16256,16256,0,1,1,61.08182105200103,/home/user/workspace/csg-htsim/.worktrees/four-scheme-comparison/experiments/n-mrc/output/four_scheme_causal_ablation_20260725/raw/full_global_p4_64mib_background_off/grade_equal/seed_29/stdout.log,/home/user/workspace/csg-htsim/.worktrees/four-scheme-comparison/sim/datacenter/htsim_roce -o /home/user/workspace/csg-htsim/.worktrees/four-scheme-comparison/experiments/n-mrc/output/four_scheme_causal_ablation_20260725/raw/full_global_p4_64mib_background_off/grade_equal/seed_29/logout.dat -tm /home/user/workspace/csg-htsim/.worktrees/four-scheme-comparison/experiments/n-mrc/output/four_scheme_causal_ablation_20260725/traffic/full_global_p4_64mib_background_off_seed29.cm -nodes 128 -conns 16256 -tiers 2 -lb grade -linkspeed 400000 -queue_type composite_ecn_lb -host_queue_type prio -mtu 4096 -end 100000 -paths 8 -seed 29 -cc dcqcn_variant -roce_rx_mode sp -roce_sack_bitmap_bits 64 -roce_transport_semantics mrc_exact_bounded -roce_trim_recovery exact -hop_latency 0.5 -switch_latency 0.5 -queue_cv_sample_us 100 -stor_level_weights 4 4 4 0,2088860,253263,22561,230702,0,0,611376,65960,1156999,376759,637349,159303,12190,0,0,0,0,0,230957,0,1503003,0,0,0,0,0,0,0,0,2080768,249642,0.11997589351624016,0,2080768,0,4096,952,548,6800220,1346,0,228350,22067,0,0,0,0,0,0,0,0,0,0,0,0,0,0,0,0,0,0,0,0,0,0,0,0,0,0,0,0,0,0.380306,978.758,128,349760,0,0.01,0,0,0,0,0,0,29,b57e3e2e8cbff05213ee36492fee091a55193e18fc5a982e3047239b7eea271b,16256,16256,1,,0,46739,46630,1481496,613809,230957
full_global_p4_64mib_background_off,all_to_all,grade_equal,mrc_exact_bounded,dcqcn_variant,exact,all_to_all_cct_us,2163.55,941.7839191990643,921.1225,1844.73,1987.5635000000002,2100.1884500000015,2163.55,16256,16256,0,1,1,57.777935231999436,/home/user/workspace/csg-htsim/.worktrees/four-scheme-comparison/experiments/n-mrc/output/four_scheme_causal_ablation_20260725/raw/full_global_p4_64mib_background_off/grade_equal/seed_47/stdout.log,/home/user/workspace/csg-htsim/.worktrees/four-scheme-comparison/sim/datacenter/htsim_roce -o /home/user/workspace/csg-htsim/.worktrees/four-scheme-comparison/experiments/n-mrc/output/four_scheme_causal_ablation_20260725/raw/full_global_p4_64mib_background_off/grade_equal/seed_47/logout.dat -tm /home/user/workspace/csg-htsim/.worktrees/four-scheme-comparison/experiments/n-mrc/output/four_scheme_causal_ablation_20260725/traffic/full_global_p4_64mib_background_off_seed47.cm -nodes 128 -conns 16256 -tiers 2 -lb grade -linkspeed 400000 -queue_type composite_ecn_lb -host_queue_type prio -mtu 4096 -end 100000 -paths 8 -seed 47 -cc dcqcn_variant -roce_rx_mode sp -roce_sack_bitmap_bits 64 -roce_transport_semantics mrc_exact_bounded -roce_trim_recovery exact -hop_latency 0.5 -switch_latency 0.5 -queue_cv_sample_us 100 -stor_level_weights 4 4 4 0,2089005,254780,22965,231815,0,0,598504,66431,1170889,382050,618691,160082,12349,0,0,0,0,0,232099,0,1480200,0,0,0,0,0,0,0,0,2080768,250944,0.12060162401574803,0,2080768,0,4096,1079,592,6849392,1438,0,229251,22420,0,0,0,0,0,0,0,0,0,0,0,0,0,0,0,0,0,0,0,0,0,0,0,0,0,0,0,0,0,0.39354,974.044,128,349696,0,0.01,0,0,0,0,0,0,47,514dae083ab5ed6b56301bfff9344c58e74fc8a0e277be79c8e940b05ca3fa5e,16256,16256,1,,0,46807,46658,1494684,600802,232099
